Experiment: Boosting on Hopfield (20q, 2p)
Configuration:
  train_samples: 1000
  data_seed: 42
  n_samples: 400
  n_models: 10
  learning_rate: 0.005611516415334507
  epochs_per_step: 400
  caching_level: none
  ensemble_samples_coeff: 1.0
  init_baseline: covariance
  init_later: random
  lambda_dual: 1.0
  lambda_schedule: {'type': 'frank_wolfe', 'gamma': 1.0, 'tau': 1.0}
  n_ops: 1024
  weight_strategy: frank_wolfe
  alpha_n_grid: 11
  alpha_objective_weight: 0.5
  baseline: none
  shots: 1000
  final_eval_sampling: True
  dataset_metrics: True
  exact_metrics: {'enabled': True, 'max_qubits': 20, 'phases': {'baseline': True, 'steps': False, 'final': True, 'per_model': True, 'fcfw': True}}
  keep_models_for_diagnosis: True
  stop_on_reject: False
  save_circuit_artifacts: False
  rng_seed: 42
  circuit_config: {'topology': 'aachen_heavy_hex', 'distance': 2, 'max_weight': 2, 'n_ancilla': 0}
  turbo: 10
  dynamic_is_within_shell: shell_uniform
  exact_sampling: True
  acceptance_metric: training_mmd
  skip_sampling: True
  report_fcfw: True
  dynamic_is: False
  dynamic_is_beta: 0.060099747183803134
  sigma: [1.4152450092509703]
  require_exact_sampling: True
================================================================================
Saving config to out/hpo/hopfield_20q_p2_b15_20260605_111736/trials/trial_0000/config.json...
Gate structure: Qubits: 20
Aachen heavy-hex topology: 39 parameters
one_qubit=20, two_qubit=19
Using Gaussian Kernel (n_ops=1024, n_qubits=20):
  - sigma=1.41524501
Expected sampled operator size:
  - p=2.209155, std=1.401833
  mean: 2.209155
  std: 1.401833
Baselines enabled: 

Training ensemble Model 0 (400 epochs)...
Training has not converged after 400 steps
Model 0 final loss: 0.087538
  [Step 0/9] train_MMD=0.0927 alpha_opt=1.0000 oracle_top1_TVD=0.9606

[Step 1] Training Model 1...
  lambda_dual: 0.5000
Training has not converged after 400 steps
  Weighting: frank_wolfe alpha = 0.5000
  [Step 1/9] train_MMD=0.0450 alpha_opt=0.5000 oracle_top2_TVD=0.9212
  [OK] MMD improved (delta=+0.047634)
  SNR (proxy): 5.80 (mean_norm=0.0164, std_norm=0.0028)

[Step 2] Training Model 2...
  lambda_dual: 0.6667
Training has not converged after 400 steps
  Weighting: frank_wolfe alpha = 0.3333
  [Step 2/9] train_MMD=0.0166 alpha_opt=0.3333 oracle_top3_TVD=0.8817
  [OK] MMD improved (delta=+0.028429)
  SNR (proxy): 2.99 (mean_norm=0.0117, std_norm=0.0039)

[Step 3] Training Model 3...
  lambda_dual: 0.7500
Training has not converged after 400 steps
  Weighting: frank_wolfe alpha = 0.2500
  [Step 3/9] train_MMD=0.0136 alpha_opt=0.2500 oracle_top4_TVD=0.8423
  [OK] MMD improved (delta=+0.003057)
  SNR (proxy): 6.25 (mean_norm=0.0188, std_norm=0.0030)

[Step 4] Training Model 4...
  lambda_dual: 0.8000
Training has not converged after 400 steps
  Weighting: frank_wolfe alpha = 0.2000
  [Step 4/9] train_MMD=0.0104 alpha_opt=0.2000 oracle_top5_TVD=0.8358
  [OK] MMD improved (delta=+0.003117)
  SNR (proxy): 6.64 (mean_norm=0.0162, std_norm=0.0024)

[Step 5] Training Model 5...
  lambda_dual: 0.8333
Training has not converged after 400 steps
  Weighting: frank_wolfe alpha = 0.1667
  [Step 5/9] train_MMD=0.0098 alpha_opt=0.1667 oracle_top6_TVD=0.8293
  [OK] MMD improved (delta=+0.000617)
  SNR (proxy): 6.54 (mean_norm=0.0154, std_norm=0.0023)

[Step 6] Training Model 6...
  lambda_dual: 0.8571
Training has not converged after 400 steps
  Weighting: frank_wolfe alpha = 0.1429
  [Step 6/9] train_MMD=0.0089 alpha_opt=0.1429 oracle_top7_TVD=0.8228
  [OK] MMD improved (delta=+0.000972)
  SNR (proxy): 12.84 (mean_norm=0.0146, std_norm=0.0011)

[Step 7] Training Model 7...
  lambda_dual: 0.8750
Training has not converged after 400 steps
  Weighting: frank_wolfe alpha = 0.1250
  [Step 7/9] train_MMD=0.0085 alpha_opt=0.1250 oracle_top8_TVD=0.8163
  [OK] MMD improved (delta=+0.000378)
  SNR (proxy): 10.13 (mean_norm=0.0167, std_norm=0.0016)

[Step 8] Training Model 8...
  lambda_dual: 0.8889
Training has not converged after 400 steps
  Weighting: frank_wolfe alpha = 0.1111
  [Step 8/9] train_MMD=0.0081 alpha_opt=0.1111 oracle_top9_TVD=0.8097
  [OK] MMD improved (delta=+0.000355)
  SNR (proxy): 12.05 (mean_norm=0.0144, std_norm=0.0012)

[Step 9] Training Model 9...
  lambda_dual: 0.9000
Training has not converged after 400 steps
  Weighting: frank_wolfe alpha = 0.1000
  [Step 9/9] train_MMD=0.0060 alpha_opt=0.1000 oracle_top10_TVD=0.8032
  [OK] MMD improved (delta=+0.002098)
  SNR (proxy): 6.03 (mean_norm=0.0130, std_norm=0.0021)

Final: 10 models, MMD=0.0041 (delta=+0.0886) F1=nan

[FCFW] Computing Fully Corrective Frank-Wolfe weights for final ensemble...
  Weighting: fully corrective QP weights = [0.0000, 0.0000, 0.0928, 0.0000, 0.1140, 0.0271, 0.1667, 0.3413, 0.1033, 0.1547]
  FCFW Sampled MMD^2: 0.002695
  FCFW Sampled TVD:   0.5948

FINAL MODEL COMPARISON (inc. FCFW)
Model      | MMD        | TVD        | TVD*       | Valid      | Cover      | F1        
----------------------------------------------------------------------------------------
Baseline   | 0.0927     | n/a        | n/a        | n/a        | n/a        | n/a       
Ensemble   | 0.0041     | 0.598      | 0.369      | n/a        | n/a        | n/a       
Model 0    | 0.0887     | 0.987      | 0.860      | n/a        | n/a        | n/a       
Model 1    | 0.1646     | 0.871      | 0.672      | n/a        | n/a        | n/a       
Model 2    | 0.2210     | 0.828      | 0.713      | n/a        | n/a        | n/a       
Model 3    | 0.1721     | 0.876      | 0.669      | n/a        | n/a        | n/a       
Model 4    | 0.1950     | 0.825      | 0.713      | n/a        | n/a        | n/a       
Model 5    | 0.1769     | 0.862      | 0.688      | n/a        | n/a        | n/a       
Model 6    | 0.1748     | 0.860      | 0.683      | n/a        | n/a        | n/a       
Model 7    | 0.1851     | 0.872      | 0.681      | n/a        | n/a        | n/a       
Model 8    | 0.1799     | 0.857      | 0.679      | n/a        | n/a        | n/a       
Model 9    | 0.3524     | 0.928      | 0.882      | n/a        | n/a        | n/a       
Ensemble (FCFW) | 0.0027     | 0.595      | 0.387      | n/a        | n/a        | n/a       
Saving results to out/hpo/hopfield_20q_p2_b15_20260605_111736/trials/trial_0000/results.csv...
Experiment: Boosting on Hopfield (20q, 2p)
Configuration:
  train_samples: 1000
  data_seed: 42
  n_samples: 400
  n_models: 10
  learning_rate: 0.002327067708383781
  epochs_per_step: 400
  caching_level: none
  ensemble_samples_coeff: 1.0
  init_baseline: covariance
  init_later: random
  lambda_dual: 1.0
  lambda_schedule: {'type': 'frank_wolfe', 'gamma': 0.5, 'tau': 1.0}
  n_ops: 2048
  weight_strategy: frank_wolfe
  alpha_n_grid: 11
  alpha_objective_weight: 0.5
  baseline: none
  shots: 1000
  final_eval_sampling: True
  dataset_metrics: True
  exact_metrics: {'enabled': True, 'max_qubits': 20, 'phases': {'baseline': True, 'steps': False, 'final': True, 'per_model': True, 'fcfw': True}}
  keep_models_for_diagnosis: True
  stop_on_reject: False
  save_circuit_artifacts: False
  rng_seed: 42
  circuit_config: {'topology': 'aachen_heavy_hex', 'distance': 2, 'max_weight': 2, 'n_ancilla': 0}
  turbo: 10
  dynamic_is_within_shell: shell_uniform
  exact_sampling: True
  acceptance_metric: training_mmd
  skip_sampling: True
  report_fcfw: True
  dynamic_is: True
  dynamic_is_beta: 0.03647316284911211
  sigma: [2.453128653193013, 1.1627726509434237, 0.6102602912911075]
  require_exact_sampling: True
================================================================================
Saving config to out/hpo/hopfield_20q_p2_b15_20260605_111736/trials/trial_0001/config.json...
Gate structure: Qubits: 20
Aachen heavy-hex topology: 39 parameters
one_qubit=20, two_qubit=19
Using Gaussian Kernel (n_ops=2048, n_qubits=20):
  - sigma=2.45312865
  - sigma=1.16277265
  - sigma=0.61026029
Expected sampled operator size:
  - p=0.797283, std=0.874928
  - p=3.091354, std=1.616642
  - p=7.388287, std=2.158460
  mean: 3.758975
  std: 3.184715
Baselines enabled: 

Training ensemble Model 0 (400 epochs)...
Training has not converged after 400 steps
Model 0 final loss: 0.049874
  [Step 0/9] train_MMD=0.0484 alpha_opt=1.0000 oracle_top1_TVD=0.9606

[Step 1] Training Model 1...
  lambda_dual: 0.7500
Training has not converged after 400 steps
  Weighting: frank_wolfe alpha = 0.2500
  [Step 1/9] train_MMD=0.0356 alpha_opt=0.2500 oracle_top2_TVD=0.9212
  [OK] MMD improved (delta=+0.012720)
  SNR (proxy): 11.40 (mean_norm=0.0130, std_norm=0.0011)

[Step 2] Training Model 2...
  lambda_dual: 0.8333
Training has not converged after 400 steps
  Weighting: frank_wolfe alpha = 0.1667
  [Step 2/9] train_MMD=0.0208 alpha_opt=0.1667 oracle_top3_TVD=0.8817
  [OK] MMD improved (delta=+0.014886)
  SNR (proxy): 13.70 (mean_norm=0.0249, std_norm=0.0018)

[Step 3] Training Model 3...
  lambda_dual: 0.8750
Training has not converged after 400 steps
  Weighting: frank_wolfe alpha = 0.1250
  [Step 3/9] train_MMD=0.0137 alpha_opt=0.1250 oracle_top4_TVD=0.8423
  [OK] MMD improved (delta=+0.007087)
  SNR (proxy): 10.97 (mean_norm=0.0151, std_norm=0.0014)

[Step 4] Training Model 4...
  lambda_dual: 0.9000
Training has not converged after 400 steps
  Weighting: frank_wolfe alpha = 0.1000
  [Step 4/9] train_MMD=0.0087 alpha_opt=0.1000 oracle_top5_TVD=0.8358
  [OK] MMD improved (delta=+0.004968)
  SNR (proxy): 10.67 (mean_norm=0.0044, std_norm=0.0004)

[Step 5] Training Model 5...
  lambda_dual: 0.9167
Training has not converged after 400 steps
  Weighting: frank_wolfe alpha = 0.0833
  [Step 5/9] train_MMD=0.0068 alpha_opt=0.0833 oracle_top6_TVD=0.8293
  [OK] MMD improved (delta=+0.001930)
  SNR (proxy): 7.23 (mean_norm=0.0042, std_norm=0.0006)

[Step 6] Training Model 6...
  lambda_dual: 0.9286
Training has not converged after 400 steps
  Weighting: frank_wolfe alpha = 0.0714
  [Step 6/9] train_MMD=0.0048 alpha_opt=0.0714 oracle_top7_TVD=0.8228
  [OK] MMD improved (delta=+0.001950)
  SNR (proxy): 21.65 (mean_norm=0.0067, std_norm=0.0003)

[Step 7] Training Model 7...
  lambda_dual: 0.9375
Training has not converged after 400 steps
  Weighting: frank_wolfe alpha = 0.0625
  [Step 7/9] train_MMD=0.0049 alpha_opt=0.0625 oracle_top8_TVD=0.8163
  [WARNING] MMD worsened but kept (diagnostic, delta=-0.000133)
  SNR (proxy): 16.63 (mean_norm=0.0064, std_norm=0.0004)

[Step 8] Training Model 8...
  lambda_dual: 0.9444
Training has not converged after 400 steps
  Weighting: frank_wolfe alpha = 0.0556
  [Step 8/9] train_MMD=0.0038 alpha_opt=0.0556 oracle_top9_TVD=0.8097
  [OK] MMD improved (delta=+0.001140)
  SNR (proxy): 11.17 (mean_norm=0.0042, std_norm=0.0004)

[Step 9] Training Model 9...
  lambda_dual: 0.9500
Training has not converged after 400 steps
  Weighting: frank_wolfe alpha = 0.0500
  [Step 9/9] train_MMD=0.0035 alpha_opt=0.0500 oracle_top10_TVD=0.8032
  [OK] MMD improved (delta=+0.000327)
  SNR (proxy): 17.94 (mean_norm=0.0113, std_norm=0.0006)

Final: 10 models, MMD=0.0032 (delta=+0.0451) F1=nan

[FCFW] Computing Fully Corrective Frank-Wolfe weights for final ensemble...
  Weighting: fully corrective QP weights = [0.1796, 0.1268, 0.0542, 0.1002, 0.1216, 0.0855, 0.1141, 0.0793, 0.0937, 0.0450]
  FCFW Sampled MMD^2: 0.000324
  FCFW Sampled TVD:   0.4892

FINAL MODEL COMPARISON (inc. FCFW)
Model      | MMD        | TVD        | TVD*       | Valid      | Cover      | F1        
----------------------------------------------------------------------------------------
Baseline   | 0.0484     | n/a        | n/a        | n/a        | n/a        | n/a       
Ensemble   | 0.0032     | 0.541      | 0.423      | n/a        | n/a        | n/a       
Model 0    | 0.0498     | 0.998      | 0.923      | n/a        | n/a        | n/a       
Model 1    | 0.1604     | 0.819      | 0.718      | n/a        | n/a        | n/a       
Model 2    | 0.2999     | 0.902      | 0.844      | n/a        | n/a        | n/a       
Model 3    | 0.4468     | 0.904      | 0.866      | n/a        | n/a        | n/a       
Model 4    | 0.4465     | 0.917      | 0.841      | n/a        | n/a        | n/a       
Model 5    | 0.3728     | 0.904      | 0.846      | n/a        | n/a        | n/a       
Model 6    | 0.1726     | 0.865      | 0.757      | n/a        | n/a        | n/a       
Model 7    | 0.1456     | 0.920      | 0.812      | n/a        | n/a        | n/a       
Model 8    | 0.1502     | 0.843      | 0.813      | n/a        | n/a        | n/a       
Model 9    | 0.1925     | 0.895      | 0.773      | n/a        | n/a        | n/a       
Ensemble (FCFW) | 0.0003     | 0.489      | 0.386      | n/a        | n/a        | n/a       
Saving results to out/hpo/hopfield_20q_p2_b15_20260605_111736/trials/trial_0001/results.csv...
Experiment: Boosting on Hopfield (20q, 2p)
Configuration:
  train_samples: 1000
  data_seed: 42
  n_samples: 400
  n_models: 10
  learning_rate: 0.0013492834268013251
  epochs_per_step: 400
  caching_level: none
  ensemble_samples_coeff: 1.0
  init_baseline: covariance
  init_later: random
  lambda_dual: 1.0
  lambda_schedule: {'type': 'frank_wolfe', 'gamma': 0.75, 'tau': 1.0}
  n_ops: 1024
  weight_strategy: frank_wolfe
  alpha_n_grid: 11
  alpha_objective_weight: 0.5
  baseline: none
  shots: 1000
  final_eval_sampling: True
  dataset_metrics: True
  exact_metrics: {'enabled': True, 'max_qubits': 20, 'phases': {'baseline': True, 'steps': False, 'final': True, 'per_model': True, 'fcfw': True}}
  keep_models_for_diagnosis: True
  stop_on_reject: False
  save_circuit_artifacts: False
  rng_seed: 42
  circuit_config: {'topology': 'aachen_heavy_hex', 'distance': 2, 'max_weight': 2, 'n_ancilla': 0}
  turbo: 10
  dynamic_is_within_shell: shell_uniform
  exact_sampling: True
  acceptance_metric: training_mmd
  skip_sampling: True
  report_fcfw: True
  dynamic_is: True
  dynamic_is_beta: 0.11265466963346032
  sigma: [1.0909802761316276]
  require_exact_sampling: True
================================================================================
Saving config to out/hpo/hopfield_20q_p2_b15_20260605_111736/trials/trial_0002/config.json...
Gate structure: Qubits: 20
Aachen heavy-hex topology: 39 parameters
one_qubit=20, two_qubit=19
Using Gaussian Kernel (n_ops=1024, n_qubits=20):
  - sigma=1.09098028
Expected sampled operator size:
  - p=3.430084, std=1.685767
  mean: 3.430084
  std: 1.685767
Baselines enabled: 

Training ensemble Model 0 (400 epochs)...
Training has not converged after 400 steps
Model 0 final loss: 0.073287
  [Step 0/9] train_MMD=0.0702 alpha_opt=1.0000 oracle_top1_TVD=0.9606

[Step 1] Training Model 1...
  lambda_dual: 0.6250
Training has not converged after 400 steps
  Weighting: frank_wolfe alpha = 0.3750
  [Step 1/9] train_MMD=0.0683 alpha_opt=0.3750 oracle_top2_TVD=0.9212
  [OK] MMD improved (delta=+0.001905)
  SNR (proxy): 6.51 (mean_norm=0.0417, std_norm=0.0064)

[Step 2] Training Model 2...
  lambda_dual: 0.7500
Training has not converged after 400 steps
  Weighting: frank_wolfe alpha = 0.2500
  [Step 2/9] train_MMD=0.0455 alpha_opt=0.2500 oracle_top3_TVD=0.8817
  [OK] MMD improved (delta=+0.022828)
  SNR (proxy): 13.82 (mean_norm=0.0481, std_norm=0.0035)

[Step 3] Training Model 3...
  lambda_dual: 0.8125
Training has not converged after 400 steps
  Weighting: frank_wolfe alpha = 0.1875
  [Step 3/9] train_MMD=0.0402 alpha_opt=0.1875 oracle_top4_TVD=0.8423
  [OK] MMD improved (delta=+0.005347)
  SNR (proxy): 7.09 (mean_norm=0.0811, std_norm=0.0114)

[Step 4] Training Model 4...
  lambda_dual: 0.8500
Training has not converged after 400 steps
  Weighting: frank_wolfe alpha = 0.1500
  [Step 4/9] train_MMD=0.0287 alpha_opt=0.1500 oracle_top5_TVD=0.8358
  [OK] MMD improved (delta=+0.011484)
  SNR (proxy): 10.18 (mean_norm=0.0580, std_norm=0.0057)

[Step 5] Training Model 5...
  lambda_dual: 0.8750
Training has not converged after 400 steps
  Weighting: frank_wolfe alpha = 0.1250
  [Step 5/9] train_MMD=0.0204 alpha_opt=0.1250 oracle_top6_TVD=0.8293
  [OK] MMD improved (delta=+0.008296)
  SNR (proxy): 14.90 (mean_norm=0.0499, std_norm=0.0033)

[Step 6] Training Model 6...
  lambda_dual: 0.8929
Training has not converged after 400 steps
  Weighting: frank_wolfe alpha = 0.1071
  [Step 6/9] train_MMD=0.0163 alpha_opt=0.1071 oracle_top7_TVD=0.8228
  [OK] MMD improved (delta=+0.004033)
  SNR (proxy): 10.53 (mean_norm=0.0454, std_norm=0.0043)

[Step 7] Training Model 7...
  lambda_dual: 0.9062
Training has not converged after 400 steps
  Weighting: frank_wolfe alpha = 0.0937
  [Step 7/9] train_MMD=0.0190 alpha_opt=0.0937 oracle_top8_TVD=0.8163
  [WARNING] MMD worsened but kept (diagnostic, delta=-0.002606)
  SNR (proxy): 10.78 (mean_norm=0.0214, std_norm=0.0020)

[Step 8] Training Model 8...
  lambda_dual: 0.9167
Training has not converged after 400 steps
  Weighting: frank_wolfe alpha = 0.0833
  [Step 8/9] train_MMD=0.0188 alpha_opt=0.0833 oracle_top9_TVD=0.8097
  [OK] MMD improved (delta=+0.000170)
  SNR (proxy): 12.54 (mean_norm=0.0412, std_norm=0.0033)

[Step 9] Training Model 9...
  lambda_dual: 0.9250
Training has not converged after 400 steps
  Weighting: frank_wolfe alpha = 0.0750
  [Step 9/9] train_MMD=0.0163 alpha_opt=0.0750 oracle_top10_TVD=0.8032
  [OK] MMD improved (delta=+0.002445)
  SNR (proxy): 20.20 (mean_norm=0.0687, std_norm=0.0034)

Final: 10 models, MMD=0.0131 (delta=+0.0572) F1=nan

[FCFW] Computing Fully Corrective Frank-Wolfe weights for final ensemble...
  Weighting: fully corrective QP weights = [0.0000, 0.0000, 0.1266, 0.1193, 0.1301, 0.1396, 0.0767, 0.0000, 0.2051, 0.2026]
  FCFW Sampled MMD^2: 0.005305
  FCFW Sampled TVD:   0.6261

FINAL MODEL COMPARISON (inc. FCFW)
Model      | MMD        | TVD        | TVD*       | Valid      | Cover      | F1        
----------------------------------------------------------------------------------------
Baseline   | 0.0702     | n/a        | n/a        | n/a        | n/a        | n/a       
Ensemble   | 0.0131     | 0.705      | 0.554      | n/a        | n/a        | n/a       
Model 0    | 0.0707     | 0.990      | 0.858      | n/a        | n/a        | n/a       
Model 1    | 0.0904     | 0.986      | 0.912      | n/a        | n/a        | n/a       
Model 2    | 0.1415     | 0.904      | 0.800      | n/a        | n/a        | n/a       
Model 3    | 0.2848     | 0.914      | 0.849      | n/a        | n/a        | n/a       
Model 4    | 0.5069     | 0.930      | 0.901      | n/a        | n/a        | n/a       
Model 5    | 0.2857     | 0.908      | 0.845      | n/a        | n/a        | n/a       
Model 6    | 0.1947     | 0.940      | 0.850      | n/a        | n/a        | n/a       
Model 7    | 0.0858     | 0.988      | 0.919      | n/a        | n/a        | n/a       
Model 8    | 0.1258     | 0.924      | 0.738      | n/a        | n/a        | n/a       
Model 9    | 0.1286     | 0.933      | 0.804      | n/a        | n/a        | n/a       
Ensemble (FCFW) | 0.0053     | 0.626      | 0.492      | n/a        | n/a        | n/a       
Saving results to out/hpo/hopfield_20q_p2_b15_20260605_111736/trials/trial_0002/results.csv...
Experiment: Boosting on Hopfield (20q, 2p)
Configuration:
  train_samples: 1000
  data_seed: 42
  n_samples: 400
  n_models: 10
  learning_rate: 0.010968217207529524
  epochs_per_step: 400
  caching_level: none
  ensemble_samples_coeff: 1.0
  init_baseline: covariance
  init_later: random
  lambda_dual: 1.0
  lambda_schedule: {'type': 'frank_wolfe', 'gamma': 0.5, 'tau': 1.0}
  n_ops: 512
  weight_strategy: frank_wolfe
  alpha_n_grid: 11
  alpha_objective_weight: 0.5
  baseline: none
  shots: 1000
  final_eval_sampling: True
  dataset_metrics: True
  exact_metrics: {'enabled': True, 'max_qubits': 20, 'phases': {'baseline': True, 'steps': False, 'final': True, 'per_model': True, 'fcfw': True}}
  keep_models_for_diagnosis: True
  stop_on_reject: False
  save_circuit_artifacts: False
  rng_seed: 42
  circuit_config: {'topology': 'aachen_heavy_hex', 'distance': 2, 'max_weight': 2, 'n_ancilla': 0}
  turbo: 10
  dynamic_is_within_shell: shell_uniform
  exact_sampling: True
  acceptance_metric: training_mmd
  skip_sampling: True
  report_fcfw: True
  dynamic_is: False
  dynamic_is_beta: 0.18258230439200238
  sigma: [1.4053344211184828, 0.9456040838047207, 0.4852384750495194]
  require_exact_sampling: True
================================================================================
Saving config to out/hpo/hopfield_20q_p2_b15_20260605_111736/trials/trial_0003/config.json...
Gate structure: Qubits: 20
Aachen heavy-hex topology: 39 parameters
one_qubit=20, two_qubit=19
Using Gaussian Kernel (n_ops=512, n_qubits=20):
  - sigma=1.40533442
  - sigma=0.94560408
  - sigma=0.48523848
Expected sampled operator size:
  - p=2.236634, std=1.409435
  - p=4.283221, std=1.834645
  - p=8.803920, std=2.220016
  mean: 5.107925
  std: 3.309870
Baselines enabled: 

Training ensemble Model 0 (400 epochs)...
Training has not converged after 400 steps
Model 0 final loss: 0.046574
  [Step 0/9] train_MMD=0.0513 alpha_opt=1.0000 oracle_top1_TVD=0.9606

[Step 1] Training Model 1...
  lambda_dual: 0.7500
Training has not converged after 400 steps
  Weighting: frank_wolfe alpha = 0.2500
  [Step 1/9] train_MMD=0.0213 alpha_opt=0.2500 oracle_top2_TVD=0.9212
  [OK] MMD improved (delta=+0.030022)
  SNR (proxy): 6.79 (mean_norm=0.0104, std_norm=0.0015)

[Step 2] Training Model 2...
  lambda_dual: 0.8333
Training has not converged after 400 steps
  Weighting: frank_wolfe alpha = 0.1667
  [Step 2/9] train_MMD=0.0164 alpha_opt=0.1667 oracle_top3_TVD=0.8817
  [OK] MMD improved (delta=+0.004880)
  SNR (proxy): 5.57 (mean_norm=0.0083, std_norm=0.0015)

[Step 3] Training Model 3...
  lambda_dual: 0.8750
Training has not converged after 400 steps
  Weighting: frank_wolfe alpha = 0.1250
  [Step 3/9] train_MMD=0.0157 alpha_opt=0.1250 oracle_top4_TVD=0.8423
  [OK] MMD improved (delta=+0.000771)
  SNR (proxy): 8.02 (mean_norm=0.0142, std_norm=0.0018)

[Step 4] Training Model 4...
  lambda_dual: 0.9000
Training has not converged after 400 steps
  Weighting: frank_wolfe alpha = 0.1000
  [Step 4/9] train_MMD=0.0092 alpha_opt=0.1000 oracle_top5_TVD=0.8358
  [OK] MMD improved (delta=+0.006489)
  SNR (proxy): 5.10 (mean_norm=0.0060, std_norm=0.0012)

[Step 5] Training Model 5...
  lambda_dual: 0.9167
Training has not converged after 400 steps
  Weighting: frank_wolfe alpha = 0.0833
  [Step 5/9] train_MMD=0.0044 alpha_opt=0.0833 oracle_top6_TVD=0.8293
  [OK] MMD improved (delta=+0.004787)
  SNR (proxy): 5.61 (mean_norm=0.0042, std_norm=0.0007)

[Step 6] Training Model 6...
  lambda_dual: 0.9286
Training has not converged after 400 steps
  Weighting: frank_wolfe alpha = 0.0714
  [Step 6/9] train_MMD=0.0039 alpha_opt=0.0714 oracle_top7_TVD=0.8228
  [OK] MMD improved (delta=+0.000441)
  SNR (proxy): 10.39 (mean_norm=0.0058, std_norm=0.0006)

[Step 7] Training Model 7...
  lambda_dual: 0.9375
Training has not converged after 400 steps
  Weighting: frank_wolfe alpha = 0.0625
  [Step 7/9] train_MMD=0.0029 alpha_opt=0.0625 oracle_top8_TVD=0.8163
  [OK] MMD improved (delta=+0.001041)
  SNR (proxy): 11.62 (mean_norm=0.0055, std_norm=0.0005)

[Step 8] Training Model 8...
  lambda_dual: 0.9444
Training has not converged after 400 steps
  Weighting: frank_wolfe alpha = 0.0556
  [Step 8/9] train_MMD=0.0025 alpha_opt=0.0556 oracle_top9_TVD=0.8097
  [OK] MMD improved (delta=+0.000386)
  SNR (proxy): 4.95 (mean_norm=0.0028, std_norm=0.0006)

[Step 9] Training Model 9...
  lambda_dual: 0.9500
Training has not converged after 400 steps
  Weighting: frank_wolfe alpha = 0.0500
  [Step 9/9] train_MMD=0.0017 alpha_opt=0.0500 oracle_top10_TVD=0.8032
  [OK] MMD improved (delta=+0.000822)
  SNR (proxy): 8.03 (mean_norm=0.0028, std_norm=0.0004)

Final: 10 models, MMD=0.0019 (delta=+0.0494) F1=nan

[FCFW] Computing Fully Corrective Frank-Wolfe weights for final ensemble...
  Weighting: fully corrective QP weights = [0.1876, 0.0995, 0.0720, 0.0998, 0.0953, 0.0185, 0.1283, 0.0901, 0.0574, 0.1515]
  FCFW Sampled MMD^2: -0.000234
  FCFW Sampled TVD:   0.4595

FINAL MODEL COMPARISON (inc. FCFW)
Model      | MMD        | TVD        | TVD*       | Valid      | Cover      | F1        
----------------------------------------------------------------------------------------
Baseline   | 0.0513     | n/a        | n/a        | n/a        | n/a        | n/a       
Ensemble   | 0.0019     | 0.522      | 0.369      | n/a        | n/a        | n/a       
Model 0    | 0.0514     | 0.948      | 0.794      | n/a        | n/a        | n/a       
Model 1    | 0.1230     | 0.816      | 0.757      | n/a        | n/a        | n/a       
Model 2    | 0.2183     | 0.868      | 0.773      | n/a        | n/a        | n/a       
Model 3    | 0.1795     | 0.918      | 0.850      | n/a        | n/a        | n/a       
Model 4    | 0.3249     | 0.905      | 0.821      | n/a        | n/a        | n/a       
Model 5    | 0.4776     | 0.926      | 0.867      | n/a        | n/a        | n/a       
Model 6    | 0.2064     | 0.886      | 0.776      | n/a        | n/a        | n/a       
Model 7    | 0.1716     | 0.880      | 0.773      | n/a        | n/a        | n/a       
Model 8    | 0.3443     | 0.893      | 0.828      | n/a        | n/a        | n/a       
Model 9    | 0.2046     | 0.895      | 0.805      | n/a        | n/a        | n/a       
Ensemble (FCFW) | -0.0002    | 0.459      | 0.317      | n/a        | n/a        | n/a       
Saving results to out/hpo/hopfield_20q_p2_b15_20260605_111736/trials/trial_0003/results.csv...
Experiment: Boosting on Hopfield (20q, 2p)
Configuration:
  train_samples: 1000
  data_seed: 42
  n_samples: 400
  n_models: 10
  learning_rate: 0.0036464395589807202
  epochs_per_step: 400
  caching_level: none
  ensemble_samples_coeff: 1.0
  init_baseline: covariance
  init_later: random
  lambda_dual: 1.0
  lambda_schedule: {'type': 'frank_wolfe', 'gamma': 0.5, 'tau': 1.0}
  n_ops: 1024
  weight_strategy: frank_wolfe
  alpha_n_grid: 11
  alpha_objective_weight: 0.5
  baseline: none
  shots: 1000
  final_eval_sampling: True
  dataset_metrics: True
  exact_metrics: {'enabled': True, 'max_qubits': 20, 'phases': {'baseline': True, 'steps': False, 'final': True, 'per_model': True, 'fcfw': True}}
  keep_models_for_diagnosis: True
  stop_on_reject: False
  save_circuit_artifacts: False
  rng_seed: 42
  circuit_config: {'topology': 'aachen_heavy_hex', 'distance': 2, 'max_weight': 2, 'n_ancilla': 0}
  turbo: 10
  dynamic_is_within_shell: shell_uniform
  exact_sampling: True
  acceptance_metric: training_mmd
  skip_sampling: True
  report_fcfw: True
  dynamic_is: False
  dynamic_is_beta: 0.11058146376563001
  sigma: [1.8100552196140227, 0.8703381952919746]
  require_exact_sampling: True
================================================================================
Saving config to out/hpo/hopfield_20q_p2_b15_20260605_111736/trials/trial_0004/config.json...
Gate structure: Qubits: 20
Aachen heavy-hex topology: 39 parameters
one_qubit=20, two_qubit=19
Using Gaussian Kernel (n_ops=1024, n_qubits=20):
  - sigma=1.81005522
  - sigma=0.87033820
Expected sampled operator size:
  - p=1.415366, std=1.146823
  - p=4.831879, std=1.914295
  mean: 3.123622
  std: 2.325512
Baselines enabled: 

Training ensemble Model 0 (400 epochs)...
Training has not converged after 400 steps
Model 0 final loss: 0.062390
  [Step 0/9] train_MMD=0.0620 alpha_opt=1.0000 oracle_top1_TVD=0.9606

[Step 1] Training Model 1...
  lambda_dual: 0.7500
Training has not converged after 400 steps
  Weighting: frank_wolfe alpha = 0.2500
  [Step 1/9] train_MMD=0.0392 alpha_opt=0.2500 oracle_top2_TVD=0.9212
  [OK] MMD improved (delta=+0.022764)
  SNR (proxy): 8.51 (mean_norm=0.0095, std_norm=0.0011)

[Step 2] Training Model 2...
  lambda_dual: 0.8333
Training has not converged after 400 steps
  Weighting: frank_wolfe alpha = 0.1667
  [Step 2/9] train_MMD=0.0228 alpha_opt=0.1667 oracle_top3_TVD=0.8817
  [OK] MMD improved (delta=+0.016383)
  SNR (proxy): 3.70 (mean_norm=0.0081, std_norm=0.0022)

[Step 3] Training Model 3...
  lambda_dual: 0.8750
Training has not converged after 400 steps
  Weighting: frank_wolfe alpha = 0.1250
  [Step 3/9] train_MMD=0.0202 alpha_opt=0.1250 oracle_top4_TVD=0.8423
  [OK] MMD improved (delta=+0.002660)
  SNR (proxy): 4.78 (mean_norm=0.0077, std_norm=0.0016)

[Step 4] Training Model 4...
  lambda_dual: 0.9000
Training has not converged after 400 steps
  Weighting: frank_wolfe alpha = 0.1000
  [Step 4/9] train_MMD=0.0132 alpha_opt=0.1000 oracle_top5_TVD=0.8358
  [OK] MMD improved (delta=+0.006917)
  SNR (proxy): 5.90 (mean_norm=0.0055, std_norm=0.0009)

[Step 5] Training Model 5...
  lambda_dual: 0.9167
Training has not converged after 400 steps
  Weighting: frank_wolfe alpha = 0.0833
  [Step 5/9] train_MMD=0.0105 alpha_opt=0.0833 oracle_top6_TVD=0.8293
  [OK] MMD improved (delta=+0.002731)
  SNR (proxy): 9.90 (mean_norm=0.0048, std_norm=0.0005)

[Step 6] Training Model 6...
  lambda_dual: 0.9286
Training has not converged after 400 steps
  Weighting: frank_wolfe alpha = 0.0714
  [Step 6/9] train_MMD=0.0066 alpha_opt=0.0714 oracle_top7_TVD=0.8228
  [OK] MMD improved (delta=+0.003869)
  SNR (proxy): 4.25 (mean_norm=0.0028, std_norm=0.0007)

[Step 7] Training Model 7...
  lambda_dual: 0.9375
Training has not converged after 400 steps
  Weighting: frank_wolfe alpha = 0.0625
  [Step 7/9] train_MMD=0.0061 alpha_opt=0.0625 oracle_top8_TVD=0.8163
  [OK] MMD improved (delta=+0.000549)
  SNR (proxy): 7.49 (mean_norm=0.0044, std_norm=0.0006)

[Step 8] Training Model 8...
  lambda_dual: 0.9444
Training has not converged after 400 steps
  Weighting: frank_wolfe alpha = 0.0556
  [Step 8/9] train_MMD=0.0036 alpha_opt=0.0556 oracle_top9_TVD=0.8097
  [OK] MMD improved (delta=+0.002512)
  SNR (proxy): 12.90 (mean_norm=0.0014, std_norm=0.0001)

[Step 9] Training Model 9...
  lambda_dual: 0.9500
Training has not converged after 400 steps
  Weighting: frank_wolfe alpha = 0.0500
  [Step 9/9] train_MMD=0.0033 alpha_opt=0.0500 oracle_top10_TVD=0.8032
  [OK] MMD improved (delta=+0.000295)
  SNR (proxy): 7.40 (mean_norm=0.0030, std_norm=0.0004)

Final: 10 models, MMD=0.0031 (delta=+0.0589) F1=nan

[FCFW] Computing Fully Corrective Frank-Wolfe weights for final ensemble...
  Weighting: fully corrective QP weights = [0.1933, 0.0946, 0.1175, 0.0931, 0.0633, 0.1024, 0.0415, 0.1138, 0.0702, 0.1103]
  FCFW Sampled MMD^2: -0.000097
  FCFW Sampled TVD:   0.4811

FINAL MODEL COMPARISON (inc. FCFW)
Model      | MMD        | TVD        | TVD*       | Valid      | Cover      | F1        
----------------------------------------------------------------------------------------
Baseline   | 0.0620     | n/a        | n/a        | n/a        | n/a        | n/a       
Ensemble   | 0.0031     | 0.538      | 0.426      | n/a        | n/a        | n/a       
Model 0    | 0.0640     | 0.994      | 0.916      | n/a        | n/a        | n/a       
Model 1    | 0.1789     | 0.811      | 0.751      | n/a        | n/a        | n/a       
Model 2    | 0.2008     | 0.852      | 0.765      | n/a        | n/a        | n/a       
Model 3    | 0.2002     | 0.858      | 0.772      | n/a        | n/a        | n/a       
Model 4    | 0.4353     | 0.914      | 0.842      | n/a        | n/a        | n/a       
Model 5    | 0.4145     | 0.899      | 0.843      | n/a        | n/a        | n/a       
Model 6    | 0.5563     | 0.924      | 0.901      | n/a        | n/a        | n/a       
Model 7    | 0.2602     | 0.881      | 0.794      | n/a        | n/a        | n/a       
Model 8    | 0.7005     | 0.948      | 0.926      | n/a        | n/a        | n/a       
Model 9    | 0.2525     | 0.887      | 0.794      | n/a        | n/a        | n/a       
Ensemble (FCFW) | -0.0001    | 0.481      | 0.384      | n/a        | n/a        | n/a       
Saving results to out/hpo/hopfield_20q_p2_b15_20260605_111736/trials/trial_0004/results.csv...
Experiment: Boosting on Hopfield (20q, 2p)
Configuration:
  train_samples: 1000
  data_seed: 42
  n_samples: 400
  n_models: 10
  learning_rate: 0.05323617594751501
  epochs_per_step: 400
  caching_level: none
  ensemble_samples_coeff: 1.0
  init_baseline: covariance
  init_later: random
  lambda_dual: 1.0
  lambda_schedule: {'type': 'frank_wolfe', 'gamma': 0.75, 'tau': 1.0}
  n_ops: 512
  weight_strategy: frank_wolfe
  alpha_n_grid: 11
  alpha_objective_weight: 0.5
  baseline: none
  shots: 1000
  final_eval_sampling: True
  dataset_metrics: True
  exact_metrics: {'enabled': True, 'max_qubits': 20, 'phases': {'baseline': True, 'steps': False, 'final': True, 'per_model': True, 'fcfw': True}}
  keep_models_for_diagnosis: True
  stop_on_reject: False
  save_circuit_artifacts: False
  rng_seed: 42
  circuit_config: {'topology': 'aachen_heavy_hex', 'distance': 2, 'max_weight': 2, 'n_ancilla': 0}
  turbo: 10
  dynamic_is_within_shell: shell_uniform
  exact_sampling: True
  acceptance_metric: training_mmd
  skip_sampling: True
  report_fcfw: True
  dynamic_is: False
  dynamic_is_beta: 0.012097379927033842
  sigma: [0.9284811401487101, 0.5495140309844374]
  require_exact_sampling: True
================================================================================
Saving config to out/hpo/hopfield_20q_p2_b15_20260605_111736/trials/trial_0005/config.json...
Gate structure: Qubits: 20
Aachen heavy-hex topology: 39 parameters
one_qubit=20, two_qubit=19
Using Gaussian Kernel (n_ops=512, n_qubits=20):
  - sigma=0.92848114
  - sigma=0.54951403
Expected sampled operator size:
  - p=4.400985, std=1.852715
  - p=8.090641, std=2.194930
  mean: 6.245813
  std: 2.743816
Baselines enabled: 

Training ensemble Model 0 (400 epochs)...
Training has not converged after 400 steps
Model 0 final loss: 0.029665
  [Step 0/9] train_MMD=0.0277 alpha_opt=1.0000 oracle_top1_TVD=0.9606

[Step 1] Training Model 1...
  lambda_dual: 0.6250
Training has not converged after 400 steps
  Weighting: frank_wolfe alpha = 0.3750
  [Step 1/9] train_MMD=0.0126 alpha_opt=0.3750 oracle_top2_TVD=0.9212
  [OK] MMD improved (delta=+0.015108)
  SNR (proxy): 6.60 (mean_norm=0.0118, std_norm=0.0018)

[Step 2] Training Model 2...
  lambda_dual: 0.7500
Training has not converged after 400 steps
  Weighting: frank_wolfe alpha = 0.2500
  [Step 2/9] train_MMD=0.0127 alpha_opt=0.2500 oracle_top3_TVD=0.8817
  [WARNING] MMD worsened but kept (diagnostic, delta=-0.000048)
  SNR (proxy): 8.08 (mean_norm=0.0103, std_norm=0.0013)

[Step 3] Training Model 3...
  lambda_dual: 0.8125
Training has not converged after 400 steps
  Weighting: frank_wolfe alpha = 0.1875
  [Step 3/9] train_MMD=0.0081 alpha_opt=0.1875 oracle_top4_TVD=0.8423
  [OK] MMD improved (delta=+0.004609)
  SNR (proxy): 10.30 (mean_norm=0.0147, std_norm=0.0014)

[Step 4] Training Model 4...
  lambda_dual: 0.8500
Training has not converged after 400 steps
  Weighting: frank_wolfe alpha = 0.1500
  [Step 4/9] train_MMD=0.0063 alpha_opt=0.1500 oracle_top5_TVD=0.8358
  [OK] MMD improved (delta=+0.001798)
  SNR (proxy): 8.38 (mean_norm=0.0089, std_norm=0.0011)

[Step 5] Training Model 5...
  lambda_dual: 0.8750
Training has not converged after 400 steps
  Weighting: frank_wolfe alpha = 0.1250
  [Step 5/9] train_MMD=0.0022 alpha_opt=0.1250 oracle_top6_TVD=0.8293
  [OK] MMD improved (delta=+0.004016)
  SNR (proxy): 3.93 (mean_norm=0.0060, std_norm=0.0015)

[Step 6] Training Model 6...
  lambda_dual: 0.8929
Training has not converged after 400 steps
  Weighting: frank_wolfe alpha = 0.1071
  [Step 6/9] train_MMD=0.0019 alpha_opt=0.1071 oracle_top7_TVD=0.8228
  [OK] MMD improved (delta=+0.000372)
  SNR (proxy): 5.39 (mean_norm=0.0073, std_norm=0.0014)

[Step 7] Training Model 7...
  lambda_dual: 0.9062
Training has not converged after 400 steps
  Weighting: frank_wolfe alpha = 0.0937
  [Step 7/9] train_MMD=0.0010 alpha_opt=0.0937 oracle_top8_TVD=0.8163
  [OK] MMD improved (delta=+0.000894)
  SNR (proxy): 2.99 (mean_norm=0.0073, std_norm=0.0024)

[Step 8] Training Model 8...
  lambda_dual: 0.9167
Training has not converged after 400 steps
  Weighting: frank_wolfe alpha = 0.0833
  [Step 8/9] train_MMD=0.0008 alpha_opt=0.0833 oracle_top9_TVD=0.8097
  [OK] MMD improved (delta=+0.000227)
  SNR (proxy): 12.05 (mean_norm=0.0049, std_norm=0.0004)

[Step 9] Training Model 9...
  lambda_dual: 0.9250
Training has not converged after 400 steps
  Weighting: frank_wolfe alpha = 0.0750
  [Step 9/9] train_MMD=0.0004 alpha_opt=0.0750 oracle_top10_TVD=0.8032
  [OK] MMD improved (delta=+0.000314)
  SNR (proxy): 6.72 (mean_norm=0.0062, std_norm=0.0009)

Final: 10 models, MMD=0.0008 (delta=+0.0269) F1=nan

[FCFW] Computing Fully Corrective Frank-Wolfe weights for final ensemble...
  Weighting: fully corrective QP weights = [0.0923, 0.0939, 0.0922, 0.0893, 0.0889, 0.0756, 0.1427, 0.1163, 0.0931, 0.1155]
  FCFW Sampled MMD^2: -0.000190
  FCFW Sampled TVD:   0.4633

FINAL MODEL COMPARISON (inc. FCFW)
Model      | MMD        | TVD        | TVD*       | Valid      | Cover      | F1        
----------------------------------------------------------------------------------------
Baseline   | 0.0277     | n/a        | n/a        | n/a        | n/a        | n/a       
Ensemble   | 0.0008     | 0.489      | 0.271      | n/a        | n/a        | n/a       
Model 0    | 0.0294     | 0.932      | 0.741      | n/a        | n/a        | n/a       
Model 1    | 0.0633     | 0.843      | 0.705      | n/a        | n/a        | n/a       
Model 2    | 0.0568     | 0.924      | 0.802      | n/a        | n/a        | n/a       
Model 3    | 0.1172     | 0.865      | 0.769      | n/a        | n/a        | n/a       
Model 4    | 0.1446     | 0.896      | 0.767      | n/a        | n/a        | n/a       
Model 5    | 0.2905     | 0.886      | 0.826      | n/a        | n/a        | n/a       
Model 6    | 0.0847     | 0.892      | 0.746      | n/a        | n/a        | n/a       
Model 7    | 0.1549     | 0.890      | 0.794      | n/a        | n/a        | n/a       
Model 8    | 0.1303     | 0.876      | 0.763      | n/a        | n/a        | n/a       
Model 9    | 0.1129     | 0.892      | 0.723      | n/a        | n/a        | n/a       
Ensemble (FCFW) | -0.0002    | 0.463      | 0.251      | n/a        | n/a        | n/a       
Saving results to out/hpo/hopfield_20q_p2_b15_20260605_111736/trials/trial_0005/results.csv...
Experiment: Boosting on Hopfield (20q, 2p)
Configuration:
  train_samples: 1000
  data_seed: 42
  n_samples: 400
  n_models: 10
  learning_rate: 0.011103647313054618
  epochs_per_step: 400
  caching_level: none
  ensemble_samples_coeff: 1.0
  init_baseline: covariance
  init_later: random
  lambda_dual: 1.0
  lambda_schedule: {'type': 'frank_wolfe', 'gamma': 0.5, 'tau': 1.0}
  n_ops: 512
  weight_strategy: frank_wolfe
  alpha_n_grid: 11
  alpha_objective_weight: 0.5
  baseline: none
  shots: 1000
  final_eval_sampling: True
  dataset_metrics: True
  exact_metrics: {'enabled': True, 'max_qubits': 20, 'phases': {'baseline': True, 'steps': False, 'final': True, 'per_model': True, 'fcfw': True}}
  keep_models_for_diagnosis: True
  stop_on_reject: False
  save_circuit_artifacts: False
  rng_seed: 42
  circuit_config: {'topology': 'aachen_heavy_hex', 'distance': 2, 'max_weight': 2, 'n_ancilla': 0}
  turbo: 10
  dynamic_is_within_shell: shell_uniform
  exact_sampling: True
  acceptance_metric: training_mmd
  skip_sampling: True
  report_fcfw: True
  dynamic_is: False
  dynamic_is_beta: 0.013815607382950859
  sigma: [1.1335151316674401]
  require_exact_sampling: True
================================================================================
Saving config to out/hpo/hopfield_20q_p2_b15_20260605_111736/trials/trial_0006/config.json...
Gate structure: Qubits: 20
Aachen heavy-hex topology: 39 parameters
one_qubit=20, two_qubit=19
Using Gaussian Kernel (n_ops=512, n_qubits=20):
  - sigma=1.13351513
Expected sampled operator size:
  - p=3.223664, std=1.644404
  mean: 3.223664
  std: 1.644404
Baselines enabled: 

Training ensemble Model 0 (400 epochs)...
Training has not converged after 400 steps
Model 0 final loss: 0.066265
  [Step 0/9] train_MMD=0.0698 alpha_opt=1.0000 oracle_top1_TVD=0.9606

[Step 1] Training Model 1...
  lambda_dual: 0.7500
Training has not converged after 400 steps
  Weighting: frank_wolfe alpha = 0.2500
  [Step 1/9] train_MMD=0.0317 alpha_opt=0.2500 oracle_top2_TVD=0.9212
  [OK] MMD improved (delta=+0.038075)
  SNR (proxy): 3.33 (mean_norm=0.0158, std_norm=0.0047)

[Step 2] Training Model 2...
  lambda_dual: 0.8333
Training has not converged after 400 steps
  Weighting: frank_wolfe alpha = 0.1667
  [Step 2/9] train_MMD=0.0245 alpha_opt=0.1667 oracle_top3_TVD=0.8817
  [OK] MMD improved (delta=+0.007271)
  SNR (proxy): 4.12 (mean_norm=0.0139, std_norm=0.0034)

[Step 3] Training Model 3...
  lambda_dual: 0.8750
Training has not converged after 400 steps
  Weighting: frank_wolfe alpha = 0.1250
  [Step 3/9] train_MMD=0.0177 alpha_opt=0.1250 oracle_top4_TVD=0.8423
  [OK] MMD improved (delta=+0.006748)
  SNR (proxy): 4.06 (mean_norm=0.0167, std_norm=0.0041)

[Step 4] Training Model 4...
  lambda_dual: 0.9000
Training has not converged after 400 steps
  Weighting: frank_wolfe alpha = 0.1000
  [Step 4/9] train_MMD=0.0145 alpha_opt=0.1000 oracle_top5_TVD=0.8358
  [OK] MMD improved (delta=+0.003194)
  SNR (proxy): 14.46 (mean_norm=0.0154, std_norm=0.0011)

[Step 5] Training Model 5...
  lambda_dual: 0.9167
Training has not converged after 400 steps
  Weighting: frank_wolfe alpha = 0.0833
  [Step 5/9] train_MMD=0.0122 alpha_opt=0.0833 oracle_top6_TVD=0.8293
  [OK] MMD improved (delta=+0.002294)
  SNR (proxy): 11.56 (mean_norm=0.0212, std_norm=0.0018)

[Step 6] Training Model 6...
  lambda_dual: 0.9286
Training has not converged after 400 steps
  Weighting: frank_wolfe alpha = 0.0714
  [Step 6/9] train_MMD=0.0058 alpha_opt=0.0714 oracle_top7_TVD=0.8228
  [OK] MMD improved (delta=+0.006402)
  SNR (proxy): 9.33 (mean_norm=0.0127, std_norm=0.0014)

[Step 7] Training Model 7...
  lambda_dual: 0.9375
Training has not converged after 400 steps
  Weighting: frank_wolfe alpha = 0.0625
  [Step 7/9] train_MMD=0.0062 alpha_opt=0.0625 oracle_top8_TVD=0.8163
  [WARNING] MMD worsened but kept (diagnostic, delta=-0.000380)
  SNR (proxy): 19.32 (mean_norm=0.0145, std_norm=0.0007)

[Step 8] Training Model 8...
  lambda_dual: 0.9444
Training has not converged after 400 steps
  Weighting: frank_wolfe alpha = 0.0556
  [Step 8/9] train_MMD=0.0036 alpha_opt=0.0556 oracle_top9_TVD=0.8097
  [OK] MMD improved (delta=+0.002603)
  SNR (proxy): 5.17 (mean_norm=0.0068, std_norm=0.0013)

[Step 9] Training Model 9...
  lambda_dual: 0.9500
Training has not converged after 400 steps
  Weighting: frank_wolfe alpha = 0.0500
  [Step 9/9] train_MMD=0.0025 alpha_opt=0.0500 oracle_top10_TVD=0.8032
  [OK] MMD improved (delta=+0.001145)
  SNR (proxy): 10.15 (mean_norm=0.0123, std_norm=0.0012)

Final: 10 models, MMD=0.0016 (delta=+0.0682) F1=nan

[FCFW] Computing Fully Corrective Frank-Wolfe weights for final ensemble...
  Weighting: fully corrective QP weights = [0.1834, 0.0709, 0.1393, 0.1125, 0.0823, 0.0914, 0.0464, 0.0858, 0.0664, 0.1215]
  FCFW Sampled MMD^2: -0.000298
  FCFW Sampled TVD:   0.5125

FINAL MODEL COMPARISON (inc. FCFW)
Model      | MMD        | TVD        | TVD*       | Valid      | Cover      | F1        
----------------------------------------------------------------------------------------
Baseline   | 0.0698     | n/a        | n/a        | n/a        | n/a        | n/a       
Ensemble   | 0.0016     | 0.530      | 0.365      | n/a        | n/a        | n/a       
Model 0    | 0.0705     | 0.938      | 0.768      | n/a        | n/a        | n/a       
Model 1    | 0.1646     | 0.819      | 0.757      | n/a        | n/a        | n/a       
Model 2    | 0.1777     | 0.858      | 0.760      | n/a        | n/a        | n/a       
Model 3    | 0.2793     | 0.896      | 0.854      | n/a        | n/a        | n/a       
Model 4    | 0.3911     | 0.905      | 0.805      | n/a        | n/a        | n/a       
Model 5    | 0.4437     | 0.937      | 0.898      | n/a        | n/a        | n/a       
Model 6    | 0.6712     | 0.926      | 0.911      | n/a        | n/a        | n/a       
Model 7    | 0.1803     | 0.897      | 0.723      | n/a        | n/a        | n/a       
Model 8    | 0.6340     | 0.923      | 0.897      | n/a        | n/a        | n/a       
Model 9    | 0.2854     | 0.900      | 0.802      | n/a        | n/a        | n/a       
Ensemble (FCFW) | -0.0003    | 0.512      | 0.332      | n/a        | n/a        | n/a       
Saving results to out/hpo/hopfield_20q_p2_b15_20260605_111736/trials/trial_0006/results.csv...
Experiment: Boosting on Hopfield (20q, 2p)
Configuration:
  train_samples: 1000
  data_seed: 42
  n_samples: 400
  n_models: 10
  learning_rate: 0.0021010799310103557
  epochs_per_step: 400
  caching_level: none
  ensemble_samples_coeff: 1.0
  init_baseline: covariance
  init_later: random
  lambda_dual: 1.0
  lambda_schedule: {'type': 'frank_wolfe', 'gamma': 1.0, 'tau': 1.0}
  n_ops: 2048
  weight_strategy: frank_wolfe
  alpha_n_grid: 11
  alpha_objective_weight: 0.5
  baseline: none
  shots: 1000
  final_eval_sampling: True
  dataset_metrics: True
  exact_metrics: {'enabled': True, 'max_qubits': 20, 'phases': {'baseline': True, 'steps': False, 'final': True, 'per_model': True, 'fcfw': True}}
  keep_models_for_diagnosis: True
  stop_on_reject: False
  save_circuit_artifacts: False
  rng_seed: 42
  circuit_config: {'topology': 'aachen_heavy_hex', 'distance': 2, 'max_weight': 2, 'n_ancilla': 0}
  turbo: 10
  dynamic_is_within_shell: shell_uniform
  exact_sampling: True
  acceptance_metric: training_mmd
  skip_sampling: True
  report_fcfw: True
  dynamic_is: False
  dynamic_is_beta: 0.06669254439997736
  sigma: [0.912465013808801]
  require_exact_sampling: True
================================================================================
Saving config to out/hpo/hopfield_20q_p2_b15_20260605_111736/trials/trial_0007/config.json...
Gate structure: Qubits: 20
Aachen heavy-hex topology: 39 parameters
one_qubit=20, two_qubit=19
Using Gaussian Kernel (n_ops=2048, n_qubits=20):
  - sigma=0.91246501
Expected sampled operator size:
  - p=4.514813, std=1.869662
  mean: 4.514813
  std: 1.869662
Baselines enabled: 

Training ensemble Model 0 (400 epochs)...
Training has not converged after 400 steps
Model 0 final loss: 0.041815
  [Step 0/9] train_MMD=0.0431 alpha_opt=1.0000 oracle_top1_TVD=0.9606

[Step 1] Training Model 1...
  lambda_dual: 0.5000
Training has not converged after 400 steps
  Weighting: frank_wolfe alpha = 0.5000
  [Step 1/9] train_MMD=0.0188 alpha_opt=0.5000 oracle_top2_TVD=0.9212
  [OK] MMD improved (delta=+0.024271)
  SNR (proxy): 5.24 (mean_norm=0.0185, std_norm=0.0035)

[Step 2] Training Model 2...
  lambda_dual: 0.6667
Training has not converged after 400 steps
  Weighting: frank_wolfe alpha = 0.3333
  [Step 2/9] train_MMD=0.0143 alpha_opt=0.3333 oracle_top3_TVD=0.8817
  [OK] MMD improved (delta=+0.004574)
  SNR (proxy): 4.83 (mean_norm=0.0178, std_norm=0.0037)

[Step 3] Training Model 3...
  lambda_dual: 0.7500
Training has not converged after 400 steps
  Weighting: frank_wolfe alpha = 0.2500
  [Step 3/9] train_MMD=0.0122 alpha_opt=0.2500 oracle_top4_TVD=0.8423
  [OK] MMD improved (delta=+0.002034)
  SNR (proxy): 4.66 (mean_norm=0.0204, std_norm=0.0044)

[Step 4] Training Model 4...
  lambda_dual: 0.8000
Training has not converged after 400 steps
  Weighting: frank_wolfe alpha = 0.2000
  [Step 4/9] train_MMD=0.0116 alpha_opt=0.2000 oracle_top5_TVD=0.8358
  [OK] MMD improved (delta=+0.000633)
  SNR (proxy): 3.16 (mean_norm=0.0123, std_norm=0.0039)

[Step 5] Training Model 5...
  lambda_dual: 0.8333
Training has not converged after 400 steps
  Weighting: frank_wolfe alpha = 0.1667
  [Step 5/9] train_MMD=0.0076 alpha_opt=0.1667 oracle_top6_TVD=0.8293
  [OK] MMD improved (delta=+0.004029)
  SNR (proxy): 9.74 (mean_norm=0.0180, std_norm=0.0019)

[Step 6] Training Model 6...
  lambda_dual: 0.8571
Training has not converged after 400 steps
  Weighting: frank_wolfe alpha = 0.1429
  [Step 6/9] train_MMD=0.0071 alpha_opt=0.1429 oracle_top7_TVD=0.8228
  [OK] MMD improved (delta=+0.000461)
  SNR (proxy): 6.27 (mean_norm=0.0164, std_norm=0.0026)

[Step 7] Training Model 7...
  lambda_dual: 0.8750
Training has not converged after 400 steps
  Weighting: frank_wolfe alpha = 0.1250
  [Step 7/9] train_MMD=0.0026 alpha_opt=0.1250 oracle_top8_TVD=0.8163
  [OK] MMD improved (delta=+0.004488)
  SNR (proxy): 5.53 (mean_norm=0.0088, std_norm=0.0016)

[Step 8] Training Model 8...
  lambda_dual: 0.8889
Training has not converged after 400 steps
  Weighting: frank_wolfe alpha = 0.1111
  [Step 8/9] train_MMD=0.0035 alpha_opt=0.1111 oracle_top9_TVD=0.8097
  [WARNING] MMD worsened but kept (diagnostic, delta=-0.000859)
  SNR (proxy): 10.08 (mean_norm=0.0158, std_norm=0.0016)

[Step 9] Training Model 9...
  lambda_dual: 0.9000
Training has not converged after 400 steps
  Weighting: frank_wolfe alpha = 0.1000
  [Step 9/9] train_MMD=0.0030 alpha_opt=0.1000 oracle_top10_TVD=0.8032
  [OK] MMD improved (delta=+0.000496)
  SNR (proxy): 4.94 (mean_norm=0.0119, std_norm=0.0024)

Final: 10 models, MMD=0.0035 (delta=+0.0396) F1=nan

[FCFW] Computing Fully Corrective Frank-Wolfe weights for final ensemble...
  Weighting: fully corrective QP weights = [0.0000, 0.1735, 0.0955, 0.0082, 0.1875, 0.1007, 0.1882, 0.1401, 0.0000, 0.1063]
  FCFW Sampled MMD^2: 0.000577
  FCFW Sampled TVD:   0.5312

FINAL MODEL COMPARISON (inc. FCFW)
Model      | MMD        | TVD        | TVD*       | Valid      | Cover      | F1        
----------------------------------------------------------------------------------------
Baseline   | 0.0431     | n/a        | n/a        | n/a        | n/a        | n/a       
Ensemble   | 0.0035     | 0.564      | 0.320      | n/a        | n/a        | n/a       
Model 0    | 0.0438     | 0.973      | 0.711      | n/a        | n/a        | n/a       
Model 1    | 0.0669     | 0.868      | 0.663      | n/a        | n/a        | n/a       
Model 2    | 0.0825     | 0.888      | 0.686      | n/a        | n/a        | n/a       
Model 3    | 0.0860     | 0.885      | 0.719      | n/a        | n/a        | n/a       
Model 4    | 0.1426     | 0.913      | 0.815      | n/a        | n/a        | n/a       
Model 5    | 0.1862     | 0.868      | 0.781      | n/a        | n/a        | n/a       
Model 6    | 0.1030     | 0.895      | 0.737      | n/a        | n/a        | n/a       
Model 7    | 0.2754     | 0.885      | 0.816      | n/a        | n/a        | n/a       
Model 8    | 0.0778     | 0.955      | 0.799      | n/a        | n/a        | n/a       
Model 9    | 0.1647     | 0.886      | 0.755      | n/a        | n/a        | n/a       
Ensemble (FCFW) | 0.0006     | 0.531      | 0.322      | n/a        | n/a        | n/a       
Saving results to out/hpo/hopfield_20q_p2_b15_20260605_111736/trials/trial_0007/results.csv...
Experiment: Boosting on Hopfield (20q, 2p)
Configuration:
  train_samples: 1000
  data_seed: 42
  n_samples: 400
  n_models: 10
  learning_rate: 0.04325432427964557
  epochs_per_step: 400
  caching_level: none
  ensemble_samples_coeff: 1.0
  init_baseline: covariance
  init_later: random
  lambda_dual: 1.0
  lambda_schedule: {'type': 'frank_wolfe', 'gamma': 0.25, 'tau': 1.0}
  n_ops: 512
  weight_strategy: frank_wolfe
  alpha_n_grid: 11
  alpha_objective_weight: 0.5
  baseline: none
  shots: 1000
  final_eval_sampling: True
  dataset_metrics: True
  exact_metrics: {'enabled': True, 'max_qubits': 20, 'phases': {'baseline': True, 'steps': False, 'final': True, 'per_model': True, 'fcfw': True}}
  keep_models_for_diagnosis: True
  stop_on_reject: False
  save_circuit_artifacts: False
  rng_seed: 42
  circuit_config: {'topology': 'aachen_heavy_hex', 'distance': 2, 'max_weight': 2, 'n_ancilla': 0}
  turbo: 10
  dynamic_is_within_shell: shell_uniform
  exact_sampling: True
  acceptance_metric: training_mmd
  skip_sampling: True
  report_fcfw: True
  dynamic_is: False
  dynamic_is_beta: 0.046184639800512954
  sigma: [1.4519699627297695, 0.8274317895485978, 0.3845924490840382]
  require_exact_sampling: True
================================================================================
Saving config to out/hpo/hopfield_20q_p2_b15_20260605_111736/trials/trial_0008/config.json...
Gate structure: Qubits: 20
Aachen heavy-hex topology: 39 parameters
one_qubit=20, two_qubit=19
Using Gaussian Kernel (n_ops=512, n_qubits=20):
  - sigma=1.45196996
  - sigma=0.82743179
  - sigma=0.38459245
Expected sampled operator size:
  - p=2.111407, std=1.374229
  - p=5.182390, std=1.959472
  - p=9.659663, std=2.234773
  mean: 5.651153
  std: 3.630424
Baselines enabled: 

Training ensemble Model 0 (400 epochs)...
Training has not converged after 400 steps
Model 0 final loss: 0.047162
  [Step 0/9] train_MMD=0.0461 alpha_opt=1.0000 oracle_top1_TVD=0.9606

[Step 1] Training Model 1...
  lambda_dual: 0.8750
Training has not converged after 400 steps
  Weighting: frank_wolfe alpha = 0.1250
  [Step 1/9] train_MMD=0.0291 alpha_opt=0.1250 oracle_top2_TVD=0.9212
  [OK] MMD improved (delta=+0.017025)
  SNR (proxy): 4.82 (mean_norm=0.0091, std_norm=0.0019)

[Step 2] Training Model 2...
  lambda_dual: 0.9167
Training has not converged after 400 steps
  Weighting: frank_wolfe alpha = 0.0833
  [Step 2/9] train_MMD=0.0199 alpha_opt=0.0833 oracle_top3_TVD=0.8817
  [OK] MMD improved (delta=+0.009188)
  SNR (proxy): 8.18 (mean_norm=0.0063, std_norm=0.0008)

[Step 3] Training Model 3...
  lambda_dual: 0.9375
Training has not converged after 400 steps
  Weighting: frank_wolfe alpha = 0.0625
  [Step 3/9] train_MMD=0.0168 alpha_opt=0.0625 oracle_top4_TVD=0.8423
  [OK] MMD improved (delta=+0.003095)
  SNR (proxy): 10.56 (mean_norm=0.0045, std_norm=0.0004)

[Step 4] Training Model 4...
  lambda_dual: 0.9500
Training has not converged after 400 steps
  Weighting: frank_wolfe alpha = 0.0500
  [Step 4/9] train_MMD=0.0151 alpha_opt=0.0500 oracle_top5_TVD=0.8358
  [OK] MMD improved (delta=+0.001701)
  SNR (proxy): 9.34 (mean_norm=0.0053, std_norm=0.0006)

[Step 5] Training Model 5...
  lambda_dual: 0.9583
Training has not converged after 400 steps
  Weighting: frank_wolfe alpha = 0.0417
  [Step 5/9] train_MMD=0.0143 alpha_opt=0.0417 oracle_top6_TVD=0.8293
  [OK] MMD improved (delta=+0.000821)
  SNR (proxy): 8.91 (mean_norm=0.0032, std_norm=0.0004)

[Step 6] Training Model 6...
  lambda_dual: 0.9643
Training has not converged after 400 steps
  Weighting: frank_wolfe alpha = 0.0357
  [Step 6/9] train_MMD=0.0139 alpha_opt=0.0357 oracle_top7_TVD=0.8228
  [OK] MMD improved (delta=+0.000355)
  SNR (proxy): 6.64 (mean_norm=0.0038, std_norm=0.0006)

[Step 7] Training Model 7...
  lambda_dual: 0.9688
Training has not converged after 400 steps
  Weighting: frank_wolfe alpha = 0.0312
  [Step 7/9] train_MMD=0.0139 alpha_opt=0.0312 oracle_top8_TVD=0.8163
  [OK] MMD improved (delta=+0.000085)
  SNR (proxy): 19.97 (mean_norm=0.0060, std_norm=0.0003)

[Step 8] Training Model 8...
  lambda_dual: 0.9722
Training has not converged after 400 steps
  Weighting: frank_wolfe alpha = 0.0278
  [Step 8/9] train_MMD=0.0109 alpha_opt=0.0278 oracle_top9_TVD=0.8097
  [OK] MMD improved (delta=+0.002954)
  SNR (proxy): 6.55 (mean_norm=0.0000, std_norm=0.0000)

[Step 9] Training Model 9...
  lambda_dual: 0.9750
Training has not converged after 400 steps
  Weighting: frank_wolfe alpha = 0.0250
  [Step 9/9] train_MMD=0.0087 alpha_opt=0.0250 oracle_top10_TVD=0.8032
  [OK] MMD improved (delta=+0.002251)
  SNR (proxy): 7.10 (mean_norm=0.0000, std_norm=0.0000)

Final: 10 models, MMD=0.0099 (delta=+0.0362) F1=nan

[FCFW] Computing Fully Corrective Frank-Wolfe weights for final ensemble...
  Weighting: fully corrective QP weights = [0.4485, 0.0883, 0.0621, 0.0918, 0.0914, 0.0602, 0.0000, 0.0023, 0.0822, 0.0732]
  FCFW Sampled MMD^2: 0.004558
  FCFW Sampled TVD:   0.6398

FINAL MODEL COMPARISON (inc. FCFW)
Model      | MMD        | TVD        | TVD*       | Valid      | Cover      | F1        
----------------------------------------------------------------------------------------
Baseline   | 0.0461     | n/a        | n/a        | n/a        | n/a        | n/a       
Ensemble   | 0.0099     | 0.666      | 0.529      | n/a        | n/a        | n/a       
Model 0    | 0.0468     | 0.937      | 0.824      | n/a        | n/a        | n/a       
Model 1    | 0.2134     | 0.887      | 0.804      | n/a        | n/a        | n/a       
Model 2    | 0.4017     | 0.915      | 0.882      | n/a        | n/a        | n/a       
Model 3    | 0.2199     | 0.886      | 0.793      | n/a        | n/a        | n/a       
Model 4    | 0.1827     | 0.908      | 0.788      | n/a        | n/a        | n/a       
Model 5    | 0.1212     | 0.960      | 0.770      | n/a        | n/a        | n/a       
Model 6    | 0.1048     | 0.922      | 0.734      | n/a        | n/a        | n/a       
Model 7    | 0.1520     | 0.893      | 0.769      | n/a        | n/a        | n/a       
Model 8    | 0.8222     | 0.961      | 0.961      | n/a        | n/a        | n/a       
Model 9    | 0.8432     | 0.961      | 0.961      | n/a        | n/a        | n/a       
Ensemble (FCFW) | 0.0046     | 0.640      | 0.508      | n/a        | n/a        | n/a       
Saving results to out/hpo/hopfield_20q_p2_b15_20260605_111736/trials/trial_0008/results.csv...
Experiment: Boosting on Hopfield (20q, 2p)
Configuration:
  train_samples: 1000
  data_seed: 42
  n_samples: 400
  n_models: 10
  learning_rate: 0.0039972068191218065
  epochs_per_step: 400
  caching_level: none
  ensemble_samples_coeff: 1.0
  init_baseline: covariance
  init_later: random
  lambda_dual: 1.0
  lambda_schedule: {'type': 'frank_wolfe', 'gamma': 1.0, 'tau': 1.0}
  n_ops: 2048
  weight_strategy: frank_wolfe
  alpha_n_grid: 11
  alpha_objective_weight: 0.5
  baseline: none
  shots: 1000
  final_eval_sampling: True
  dataset_metrics: True
  exact_metrics: {'enabled': True, 'max_qubits': 20, 'phases': {'baseline': True, 'steps': False, 'final': True, 'per_model': True, 'fcfw': True}}
  keep_models_for_diagnosis: True
  stop_on_reject: False
  save_circuit_artifacts: False
  rng_seed: 42
  circuit_config: {'topology': 'aachen_heavy_hex', 'distance': 2, 'max_weight': 2, 'n_ancilla': 0}
  turbo: 10
  dynamic_is_within_shell: shell_uniform
  exact_sampling: True
  acceptance_metric: training_mmd
  skip_sampling: True
  report_fcfw: True
  dynamic_is: False
  dynamic_is_beta: 0.062095693648805635
  sigma: [0.5867948950019003]
  require_exact_sampling: True
================================================================================
Saving config to out/hpo/hopfield_20q_p2_b15_20260605_111736/trials/trial_0009/config.json...
Gate structure: Qubits: 20
Aachen heavy-hex topology: 39 parameters
one_qubit=20, two_qubit=19
Using Gaussian Kernel (n_ops=2048, n_qubits=20):
  - sigma=0.58679490
Expected sampled operator size:
  - p=7.659224, std=2.173945
  mean: 7.659224
  std: 2.173945
Baselines enabled: 

Training ensemble Model 0 (400 epochs)...
Training has not converged after 400 steps
Model 0 final loss: 0.014419
  [Step 0/9] train_MMD=0.0140 alpha_opt=1.0000 oracle_top1_TVD=0.9606

[Step 1] Training Model 1...
  lambda_dual: 0.5000
Training has not converged after 400 steps
  Weighting: frank_wolfe alpha = 0.5000
  [Step 1/9] train_MMD=0.0108 alpha_opt=0.5000 oracle_top2_TVD=0.9212
  [OK] MMD improved (delta=+0.003234)
  SNR (proxy): 5.56 (mean_norm=0.0112, std_norm=0.0020)

[Step 2] Training Model 2...
  lambda_dual: 0.6667
Training has not converged after 400 steps
  Weighting: frank_wolfe alpha = 0.3333
  [Step 2/9] train_MMD=0.0118 alpha_opt=0.3333 oracle_top3_TVD=0.8817
  [WARNING] MMD worsened but kept (diagnostic, delta=-0.000978)
  SNR (proxy): 5.98 (mean_norm=0.0047, std_norm=0.0008)

[Step 3] Training Model 3...
  lambda_dual: 0.7500
Training has not converged after 400 steps
  Weighting: frank_wolfe alpha = 0.2500
  [Step 3/9] train_MMD=0.0099 alpha_opt=0.2500 oracle_top4_TVD=0.8423
  [OK] MMD improved (delta=+0.001876)
  SNR (proxy): 3.81 (mean_norm=0.0153, std_norm=0.0040)

[Step 4] Training Model 4...
  lambda_dual: 0.8000
Training has not converged after 400 steps
  Weighting: frank_wolfe alpha = 0.2000
  [Step 4/9] train_MMD=0.0057 alpha_opt=0.2000 oracle_top5_TVD=0.8358
  [OK] MMD improved (delta=+0.004166)
  SNR (proxy): 4.93 (mean_norm=0.0134, std_norm=0.0027)

[Step 5] Training Model 5...
  lambda_dual: 0.8333
Training has not converged after 400 steps
  Weighting: frank_wolfe alpha = 0.1667
  [Step 5/9] train_MMD=0.0065 alpha_opt=0.1667 oracle_top6_TVD=0.8293
  [WARNING] MMD worsened but kept (diagnostic, delta=-0.000792)
  SNR (proxy): 8.53 (mean_norm=0.0037, std_norm=0.0004)

[Step 6] Training Model 6...
  lambda_dual: 0.8571
Training has not converged after 400 steps
  Weighting: frank_wolfe alpha = 0.1429
  [Step 6/9] train_MMD=0.0054 alpha_opt=0.1429 oracle_top7_TVD=0.8228
  [OK] MMD improved (delta=+0.001123)
  SNR (proxy): 2.47 (mean_norm=0.0080, std_norm=0.0033)

[Step 7] Training Model 7...
  lambda_dual: 0.8750
Training has not converged after 400 steps
  Weighting: frank_wolfe alpha = 0.1250
  [Step 7/9] train_MMD=0.0021 alpha_opt=0.1250 oracle_top8_TVD=0.8163
  [OK] MMD improved (delta=+0.003285)
  SNR (proxy): 3.09 (mean_norm=0.0105, std_norm=0.0034)

[Step 8] Training Model 8...
  lambda_dual: 0.8889
Training has not converged after 400 steps
  Weighting: frank_wolfe alpha = 0.1111
  [Step 8/9] train_MMD=0.0027 alpha_opt=0.1111 oracle_top9_TVD=0.8097
  [WARNING] MMD worsened but kept (diagnostic, delta=-0.000640)
  SNR (proxy): 8.83 (mean_norm=0.0074, std_norm=0.0008)

[Step 9] Training Model 9...
  lambda_dual: 0.9000
Training has not converged after 400 steps
  Weighting: frank_wolfe alpha = 0.1000
  [Step 9/9] train_MMD=0.0036 alpha_opt=0.1000 oracle_top10_TVD=0.8032
  [WARNING] MMD worsened but kept (diagnostic, delta=-0.000805)
  SNR (proxy): 9.28 (mean_norm=0.0031, std_norm=0.0003)

Final: 10 models, MMD=0.0034 (delta=+0.0107) F1=nan

[FCFW] Computing Fully Corrective Frank-Wolfe weights for final ensemble...
  Weighting: fully corrective QP weights = [0.0000, 0.0000, 0.1042, 0.3057, 0.2077, 0.0385, 0.1975, 0.1394, 0.0070, 0.0000]
  FCFW Sampled MMD^2: 0.000269
  FCFW Sampled TVD:   0.5018

FINAL MODEL COMPARISON (inc. FCFW)
Model      | MMD        | TVD        | TVD*       | Valid      | Cover      | F1        
----------------------------------------------------------------------------------------
Baseline   | 0.0140     | n/a        | n/a        | n/a        | n/a        | n/a       
Ensemble   | 0.0034     | 0.641      | 0.447      | n/a        | n/a        | n/a       
Model 0    | 0.0140     | 0.912      | 0.705      | n/a        | n/a        | n/a       
Model 1    | 0.0205     | 0.896      | 0.724      | n/a        | n/a        | n/a       
Model 2    | 0.0192     | 1.000      | 0.932      | n/a        | n/a        | n/a       
Model 3    | 0.0367     | 0.882      | 0.726      | n/a        | n/a        | n/a       
Model 4    | 0.0936     | 0.866      | 0.762      | n/a        | n/a        | n/a       
Model 5    | 0.0195     | 1.000      | 0.950      | n/a        | n/a        | n/a       
Model 6    | 0.0776     | 0.896      | 0.752      | n/a        | n/a        | n/a       
Model 7    | 0.1252     | 0.882      | 0.812      | n/a        | n/a        | n/a       
Model 8    | 0.0307     | 0.931      | 0.889      | n/a        | n/a        | n/a       
Model 9    | 0.0193     | 1.000      | 0.957      | n/a        | n/a        | n/a       
Ensemble (FCFW) | 0.0003     | 0.502      | 0.316      | n/a        | n/a        | n/a       
Saving results to out/hpo/hopfield_20q_p2_b15_20260605_111736/trials/trial_0009/results.csv...
Experiment: Boosting on Hopfield (20q, 2p)
Configuration:
  train_samples: 1000
  data_seed: 42
  n_samples: 400
  n_models: 10
  learning_rate: 0.0906941214970469
  epochs_per_step: 400
  caching_level: none
  ensemble_samples_coeff: 1.0
  init_baseline: covariance
  init_later: random
  lambda_dual: 1.0
  lambda_schedule: {'type': 'frank_wolfe', 'gamma': 0.75, 'tau': 1.0}
  n_ops: 512
  weight_strategy: frank_wolfe
  alpha_n_grid: 11
  alpha_objective_weight: 0.5
  baseline: none
  shots: 1000
  final_eval_sampling: True
  dataset_metrics: True
  exact_metrics: {'enabled': True, 'max_qubits': 20, 'phases': {'baseline': True, 'steps': False, 'final': True, 'per_model': True, 'fcfw': True}}
  keep_models_for_diagnosis: True
  stop_on_reject: False
  save_circuit_artifacts: False
  rng_seed: 42
  circuit_config: {'topology': 'aachen_heavy_hex', 'distance': 2, 'max_weight': 2, 'n_ancilla': 0}
  turbo: 10
  dynamic_is_within_shell: shell_uniform
  exact_sampling: True
  acceptance_metric: training_mmd
  skip_sampling: True
  report_fcfw: True
  dynamic_is: True
  dynamic_is_beta: 0.010228672856993973
  sigma: [0.9614271687292855, 0.6294020185746713]
  require_exact_sampling: True
================================================================================
Saving config to out/hpo/hopfield_20q_p2_b15_20260605_111736/trials/trial_0010/config.json...
Gate structure: Qubits: 20
Aachen heavy-hex topology: 39 parameters
one_qubit=20, two_qubit=19
Using Gaussian Kernel (n_ops=512, n_qubits=20):
  - sigma=0.96142717
  - sigma=0.62940202
Expected sampled operator size:
  - p=4.177907, std=1.818010
  - p=7.169575, std=2.144629
  mean: 5.673741
  std: 2.487934
Baselines enabled: 

Training ensemble Model 0 (400 epochs)...
Training has not converged after 400 steps
Model 0 final loss: 0.037084
  [Step 0/9] train_MMD=0.0360 alpha_opt=1.0000 oracle_top1_TVD=0.9606

[Step 1] Training Model 1...
  lambda_dual: 0.6250
Training has not converged after 400 steps
  Weighting: frank_wolfe alpha = 0.3750
  [Step 1/9] train_MMD=0.0152 alpha_opt=0.3750 oracle_top2_TVD=0.9212
  [OK] MMD improved (delta=+0.020796)
  SNR (proxy): 7.08 (mean_norm=0.0174, std_norm=0.0025)

[Step 2] Training Model 2...
  lambda_dual: 0.7500
Training has not converged after 400 steps
  Weighting: frank_wolfe alpha = 0.2500
  [Step 2/9] train_MMD=0.0193 alpha_opt=0.2500 oracle_top3_TVD=0.8817
  [WARNING] MMD worsened but kept (diagnostic, delta=-0.004115)
  SNR (proxy): 12.74 (mean_norm=0.0325, std_norm=0.0025)

[Step 3] Training Model 3...
  lambda_dual: 0.8125
Training has not converged after 400 steps
  Weighting: frank_wolfe alpha = 0.1875
  [Step 3/9] train_MMD=0.0110 alpha_opt=0.1875 oracle_top4_TVD=0.8423
  [OK] MMD improved (delta=+0.008297)
  SNR (proxy): 6.02 (mean_norm=0.0137, std_norm=0.0023)

[Step 4] Training Model 4...
  lambda_dual: 0.8500
Training has not converged after 400 steps
  Weighting: frank_wolfe alpha = 0.1500
  [Step 4/9] train_MMD=0.0089 alpha_opt=0.1500 oracle_top5_TVD=0.8358
  [OK] MMD improved (delta=+0.002102)
  SNR (proxy): 27.49 (mean_norm=0.0514, std_norm=0.0019)

[Step 5] Training Model 5...
  lambda_dual: 0.8750
Training has not converged after 400 steps
  Weighting: frank_wolfe alpha = 0.1250
  [Step 5/9] train_MMD=0.0033 alpha_opt=0.1250 oracle_top6_TVD=0.8293
  [OK] MMD improved (delta=+0.005631)
  SNR (proxy): 5.05 (mean_norm=0.0131, std_norm=0.0026)

[Step 6] Training Model 6...
  lambda_dual: 0.8929
Training has not converged after 400 steps
  Weighting: frank_wolfe alpha = 0.1071
  [Step 6/9] train_MMD=0.0050 alpha_opt=0.1071 oracle_top7_TVD=0.8228
  [WARNING] MMD worsened but kept (diagnostic, delta=-0.001746)
  SNR (proxy): 27.30 (mean_norm=0.0435, std_norm=0.0016)

[Step 7] Training Model 7...
  lambda_dual: 0.9062
Training has not converged after 400 steps
  Weighting: frank_wolfe alpha = 0.0937
  [Step 7/9] train_MMD=0.0012 alpha_opt=0.0937 oracle_top8_TVD=0.8163
  [OK] MMD improved (delta=+0.003774)
  SNR (proxy): 7.71 (mean_norm=0.0079, std_norm=0.0010)

[Step 8] Training Model 8...
  lambda_dual: 0.9167
Training has not converged after 400 steps
  Weighting: frank_wolfe alpha = 0.0833
  [Step 8/9] train_MMD=0.0009 alpha_opt=0.0833 oracle_top9_TVD=0.8097
  [OK] MMD improved (delta=+0.000387)
  SNR (proxy): 8.61 (mean_norm=0.0079, std_norm=0.0009)

[Step 9] Training Model 9...
  lambda_dual: 0.9250
Training has not converged after 400 steps
  Weighting: frank_wolfe alpha = 0.0750
  [Step 9/9] train_MMD=0.0002 alpha_opt=0.0750 oracle_top10_TVD=0.8032
  [OK] MMD improved (delta=+0.000690)
  SNR (proxy): 12.96 (mean_norm=0.0070, std_norm=0.0005)

Final: 10 models, MMD=0.0004 (delta=+0.0356) F1=nan

[FCFW] Computing Fully Corrective Frank-Wolfe weights for final ensemble...
  Weighting: fully corrective QP weights = [0.1712, 0.1039, 0.1335, 0.1184, 0.0906, 0.0774, 0.0572, 0.0795, 0.0648, 0.1036]
  FCFW Sampled MMD^2: -0.000057
  FCFW Sampled TVD:   0.4801

FINAL MODEL COMPARISON (inc. FCFW)
Model      | MMD        | TVD        | TVD*       | Valid      | Cover      | F1        
----------------------------------------------------------------------------------------
Baseline   | 0.0360     | n/a        | n/a        | n/a        | n/a        | n/a       
Ensemble   | 0.0004     | 0.475      | 0.295      | n/a        | n/a        | n/a       
Model 0    | 0.0331     | 0.940      | 0.748      | n/a        | n/a        | n/a       
Model 1    | 0.0781     | 0.835      | 0.730      | n/a        | n/a        | n/a       
Model 2    | 0.1578     | 0.892      | 0.773      | n/a        | n/a        | n/a       
Model 3    | 0.1008     | 0.841      | 0.745      | n/a        | n/a        | n/a       
Model 4    | 0.4707     | 0.906      | 0.836      | n/a        | n/a        | n/a       
Model 5    | 0.3701     | 0.917      | 0.870      | n/a        | n/a        | n/a       
Model 6    | 0.2286     | 0.907      | 0.842      | n/a        | n/a        | n/a       
Model 7    | 0.3450     | 0.913      | 0.872      | n/a        | n/a        | n/a       
Model 8    | 0.0902     | 0.945      | 0.833      | n/a        | n/a        | n/a       
Model 9    | 0.1083     | 0.888      | 0.724      | n/a        | n/a        | n/a       
Ensemble (FCFW) | -0.0001    | 0.480      | 0.285      | n/a        | n/a        | n/a       
Saving results to out/hpo/hopfield_20q_p2_b15_20260605_111736/trials/trial_0010/results.csv...
Experiment: Boosting on Hopfield (20q, 2p)
Configuration:
  train_samples: 1000
  data_seed: 42
  n_samples: 400
  n_models: 10
  learning_rate: 0.08682127224044867
  epochs_per_step: 400
  caching_level: none
  ensemble_samples_coeff: 1.0
  init_baseline: covariance
  init_later: random
  lambda_dual: 1.0
  lambda_schedule: {'type': 'frank_wolfe', 'gamma': 0.75, 'tau': 1.0}
  n_ops: 512
  weight_strategy: frank_wolfe
  alpha_n_grid: 11
  alpha_objective_weight: 0.5
  baseline: none
  shots: 1000
  final_eval_sampling: True
  dataset_metrics: True
  exact_metrics: {'enabled': True, 'max_qubits': 20, 'phases': {'baseline': True, 'steps': False, 'final': True, 'per_model': True, 'fcfw': True}}
  keep_models_for_diagnosis: True
  stop_on_reject: False
  save_circuit_artifacts: False
  rng_seed: 42
  circuit_config: {'topology': 'aachen_heavy_hex', 'distance': 2, 'max_weight': 2, 'n_ancilla': 0}
  turbo: 10
  dynamic_is_within_shell: shell_uniform
  exact_sampling: True
  acceptance_metric: training_mmd
  skip_sampling: True
  report_fcfw: True
  dynamic_is: True
  dynamic_is_beta: 0.010256710059969275
  sigma: [0.9324730153728951, 0.6208148889469605]
  require_exact_sampling: True
================================================================================
Saving config to out/hpo/hopfield_20q_p2_b15_20260605_111736/trials/trial_0011/config.json...
Gate structure: Qubits: 20
Aachen heavy-hex topology: 39 parameters
one_qubit=20, two_qubit=19
Using Gaussian Kernel (n_ops=512, n_qubits=20):
  - sigma=0.93247302
  - sigma=0.62081489
Expected sampled operator size:
  - p=4.373172, std=1.848497
  - p=7.267357, std=2.150961
  mean: 5.820265
  std: 2.473027
Baselines enabled: 

Training ensemble Model 0 (400 epochs)...
Training has not converged after 400 steps
Model 0 final loss: 0.033619
  [Step 0/9] train_MMD=0.0367 alpha_opt=1.0000 oracle_top1_TVD=0.9606

[Step 1] Training Model 1...
  lambda_dual: 0.6250
Training has not converged after 400 steps
  Weighting: frank_wolfe alpha = 0.3750
  [Step 1/9] train_MMD=0.0151 alpha_opt=0.3750 oracle_top2_TVD=0.9212
  [OK] MMD improved (delta=+0.021577)
  SNR (proxy): 9.62 (mean_norm=0.0185, std_norm=0.0019)

[Step 2] Training Model 2...
  lambda_dual: 0.7500
Training has not converged after 400 steps
  Weighting: frank_wolfe alpha = 0.2500
  [Step 2/9] train_MMD=0.0189 alpha_opt=0.2500 oracle_top3_TVD=0.8817
  [WARNING] MMD worsened but kept (diagnostic, delta=-0.003761)
  SNR (proxy): 8.90 (mean_norm=0.0422, std_norm=0.0047)

[Step 3] Training Model 3...
  lambda_dual: 0.8125
Training has not converged after 400 steps
  Weighting: frank_wolfe alpha = 0.1875
  [Step 3/9] train_MMD=0.0150 alpha_opt=0.1875 oracle_top4_TVD=0.8423
  [OK] MMD improved (delta=+0.003816)
  SNR (proxy): 8.64 (mean_norm=0.0181, std_norm=0.0021)

[Step 4] Training Model 4...
  lambda_dual: 0.8500
Training has not converged after 400 steps
  Weighting: frank_wolfe alpha = 0.1500
  [Step 4/9] train_MMD=0.0080 alpha_opt=0.1500 oracle_top5_TVD=0.8358
  [OK] MMD improved (delta=+0.007069)
  SNR (proxy): 7.80 (mean_norm=0.0119, std_norm=0.0015)

[Step 5] Training Model 5...
  lambda_dual: 0.8750
Training has not converged after 400 steps
  Weighting: frank_wolfe alpha = 0.1250
  [Step 5/9] train_MMD=0.0030 alpha_opt=0.1250 oracle_top6_TVD=0.8293
  [OK] MMD improved (delta=+0.004982)
  SNR (proxy): 5.66 (mean_norm=0.0191, std_norm=0.0034)

[Step 6] Training Model 6...
  lambda_dual: 0.8929
Training has not converged after 400 steps
  Weighting: frank_wolfe alpha = 0.1071
  [Step 6/9] train_MMD=0.0020 alpha_opt=0.1071 oracle_top7_TVD=0.8228
  [OK] MMD improved (delta=+0.000951)
  SNR (proxy): 5.31 (mean_norm=0.0057, std_norm=0.0011)

[Step 7] Training Model 7...
  lambda_dual: 0.9062
Training has not converged after 400 steps
  Weighting: frank_wolfe alpha = 0.0937
  [Step 7/9] train_MMD=0.0028 alpha_opt=0.0937 oracle_top8_TVD=0.8163
  [WARNING] MMD worsened but kept (diagnostic, delta=-0.000785)
  SNR (proxy): 12.28 (mean_norm=0.0107, std_norm=0.0009)

[Step 8] Training Model 8...
  lambda_dual: 0.9167
Training has not converged after 400 steps
  Weighting: frank_wolfe alpha = 0.0833
  [Step 8/9] train_MMD=0.0008 alpha_opt=0.0833 oracle_top9_TVD=0.8097
  [OK] MMD improved (delta=+0.001980)
  SNR (proxy): 4.21 (mean_norm=0.0086, std_norm=0.0020)

[Step 9] Training Model 9...
  lambda_dual: 0.9250
Training has not converged after 400 steps
  Weighting: frank_wolfe alpha = 0.0750
  [Step 9/9] train_MMD=0.0009 alpha_opt=0.0750 oracle_top10_TVD=0.8032
  [WARNING] MMD worsened but kept (diagnostic, delta=-0.000091)
  SNR (proxy): 7.24 (mean_norm=0.0072, std_norm=0.0010)

Final: 10 models, MMD=0.0012 (delta=+0.0355) F1=nan

[FCFW] Computing Fully Corrective Frank-Wolfe weights for final ensemble...
  Weighting: fully corrective QP weights = [0.2112, 0.0677, 0.0861, 0.0415, 0.1077, 0.1143, 0.1079, 0.1196, 0.0779, 0.0661]
  FCFW Sampled MMD^2: 0.000288
  FCFW Sampled TVD:   0.4969

FINAL MODEL COMPARISON (inc. FCFW)
Model      | MMD        | TVD        | TVD*       | Valid      | Cover      | F1        
----------------------------------------------------------------------------------------
Baseline   | 0.0367     | n/a        | n/a        | n/a        | n/a        | n/a       
Ensemble   | 0.0012     | 0.502      | 0.322      | n/a        | n/a        | n/a       
Model 0    | 0.0321     | 0.932      | 0.732      | n/a        | n/a        | n/a       
Model 1    | 0.0816     | 0.832      | 0.735      | n/a        | n/a        | n/a       
Model 2    | 0.1259     | 0.895      | 0.776      | n/a        | n/a        | n/a       
Model 3    | 0.0633     | 0.932      | 0.867      | n/a        | n/a        | n/a       
Model 4    | 0.1876     | 0.877      | 0.789      | n/a        | n/a        | n/a       
Model 5    | 0.3653     | 0.901      | 0.843      | n/a        | n/a        | n/a       
Model 6    | 0.1674     | 0.891      | 0.778      | n/a        | n/a        | n/a       
Model 7    | 0.1192     | 0.889      | 0.758      | n/a        | n/a        | n/a       
Model 8    | 0.2441     | 0.890      | 0.805      | n/a        | n/a        | n/a       
Model 9    | 0.1687     | 0.903      | 0.766      | n/a        | n/a        | n/a       
Ensemble (FCFW) | 0.0003     | 0.497      | 0.311      | n/a        | n/a        | n/a       
Saving results to out/hpo/hopfield_20q_p2_b15_20260605_111736/trials/trial_0011/results.csv...
Experiment: Boosting on Hopfield (20q, 2p)
Configuration:
  train_samples: 1000
  data_seed: 42
  n_samples: 400
  n_models: 10
  learning_rate: 0.044799882002623255
  epochs_per_step: 400
  caching_level: none
  ensemble_samples_coeff: 1.0
  init_baseline: covariance
  init_later: random
  lambda_dual: 1.0
  lambda_schedule: {'type': 'frank_wolfe', 'gamma': 0.75, 'tau': 1.0}
  n_ops: 512
  weight_strategy: frank_wolfe
  alpha_n_grid: 11
  alpha_objective_weight: 0.5
  baseline: none
  shots: 1000
  final_eval_sampling: True
  dataset_metrics: True
  exact_metrics: {'enabled': True, 'max_qubits': 20, 'phases': {'baseline': True, 'steps': False, 'final': True, 'per_model': True, 'fcfw': True}}
  keep_models_for_diagnosis: True
  stop_on_reject: False
  save_circuit_artifacts: False
  rng_seed: 42
  circuit_config: {'topology': 'aachen_heavy_hex', 'distance': 2, 'max_weight': 2, 'n_ancilla': 0}
  turbo: 10
  dynamic_is_within_shell: shell_uniform
  exact_sampling: True
  acceptance_metric: training_mmd
  skip_sampling: True
  report_fcfw: True
  dynamic_is: True
  dynamic_is_beta: 0.019871766021939102
  sigma: [0.9697960175080749, 0.6613698566766043]
  require_exact_sampling: True
================================================================================
Saving config to out/hpo/hopfield_20q_p2_b15_20260605_111736/trials/trial_0012/config.json...
Gate structure: Qubits: 20
Aachen heavy-hex topology: 39 parameters
one_qubit=20, two_qubit=19
Using Gaussian Kernel (n_ops=512, n_qubits=20):
  - sigma=0.96979602
  - sigma=0.66136986
Expected sampled operator size:
  - p=4.123535, std=1.809242
  - p=6.811684, std=2.119371
  mean: 5.467609
  std: 2.385179
Baselines enabled: 

Training ensemble Model 0 (400 epochs)...
Training has not converged after 400 steps
Model 0 final loss: 0.040265
  [Step 0/9] train_MMD=0.0378 alpha_opt=1.0000 oracle_top1_TVD=0.9606

[Step 1] Training Model 1...
  lambda_dual: 0.6250
Training has not converged after 400 steps
  Weighting: frank_wolfe alpha = 0.3750
  [Step 1/9] train_MMD=0.0161 alpha_opt=0.3750 oracle_top2_TVD=0.9212
  [OK] MMD improved (delta=+0.021720)
  SNR (proxy): 3.99 (mean_norm=0.0160, std_norm=0.0040)

[Step 2] Training Model 2...
  lambda_dual: 0.7500
Training has not converged after 400 steps
  Weighting: frank_wolfe alpha = 0.2500
  [Step 2/9] train_MMD=0.0212 alpha_opt=0.2500 oracle_top3_TVD=0.8817
  [WARNING] MMD worsened but kept (diagnostic, delta=-0.005079)
  SNR (proxy): 9.93 (mean_norm=0.0332, std_norm=0.0033)

[Step 3] Training Model 3...
  lambda_dual: 0.8125
Training has not converged after 400 steps
  Weighting: frank_wolfe alpha = 0.1875
  [Step 3/9] train_MMD=0.0109 alpha_opt=0.1875 oracle_top4_TVD=0.8423
  [OK] MMD improved (delta=+0.010305)
  SNR (proxy): 5.46 (mean_norm=0.0144, std_norm=0.0026)

[Step 4] Training Model 4...
  lambda_dual: 0.8500
Training has not converged after 400 steps
  Weighting: frank_wolfe alpha = 0.1500
  [Step 4/9] train_MMD=0.0095 alpha_opt=0.1500 oracle_top5_TVD=0.8358
  [OK] MMD improved (delta=+0.001316)
  SNR (proxy): 42.41 (mean_norm=0.0562, std_norm=0.0013)

[Step 5] Training Model 5...
  lambda_dual: 0.8750
Training has not converged after 400 steps
  Weighting: frank_wolfe alpha = 0.1250
  [Step 5/9] train_MMD=0.0033 alpha_opt=0.1250 oracle_top6_TVD=0.8293
  [OK] MMD improved (delta=+0.006234)
  SNR (proxy): 11.84 (mean_norm=0.0259, std_norm=0.0022)

[Step 6] Training Model 6...
  lambda_dual: 0.8929
Training has not converged after 400 steps
  Weighting: frank_wolfe alpha = 0.1071
  [Step 6/9] train_MMD=0.0039 alpha_opt=0.1071 oracle_top7_TVD=0.8228
  [WARNING] MMD worsened but kept (diagnostic, delta=-0.000577)
  SNR (proxy): 21.51 (mean_norm=0.0299, std_norm=0.0014)

[Step 7] Training Model 7...
  lambda_dual: 0.9062
Training has not converged after 400 steps
  Weighting: frank_wolfe alpha = 0.0937
  [Step 7/9] train_MMD=0.0010 alpha_opt=0.0937 oracle_top8_TVD=0.8163
  [OK] MMD improved (delta=+0.002870)
  SNR (proxy): 4.96 (mean_norm=0.0077, std_norm=0.0016)

[Step 8] Training Model 8...
  lambda_dual: 0.9167
Training has not converged after 400 steps
  Weighting: frank_wolfe alpha = 0.0833
  [Step 8/9] train_MMD=0.0007 alpha_opt=0.0833 oracle_top9_TVD=0.8097
  [OK] MMD improved (delta=+0.000362)
  SNR (proxy): 9.34 (mean_norm=0.0042, std_norm=0.0005)

[Step 9] Training Model 9...
  lambda_dual: 0.9250
Training has not converged after 400 steps
  Weighting: frank_wolfe alpha = 0.0750
  [Step 9/9] train_MMD=0.0002 alpha_opt=0.0750 oracle_top10_TVD=0.8032
  [OK] MMD improved (delta=+0.000458)
  SNR (proxy): 13.31 (mean_norm=0.0047, std_norm=0.0004)

Final: 10 models, MMD=-0.0002 (delta=+0.0380) F1=nan

[FCFW] Computing Fully Corrective Frank-Wolfe weights for final ensemble...
  Weighting: fully corrective QP weights = [0.1826, 0.1274, 0.0797, 0.1074, 0.0861, 0.0897, 0.0827, 0.0889, 0.0752, 0.0802]
  FCFW Sampled MMD^2: 0.000285
  FCFW Sampled TVD:   0.4919

FINAL MODEL COMPARISON (inc. FCFW)
Model      | MMD        | TVD        | TVD*       | Valid      | Cover      | F1        
----------------------------------------------------------------------------------------
Baseline   | 0.0378     | n/a        | n/a        | n/a        | n/a        | n/a       
Ensemble   | -0.0002    | 0.493      | 0.277      | n/a        | n/a        | n/a       
Model 0    | 0.0338     | 0.924      | 0.751      | n/a        | n/a        | n/a       
Model 1    | 0.0903     | 0.856      | 0.731      | n/a        | n/a        | n/a       
Model 2    | 0.0998     | 0.875      | 0.736      | n/a        | n/a        | n/a       
Model 3    | 0.1238     | 0.851      | 0.765      | n/a        | n/a        | n/a       
Model 4    | 0.5748     | 0.923      | 0.878      | n/a        | n/a        | n/a       
Model 5    | 0.4306     | 0.905      | 0.867      | n/a        | n/a        | n/a       
Model 6    | 0.2219     | 0.920      | 0.840      | n/a        | n/a        | n/a       
Model 7    | 0.2470     | 0.901      | 0.816      | n/a        | n/a        | n/a       
Model 8    | 0.1007     | 0.880      | 0.728      | n/a        | n/a        | n/a       
Model 9    | 0.0820     | 0.956      | 0.828      | n/a        | n/a        | n/a       
Ensemble (FCFW) | 0.0003     | 0.492      | 0.280      | n/a        | n/a        | n/a       
Saving results to out/hpo/hopfield_20q_p2_b15_20260605_111736/trials/trial_0012/results.csv...
Experiment: Boosting on Hopfield (20q, 2p)
Configuration:
  train_samples: 1000
  data_seed: 42
  n_samples: 400
  n_models: 10
  learning_rate: 0.02525371010647452
  epochs_per_step: 400
  caching_level: none
  ensemble_samples_coeff: 1.0
  init_baseline: covariance
  init_later: random
  lambda_dual: 1.0
  lambda_schedule: {'type': 'frank_wolfe', 'gamma': 0.75, 'tau': 1.0}
  n_ops: 512
  weight_strategy: frank_wolfe
  alpha_n_grid: 11
  alpha_objective_weight: 0.5
  baseline: none
  shots: 1000
  final_eval_sampling: True
  dataset_metrics: True
  exact_metrics: {'enabled': True, 'max_qubits': 20, 'phases': {'baseline': True, 'steps': False, 'final': True, 'per_model': True, 'fcfw': True}}
  keep_models_for_diagnosis: True
  stop_on_reject: False
  save_circuit_artifacts: False
  rng_seed: 42
  circuit_config: {'topology': 'aachen_heavy_hex', 'distance': 2, 'max_weight': 2, 'n_ancilla': 0}
  turbo: 10
  dynamic_is_within_shell: shell_uniform
  exact_sampling: True
  acceptance_metric: training_mmd
  skip_sampling: True
  report_fcfw: True
  dynamic_is: True
  dynamic_is_beta: 0.021074869542546826
  sigma: [0.762597070717236, 0.4772700437830087]
  require_exact_sampling: True
================================================================================
Saving config to out/hpo/hopfield_20q_p2_b15_20260605_111736/trials/trial_0013/config.json...
Gate structure: Qubits: 20
Aachen heavy-hex topology: 39 parameters
one_qubit=20, two_qubit=19
Using Gaussian Kernel (n_ops=512, n_qubits=20):
  - sigma=0.76259707
  - sigma=0.47727004
Expected sampled operator size:
  - p=5.767384, std=2.025894
  - p=8.886454, std=2.222161
  mean: 7.326919
  std: 2.636906
Baselines enabled: 

Training ensemble Model 0 (400 epochs)...
Training has not converged after 400 steps
Model 0 final loss: 0.019890
  [Step 0/9] train_MMD=0.0195 alpha_opt=1.0000 oracle_top1_TVD=0.9606

[Step 1] Training Model 1...
  lambda_dual: 0.6250
Training has not converged after 400 steps
  Weighting: frank_wolfe alpha = 0.3750
  [Step 1/9] train_MMD=0.0110 alpha_opt=0.3750 oracle_top2_TVD=0.9212
  [OK] MMD improved (delta=+0.008502)
  SNR (proxy): 7.40 (mean_norm=0.0181, std_norm=0.0024)

[Step 2] Training Model 2...
  lambda_dual: 0.7500
Training has not converged after 400 steps
  Weighting: frank_wolfe alpha = 0.2500
  [Step 2/9] train_MMD=0.0087 alpha_opt=0.2500 oracle_top3_TVD=0.8817
  [OK] MMD improved (delta=+0.002295)
  SNR (proxy): 7.15 (mean_norm=0.0137, std_norm=0.0019)

[Step 3] Training Model 3...
  lambda_dual: 0.8125
Training has not converged after 400 steps
  Weighting: frank_wolfe alpha = 0.1875
  [Step 3/9] train_MMD=0.0072 alpha_opt=0.1875 oracle_top4_TVD=0.8423
  [OK] MMD improved (delta=+0.001492)
  SNR (proxy): 13.58 (mean_norm=0.0530, std_norm=0.0039)

[Step 4] Training Model 4...
  lambda_dual: 0.8500
Training has not converged after 400 steps
  Weighting: frank_wolfe alpha = 0.1500
  [Step 4/9] train_MMD=0.0036 alpha_opt=0.1500 oracle_top5_TVD=0.8358
  [OK] MMD improved (delta=+0.003635)
  SNR (proxy): 6.86 (mean_norm=0.0223, std_norm=0.0032)

[Step 5] Training Model 5...
  lambda_dual: 0.8750
Training has not converged after 400 steps
  Weighting: frank_wolfe alpha = 0.1250
  [Step 5/9] train_MMD=0.0009 alpha_opt=0.1250 oracle_top6_TVD=0.8293
  [OK] MMD improved (delta=+0.002654)
  SNR (proxy): 4.61 (mean_norm=0.0110, std_norm=0.0024)

[Step 6] Training Model 6...
  lambda_dual: 0.8929
Training has not converged after 400 steps
  Weighting: frank_wolfe alpha = 0.1071
  [Step 6/9] train_MMD=0.0001 alpha_opt=0.1071 oracle_top7_TVD=0.8228
  [OK] MMD improved (delta=+0.000763)
  SNR (proxy): 6.18 (mean_norm=0.0063, std_norm=0.0010)

[Step 7] Training Model 7...
  lambda_dual: 0.9062
Training has not converged after 400 steps
  Weighting: frank_wolfe alpha = 0.0937
  [Step 7/9] train_MMD=0.0003 alpha_opt=0.0937 oracle_top8_TVD=0.8163
  [WARNING] MMD worsened but kept (diagnostic, delta=-0.000150)
  SNR (proxy): 7.27 (mean_norm=0.0033, std_norm=0.0005)

[Step 8] Training Model 8...
  lambda_dual: 0.9167
Training has not converged after 400 steps
  Weighting: frank_wolfe alpha = 0.0833
  [Step 8/9] train_MMD=0.0004 alpha_opt=0.0833 oracle_top9_TVD=0.8097
  [WARNING] MMD worsened but kept (diagnostic, delta=-0.000089)
  SNR (proxy): 8.06 (mean_norm=0.0050, std_norm=0.0006)

[Step 9] Training Model 9...
  lambda_dual: 0.9250
Training has not converged after 400 steps
  Weighting: frank_wolfe alpha = 0.0750
  [Step 9/9] train_MMD=0.0001 alpha_opt=0.0750 oracle_top10_TVD=0.8032
  [OK] MMD improved (delta=+0.000233)
  SNR (proxy): 5.94 (mean_norm=0.0041, std_norm=0.0007)

Final: 10 models, MMD=0.0006 (delta=+0.0189) F1=nan

[FCFW] Computing Fully Corrective Frank-Wolfe weights for final ensemble...
  Weighting: fully corrective QP weights = [0.1085, 0.0974, 0.1250, 0.1009, 0.0990, 0.1138, 0.1287, 0.1152, 0.0458, 0.0657]
  FCFW Sampled MMD^2: -0.000033
  FCFW Sampled TVD:   0.4700

FINAL MODEL COMPARISON (inc. FCFW)
Model      | MMD        | TVD        | TVD*       | Valid      | Cover      | F1        
----------------------------------------------------------------------------------------
Baseline   | 0.0195     | n/a        | n/a        | n/a        | n/a        | n/a       
Ensemble   | 0.0006     | 0.492      | 0.262      | n/a        | n/a        | n/a       
Model 0    | 0.0187     | 0.916      | 0.693      | n/a        | n/a        | n/a       
Model 1    | 0.0590     | 0.844      | 0.737      | n/a        | n/a        | n/a       
Model 2    | 0.0505     | 0.901      | 0.777      | n/a        | n/a        | n/a       
Model 3    | 0.2273     | 0.875      | 0.820      | n/a        | n/a        | n/a       
Model 4    | 0.2895     | 0.901      | 0.822      | n/a        | n/a        | n/a       
Model 5    | 0.1503     | 0.907      | 0.821      | n/a        | n/a        | n/a       
Model 6    | 0.0516     | 0.883      | 0.732      | n/a        | n/a        | n/a       
Model 7    | 0.0330     | 0.890      | 0.717      | n/a        | n/a        | n/a       
Model 8    | 0.0227     | 0.921      | 0.840      | n/a        | n/a        | n/a       
Model 9    | 0.0649     | 0.870      | 0.734      | n/a        | n/a        | n/a       
Ensemble (FCFW) | -0.0000    | 0.470      | 0.246      | n/a        | n/a        | n/a       
Saving results to out/hpo/hopfield_20q_p2_b15_20260605_111736/trials/trial_0013/results.csv...
Experiment: Boosting on Hopfield (20q, 2p)
Configuration:
  train_samples: 1000
  data_seed: 42
  n_samples: 400
  n_models: 10
  learning_rate: 0.024524537310656864
  epochs_per_step: 400
  caching_level: none
  ensemble_samples_coeff: 1.0
  init_baseline: covariance
  init_later: random
  lambda_dual: 1.0
  lambda_schedule: {'type': 'frank_wolfe', 'gamma': 0.75, 'tau': 1.0}
  n_ops: 512
  weight_strategy: frank_wolfe
  alpha_n_grid: 11
  alpha_objective_weight: 0.5
  baseline: none
  shots: 1000
  final_eval_sampling: True
  dataset_metrics: True
  exact_metrics: {'enabled': True, 'max_qubits': 20, 'phases': {'baseline': True, 'steps': False, 'final': True, 'per_model': True, 'fcfw': True}}
  keep_models_for_diagnosis: True
  stop_on_reject: False
  save_circuit_artifacts: False
  rng_seed: 42
  circuit_config: {'topology': 'aachen_heavy_hex', 'distance': 2, 'max_weight': 2, 'n_ancilla': 0}
  turbo: 10
  dynamic_is_within_shell: shell_uniform
  exact_sampling: True
  acceptance_metric: training_mmd
  skip_sampling: True
  report_fcfw: True
  dynamic_is: True
  dynamic_is_beta: 0.02548161896815345
  sigma: [0.6553587713086139, 0.41172805050500816]
  require_exact_sampling: True
================================================================================
Saving config to out/hpo/hopfield_20q_p2_b15_20260605_111736/trials/trial_0014/config.json...
Gate structure: Qubits: 20
Aachen heavy-hex topology: 39 parameters
one_qubit=20, two_qubit=19
Using Gaussian Kernel (n_ops=512, n_qubits=20):
  - sigma=0.65535877
  - sigma=0.41172805
Expected sampled operator size:
  - p=6.878145, std=2.124312
  - p=9.476344, std=2.233000
  mean: 8.177244
  std: 2.537155
Baselines enabled: 

Training ensemble Model 0 (400 epochs)...
Training has not converged after 400 steps
Model 0 final loss: 0.014975
  [Step 0/9] train_MMD=0.0136 alpha_opt=1.0000 oracle_top1_TVD=0.9606

[Step 1] Training Model 1...
  lambda_dual: 0.6250
Training has not converged after 400 steps
  Weighting: frank_wolfe alpha = 0.3750
  [Step 1/9] train_MMD=0.0101 alpha_opt=0.3750 oracle_top2_TVD=0.9212
  [OK] MMD improved (delta=+0.003526)
  SNR (proxy): 8.10 (mean_norm=0.0277, std_norm=0.0034)

[Step 2] Training Model 2...
  lambda_dual: 0.7500
Training has not converged after 400 steps
  Weighting: frank_wolfe alpha = 0.2500
  [Step 2/9] train_MMD=0.0079 alpha_opt=0.2500 oracle_top3_TVD=0.8817
  [OK] MMD improved (delta=+0.002212)
  SNR (proxy): 5.70 (mean_norm=0.0148, std_norm=0.0026)

[Step 3] Training Model 3...
  lambda_dual: 0.8125
Training has not converged after 400 steps
  Weighting: frank_wolfe alpha = 0.1875
  [Step 3/9] train_MMD=0.0046 alpha_opt=0.1875 oracle_top4_TVD=0.8423
  [OK] MMD improved (delta=+0.003326)
  SNR (proxy): 11.68 (mean_norm=0.0527, std_norm=0.0045)

[Step 4] Training Model 4...
  lambda_dual: 0.8500
Training has not converged after 400 steps
  Weighting: frank_wolfe alpha = 0.1500
  [Step 4/9] train_MMD=0.0039 alpha_opt=0.1500 oracle_top5_TVD=0.8358
  [OK] MMD improved (delta=+0.000692)
  SNR (proxy): 6.42 (mean_norm=0.0066, std_norm=0.0010)

[Step 5] Training Model 5...
  lambda_dual: 0.8750
Training has not converged after 400 steps
  Weighting: frank_wolfe alpha = 0.1250
  [Step 5/9] train_MMD=0.0039 alpha_opt=0.1250 oracle_top6_TVD=0.8293
  [OK] MMD improved (delta=+0.000003)
  SNR (proxy): 11.78 (mean_norm=0.0079, std_norm=0.0007)

[Step 6] Training Model 6...
  lambda_dual: 0.8929
Training has not converged after 400 steps
  Weighting: frank_wolfe alpha = 0.1071
  [Step 6/9] train_MMD=0.0013 alpha_opt=0.1071 oracle_top7_TVD=0.8228
  [OK] MMD improved (delta=+0.002545)
  SNR (proxy): 5.12 (mean_norm=0.0091, std_norm=0.0018)

[Step 7] Training Model 7...
  lambda_dual: 0.9062
Training has not converged after 400 steps
  Weighting: frank_wolfe alpha = 0.0937
  [Step 7/9] train_MMD=0.0005 alpha_opt=0.0937 oracle_top8_TVD=0.8163
  [OK] MMD improved (delta=+0.000817)
  SNR (proxy): 8.12 (mean_norm=0.0081, std_norm=0.0010)

[Step 8] Training Model 8...
  lambda_dual: 0.9167
Training has not converged after 400 steps
  Weighting: frank_wolfe alpha = 0.0833
  [Step 8/9] train_MMD=0.0005 alpha_opt=0.0833 oracle_top9_TVD=0.8097
  [WARNING] MMD worsened but kept (diagnostic, delta=-0.000011)
  SNR (proxy): 8.25 (mean_norm=0.0044, std_norm=0.0005)

[Step 9] Training Model 9...
  lambda_dual: 0.9250
Training has not converged after 400 steps
  Weighting: frank_wolfe alpha = 0.0750
  [Step 9/9] train_MMD=0.0002 alpha_opt=0.0750 oracle_top10_TVD=0.8032
  [OK] MMD improved (delta=+0.000298)
  SNR (proxy): 4.78 (mean_norm=0.0040, std_norm=0.0008)

Final: 10 models, MMD=0.0001 (delta=+0.0136) F1=nan

[FCFW] Computing Fully Corrective Frank-Wolfe weights for final ensemble...
  Weighting: fully corrective QP weights = [0.0862, 0.1501, 0.1035, 0.1112, 0.0652, 0.1637, 0.0702, 0.0859, 0.1262, 0.0378]
  FCFW Sampled MMD^2: -0.000168
  FCFW Sampled TVD:   0.4883

FINAL MODEL COMPARISON (inc. FCFW)
Model      | MMD        | TVD        | TVD*       | Valid      | Cover      | F1        
----------------------------------------------------------------------------------------
Baseline   | 0.0136     | n/a        | n/a        | n/a        | n/a        | n/a       
Ensemble   | 0.0001     | 0.493      | 0.304      | n/a        | n/a        | n/a       
Model 0    | 0.0145     | 0.939      | 0.734      | n/a        | n/a        | n/a       
Model 1    | 0.0598     | 0.853      | 0.747      | n/a        | n/a        | n/a       
Model 2    | 0.0374     | 0.863      | 0.732      | n/a        | n/a        | n/a       
Model 3    | 0.2074     | 0.892      | 0.831      | n/a        | n/a        | n/a       
Model 4    | 0.0151     | 0.952      | 0.896      | n/a        | n/a        | n/a       
Model 5    | 0.0257     | 0.919      | 0.759      | n/a        | n/a        | n/a       
Model 6    | 0.2190     | 0.894      | 0.831      | n/a        | n/a        | n/a       
Model 7    | 0.1478     | 0.881      | 0.808      | n/a        | n/a        | n/a       
Model 8    | 0.0362     | 0.846      | 0.750      | n/a        | n/a        | n/a       
Model 9    | 0.0411     | 0.884      | 0.775      | n/a        | n/a        | n/a       
Ensemble (FCFW) | -0.0002    | 0.488      | 0.290      | n/a        | n/a        | n/a       
Saving results to out/hpo/hopfield_20q_p2_b15_20260605_111736/trials/trial_0014/results.csv...
Experiment: Boosting on Hopfield (20q, 2p)
Configuration:
  train_samples: 1000
  data_seed: 42
  n_samples: 400
  n_models: 10
  learning_rate: 0.026467501940094857
  epochs_per_step: 400
  caching_level: none
  ensemble_samples_coeff: 1.0
  init_baseline: covariance
  init_later: random
  lambda_dual: 1.0
  lambda_schedule: {'type': 'frank_wolfe', 'gamma': 0.25, 'tau': 1.0}
  n_ops: 512
  weight_strategy: frank_wolfe
  alpha_n_grid: 11
  alpha_objective_weight: 0.5
  baseline: none
  shots: 1000
  final_eval_sampling: True
  dataset_metrics: True
  exact_metrics: {'enabled': True, 'max_qubits': 20, 'phases': {'baseline': True, 'steps': False, 'final': True, 'per_model': True, 'fcfw': True}}
  keep_models_for_diagnosis: True
  stop_on_reject: False
  save_circuit_artifacts: False
  rng_seed: 42
  circuit_config: {'topology': 'aachen_heavy_hex', 'distance': 2, 'max_weight': 2, 'n_ancilla': 0}
  turbo: 10
  dynamic_is_within_shell: shell_uniform
  exact_sampling: True
  acceptance_metric: training_mmd
  skip_sampling: True
  report_fcfw: True
  dynamic_is: True
  dynamic_is_beta: 0.018464138997025696
  sigma: [0.7515544428431126, 0.4974491973424472]
  require_exact_sampling: True
================================================================================
Saving config to out/hpo/hopfield_20q_p2_b15_20260605_111736/trials/trial_0015/config.json...
Gate structure: Qubits: 20
Aachen heavy-hex topology: 39 parameters
one_qubit=20, two_qubit=19
Using Gaussian Kernel (n_ops=512, n_qubits=20):
  - sigma=0.75155444
  - sigma=0.49744920
Expected sampled operator size:
  - p=5.873748, std=2.036836
  - p=8.674193, std=2.216328
  mean: 7.273971
  std: 2.547750
Baselines enabled: 

Training ensemble Model 0 (400 epochs)...
Training has not converged after 400 steps
Model 0 final loss: 0.019373
  [Step 0/9] train_MMD=0.0198 alpha_opt=1.0000 oracle_top1_TVD=0.9606

[Step 1] Training Model 1...
  lambda_dual: 0.8750
Training has not converged after 400 steps
  Weighting: frank_wolfe alpha = 0.1250
  [Step 1/9] train_MMD=0.0145 alpha_opt=0.1250 oracle_top2_TVD=0.9212
  [OK] MMD improved (delta=+0.005271)
  SNR (proxy): 17.65 (mean_norm=0.0400, std_norm=0.0023)

[Step 2] Training Model 2...
  lambda_dual: 0.9167
Training has not converged after 400 steps
  Weighting: frank_wolfe alpha = 0.0833
  [Step 2/9] train_MMD=0.0080 alpha_opt=0.0833 oracle_top3_TVD=0.8817
  [OK] MMD improved (delta=+0.006497)
  SNR (proxy): 18.45 (mean_norm=0.0121, std_norm=0.0007)

[Step 3] Training Model 3...
  lambda_dual: 0.9375
Training has not converged after 400 steps
  Weighting: frank_wolfe alpha = 0.0625
  [Step 3/9] train_MMD=0.0063 alpha_opt=0.0625 oracle_top4_TVD=0.8423
  [OK] MMD improved (delta=+0.001691)
  SNR (proxy): 9.83 (mean_norm=0.0083, std_norm=0.0008)

[Step 4] Training Model 4...
  lambda_dual: 0.9500
Training has not converged after 400 steps
  Weighting: frank_wolfe alpha = 0.0500
  [Step 4/9] train_MMD=0.0061 alpha_opt=0.0500 oracle_top5_TVD=0.8358
  [OK] MMD improved (delta=+0.000193)
  SNR (proxy): 16.38 (mean_norm=0.0084, std_norm=0.0005)

[Step 5] Training Model 5...
  lambda_dual: 0.9583
Training has not converged after 400 steps
  Weighting: frank_wolfe alpha = 0.0417
  [Step 5/9] train_MMD=0.0056 alpha_opt=0.0417 oracle_top6_TVD=0.8293
  [OK] MMD improved (delta=+0.000484)
  SNR (proxy): 13.04 (mean_norm=0.0068, std_norm=0.0005)

[Step 6] Training Model 6...
  lambda_dual: 0.9643
Training has not converged after 400 steps
  Weighting: frank_wolfe alpha = 0.0357
  [Step 6/9] train_MMD=0.0063 alpha_opt=0.0357 oracle_top7_TVD=0.8228
  [WARNING] MMD worsened but kept (diagnostic, delta=-0.000642)
  SNR (proxy): 10.47 (mean_norm=0.0062, std_norm=0.0006)

[Step 7] Training Model 7...
  lambda_dual: 0.9688
Training has not converged after 400 steps
  Weighting: frank_wolfe alpha = 0.0312
  [Step 7/9] train_MMD=0.0061 alpha_opt=0.0312 oracle_top8_TVD=0.8163
  [OK] MMD improved (delta=+0.000172)
  SNR (proxy): 8.33 (mean_norm=0.0062, std_norm=0.0007)

[Step 8] Training Model 8...
  lambda_dual: 0.9722
Training has not converged after 400 steps
  Weighting: frank_wolfe alpha = 0.0278
  [Step 8/9] train_MMD=0.0059 alpha_opt=0.0278 oracle_top9_TVD=0.8097
  [OK] MMD improved (delta=+0.000217)
  SNR (proxy): 7.22 (mean_norm=0.0054, std_norm=0.0008)

[Step 9] Training Model 9...
  lambda_dual: 0.9750
Training has not converged after 400 steps
  Weighting: frank_wolfe alpha = 0.0250
  [Step 9/9] train_MMD=0.0036 alpha_opt=0.0250 oracle_top10_TVD=0.8032
  [OK] MMD improved (delta=+0.002257)
  SNR (proxy): 12.43 (mean_norm=0.0000, std_norm=0.0000)

Final: 10 models, MMD=0.0038 (delta=+0.0160) F1=nan

[FCFW] Computing Fully Corrective Frank-Wolfe weights for final ensemble...
  Weighting: fully corrective QP weights = [0.6087, 0.0761, 0.0612, 0.0000, 0.0000, 0.0000, 0.0331, 0.1158, 0.0565, 0.0486]
  FCFW Sampled MMD^2: 0.003492
  FCFW Sampled TVD:   0.6052

FINAL MODEL COMPARISON (inc. FCFW)
Model      | MMD        | TVD        | TVD*       | Valid      | Cover      | F1        
----------------------------------------------------------------------------------------
Baseline   | 0.0198     | n/a        | n/a        | n/a        | n/a        | n/a       
Ensemble   | 0.0038     | 0.605      | 0.450      | n/a        | n/a        | n/a       
Model 0    | 0.0180     | 0.849      | 0.699      | n/a        | n/a        | n/a       
Model 1    | 0.3882     | 0.910      | 0.872      | n/a        | n/a        | n/a       
Model 2    | 0.7693     | 0.941      | 0.931      | n/a        | n/a        | n/a       
Model 3    | 0.0379     | 0.895      | 0.754      | n/a        | n/a        | n/a       
Model 4    | 0.0631     | 0.911      | 0.742      | n/a        | n/a        | n/a       
Model 5    | 0.0429     | 0.912      | 0.748      | n/a        | n/a        | n/a       
Model 6    | 0.0565     | 0.939      | 0.732      | n/a        | n/a        | n/a       
Model 7    | 0.0415     | 0.914      | 0.743      | n/a        | n/a        | n/a       
Model 8    | 0.0468     | 0.925      | 0.740      | n/a        | n/a        | n/a       
Model 9    | 0.8937     | 0.961      | 0.961      | n/a        | n/a        | n/a       
Ensemble (FCFW) | 0.0035     | 0.605      | 0.446      | n/a        | n/a        | n/a       
Saving results to out/hpo/hopfield_20q_p2_b15_20260605_111736/trials/trial_0015/results.csv...
Experiment: Boosting on Hopfield (20q, 2p)
Configuration:
  train_samples: 1000
  data_seed: 42
  n_samples: 400
  n_models: 10
  learning_rate: 0.019130098946030336
  epochs_per_step: 400
  caching_level: none
  ensemble_samples_coeff: 1.0
  init_baseline: covariance
  init_later: random
  lambda_dual: 1.0
  lambda_schedule: {'type': 'frank_wolfe', 'gamma': 0.75, 'tau': 1.0}
  n_ops: 512
  weight_strategy: frank_wolfe
  alpha_n_grid: 11
  alpha_objective_weight: 0.5
  baseline: none
  shots: 1000
  final_eval_sampling: True
  dataset_metrics: True
  exact_metrics: {'enabled': True, 'max_qubits': 20, 'phases': {'baseline': True, 'steps': False, 'final': True, 'per_model': True, 'fcfw': True}}
  keep_models_for_diagnosis: True
  stop_on_reject: False
  save_circuit_artifacts: False
  rng_seed: 42
  circuit_config: {'topology': 'aachen_heavy_hex', 'distance': 2, 'max_weight': 2, 'n_ancilla': 0}
  turbo: 10
  dynamic_is_within_shell: shell_uniform
  exact_sampling: True
  acceptance_metric: training_mmd
  skip_sampling: True
  report_fcfw: True
  dynamic_is: True
  dynamic_is_beta: 0.029099754157634477
  sigma: [1.2679690106171795, 0.5189467634546878]
  require_exact_sampling: True
================================================================================
Saving config to out/hpo/hopfield_20q_p2_b15_20260605_111736/trials/trial_0016/config.json...
Gate structure: Qubits: 20
Aachen heavy-hex topology: 39 parameters
one_qubit=20, two_qubit=19
Using Gaussian Kernel (n_ops=512, n_qubits=20):
  - sigma=1.26796901
  - sigma=0.51894676
Expected sampled operator size:
  - p=2.672821, std=1.521717
  - p=8.438012, std=2.208622
  mean: 5.555417
  std: 3.450532
Baselines enabled: 

Training ensemble Model 0 (400 epochs)...
Training has not converged after 400 steps
Model 0 final loss: 0.048078
  [Step 0/9] train_MMD=0.0438 alpha_opt=1.0000 oracle_top1_TVD=0.9606

[Step 1] Training Model 1...
  lambda_dual: 0.6250
Training has not converged after 400 steps
  Weighting: frank_wolfe alpha = 0.3750
  [Step 1/9] train_MMD=0.0182 alpha_opt=0.3750 oracle_top2_TVD=0.9212
  [OK] MMD improved (delta=+0.025682)
  SNR (proxy): 9.18 (mean_norm=0.0170, std_norm=0.0018)

[Step 2] Training Model 2...
  lambda_dual: 0.7500
Training has not converged after 400 steps
  Weighting: frank_wolfe alpha = 0.2500
  [Step 2/9] train_MMD=0.0144 alpha_opt=0.2500 oracle_top3_TVD=0.8817
  [OK] MMD improved (delta=+0.003790)
  SNR (proxy): 8.86 (mean_norm=0.0225, std_norm=0.0025)

[Step 3] Training Model 3...
  lambda_dual: 0.8125
Training has not converged after 400 steps
  Weighting: frank_wolfe alpha = 0.1875
  [Step 3/9] train_MMD=0.0088 alpha_opt=0.1875 oracle_top4_TVD=0.8423
  [OK] MMD improved (delta=+0.005582)
  SNR (proxy): 8.03 (mean_norm=0.0109, std_norm=0.0014)

[Step 4] Training Model 4...
  lambda_dual: 0.8500
Training has not converged after 400 steps
  Weighting: frank_wolfe alpha = 0.1500
  [Step 4/9] train_MMD=0.0107 alpha_opt=0.1500 oracle_top5_TVD=0.8358
  [WARNING] MMD worsened but kept (diagnostic, delta=-0.001931)
  SNR (proxy): 12.97 (mean_norm=0.0393, std_norm=0.0030)

[Step 5] Training Model 5...
  lambda_dual: 0.8750
Training has not converged after 400 steps
  Weighting: frank_wolfe alpha = 0.1250
  [Step 5/9] train_MMD=0.0028 alpha_opt=0.1250 oracle_top6_TVD=0.8293
  [OK] MMD improved (delta=+0.007941)
  SNR (proxy): 6.15 (mean_norm=0.0177, std_norm=0.0029)

[Step 6] Training Model 6...
  lambda_dual: 0.8929
Training has not converged after 400 steps
  Weighting: frank_wolfe alpha = 0.1071
  [Step 6/9] train_MMD=0.0033 alpha_opt=0.1071 oracle_top7_TVD=0.8228
  [WARNING] MMD worsened but kept (diagnostic, delta=-0.000489)
  SNR (proxy): 6.34 (mean_norm=0.0187, std_norm=0.0029)

[Step 7] Training Model 7...
  lambda_dual: 0.9062
Training has not converged after 400 steps
  Weighting: frank_wolfe alpha = 0.0937
  [Step 7/9] train_MMD=0.0008 alpha_opt=0.0937 oracle_top8_TVD=0.8163
  [OK] MMD improved (delta=+0.002492)
  SNR (proxy): 5.74 (mean_norm=0.0104, std_norm=0.0018)

[Step 8] Training Model 8...
  lambda_dual: 0.9167
Training has not converged after 400 steps
  Weighting: frank_wolfe alpha = 0.0833
  [Step 8/9] train_MMD=0.0005 alpha_opt=0.0833 oracle_top9_TVD=0.8097
  [OK] MMD improved (delta=+0.000301)
  SNR (proxy): 10.19 (mean_norm=0.0066, std_norm=0.0006)

[Step 9] Training Model 9...
  lambda_dual: 0.9250
Training has not converged after 400 steps
  Weighting: frank_wolfe alpha = 0.0750
  [Step 9/9] train_MMD=0.0002 alpha_opt=0.0750 oracle_top10_TVD=0.8032
  [OK] MMD improved (delta=+0.000275)
  SNR (proxy): 6.48 (mean_norm=0.0044, std_norm=0.0007)

Final: 10 models, MMD=-0.0002 (delta=+0.0440) F1=nan

[FCFW] Computing Fully Corrective Frank-Wolfe weights for final ensemble...
  Weighting: fully corrective QP weights = [0.1399, 0.0595, 0.0428, 0.1081, 0.0968, 0.0779, 0.0887, 0.1427, 0.1254, 0.1182]
  FCFW Sampled MMD^2: -0.000135
  FCFW Sampled TVD:   0.4813

FINAL MODEL COMPARISON (inc. FCFW)
Model      | MMD        | TVD        | TVD*       | Valid      | Cover      | F1        
----------------------------------------------------------------------------------------
Baseline   | 0.0438     | n/a        | n/a        | n/a        | n/a        | n/a       
Ensemble   | -0.0002    | 0.468      | 0.289      | n/a        | n/a        | n/a       
Model 0    | 0.0487     | 0.972      | 0.818      | n/a        | n/a        | n/a       
Model 1    | 0.1195     | 0.843      | 0.755      | n/a        | n/a        | n/a       
Model 2    | 0.1395     | 0.841      | 0.776      | n/a        | n/a        | n/a       
Model 3    | 0.1582     | 0.871      | 0.755      | n/a        | n/a        | n/a       
Model 4    | 0.3998     | 0.904      | 0.833      | n/a        | n/a        | n/a       
Model 5    | 0.3872     | 0.897      | 0.848      | n/a        | n/a        | n/a       
Model 6    | 0.2057     | 0.918      | 0.837      | n/a        | n/a        | n/a       
Model 7    | 0.2216     | 0.886      | 0.802      | n/a        | n/a        | n/a       
Model 8    | 0.1156     | 0.849      | 0.720      | n/a        | n/a        | n/a       
Model 9    | 0.0866     | 0.923      | 0.732      | n/a        | n/a        | n/a       
Ensemble (FCFW) | -0.0001    | 0.481      | 0.268      | n/a        | n/a        | n/a       
Saving results to out/hpo/hopfield_20q_p2_b15_20260605_111736/trials/trial_0016/results.csv...
Experiment: Boosting on Hopfield (20q, 2p)
Configuration:
  train_samples: 1000
  data_seed: 42
  n_samples: 400
  n_models: 10
  learning_rate: 0.04776156391265506
  epochs_per_step: 400
  caching_level: none
  ensemble_samples_coeff: 1.0
  init_baseline: covariance
  init_later: random
  lambda_dual: 1.0
  lambda_schedule: {'type': 'frank_wolfe', 'gamma': 0.75, 'tau': 1.0}
  n_ops: 512
  weight_strategy: frank_wolfe
  alpha_n_grid: 11
  alpha_objective_weight: 0.5
  baseline: none
  shots: 1000
  final_eval_sampling: True
  dataset_metrics: True
  exact_metrics: {'enabled': True, 'max_qubits': 20, 'phases': {'baseline': True, 'steps': False, 'final': True, 'per_model': True, 'fcfw': True}}
  keep_models_for_diagnosis: True
  stop_on_reject: False
  save_circuit_artifacts: False
  rng_seed: 42
  circuit_config: {'topology': 'aachen_heavy_hex', 'distance': 2, 'max_weight': 2, 'n_ancilla': 0}
  turbo: 10
  dynamic_is_within_shell: shell_uniform
  exact_sampling: True
  acceptance_metric: training_mmd
  skip_sampling: True
  report_fcfw: True
  dynamic_is: False
  dynamic_is_beta: 0.01584953468219581
  sigma: [0.8478019260888937, 0.39556324827928846]
  require_exact_sampling: True
================================================================================
Saving config to out/hpo/hopfield_20q_p2_b15_20260605_111736/trials/trial_0017/config.json...
Gate structure: Qubits: 20
Aachen heavy-hex topology: 39 parameters
one_qubit=20, two_qubit=19
Using Gaussian Kernel (n_ops=512, n_qubits=20):
  - sigma=0.84780193
  - sigma=0.39556325
Expected sampled operator size:
  - p=5.012422, std=1.938093
  - p=9.590537, std=2.234193
  mean: 7.301480
  std: 3.100596
Baselines enabled: 

Training ensemble Model 0 (400 epochs)...
Training has not converged after 400 steps
Model 0 final loss: 0.021713
  [Step 0/9] train_MMD=0.0214 alpha_opt=1.0000 oracle_top1_TVD=0.9606

[Step 1] Training Model 1...
  lambda_dual: 0.6250
Training has not converged after 400 steps
  Weighting: frank_wolfe alpha = 0.3750
  [Step 1/9] train_MMD=0.0125 alpha_opt=0.3750 oracle_top2_TVD=0.9212
  [OK] MMD improved (delta=+0.008944)
  SNR (proxy): 5.77 (mean_norm=0.0124, std_norm=0.0021)

[Step 2] Training Model 2...
  lambda_dual: 0.7500
Training has not converged after 400 steps
  Weighting: frank_wolfe alpha = 0.2500
  [Step 2/9] train_MMD=0.0117 alpha_opt=0.2500 oracle_top3_TVD=0.8817
  [OK] MMD improved (delta=+0.000723)
  SNR (proxy): 5.49 (mean_norm=0.0105, std_norm=0.0019)

[Step 3] Training Model 3...
  lambda_dual: 0.8125
Training has not converged after 400 steps
  Weighting: frank_wolfe alpha = 0.1875
  [Step 3/9] train_MMD=0.0071 alpha_opt=0.1875 oracle_top4_TVD=0.8423
  [OK] MMD improved (delta=+0.004645)
  SNR (proxy): 5.64 (mean_norm=0.0159, std_norm=0.0028)

[Step 4] Training Model 4...
  lambda_dual: 0.8500
Training has not converged after 400 steps
  Weighting: frank_wolfe alpha = 0.1500
  [Step 4/9] train_MMD=0.0053 alpha_opt=0.1500 oracle_top5_TVD=0.8358
  [OK] MMD improved (delta=+0.001763)
  SNR (proxy): 4.93 (mean_norm=0.0117, std_norm=0.0024)

[Step 5] Training Model 5...
  lambda_dual: 0.8750
Training has not converged after 400 steps
  Weighting: frank_wolfe alpha = 0.1250
  [Step 5/9] train_MMD=0.0018 alpha_opt=0.1250 oracle_top6_TVD=0.8293
  [OK] MMD improved (delta=+0.003528)
  SNR (proxy): 5.67 (mean_norm=0.0066, std_norm=0.0012)

[Step 6] Training Model 6...
  lambda_dual: 0.8929
Training has not converged after 400 steps
  Weighting: frank_wolfe alpha = 0.1071
  [Step 6/9] train_MMD=0.0017 alpha_opt=0.1071 oracle_top7_TVD=0.8228
  [OK] MMD improved (delta=+0.000124)
  SNR (proxy): 6.60 (mean_norm=0.0087, std_norm=0.0013)

[Step 7] Training Model 7...
  lambda_dual: 0.9062
Training has not converged after 400 steps
  Weighting: frank_wolfe alpha = 0.0937
  [Step 7/9] train_MMD=0.0010 alpha_opt=0.0937 oracle_top8_TVD=0.8163
  [OK] MMD improved (delta=+0.000650)
  SNR (proxy): 4.02 (mean_norm=0.0106, std_norm=0.0026)

[Step 8] Training Model 8...
  lambda_dual: 0.9167
Training has not converged after 400 steps
  Weighting: frank_wolfe alpha = 0.0833
  [Step 8/9] train_MMD=0.0007 alpha_opt=0.0833 oracle_top9_TVD=0.8097
  [OK] MMD improved (delta=+0.000344)
  SNR (proxy): 5.04 (mean_norm=0.0069, std_norm=0.0014)

[Step 9] Training Model 9...
  lambda_dual: 0.9250
Training has not converged after 400 steps
  Weighting: frank_wolfe alpha = 0.0750
  [Step 9/9] train_MMD=0.0004 alpha_opt=0.0750 oracle_top10_TVD=0.8032
  [OK] MMD improved (delta=+0.000301)
  SNR (proxy): 8.84 (mean_norm=0.0071, std_norm=0.0008)

Final: 10 models, MMD=0.0004 (delta=+0.0210) F1=nan

[FCFW] Computing Fully Corrective Frank-Wolfe weights for final ensemble...
  Weighting: fully corrective QP weights = [0.1120, 0.0577, 0.0832, 0.1036, 0.0663, 0.1038, 0.1590, 0.1059, 0.1375, 0.0711]
  FCFW Sampled MMD^2: -0.000048
  FCFW Sampled TVD:   0.4827

FINAL MODEL COMPARISON (inc. FCFW)
Model      | MMD        | TVD        | TVD*       | Valid      | Cover      | F1        
----------------------------------------------------------------------------------------
Baseline   | 0.0214     | n/a        | n/a        | n/a        | n/a        | n/a       
Ensemble   | 0.0004     | 0.490      | 0.281      | n/a        | n/a        | n/a       
Model 0    | 0.0231     | 0.941      | 0.732      | n/a        | n/a        | n/a       
Model 1    | 0.0460     | 0.830      | 0.699      | n/a        | n/a        | n/a       
Model 2    | 0.0450     | 0.923      | 0.813      | n/a        | n/a        | n/a       
Model 3    | 0.0852     | 0.867      | 0.758      | n/a        | n/a        | n/a       
Model 4    | 0.1147     | 0.899      | 0.775      | n/a        | n/a        | n/a       
Model 5    | 0.2404     | 0.889      | 0.812      | n/a        | n/a        | n/a       
Model 6    | 0.0885     | 0.899      | 0.732      | n/a        | n/a        | n/a       
Model 7    | 0.1117     | 0.893      | 0.802      | n/a        | n/a        | n/a       
Model 8    | 0.1167     | 0.873      | 0.756      | n/a        | n/a        | n/a       
Model 9    | 0.0832     | 0.877      | 0.746      | n/a        | n/a        | n/a       
Ensemble (FCFW) | -0.0000    | 0.483      | 0.268      | n/a        | n/a        | n/a       
Saving results to out/hpo/hopfield_20q_p2_b15_20260605_111736/trials/trial_0017/results.csv...
Experiment: Boosting on Hopfield (20q, 2p)
Configuration:
  train_samples: 1000
  data_seed: 42
  n_samples: 400
  n_models: 10
  learning_rate: 0.01651644444134928
  epochs_per_step: 400
  caching_level: none
  ensemble_samples_coeff: 1.0
  init_baseline: covariance
  init_later: random
  lambda_dual: 1.0
  lambda_schedule: {'type': 'frank_wolfe', 'gamma': 0.75, 'tau': 1.0}
  n_ops: 2048
  weight_strategy: frank_wolfe
  alpha_n_grid: 11
  alpha_objective_weight: 0.5
  baseline: none
  shots: 1000
  final_eval_sampling: True
  dataset_metrics: True
  exact_metrics: {'enabled': True, 'max_qubits': 20, 'phases': {'baseline': True, 'steps': False, 'final': True, 'per_model': True, 'fcfw': True}}
  keep_models_for_diagnosis: True
  stop_on_reject: False
  save_circuit_artifacts: False
  rng_seed: 42
  circuit_config: {'topology': 'aachen_heavy_hex', 'distance': 2, 'max_weight': 2, 'n_ancilla': 0}
  turbo: 10
  dynamic_is_within_shell: shell_uniform
  exact_sampling: True
  acceptance_metric: training_mmd
  skip_sampling: True
  report_fcfw: True
  dynamic_is: False
  dynamic_is_beta: 0.023092001529717757
  sigma: [0.7723689869339248, 0.3318757544793782]
  require_exact_sampling: True
================================================================================
Saving config to out/hpo/hopfield_20q_p2_b15_20260605_111736/trials/trial_0018/config.json...
Gate structure: Qubits: 20
Aachen heavy-hex topology: 39 parameters
one_qubit=20, two_qubit=19
Using Gaussian Kernel (n_ops=2048, n_qubits=20):
  - sigma=0.77236899
  - sigma=0.33187575
Expected sampled operator size:
  - p=5.674889, std=2.016103
  - p=9.893225, std=2.235941
  mean: 7.784057
  std: 2.996771
Baselines enabled: 

Training ensemble Model 0 (400 epochs)...
Training has not converged after 400 steps
Model 0 final loss: 0.018212
  [Step 0/9] train_MMD=0.0156 alpha_opt=1.0000 oracle_top1_TVD=0.9606

[Step 1] Training Model 1...
  lambda_dual: 0.6250
Training has not converged after 400 steps
  Weighting: frank_wolfe alpha = 0.3750
  [Step 1/9] train_MMD=0.0089 alpha_opt=0.3750 oracle_top2_TVD=0.9212
  [OK] MMD improved (delta=+0.006728)
  SNR (proxy): 5.42 (mean_norm=0.0101, std_norm=0.0019)

[Step 2] Training Model 2...
  lambda_dual: 0.7500
Training has not converged after 400 steps
  Weighting: frank_wolfe alpha = 0.2500
  [Step 2/9] train_MMD=0.0076 alpha_opt=0.2500 oracle_top3_TVD=0.8817
  [OK] MMD improved (delta=+0.001290)
  SNR (proxy): 6.23 (mean_norm=0.0082, std_norm=0.0013)

[Step 3] Training Model 3...
  lambda_dual: 0.8125
Training has not converged after 400 steps
  Weighting: frank_wolfe alpha = 0.1875
  [Step 3/9] train_MMD=0.0053 alpha_opt=0.1875 oracle_top4_TVD=0.8423
  [OK] MMD improved (delta=+0.002239)
  SNR (proxy): 2.62 (mean_norm=0.0107, std_norm=0.0041)

[Step 4] Training Model 4...
  lambda_dual: 0.8500
Training has not converged after 400 steps
  Weighting: frank_wolfe alpha = 0.1500
  [Step 4/9] train_MMD=0.0040 alpha_opt=0.1500 oracle_top5_TVD=0.8358
  [OK] MMD improved (delta=+0.001297)
  SNR (proxy): 4.24 (mean_norm=0.0057, std_norm=0.0013)

[Step 5] Training Model 5...
  lambda_dual: 0.8750
Training has not converged after 400 steps
  Weighting: frank_wolfe alpha = 0.1250
  [Step 5/9] train_MMD=0.0011 alpha_opt=0.1250 oracle_top6_TVD=0.8293
  [OK] MMD improved (delta=+0.002951)
  SNR (proxy): 3.40 (mean_norm=0.0074, std_norm=0.0022)

[Step 6] Training Model 6...
  lambda_dual: 0.8929
Training has not converged after 400 steps
  Weighting: frank_wolfe alpha = 0.1071
  [Step 6/9] train_MMD=0.0008 alpha_opt=0.1071 oracle_top7_TVD=0.8228
  [OK] MMD improved (delta=+0.000258)
  SNR (proxy): 3.90 (mean_norm=0.0053, std_norm=0.0014)

[Step 7] Training Model 7...
  lambda_dual: 0.9062
Training has not converged after 400 steps
  Weighting: frank_wolfe alpha = 0.0937
  [Step 7/9] train_MMD=0.0011 alpha_opt=0.0937 oracle_top8_TVD=0.8163
  [WARNING] MMD worsened but kept (diagnostic, delta=-0.000257)
  SNR (proxy): 7.46 (mean_norm=0.0041, std_norm=0.0005)

[Step 8] Training Model 8...
  lambda_dual: 0.9167
Training has not converged after 400 steps
  Weighting: frank_wolfe alpha = 0.0833
  [Step 8/9] train_MMD=0.0005 alpha_opt=0.0833 oracle_top9_TVD=0.8097
  [OK] MMD improved (delta=+0.000614)
  SNR (proxy): 3.82 (mean_norm=0.0057, std_norm=0.0015)

[Step 9] Training Model 9...
  lambda_dual: 0.9250
Training has not converged after 400 steps
  Weighting: frank_wolfe alpha = 0.0750
  [Step 9/9] train_MMD=0.0002 alpha_opt=0.0750 oracle_top10_TVD=0.8032
  [OK] MMD improved (delta=+0.000251)
  SNR (proxy): 5.26 (mean_norm=0.0032, std_norm=0.0006)

Final: 10 models, MMD=0.0004 (delta=+0.0152) F1=nan

[FCFW] Computing Fully Corrective Frank-Wolfe weights for final ensemble...
  Weighting: fully corrective QP weights = [0.0961, 0.1087, 0.1145, 0.0584, 0.1832, 0.0462, 0.1223, 0.0000, 0.1269, 0.1437]
  FCFW Sampled MMD^2: -0.000151
  FCFW Sampled TVD:   0.4821

FINAL MODEL COMPARISON (inc. FCFW)
Model      | MMD        | TVD        | TVD*       | Valid      | Cover      | F1        
----------------------------------------------------------------------------------------
Baseline   | 0.0156     | n/a        | n/a        | n/a        | n/a        | n/a       
Ensemble   | 0.0004     | 0.511      | 0.264      | n/a        | n/a        | n/a       
Model 0    | 0.0163     | 0.887      | 0.692      | n/a        | n/a        | n/a       
Model 1    | 0.0402     | 0.842      | 0.693      | n/a        | n/a        | n/a       
Model 2    | 0.0431     | 0.911      | 0.806      | n/a        | n/a        | n/a       
Model 3    | 0.0703     | 0.883      | 0.751      | n/a        | n/a        | n/a       
Model 4    | 0.0906     | 0.889      | 0.765      | n/a        | n/a        | n/a       
Model 5    | 0.1962     | 0.895      | 0.809      | n/a        | n/a        | n/a       
Model 6    | 0.0641     | 0.895      | 0.747      | n/a        | n/a        | n/a       
Model 7    | 0.0415     | 0.903      | 0.757      | n/a        | n/a        | n/a       
Model 8    | 0.1546     | 0.886      | 0.774      | n/a        | n/a        | n/a       
Model 9    | 0.0857     | 0.886      | 0.742      | n/a        | n/a        | n/a       
Ensemble (FCFW) | -0.0002    | 0.482      | 0.247      | n/a        | n/a        | n/a       
Saving results to out/hpo/hopfield_20q_p2_b15_20260605_111736/trials/trial_0018/results.csv...
Experiment: Boosting on Hopfield (20q, 2p)
Configuration:
  train_samples: 1000
  data_seed: 42
  n_samples: 400
  n_models: 10
  learning_rate: 0.01605000187899342
  epochs_per_step: 400
  caching_level: none
  ensemble_samples_coeff: 1.0
  init_baseline: covariance
  init_later: random
  lambda_dual: 1.0
  lambda_schedule: {'type': 'frank_wolfe', 'gamma': 0.25, 'tau': 1.0}
  n_ops: 2048
  weight_strategy: frank_wolfe
  alpha_n_grid: 11
  alpha_objective_weight: 0.5
  baseline: none
  shots: 1000
  final_eval_sampling: True
  dataset_metrics: True
  exact_metrics: {'enabled': True, 'max_qubits': 20, 'phases': {'baseline': True, 'steps': False, 'final': True, 'per_model': True, 'fcfw': True}}
  keep_models_for_diagnosis: True
  stop_on_reject: False
  save_circuit_artifacts: False
  rng_seed: 42
  circuit_config: {'topology': 'aachen_heavy_hex', 'distance': 2, 'max_weight': 2, 'n_ancilla': 0}
  turbo: 10
  dynamic_is_within_shell: shell_uniform
  exact_sampling: True
  acceptance_metric: training_mmd
  skip_sampling: True
  report_fcfw: True
  dynamic_is: True
  dynamic_is_beta: 0.024074572483805404
  sigma: [0.7072718338232529, 0.3562270366661046]
  require_exact_sampling: True
================================================================================
Saving config to out/hpo/hopfield_20q_p2_b15_20260605_111736/trials/trial_0019/config.json...
Gate structure: Qubits: 20
Aachen heavy-hex topology: 39 parameters
one_qubit=20, two_qubit=19
Using Gaussian Kernel (n_ops=2048, n_qubits=20):
  - sigma=0.70727183
  - sigma=0.35622704
Expected sampled operator size:
  - p=6.319488, std=2.079108
  - p=9.805553, std=2.235645
  mean: 8.062521
  std: 2.774628
Baselines enabled: 

Training ensemble Model 0 (400 epochs)...
Training has not converged after 400 steps
Model 0 final loss: 0.015493
  [Step 0/9] train_MMD=0.0147 alpha_opt=1.0000 oracle_top1_TVD=0.9606

[Step 1] Training Model 1...
  lambda_dual: 0.8750
Training has not converged after 400 steps
  Weighting: frank_wolfe alpha = 0.1250
  [Step 1/9] train_MMD=0.0106 alpha_opt=0.1250 oracle_top2_TVD=0.9212
  [OK] MMD improved (delta=+0.004054)
  SNR (proxy): 12.98 (mean_norm=0.0311, std_norm=0.0024)

[Step 2] Training Model 2...
  lambda_dual: 0.9167
Training has not converged after 400 steps
  Weighting: frank_wolfe alpha = 0.0833
  [Step 2/9] train_MMD=0.0065 alpha_opt=0.0833 oracle_top3_TVD=0.8817
  [OK] MMD improved (delta=+0.004146)
  SNR (proxy): 25.52 (mean_norm=0.0255, std_norm=0.0010)

[Step 3] Training Model 3...
  lambda_dual: 0.9375
Training has not converged after 400 steps
  Weighting: frank_wolfe alpha = 0.0625
  [Step 3/9] train_MMD=0.0056 alpha_opt=0.0625 oracle_top4_TVD=0.8423
  [OK] MMD improved (delta=+0.000880)
  SNR (proxy): 8.55 (mean_norm=0.0047, std_norm=0.0006)

[Step 4] Training Model 4...
  lambda_dual: 0.9500
Training has not converged after 400 steps
  Weighting: frank_wolfe alpha = 0.0500
  [Step 4/9] train_MMD=0.0051 alpha_opt=0.0500 oracle_top5_TVD=0.8358
  [OK] MMD improved (delta=+0.000529)
  SNR (proxy): 9.51 (mean_norm=0.0037, std_norm=0.0004)

[Step 5] Training Model 5...
  lambda_dual: 0.9583
Training has not converged after 400 steps
  Weighting: frank_wolfe alpha = 0.0417
  [Step 5/9] train_MMD=0.0051 alpha_opt=0.0417 oracle_top6_TVD=0.8293
  [OK] MMD improved (delta=+0.000017)
  SNR (proxy): 5.41 (mean_norm=0.0035, std_norm=0.0006)

[Step 6] Training Model 6...
  lambda_dual: 0.9643
Training has not converged after 400 steps
  Weighting: frank_wolfe alpha = 0.0357
  [Step 6/9] train_MMD=0.0049 alpha_opt=0.0357 oracle_top7_TVD=0.8228
  [OK] MMD improved (delta=+0.000166)
  SNR (proxy): 5.72 (mean_norm=0.0042, std_norm=0.0007)

[Step 7] Training Model 7...
  lambda_dual: 0.9688
Training has not converged after 400 steps
  Weighting: frank_wolfe alpha = 0.0312
  [Step 7/9] train_MMD=0.0052 alpha_opt=0.0312 oracle_top8_TVD=0.8163
  [WARNING] MMD worsened but kept (diagnostic, delta=-0.000267)
  SNR (proxy): 7.53 (mean_norm=0.0034, std_norm=0.0005)

[Step 8] Training Model 8...
  lambda_dual: 0.9722
Training has not converged after 400 steps
  Weighting: frank_wolfe alpha = 0.0278
  [Step 8/9] train_MMD=0.0032 alpha_opt=0.0278 oracle_top9_TVD=0.8097
  [OK] MMD improved (delta=+0.001926)
  SNR (proxy): 10.08 (mean_norm=0.0000, std_norm=0.0000)

[Step 9] Training Model 9...
  lambda_dual: 0.9750
Training has not converged after 400 steps
  Weighting: frank_wolfe alpha = 0.0250
  [Step 9/9] train_MMD=0.0034 alpha_opt=0.0250 oracle_top10_TVD=0.8032
  [WARNING] MMD worsened but kept (diagnostic, delta=-0.000148)
  SNR (proxy): 10.08 (mean_norm=0.0075, std_norm=0.0007)

Final: 10 models, MMD=0.0033 (delta=+0.0114) F1=nan

[FCFW] Computing Fully Corrective Frank-Wolfe weights for final ensemble...
  Weighting: fully corrective QP weights = [0.6093, 0.0847, 0.0523, 0.0274, 0.0136, 0.0625, 0.0531, 0.0308, 0.0443, 0.0220]
  FCFW Sampled MMD^2: 0.002583
  FCFW Sampled TVD:   0.5949

FINAL MODEL COMPARISON (inc. FCFW)
Model      | MMD        | TVD        | TVD*       | Valid      | Cover      | F1        
----------------------------------------------------------------------------------------
Baseline   | 0.0147     | n/a        | n/a        | n/a        | n/a        | n/a       
Ensemble   | 0.0033     | 0.591      | 0.437      | n/a        | n/a        | n/a       
Model 0    | 0.0144     | 0.836      | 0.700      | n/a        | n/a        | n/a       
Model 1    | 0.3036     | 0.906      | 0.848      | n/a        | n/a        | n/a       
Model 2    | 0.5323     | 0.935      | 0.910      | n/a        | n/a        | n/a       
Model 3    | 0.0378     | 0.918      | 0.789      | n/a        | n/a        | n/a       
Model 4    | 0.0697     | 0.957      | 0.838      | n/a        | n/a        | n/a       
Model 5    | 0.0479     | 0.933      | 0.781      | n/a        | n/a        | n/a       
Model 6    | 0.0326     | 0.930      | 0.736      | n/a        | n/a        | n/a       
Model 7    | 0.0493     | 0.941      | 0.830      | n/a        | n/a        | n/a       
Model 8    | 0.9101     | 0.961      | 0.961      | n/a        | n/a        | n/a       
Model 9    | 0.0844     | 0.936      | 0.882      | n/a        | n/a        | n/a       
Ensemble (FCFW) | 0.0026     | 0.595      | 0.427      | n/a        | n/a        | n/a       
Saving results to out/hpo/hopfield_20q_p2_b15_20260605_111736/trials/trial_0019/results.csv...
Experiment: Boosting on Hopfield (20q, 2p)
Configuration:
  train_samples: 1000
  data_seed: 42
  n_samples: 400
  n_models: 10
  learning_rate: 0.006289111532007959
  epochs_per_step: 400
  caching_level: none
  ensemble_samples_coeff: 1.0
  init_baseline: covariance
  init_later: random
  lambda_dual: 1.0
  lambda_schedule: {'type': 'frank_wolfe', 'gamma': 0.75, 'tau': 1.0}
  n_ops: 2048
  weight_strategy: frank_wolfe
  alpha_n_grid: 11
  alpha_objective_weight: 0.5
  baseline: none
  shots: 1000
  final_eval_sampling: True
  dataset_metrics: True
  exact_metrics: {'enabled': True, 'max_qubits': 20, 'phases': {'baseline': True, 'steps': False, 'final': True, 'per_model': True, 'fcfw': True}}
  keep_models_for_diagnosis: True
  stop_on_reject: False
  save_circuit_artifacts: False
  rng_seed: 42
  circuit_config: {'topology': 'aachen_heavy_hex', 'distance': 2, 'max_weight': 2, 'n_ancilla': 0}
  turbo: 10
  dynamic_is_within_shell: shell_uniform
  exact_sampling: True
  acceptance_metric: training_mmd
  skip_sampling: True
  report_fcfw: True
  dynamic_is: False
  dynamic_is_beta: 0.03533524735001675
  sigma: [0.7311168998200689, 0.5475594612727556, 0.33483556168343515]
  require_exact_sampling: True
================================================================================
Saving config to out/hpo/hopfield_20q_p2_b15_20260605_111736/trials/trial_0020/config.json...
Gate structure: Qubits: 20
Aachen heavy-hex topology: 39 parameters
one_qubit=20, two_qubit=19
Using Gaussian Kernel (n_ops=2048, n_qubits=20):
  - sigma=0.73111690
  - sigma=0.54755946
  - sigma=0.33483556
Expected sampled operator size:
  - p=6.075703, std=2.056695
  - p=8.113119, std=2.195902
  - p=9.884343, std=2.235918
  mean: 8.024388
  std: 2.665582
Baselines enabled: 

Training ensemble Model 0 (400 epochs)...
Training has not converged after 400 steps
Model 0 final loss: 0.015628
  [Step 0/9] train_MMD=0.0142 alpha_opt=1.0000 oracle_top1_TVD=0.9606

[Step 1] Training Model 1...
  lambda_dual: 0.6250
Training has not converged after 400 steps
  Weighting: frank_wolfe alpha = 0.3750
  [Step 1/9] train_MMD=0.0089 alpha_opt=0.3750 oracle_top2_TVD=0.9212
  [OK] MMD improved (delta=+0.005381)
  SNR (proxy): 5.16 (mean_norm=0.0096, std_norm=0.0019)

[Step 2] Training Model 2...
  lambda_dual: 0.7500
Training has not converged after 400 steps
  Weighting: frank_wolfe alpha = 0.2500
  [Step 2/9] train_MMD=0.0066 alpha_opt=0.2500 oracle_top3_TVD=0.8817
  [OK] MMD improved (delta=+0.002268)
  SNR (proxy): 4.58 (mean_norm=0.0064, std_norm=0.0014)

[Step 3] Training Model 3...
  lambda_dual: 0.8125
Training has not converged after 400 steps
  Weighting: frank_wolfe alpha = 0.1875
  [Step 3/9] train_MMD=0.0052 alpha_opt=0.1875 oracle_top4_TVD=0.8423
  [OK] MMD improved (delta=+0.001389)
  SNR (proxy): 3.46 (mean_norm=0.0069, std_norm=0.0020)

[Step 4] Training Model 4...
  lambda_dual: 0.8500
Training has not converged after 400 steps
  Weighting: frank_wolfe alpha = 0.1500
  [Step 4/9] train_MMD=0.0042 alpha_opt=0.1500 oracle_top5_TVD=0.8358
  [OK] MMD improved (delta=+0.000987)
  SNR (proxy): 3.20 (mean_norm=0.0089, std_norm=0.0028)

[Step 5] Training Model 5...
  lambda_dual: 0.8750
Training has not converged after 400 steps
  Weighting: frank_wolfe alpha = 0.1250
  [Step 5/9] train_MMD=0.0041 alpha_opt=0.1250 oracle_top6_TVD=0.8293
  [OK] MMD improved (delta=+0.000092)
  SNR (proxy): 6.48 (mean_norm=0.0052, std_norm=0.0008)

[Step 6] Training Model 6...
  lambda_dual: 0.8929
Training has not converged after 400 steps
  Weighting: frank_wolfe alpha = 0.1071
  [Step 6/9] train_MMD=0.0009 alpha_opt=0.1071 oracle_top7_TVD=0.8228
  [OK] MMD improved (delta=+0.003251)
  SNR (proxy): 2.09 (mean_norm=0.0044, std_norm=0.0021)

[Step 7] Training Model 7...
  lambda_dual: 0.9062
Training has not converged after 400 steps
  Weighting: frank_wolfe alpha = 0.0937
  [Step 7/9] train_MMD=0.0008 alpha_opt=0.0937 oracle_top8_TVD=0.8163
  [OK] MMD improved (delta=+0.000103)
  SNR (proxy): 5.27 (mean_norm=0.0047, std_norm=0.0009)

[Step 8] Training Model 8...
  lambda_dual: 0.9167
Training has not converged after 400 steps
  Weighting: frank_wolfe alpha = 0.0833
  [Step 8/9] train_MMD=0.0006 alpha_opt=0.0833 oracle_top9_TVD=0.8097
  [OK] MMD improved (delta=+0.000166)
  SNR (proxy): 5.11 (mean_norm=0.0041, std_norm=0.0008)

[Step 9] Training Model 9...
  lambda_dual: 0.9250
Training has not converged after 400 steps
  Weighting: frank_wolfe alpha = 0.0750
  [Step 9/9] train_MMD=0.0004 alpha_opt=0.0750 oracle_top10_TVD=0.8032
  [OK] MMD improved (delta=+0.000237)
  SNR (proxy): 11.20 (mean_norm=0.0032, std_norm=0.0003)

Final: 10 models, MMD=0.0007 (delta=+0.0135) F1=nan

[FCFW] Computing Fully Corrective Frank-Wolfe weights for final ensemble...
  Weighting: fully corrective QP weights = [0.0329, 0.0522, 0.1025, 0.1360, 0.0535, 0.1781, 0.0630, 0.0941, 0.1589, 0.1288]
  FCFW Sampled MMD^2: -0.000163
  FCFW Sampled TVD:   0.4748

FINAL MODEL COMPARISON (inc. FCFW)
Model      | MMD        | TVD        | TVD*       | Valid      | Cover      | F1        
----------------------------------------------------------------------------------------
Baseline   | 0.0142     | n/a        | n/a        | n/a        | n/a        | n/a       
Ensemble   | 0.0007     | 0.511      | 0.267      | n/a        | n/a        | n/a       
Model 0    | 0.0154     | 0.922      | 0.704      | n/a        | n/a        | n/a       
Model 1    | 0.0315     | 0.845      | 0.679      | n/a        | n/a        | n/a       
Model 2    | 0.0493     | 0.899      | 0.770      | n/a        | n/a        | n/a       
Model 3    | 0.0466     | 0.881      | 0.744      | n/a        | n/a        | n/a       
Model 4    | 0.0776     | 0.888      | 0.763      | n/a        | n/a        | n/a       
Model 5    | 0.0390     | 0.891      | 0.718      | n/a        | n/a        | n/a       
Model 6    | 0.1812     | 0.889      | 0.838      | n/a        | n/a        | n/a       
Model 7    | 0.0541     | 0.883      | 0.747      | n/a        | n/a        | n/a       
Model 8    | 0.0662     | 0.878      | 0.732      | n/a        | n/a        | n/a       
Model 9    | 0.0588     | 0.872      | 0.761      | n/a        | n/a        | n/a       
Ensemble (FCFW) | -0.0002    | 0.475      | 0.250      | n/a        | n/a        | n/a       
Saving results to out/hpo/hopfield_20q_p2_b15_20260605_111736/trials/trial_0020/results.csv...
Experiment: Boosting on Hopfield (20q, 2p)
Configuration:
  train_samples: 1000
  data_seed: 42
  n_samples: 400
  n_models: 10
  learning_rate: 0.00632328133083541
  epochs_per_step: 400
  caching_level: none
  ensemble_samples_coeff: 1.0
  init_baseline: covariance
  init_later: random
  lambda_dual: 1.0
  lambda_schedule: {'type': 'frank_wolfe', 'gamma': 0.75, 'tau': 1.0}
  n_ops: 2048
  weight_strategy: frank_wolfe
  alpha_n_grid: 11
  alpha_objective_weight: 0.5
  baseline: none
  shots: 1000
  final_eval_sampling: True
  dataset_metrics: True
  exact_metrics: {'enabled': True, 'max_qubits': 20, 'phases': {'baseline': True, 'steps': False, 'final': True, 'per_model': True, 'fcfw': True}}
  keep_models_for_diagnosis: True
  stop_on_reject: False
  save_circuit_artifacts: False
  rng_seed: 42
  circuit_config: {'topology': 'aachen_heavy_hex', 'distance': 2, 'max_weight': 2, 'n_ancilla': 0}
  turbo: 10
  dynamic_is_within_shell: shell_uniform
  exact_sampling: True
  acceptance_metric: training_mmd
  skip_sampling: True
  report_fcfw: True
  dynamic_is: False
  dynamic_is_beta: 0.03521210778502012
  sigma: [0.7207514898621599, 0.5518252753428707, 0.3618559972541428]
  require_exact_sampling: True
================================================================================
Saving config to out/hpo/hopfield_20q_p2_b15_20260605_111736/trials/trial_0021/config.json...
Gate structure: Qubits: 20
Aachen heavy-hex topology: 39 parameters
one_qubit=20, two_qubit=19
Using Gaussian Kernel (n_ops=2048, n_qubits=20):
  - sigma=0.72075149
  - sigma=0.55182528
  - sigma=0.36185600
Expected sampled operator size:
  - p=6.180616, std=2.066547
  - p=8.064029, std=2.193764
  - p=9.780404, std=2.235529
  mean: 8.008350
  std: 2.618186
Baselines enabled: 

Training ensemble Model 0 (400 epochs)...
Training has not converged after 400 steps
Model 0 final loss: 0.015492
  [Step 0/9] train_MMD=0.0141 alpha_opt=1.0000 oracle_top1_TVD=0.9606

[Step 1] Training Model 1...
  lambda_dual: 0.6250
Training has not converged after 400 steps
  Weighting: frank_wolfe alpha = 0.3750
  [Step 1/9] train_MMD=0.0088 alpha_opt=0.3750 oracle_top2_TVD=0.9212
  [OK] MMD improved (delta=+0.005345)
  SNR (proxy): 5.53 (mean_norm=0.0095, std_norm=0.0017)

[Step 2] Training Model 2...
  lambda_dual: 0.7500
Training has not converged after 400 steps
  Weighting: frank_wolfe alpha = 0.2500
  [Step 2/9] train_MMD=0.0065 alpha_opt=0.2500 oracle_top3_TVD=0.8817
  [OK] MMD improved (delta=+0.002277)
  SNR (proxy): 3.33 (mean_norm=0.0062, std_norm=0.0019)

[Step 3] Training Model 3...
  lambda_dual: 0.8125
Training has not converged after 400 steps
  Weighting: frank_wolfe alpha = 0.1875
  [Step 3/9] train_MMD=0.0052 alpha_opt=0.1875 oracle_top4_TVD=0.8423
  [OK] MMD improved (delta=+0.001347)
  SNR (proxy): 3.92 (mean_norm=0.0069, std_norm=0.0018)

[Step 4] Training Model 4...
  lambda_dual: 0.8500
Training has not converged after 400 steps
  Weighting: frank_wolfe alpha = 0.1500
  [Step 4/9] train_MMD=0.0042 alpha_opt=0.1500 oracle_top5_TVD=0.8358
  [OK] MMD improved (delta=+0.000929)
  SNR (proxy): 3.27 (mean_norm=0.0087, std_norm=0.0026)

[Step 5] Training Model 5...
  lambda_dual: 0.8750
Training has not converged after 400 steps
  Weighting: frank_wolfe alpha = 0.1250
  [Step 5/9] train_MMD=0.0042 alpha_opt=0.1250 oracle_top6_TVD=0.8293
  [OK] MMD improved (delta=+0.000029)
  SNR (proxy): 4.59 (mean_norm=0.0047, std_norm=0.0010)

[Step 6] Training Model 6...
  lambda_dual: 0.8929
Training has not converged after 400 steps
  Weighting: frank_wolfe alpha = 0.1071
  [Step 6/9] train_MMD=0.0009 alpha_opt=0.1071 oracle_top7_TVD=0.8228
  [OK] MMD improved (delta=+0.003292)
  SNR (proxy): 2.17 (mean_norm=0.0057, std_norm=0.0026)

[Step 7] Training Model 7...
  lambda_dual: 0.9062
Training has not converged after 400 steps
  Weighting: frank_wolfe alpha = 0.0937
  [Step 7/9] train_MMD=0.0008 alpha_opt=0.0937 oracle_top8_TVD=0.8163
  [OK] MMD improved (delta=+0.000106)
  SNR (proxy): 4.08 (mean_norm=0.0045, std_norm=0.0011)

[Step 8] Training Model 8...
  lambda_dual: 0.9167
Training has not converged after 400 steps
  Weighting: frank_wolfe alpha = 0.0833
  [Step 8/9] train_MMD=0.0006 alpha_opt=0.0833 oracle_top9_TVD=0.8097
  [OK] MMD improved (delta=+0.000219)
  SNR (proxy): 4.18 (mean_norm=0.0040, std_norm=0.0010)

[Step 9] Training Model 9...
  lambda_dual: 0.9250
Training has not converged after 400 steps
  Weighting: frank_wolfe alpha = 0.0750
  [Step 9/9] train_MMD=0.0004 alpha_opt=0.0750 oracle_top10_TVD=0.8032
  [OK] MMD improved (delta=+0.000218)
  SNR (proxy): 10.07 (mean_norm=0.0028, std_norm=0.0003)

Final: 10 models, MMD=0.0005 (delta=+0.0136) F1=nan

[FCFW] Computing Fully Corrective Frank-Wolfe weights for final ensemble...
  Weighting: fully corrective QP weights = [0.0386, 0.0751, 0.1537, 0.1145, 0.0495, 0.1193, 0.0662, 0.1138, 0.1454, 0.1238]
  FCFW Sampled MMD^2: -0.000106
  FCFW Sampled TVD:   0.4647

FINAL MODEL COMPARISON (inc. FCFW)
Model      | MMD        | TVD        | TVD*       | Valid      | Cover      | F1        
----------------------------------------------------------------------------------------
Baseline   | 0.0141     | n/a        | n/a        | n/a        | n/a        | n/a       
Ensemble   | 0.0005     | 0.493      | 0.264      | n/a        | n/a        | n/a       
Model 0    | 0.0154     | 0.923      | 0.703      | n/a        | n/a        | n/a       
Model 1    | 0.0293     | 0.842      | 0.679      | n/a        | n/a        | n/a       
Model 2    | 0.0509     | 0.892      | 0.769      | n/a        | n/a        | n/a       
Model 3    | 0.0462     | 0.876      | 0.744      | n/a        | n/a        | n/a       
Model 4    | 0.0761     | 0.885      | 0.758      | n/a        | n/a        | n/a       
Model 5    | 0.0334     | 0.893      | 0.713      | n/a        | n/a        | n/a       
Model 6    | 0.1939     | 0.899      | 0.838      | n/a        | n/a        | n/a       
Model 7    | 0.0655     | 0.885      | 0.748      | n/a        | n/a        | n/a       
Model 8    | 0.0701     | 0.875      | 0.739      | n/a        | n/a        | n/a       
Model 9    | 0.0570     | 0.867      | 0.765      | n/a        | n/a        | n/a       
Ensemble (FCFW) | -0.0001    | 0.465      | 0.249      | n/a        | n/a        | n/a       
Saving results to out/hpo/hopfield_20q_p2_b15_20260605_111736/trials/trial_0021/results.csv...
Experiment: Boosting on Hopfield (20q, 2p)
Configuration:
  train_samples: 1000
  data_seed: 42
  n_samples: 400
  n_models: 10
  learning_rate: 0.007812634833498679
  epochs_per_step: 400
  caching_level: none
  ensemble_samples_coeff: 1.0
  init_baseline: covariance
  init_later: random
  lambda_dual: 1.0
  lambda_schedule: {'type': 'frank_wolfe', 'gamma': 0.75, 'tau': 1.0}
  n_ops: 2048
  weight_strategy: frank_wolfe
  alpha_n_grid: 11
  alpha_objective_weight: 0.5
  baseline: none
  shots: 1000
  final_eval_sampling: True
  dataset_metrics: True
  exact_metrics: {'enabled': True, 'max_qubits': 20, 'phases': {'baseline': True, 'steps': False, 'final': True, 'per_model': True, 'fcfw': True}}
  keep_models_for_diagnosis: True
  stop_on_reject: False
  save_circuit_artifacts: False
  rng_seed: 42
  circuit_config: {'topology': 'aachen_heavy_hex', 'distance': 2, 'max_weight': 2, 'n_ancilla': 0}
  turbo: 10
  dynamic_is_within_shell: shell_uniform
  exact_sampling: True
  acceptance_metric: training_mmd
  skip_sampling: True
  report_fcfw: True
  dynamic_is: False
  dynamic_is_beta: 0.021143968722872324
  sigma: [0.9256654827539941, 0.5808494250563888, 0.38625855416194]
  require_exact_sampling: True
================================================================================
Saving config to out/hpo/hopfield_20q_p2_b15_20260605_111736/trials/trial_0022/config.json...
Gate structure: Qubits: 20
Aachen heavy-hex topology: 39 parameters
one_qubit=20, two_qubit=19
Using Gaussian Kernel (n_ops=2048, n_qubits=20):
  - sigma=0.92566548
  - sigma=0.58084943
  - sigma=0.38625855
Expected sampled operator size:
  - p=4.420736, std=1.855691
  - p=7.728130, std=2.177597
  - p=9.649614, std=2.234695
  mean: 7.266160
  std: 3.009434
Baselines enabled: 

Training ensemble Model 0 (400 epochs)...
Training has not converged after 400 steps
Model 0 final loss: 0.022311
  [Step 0/9] train_MMD=0.0229 alpha_opt=1.0000 oracle_top1_TVD=0.9606

[Step 1] Training Model 1...
  lambda_dual: 0.6250
Training has not converged after 400 steps
  Weighting: frank_wolfe alpha = 0.3750
  [Step 1/9] train_MMD=0.0106 alpha_opt=0.3750 oracle_top2_TVD=0.9212
  [OK] MMD improved (delta=+0.012306)
  SNR (proxy): 7.52 (mean_norm=0.0094, std_norm=0.0013)

[Step 2] Training Model 2...
  lambda_dual: 0.7500
Training has not converged after 400 steps
  Weighting: frank_wolfe alpha = 0.2500
  [Step 2/9] train_MMD=0.0103 alpha_opt=0.2500 oracle_top3_TVD=0.8817
  [OK] MMD improved (delta=+0.000370)
  SNR (proxy): 7.25 (mean_norm=0.0060, std_norm=0.0008)

[Step 3] Training Model 3...
  lambda_dual: 0.8125
Training has not converged after 400 steps
  Weighting: frank_wolfe alpha = 0.1875
  [Step 3/9] train_MMD=0.0066 alpha_opt=0.1875 oracle_top4_TVD=0.8423
  [OK] MMD improved (delta=+0.003630)
  SNR (proxy): 3.78 (mean_norm=0.0084, std_norm=0.0022)

[Step 4] Training Model 4...
  lambda_dual: 0.8500
Training has not converged after 400 steps
  Weighting: frank_wolfe alpha = 0.1500
  [Step 4/9] train_MMD=0.0047 alpha_opt=0.1500 oracle_top5_TVD=0.8358
  [OK] MMD improved (delta=+0.001897)
  SNR (proxy): 4.73 (mean_norm=0.0061, std_norm=0.0013)

[Step 5] Training Model 5...
  lambda_dual: 0.8750
Training has not converged after 400 steps
  Weighting: frank_wolfe alpha = 0.1250
  [Step 5/9] train_MMD=0.0014 alpha_opt=0.1250 oracle_top6_TVD=0.8293
  [OK] MMD improved (delta=+0.003389)
  SNR (proxy): 4.09 (mean_norm=0.0056, std_norm=0.0014)

[Step 6] Training Model 6...
  lambda_dual: 0.8929
Training has not converged after 400 steps
  Weighting: frank_wolfe alpha = 0.1071
  [Step 6/9] train_MMD=0.0012 alpha_opt=0.1071 oracle_top7_TVD=0.8228
  [OK] MMD improved (delta=+0.000149)
  SNR (proxy): 6.48 (mean_norm=0.0049, std_norm=0.0008)

[Step 7] Training Model 7...
  lambda_dual: 0.9062
Training has not converged after 400 steps
  Weighting: frank_wolfe alpha = 0.0937
  [Step 7/9] train_MMD=0.0008 alpha_opt=0.0937 oracle_top8_TVD=0.8163
  [OK] MMD improved (delta=+0.000435)
  SNR (proxy): 3.47 (mean_norm=0.0061, std_norm=0.0018)

[Step 8] Training Model 8...
  lambda_dual: 0.9167
Training has not converged after 400 steps
  Weighting: frank_wolfe alpha = 0.0833
  [Step 8/9] train_MMD=0.0006 alpha_opt=0.0833 oracle_top9_TVD=0.8097
  [OK] MMD improved (delta=+0.000211)
  SNR (proxy): 4.21 (mean_norm=0.0046, std_norm=0.0011)

[Step 9] Training Model 9...
  lambda_dual: 0.9250
Training has not converged after 400 steps
  Weighting: frank_wolfe alpha = 0.0750
  [Step 9/9] train_MMD=0.0002 alpha_opt=0.0750 oracle_top10_TVD=0.8032
  [OK] MMD improved (delta=+0.000319)
  SNR (proxy): 4.45 (mean_norm=0.0031, std_norm=0.0007)

Final: 10 models, MMD=0.0002 (delta=+0.0227) F1=nan

[FCFW] Computing Fully Corrective Frank-Wolfe weights for final ensemble...
  Weighting: fully corrective QP weights = [0.1020, 0.0391, 0.0745, 0.0870, 0.0313, 0.0623, 0.1645, 0.1198, 0.1934, 0.1263]
  FCFW Sampled MMD^2: -0.000298
  FCFW Sampled TVD:   0.4725

FINAL MODEL COMPARISON (inc. FCFW)
Model      | MMD        | TVD        | TVD*       | Valid      | Cover      | F1        
----------------------------------------------------------------------------------------
Baseline   | 0.0229     | n/a        | n/a        | n/a        | n/a        | n/a       
Ensemble   | 0.0002     | 0.494      | 0.256      | n/a        | n/a        | n/a       
Model 0    | 0.0227     | 0.926      | 0.704      | n/a        | n/a        | n/a       
Model 1    | 0.0473     | 0.838      | 0.709      | n/a        | n/a        | n/a       
Model 2    | 0.0531     | 0.907      | 0.809      | n/a        | n/a        | n/a       
Model 3    | 0.1038     | 0.874      | 0.757      | n/a        | n/a        | n/a       
Model 4    | 0.1095     | 0.896      | 0.768      | n/a        | n/a        | n/a       
Model 5    | 0.2185     | 0.892      | 0.812      | n/a        | n/a        | n/a       
Model 6    | 0.0880     | 0.895      | 0.738      | n/a        | n/a        | n/a       
Model 7    | 0.1078     | 0.907      | 0.789      | n/a        | n/a        | n/a       
Model 8    | 0.0810     | 0.880      | 0.722      | n/a        | n/a        | n/a       
Model 9    | 0.1038     | 0.881      | 0.741      | n/a        | n/a        | n/a       
Ensemble (FCFW) | -0.0003    | 0.473      | 0.238      | n/a        | n/a        | n/a       
Saving results to out/hpo/hopfield_20q_p2_b15_20260605_111736/trials/trial_0022/results.csv...
Experiment: Boosting on Hopfield (20q, 2p)
Configuration:
  train_samples: 1000
  data_seed: 42
  n_samples: 400
  n_models: 10
  learning_rate: 0.014212058961648321
  epochs_per_step: 400
  caching_level: none
  ensemble_samples_coeff: 1.0
  init_baseline: covariance
  init_later: random
  lambda_dual: 1.0
  lambda_schedule: {'type': 'frank_wolfe', 'gamma': 0.75, 'tau': 1.0}
  n_ops: 2048
  weight_strategy: frank_wolfe
  alpha_n_grid: 11
  alpha_objective_weight: 0.5
  baseline: none
  shots: 1000
  final_eval_sampling: True
  dataset_metrics: True
  exact_metrics: {'enabled': True, 'max_qubits': 20, 'phases': {'baseline': True, 'steps': False, 'final': True, 'per_model': True, 'fcfw': True}}
  keep_models_for_diagnosis: True
  stop_on_reject: False
  save_circuit_artifacts: False
  rng_seed: 42
  circuit_config: {'topology': 'aachen_heavy_hex', 'distance': 2, 'max_weight': 2, 'n_ancilla': 0}
  turbo: 10
  dynamic_is_within_shell: shell_uniform
  exact_sampling: True
  acceptance_metric: training_mmd
  skip_sampling: True
  report_fcfw: True
  dynamic_is: False
  dynamic_is_beta: 0.02024039140249268
  sigma: [0.9007088921347908, 0.6750663105866987, 0.5368656144363635]
  require_exact_sampling: True
================================================================================
Saving config to out/hpo/hopfield_20q_p2_b15_20260605_111736/trials/trial_0023/config.json...
Gate structure: Qubits: 20
Aachen heavy-hex topology: 39 parameters
one_qubit=20, two_qubit=19
Using Gaussian Kernel (n_ops=2048, n_qubits=20):
  - sigma=0.90070889
  - sigma=0.67506631
  - sigma=0.53686561
Expected sampled operator size:
  - p=4.600683, std=1.882118
  - p=6.661883, std=2.107807
  - p=8.235571, std=2.200986
  mean: 6.499379
  std: 2.547899
Baselines enabled: 

Training ensemble Model 0 (400 epochs)...
Training has not converged after 400 steps
Model 0 final loss: 0.024819
  [Step 0/9] train_MMD=0.0246 alpha_opt=1.0000 oracle_top1_TVD=0.9606

[Step 1] Training Model 1...
  lambda_dual: 0.6250
Training has not converged after 400 steps
  Weighting: frank_wolfe alpha = 0.3750
  [Step 1/9] train_MMD=0.0120 alpha_opt=0.3750 oracle_top2_TVD=0.9212
  [OK] MMD improved (delta=+0.012541)
  SNR (proxy): 5.76 (mean_norm=0.0092, std_norm=0.0016)

[Step 2] Training Model 2...
  lambda_dual: 0.7500
Training has not converged after 400 steps
  Weighting: frank_wolfe alpha = 0.2500
  [Step 2/9] train_MMD=0.0114 alpha_opt=0.2500 oracle_top3_TVD=0.8817
  [OK] MMD improved (delta=+0.000648)
  SNR (proxy): 3.72 (mean_norm=0.0068, std_norm=0.0018)

[Step 3] Training Model 3...
  lambda_dual: 0.8125
Training has not converged after 400 steps
  Weighting: frank_wolfe alpha = 0.1875
  [Step 3/9] train_MMD=0.0081 alpha_opt=0.1875 oracle_top4_TVD=0.8423
  [OK] MMD improved (delta=+0.003349)
  SNR (proxy): 6.39 (mean_norm=0.0091, std_norm=0.0014)

[Step 4] Training Model 4...
  lambda_dual: 0.8500
Training has not converged after 400 steps
  Weighting: frank_wolfe alpha = 0.1500
  [Step 4/9] train_MMD=0.0056 alpha_opt=0.1500 oracle_top5_TVD=0.8358
  [OK] MMD improved (delta=+0.002435)
  SNR (proxy): 5.48 (mean_norm=0.0054, std_norm=0.0010)

[Step 5] Training Model 5...
  lambda_dual: 0.8750
Training has not converged after 400 steps
  Weighting: frank_wolfe alpha = 0.1250
  [Step 5/9] train_MMD=0.0019 alpha_opt=0.1250 oracle_top6_TVD=0.8293
  [OK] MMD improved (delta=+0.003730)
  SNR (proxy): 5.47 (mean_norm=0.0046, std_norm=0.0008)

[Step 6] Training Model 6...
  lambda_dual: 0.8929
Training has not converged after 400 steps
  Weighting: frank_wolfe alpha = 0.1071
  [Step 6/9] train_MMD=0.0014 alpha_opt=0.1071 oracle_top7_TVD=0.8228
  [OK] MMD improved (delta=+0.000478)
  SNR (proxy): 5.86 (mean_norm=0.0074, std_norm=0.0013)

[Step 7] Training Model 7...
  lambda_dual: 0.9062
Training has not converged after 400 steps
  Weighting: frank_wolfe alpha = 0.0937
  [Step 7/9] train_MMD=0.0018 alpha_opt=0.0937 oracle_top8_TVD=0.8163
  [WARNING] MMD worsened but kept (diagnostic, delta=-0.000362)
  SNR (proxy): 3.91 (mean_norm=0.0053, std_norm=0.0014)

[Step 8] Training Model 8...
  lambda_dual: 0.9167
Training has not converged after 400 steps
  Weighting: frank_wolfe alpha = 0.0833
  [Step 8/9] train_MMD=0.0007 alpha_opt=0.0833 oracle_top9_TVD=0.8097
  [OK] MMD improved (delta=+0.001060)
  SNR (proxy): 3.40 (mean_norm=0.0046, std_norm=0.0013)

[Step 9] Training Model 9...
  lambda_dual: 0.9250
Training has not converged after 400 steps
  Weighting: frank_wolfe alpha = 0.0750
  [Step 9/9] train_MMD=0.0004 alpha_opt=0.0750 oracle_top10_TVD=0.8032
  [OK] MMD improved (delta=+0.000281)
  SNR (proxy): 5.92 (mean_norm=0.0036, std_norm=0.0006)

Final: 10 models, MMD=0.0003 (delta=+0.0243) F1=nan

[FCFW] Computing Fully Corrective Frank-Wolfe weights for final ensemble...
  Weighting: fully corrective QP weights = [0.1056, 0.0848, 0.0651, 0.0888, 0.1513, 0.0493, 0.1690, 0.0438, 0.0979, 0.1443]
  FCFW Sampled MMD^2: -0.000309
  FCFW Sampled TVD:   0.4664

FINAL MODEL COMPARISON (inc. FCFW)
Model      | MMD        | TVD        | TVD*       | Valid      | Cover      | F1        
----------------------------------------------------------------------------------------
Baseline   | 0.0246     | n/a        | n/a        | n/a        | n/a        | n/a       
Ensemble   | 0.0003     | 0.489      | 0.245      | n/a        | n/a        | n/a       
Model 0    | 0.0262     | 0.953      | 0.698      | n/a        | n/a        | n/a       
Model 1    | 0.0468     | 0.805      | 0.688      | n/a        | n/a        | n/a       
Model 2    | 0.0469     | 0.904      | 0.813      | n/a        | n/a        | n/a       
Model 3    | 0.1092     | 0.869      | 0.750      | n/a        | n/a        | n/a       
Model 4    | 0.1307     | 0.880      | 0.760      | n/a        | n/a        | n/a       
Model 5    | 0.2417     | 0.891      | 0.808      | n/a        | n/a        | n/a       
Model 6    | 0.0841     | 0.881      | 0.727      | n/a        | n/a        | n/a       
Model 7    | 0.0551     | 0.892      | 0.731      | n/a        | n/a        | n/a       
Model 8    | 0.2595     | 0.891      | 0.792      | n/a        | n/a        | n/a       
Model 9    | 0.1043     | 0.886      | 0.735      | n/a        | n/a        | n/a       
Ensemble (FCFW) | -0.0003    | 0.466      | 0.219      | n/a        | n/a        | n/a       
Saving results to out/hpo/hopfield_20q_p2_b15_20260605_111736/trials/trial_0023/results.csv...
Experiment: Boosting on Hopfield (20q, 2p)
Configuration:
  train_samples: 1000
  data_seed: 42
  n_samples: 400
  n_models: 10
  learning_rate: 0.009892978731301664
  epochs_per_step: 400
  caching_level: none
  ensemble_samples_coeff: 1.0
  init_baseline: covariance
  init_later: random
  lambda_dual: 1.0
  lambda_schedule: {'type': 'frank_wolfe', 'gamma': 0.75, 'tau': 1.0}
  n_ops: 2048
  weight_strategy: frank_wolfe
  alpha_n_grid: 11
  alpha_objective_weight: 0.5
  baseline: none
  shots: 1000
  final_eval_sampling: True
  dataset_metrics: True
  exact_metrics: {'enabled': True, 'max_qubits': 20, 'phases': {'baseline': True, 'steps': False, 'final': True, 'per_model': True, 'fcfw': True}}
  keep_models_for_diagnosis: True
  stop_on_reject: False
  save_circuit_artifacts: False
  rng_seed: 42
  circuit_config: {'topology': 'aachen_heavy_hex', 'distance': 2, 'max_weight': 2, 'n_ancilla': 0}
  turbo: 10
  dynamic_is_within_shell: shell_uniform
  exact_sampling: True
  acceptance_metric: training_mmd
  skip_sampling: True
  report_fcfw: True
  dynamic_is: False
  dynamic_is_beta: 0.016882349920632332
  sigma: [0.961431917799599, 0.6797125364016948, 0.527063690251321]
  require_exact_sampling: True
================================================================================
Saving config to out/hpo/hopfield_20q_p2_b15_20260605_111736/trials/trial_0024/config.json...
Gate structure: Qubits: 20
Aachen heavy-hex topology: 39 parameters
one_qubit=20, two_qubit=19
Using Gaussian Kernel (n_ops=2048, n_qubits=20):
  - sigma=0.96143192
  - sigma=0.67971254
  - sigma=0.52706369
Expected sampled operator size:
  - p=4.177876, std=1.818005
  - p=6.611608, std=2.103792
  - p=8.346815, std=2.205300
  mean: 6.378766
  std: 2.668694
Baselines enabled: 

Training ensemble Model 0 (400 epochs)...
Training has not converged after 400 steps
Model 0 final loss: 0.027598
  [Step 0/9] train_MMD=0.0276 alpha_opt=1.0000 oracle_top1_TVD=0.9606

[Step 1] Training Model 1...
  lambda_dual: 0.6250
Training has not converged after 400 steps
  Weighting: frank_wolfe alpha = 0.3750
  [Step 1/9] train_MMD=0.0124 alpha_opt=0.3750 oracle_top2_TVD=0.9212
  [OK] MMD improved (delta=+0.015186)
  SNR (proxy): 7.07 (mean_norm=0.0087, std_norm=0.0012)

[Step 2] Training Model 2...
  lambda_dual: 0.7500
Training has not converged after 400 steps
  Weighting: frank_wolfe alpha = 0.2500
  [Step 2/9] train_MMD=0.0122 alpha_opt=0.2500 oracle_top3_TVD=0.8817
  [OK] MMD improved (delta=+0.000237)
  SNR (proxy): 4.29 (mean_norm=0.0077, std_norm=0.0018)

[Step 3] Training Model 3...
  lambda_dual: 0.8125
Training has not converged after 400 steps
  Weighting: frank_wolfe alpha = 0.1875
  [Step 3/9] train_MMD=0.0081 alpha_opt=0.1875 oracle_top4_TVD=0.8423
  [OK] MMD improved (delta=+0.004063)
  SNR (proxy): 5.06 (mean_norm=0.0091, std_norm=0.0018)

[Step 4] Training Model 4...
  lambda_dual: 0.8500
Training has not converged after 400 steps
  Weighting: frank_wolfe alpha = 0.1500
  [Step 4/9] train_MMD=0.0056 alpha_opt=0.1500 oracle_top5_TVD=0.8358
  [OK] MMD improved (delta=+0.002553)
  SNR (proxy): 4.72 (mean_norm=0.0067, std_norm=0.0014)

[Step 5] Training Model 5...
  lambda_dual: 0.8750
Training has not converged after 400 steps
  Weighting: frank_wolfe alpha = 0.1250
  [Step 5/9] train_MMD=0.0018 alpha_opt=0.1250 oracle_top6_TVD=0.8293
  [OK] MMD improved (delta=+0.003724)
  SNR (proxy): 6.02 (mean_norm=0.0046, std_norm=0.0008)

[Step 6] Training Model 6...
  lambda_dual: 0.8929
Training has not converged after 400 steps
  Weighting: frank_wolfe alpha = 0.1071
  [Step 6/9] train_MMD=0.0015 alpha_opt=0.1071 oracle_top7_TVD=0.8228
  [OK] MMD improved (delta=+0.000302)
  SNR (proxy): 5.43 (mean_norm=0.0061, std_norm=0.0011)

[Step 7] Training Model 7...
  lambda_dual: 0.9062
Training has not converged after 400 steps
  Weighting: frank_wolfe alpha = 0.0937
  [Step 7/9] train_MMD=0.0009 alpha_opt=0.0937 oracle_top8_TVD=0.8163
  [OK] MMD improved (delta=+0.000587)
  SNR (proxy): 4.71 (mean_norm=0.0062, std_norm=0.0013)

[Step 8] Training Model 8...
  lambda_dual: 0.9167
Training has not converged after 400 steps
  Weighting: frank_wolfe alpha = 0.0833
  [Step 8/9] train_MMD=0.0007 alpha_opt=0.0833 oracle_top9_TVD=0.8097
  [OK] MMD improved (delta=+0.000259)
  SNR (proxy): 6.01 (mean_norm=0.0063, std_norm=0.0010)

[Step 9] Training Model 9...
  lambda_dual: 0.9250
Training has not converged after 400 steps
  Weighting: frank_wolfe alpha = 0.0750
  [Step 9/9] train_MMD=0.0003 alpha_opt=0.0750 oracle_top10_TVD=0.8032
  [OK] MMD improved (delta=+0.000339)
  SNR (proxy): 4.90 (mean_norm=0.0034, std_norm=0.0007)

Final: 10 models, MMD=0.0002 (delta=+0.0274) F1=nan

[FCFW] Computing Fully Corrective Frank-Wolfe weights for final ensemble...
  Weighting: fully corrective QP weights = [0.1022, 0.0344, 0.0624, 0.0907, 0.0611, 0.0595, 0.1783, 0.1162, 0.1667, 0.1285]
  FCFW Sampled MMD^2: -0.000323
  FCFW Sampled TVD:   0.4739

FINAL MODEL COMPARISON (inc. FCFW)
Model      | MMD        | TVD        | TVD*       | Valid      | Cover      | F1        
----------------------------------------------------------------------------------------
Baseline   | 0.0276     | n/a        | n/a        | n/a        | n/a        | n/a       
Ensemble   | 0.0002     | 0.482      | 0.249      | n/a        | n/a        | n/a       
Model 0    | 0.0284     | 0.943      | 0.699      | n/a        | n/a        | n/a       
Model 1    | 0.0551     | 0.828      | 0.707      | n/a        | n/a        | n/a       
Model 2    | 0.0657     | 0.911      | 0.811      | n/a        | n/a        | n/a       
Model 3    | 0.1066     | 0.849      | 0.771      | n/a        | n/a        | n/a       
Model 4    | 0.1374     | 0.893      | 0.763      | n/a        | n/a        | n/a       
Model 5    | 0.2441     | 0.889      | 0.806      | n/a        | n/a        | n/a       
Model 6    | 0.1136     | 0.888      | 0.727      | n/a        | n/a        | n/a       
Model 7    | 0.1302     | 0.906      | 0.800      | n/a        | n/a        | n/a       
Model 8    | 0.0980     | 0.883      | 0.723      | n/a        | n/a        | n/a       
Model 9    | 0.1325     | 0.886      | 0.737      | n/a        | n/a        | n/a       
Ensemble (FCFW) | -0.0003    | 0.474      | 0.227      | n/a        | n/a        | n/a       
Saving results to out/hpo/hopfield_20q_p2_b15_20260605_111736/trials/trial_0024/results.csv...
Experiment: Boosting on Hopfield (20q, 2p)
Configuration:
  train_samples: 1000
  data_seed: 42
  n_samples: 400
  n_models: 10
  learning_rate: 0.008382992948611882
  epochs_per_step: 400
  caching_level: none
  ensemble_samples_coeff: 1.0
  init_baseline: covariance
  init_later: random
  lambda_dual: 1.0
  lambda_schedule: {'type': 'frank_wolfe', 'gamma': 0.75, 'tau': 1.0}
  n_ops: 2048
  weight_strategy: frank_wolfe
  alpha_n_grid: 11
  alpha_objective_weight: 0.5
  baseline: none
  shots: 1000
  final_eval_sampling: True
  dataset_metrics: True
  exact_metrics: {'enabled': True, 'max_qubits': 20, 'phases': {'baseline': True, 'steps': False, 'final': True, 'per_model': True, 'fcfw': True}}
  keep_models_for_diagnosis: True
  stop_on_reject: False
  save_circuit_artifacts: False
  rng_seed: 42
  circuit_config: {'topology': 'aachen_heavy_hex', 'distance': 2, 'max_weight': 2, 'n_ancilla': 0}
  turbo: 10
  dynamic_is_within_shell: shell_uniform
  exact_sampling: True
  acceptance_metric: training_mmd
  skip_sampling: True
  report_fcfw: True
  dynamic_is: False
  dynamic_is_beta: 0.014335524658755514
  sigma: [1.2596189588133584, 0.6822853763477703, 0.5290171402526406]
  require_exact_sampling: True
================================================================================
Saving config to out/hpo/hopfield_20q_p2_b15_20260605_111736/trials/trial_0025/config.json...
Gate structure: Qubits: 20
Aachen heavy-hex topology: 39 parameters
one_qubit=20, two_qubit=19
Using Gaussian Kernel (n_ops=2048, n_qubits=20):
  - sigma=1.25961896
  - sigma=0.68228538
  - sigma=0.52901714
Expected sampled operator size:
  - p=2.703070, std=1.528967
  - p=6.583892, std=2.101549
  - p=8.324734, std=2.204467
  mean: 5.870565
  std: 3.064786
Baselines enabled: 

Training ensemble Model 0 (400 epochs)...
Training has not converged after 400 steps
Model 0 final loss: 0.039835
  [Step 0/9] train_MMD=0.0396 alpha_opt=1.0000 oracle_top1_TVD=0.9606

[Step 1] Training Model 1...
  lambda_dual: 0.6250
Training has not converged after 400 steps
  Weighting: frank_wolfe alpha = 0.3750
  [Step 1/9] train_MMD=0.0148 alpha_opt=0.3750 oracle_top2_TVD=0.9212
  [OK] MMD improved (delta=+0.024727)
  SNR (proxy): 6.37 (mean_norm=0.0097, std_norm=0.0015)

[Step 2] Training Model 2...
  lambda_dual: 0.7500
Training has not converged after 400 steps
  Weighting: frank_wolfe alpha = 0.2500
  [Step 2/9] train_MMD=0.0120 alpha_opt=0.2500 oracle_top3_TVD=0.8817
  [OK] MMD improved (delta=+0.002801)
  SNR (proxy): 4.77 (mean_norm=0.0090, std_norm=0.0019)

[Step 3] Training Model 3...
  lambda_dual: 0.8125
Training has not converged after 400 steps
  Weighting: frank_wolfe alpha = 0.1875
  [Step 3/9] train_MMD=0.0086 alpha_opt=0.1875 oracle_top4_TVD=0.8423
  [OK] MMD improved (delta=+0.003408)
  SNR (proxy): 5.80 (mean_norm=0.0070, std_norm=0.0012)

[Step 4] Training Model 4...
  lambda_dual: 0.8500
Training has not converged after 400 steps
  Weighting: frank_wolfe alpha = 0.1500
  [Step 4/9] train_MMD=0.0069 alpha_opt=0.1500 oracle_top5_TVD=0.8358
  [OK] MMD improved (delta=+0.001709)
  SNR (proxy): 6.43 (mean_norm=0.0050, std_norm=0.0008)

[Step 5] Training Model 5...
  lambda_dual: 0.8750
Training has not converged after 400 steps
  Weighting: frank_wolfe alpha = 0.1250
  [Step 5/9] train_MMD=0.0034 alpha_opt=0.1250 oracle_top6_TVD=0.8293
  [OK] MMD improved (delta=+0.003474)
  SNR (proxy): 4.37 (mean_norm=0.0043, std_norm=0.0010)

[Step 6] Training Model 6...
  lambda_dual: 0.8929
Training has not converged after 400 steps
  Weighting: frank_wolfe alpha = 0.1071
  [Step 6/9] train_MMD=0.0037 alpha_opt=0.1071 oracle_top7_TVD=0.8228
  [WARNING] MMD worsened but kept (diagnostic, delta=-0.000294)
  SNR (proxy): 9.12 (mean_norm=0.0078, std_norm=0.0009)

[Step 7] Training Model 7...
  lambda_dual: 0.9062
Training has not converged after 400 steps
  Weighting: frank_wolfe alpha = 0.0937
  [Step 7/9] train_MMD=0.0012 alpha_opt=0.0937 oracle_top8_TVD=0.8163
  [OK] MMD improved (delta=+0.002506)
  SNR (proxy): 2.48 (mean_norm=0.0039, std_norm=0.0016)

[Step 8] Training Model 8...
  lambda_dual: 0.9167
Training has not converged after 400 steps
  Weighting: frank_wolfe alpha = 0.0833
  [Step 8/9] train_MMD=0.0009 alpha_opt=0.0833 oracle_top9_TVD=0.8097
  [OK] MMD improved (delta=+0.000286)
  SNR (proxy): 6.24 (mean_norm=0.0058, std_norm=0.0009)

[Step 9] Training Model 9...
  lambda_dual: 0.9250
Training has not converged after 400 steps
  Weighting: frank_wolfe alpha = 0.0750
  [Step 9/9] train_MMD=0.0005 alpha_opt=0.0750 oracle_top10_TVD=0.8032
  [OK] MMD improved (delta=+0.000415)
  SNR (proxy): 9.89 (mean_norm=0.0055, std_norm=0.0006)

Final: 10 models, MMD=0.0003 (delta=+0.0393) F1=nan

[FCFW] Computing Fully Corrective Frank-Wolfe weights for final ensemble...
  Weighting: fully corrective QP weights = [0.0960, 0.0390, 0.1046, 0.1850, 0.0952, 0.0675, 0.0627, 0.1063, 0.1247, 0.1190]
  FCFW Sampled MMD^2: 0.000007
  FCFW Sampled TVD:   0.4813

FINAL MODEL COMPARISON (inc. FCFW)
Model      | MMD        | TVD        | TVD*       | Valid      | Cover      | F1        
----------------------------------------------------------------------------------------
Baseline   | 0.0396     | n/a        | n/a        | n/a        | n/a        | n/a       
Ensemble   | 0.0003     | 0.485      | 0.276      | n/a        | n/a        | n/a       
Model 0    | 0.0408     | 0.958      | 0.758      | n/a        | n/a        | n/a       
Model 1    | 0.0863     | 0.819      | 0.716      | n/a        | n/a        | n/a       
Model 2    | 0.0920     | 0.829      | 0.726      | n/a        | n/a        | n/a       
Model 3    | 0.1003     | 0.887      | 0.725      | n/a        | n/a        | n/a       
Model 4    | 0.1614     | 0.899      | 0.798      | n/a        | n/a        | n/a       
Model 5    | 0.2632     | 0.880      | 0.798      | n/a        | n/a        | n/a       
Model 6    | 0.0924     | 0.913      | 0.760      | n/a        | n/a        | n/a       
Model 7    | 0.3045     | 0.900      | 0.834      | n/a        | n/a        | n/a       
Model 8    | 0.1348     | 0.867      | 0.733      | n/a        | n/a        | n/a       
Model 9    | 0.1424     | 0.885      | 0.733      | n/a        | n/a        | n/a       
Ensemble (FCFW) | 0.0000     | 0.481      | 0.260      | n/a        | n/a        | n/a       
Saving results to out/hpo/hopfield_20q_p2_b15_20260605_111736/trials/trial_0025/results.csv...
Experiment: Boosting on Hopfield (20q, 2p)
Configuration:
  train_samples: 1000
  data_seed: 42
  n_samples: 400
  n_models: 10
  learning_rate: 0.01079783527004291
  epochs_per_step: 400
  caching_level: none
  ensemble_samples_coeff: 1.0
  init_baseline: covariance
  init_later: random
  lambda_dual: 1.0
  lambda_schedule: {'type': 'frank_wolfe', 'gamma': 0.75, 'tau': 1.0}
  n_ops: 2048
  weight_strategy: frank_wolfe
  alpha_n_grid: 11
  alpha_objective_weight: 0.5
  baseline: none
  shots: 1000
  final_eval_sampling: True
  dataset_metrics: True
  exact_metrics: {'enabled': True, 'max_qubits': 20, 'phases': {'baseline': True, 'steps': False, 'final': True, 'per_model': True, 'fcfw': True}}
  keep_models_for_diagnosis: True
  stop_on_reject: False
  save_circuit_artifacts: False
  rng_seed: 42
  circuit_config: {'topology': 'aachen_heavy_hex', 'distance': 2, 'max_weight': 2, 'n_ancilla': 0}
  turbo: 10
  dynamic_is_within_shell: shell_uniform
  exact_sampling: True
  acceptance_metric: training_mmd
  skip_sampling: True
  report_fcfw: True
  dynamic_is: False
  dynamic_is_beta: 0.029536343180881365
  sigma: [1.0660529529188068, 0.7624717237875365, 0.541186611646239]
  require_exact_sampling: True
================================================================================
Saving config to out/hpo/hopfield_20q_p2_b15_20260605_111736/trials/trial_0026/config.json...
Gate structure: Qubits: 20
Aachen heavy-hex topology: 39 parameters
one_qubit=20, two_qubit=19
Using Gaussian Kernel (n_ops=2048, n_qubits=20):
  - sigma=1.06605295
  - sigma=0.76247172
  - sigma=0.54118661
Expected sampled operator size:
  - p=3.559373, std=1.710531
  - p=5.768581, std=2.026019
  - p=8.186210, std=2.198979
  mean: 5.838055
  std: 2.743309
Baselines enabled: 

Training ensemble Model 0 (400 epochs)...
Training has not converged after 400 steps
Model 0 final loss: 0.033632
  [Step 0/9] train_MMD=0.0360 alpha_opt=1.0000 oracle_top1_TVD=0.9606

[Step 1] Training Model 1...
  lambda_dual: 0.6250
Training has not converged after 400 steps
  Weighting: frank_wolfe alpha = 0.3750
  [Step 1/9] train_MMD=0.0140 alpha_opt=0.3750 oracle_top2_TVD=0.9212
  [OK] MMD improved (delta=+0.022015)
  SNR (proxy): 7.97 (mean_norm=0.0104, std_norm=0.0013)

[Step 2] Training Model 2...
  lambda_dual: 0.7500
Training has not converged after 400 steps
  Weighting: frank_wolfe alpha = 0.2500
  [Step 2/9] train_MMD=0.0150 alpha_opt=0.2500 oracle_top3_TVD=0.8817
  [WARNING] MMD worsened but kept (diagnostic, delta=-0.000980)
  SNR (proxy): 6.95 (mean_norm=0.0093, std_norm=0.0013)

[Step 3] Training Model 3...
  lambda_dual: 0.8125
Training has not converged after 400 steps
  Weighting: frank_wolfe alpha = 0.1875
  [Step 3/9] train_MMD=0.0091 alpha_opt=0.1875 oracle_top4_TVD=0.8423
  [OK] MMD improved (delta=+0.005844)
  SNR (proxy): 4.30 (mean_norm=0.0093, std_norm=0.0022)

[Step 4] Training Model 4...
  lambda_dual: 0.8500
Training has not converged after 400 steps
  Weighting: frank_wolfe alpha = 0.1500
  [Step 4/9] train_MMD=0.0067 alpha_opt=0.1500 oracle_top5_TVD=0.8358
  [OK] MMD improved (delta=+0.002408)
  SNR (proxy): 5.83 (mean_norm=0.0070, std_norm=0.0012)

[Step 5] Training Model 5...
  lambda_dual: 0.8750
Training has not converged after 400 steps
  Weighting: frank_wolfe alpha = 0.1250
  [Step 5/9] train_MMD=0.0026 alpha_opt=0.1250 oracle_top6_TVD=0.8293
  [OK] MMD improved (delta=+0.004098)
  SNR (proxy): 7.22 (mean_norm=0.0038, std_norm=0.0005)

[Step 6] Training Model 6...
  lambda_dual: 0.8929
Training has not converged after 400 steps
  Weighting: frank_wolfe alpha = 0.1071
  [Step 6/9] train_MMD=0.0023 alpha_opt=0.1071 oracle_top7_TVD=0.8228
  [OK] MMD improved (delta=+0.000345)
  SNR (proxy): 4.89 (mean_norm=0.0061, std_norm=0.0012)

[Step 7] Training Model 7...
  lambda_dual: 0.9062
Training has not converged after 400 steps
  Weighting: frank_wolfe alpha = 0.0937
  [Step 7/9] train_MMD=0.0011 alpha_opt=0.0937 oracle_top8_TVD=0.8163
  [OK] MMD improved (delta=+0.001119)
  SNR (proxy): 4.65 (mean_norm=0.0076, std_norm=0.0016)

[Step 8] Training Model 8...
  lambda_dual: 0.9167
Training has not converged after 400 steps
  Weighting: frank_wolfe alpha = 0.0833
  [Step 8/9] train_MMD=0.0009 alpha_opt=0.0833 oracle_top9_TVD=0.8097
  [OK] MMD improved (delta=+0.000246)
  SNR (proxy): 4.70 (mean_norm=0.0059, std_norm=0.0013)

[Step 9] Training Model 9...
  lambda_dual: 0.9250
Training has not converged after 400 steps
  Weighting: frank_wolfe alpha = 0.0750
  [Step 9/9] train_MMD=0.0005 alpha_opt=0.0750 oracle_top10_TVD=0.8032
  [OK] MMD improved (delta=+0.000411)
  SNR (proxy): 4.58 (mean_norm=0.0036, std_norm=0.0008)

Final: 10 models, MMD=0.0002 (delta=+0.0358) F1=nan

[FCFW] Computing Fully Corrective Frank-Wolfe weights for final ensemble...
  Weighting: fully corrective QP weights = [0.1032, 0.0463, 0.0634, 0.0702, 0.0827, 0.0429, 0.1713, 0.1319, 0.1360, 0.1521]
  FCFW Sampled MMD^2: -0.000378
  FCFW Sampled TVD:   0.4694

FINAL MODEL COMPARISON (inc. FCFW)
Model      | MMD        | TVD        | TVD*       | Valid      | Cover      | F1        
----------------------------------------------------------------------------------------
Baseline   | 0.0360     | n/a        | n/a        | n/a        | n/a        | n/a       
Ensemble   | 0.0002     | 0.480      | 0.258      | n/a        | n/a        | n/a       
Model 0    | 0.0329     | 0.926      | 0.720      | n/a        | n/a        | n/a       
Model 1    | 0.0752     | 0.823      | 0.714      | n/a        | n/a        | n/a       
Model 2    | 0.0668     | 0.926      | 0.809      | n/a        | n/a        | n/a       
Model 3    | 0.1202     | 0.841      | 0.777      | n/a        | n/a        | n/a       
Model 4    | 0.1652     | 0.883      | 0.767      | n/a        | n/a        | n/a       
Model 5    | 0.2724     | 0.893      | 0.812      | n/a        | n/a        | n/a       
Model 6    | 0.1379     | 0.897      | 0.739      | n/a        | n/a        | n/a       
Model 7    | 0.1595     | 0.898      | 0.788      | n/a        | n/a        | n/a       
Model 8    | 0.1299     | 0.878      | 0.717      | n/a        | n/a        | n/a       
Model 9    | 0.1393     | 0.879      | 0.743      | n/a        | n/a        | n/a       
Ensemble (FCFW) | -0.0004    | 0.469      | 0.231      | n/a        | n/a        | n/a       
Saving results to out/hpo/hopfield_20q_p2_b15_20260605_111736/trials/trial_0026/results.csv...
Experiment: Boosting on Hopfield (20q, 2p)
Configuration:
  train_samples: 1000
  data_seed: 42
  n_samples: 400
  n_models: 10
  learning_rate: 0.004063527975721669
  epochs_per_step: 400
  caching_level: none
  ensemble_samples_coeff: 1.0
  init_baseline: covariance
  init_later: random
  lambda_dual: 1.0
  lambda_schedule: {'type': 'frank_wolfe', 'gamma': 1.0, 'tau': 1.0}
  n_ops: 2048
  weight_strategy: frank_wolfe
  alpha_n_grid: 11
  alpha_objective_weight: 0.5
  baseline: none
  shots: 1000
  final_eval_sampling: True
  dataset_metrics: True
  exact_metrics: {'enabled': True, 'max_qubits': 20, 'phases': {'baseline': True, 'steps': False, 'final': True, 'per_model': True, 'fcfw': True}}
  keep_models_for_diagnosis: True
  stop_on_reject: False
  save_circuit_artifacts: False
  rng_seed: 42
  circuit_config: {'topology': 'aachen_heavy_hex', 'distance': 2, 'max_weight': 2, 'n_ancilla': 0}
  turbo: 10
  dynamic_is_within_shell: shell_uniform
  exact_sampling: True
  acceptance_metric: training_mmd
  skip_sampling: True
  report_fcfw: True
  dynamic_is: False
  dynamic_is_beta: 0.017029156623563482
  sigma: [0.9936235408656854, 0.7762301345982051, 0.5272253771205657]
  require_exact_sampling: True
================================================================================
Saving config to out/hpo/hopfield_20q_p2_b15_20260605_111736/trials/trial_0027/config.json...
Gate structure: Qubits: 20
Aachen heavy-hex topology: 39 parameters
one_qubit=20, two_qubit=19
Using Gaussian Kernel (n_ops=2048, n_qubits=20):
  - sigma=0.99362354
  - sigma=0.77623013
  - sigma=0.52722538
Expected sampled operator size:
  - p=3.973616, std=1.784414
  - p=5.638765, std=2.012208
  - p=8.344989, std=2.205232
  mean: 5.985790
  std: 2.697607
Baselines enabled: 

Training ensemble Model 0 (400 epochs)...
Training has not converged after 400 steps
Model 0 final loss: 0.031706
  [Step 0/9] train_MMD=0.0330 alpha_opt=1.0000 oracle_top1_TVD=0.9606

[Step 1] Training Model 1...
  lambda_dual: 0.5000
Training has not converged after 400 steps
  Weighting: frank_wolfe alpha = 0.5000
  [Step 1/9] train_MMD=0.0153 alpha_opt=0.5000 oracle_top2_TVD=0.9212
  [OK] MMD improved (delta=+0.017702)
  SNR (proxy): 5.33 (mean_norm=0.0092, std_norm=0.0017)

[Step 2] Training Model 2...
  lambda_dual: 0.6667
Training has not converged after 400 steps
  Weighting: frank_wolfe alpha = 0.3333
  [Step 2/9] train_MMD=0.0122 alpha_opt=0.3333 oracle_top3_TVD=0.8817
  [OK] MMD improved (delta=+0.003023)
  SNR (proxy): 4.70 (mean_norm=0.0102, std_norm=0.0022)

[Step 3] Training Model 3...
  lambda_dual: 0.7500
Training has not converged after 400 steps
  Weighting: frank_wolfe alpha = 0.2500
  [Step 3/9] train_MMD=0.0105 alpha_opt=0.2500 oracle_top4_TVD=0.8423
  [OK] MMD improved (delta=+0.001795)
  SNR (proxy): 8.34 (mean_norm=0.0109, std_norm=0.0013)

[Step 4] Training Model 4...
  lambda_dual: 0.8000
Training has not converged after 400 steps
  Weighting: frank_wolfe alpha = 0.2000
  [Step 4/9] train_MMD=0.0091 alpha_opt=0.2000 oracle_top5_TVD=0.8358
  [OK] MMD improved (delta=+0.001330)
  SNR (proxy): 3.34 (mean_norm=0.0070, std_norm=0.0021)

[Step 5] Training Model 5...
  lambda_dual: 0.8333
Training has not converged after 400 steps
  Weighting: frank_wolfe alpha = 0.1667
  [Step 5/9] train_MMD=0.0057 alpha_opt=0.1667 oracle_top6_TVD=0.8293
  [OK] MMD improved (delta=+0.003378)
  SNR (proxy): 4.18 (mean_norm=0.0067, std_norm=0.0016)

[Step 6] Training Model 6...
  lambda_dual: 0.8571
Training has not converged after 400 steps
  Weighting: frank_wolfe alpha = 0.1429
  [Step 6/9] train_MMD=0.0054 alpha_opt=0.1429 oracle_top7_TVD=0.8228
  [OK] MMD improved (delta=+0.000310)
  SNR (proxy): 7.21 (mean_norm=0.0102, std_norm=0.0014)

[Step 7] Training Model 7...
  lambda_dual: 0.8750
Training has not converged after 400 steps
  Weighting: frank_wolfe alpha = 0.1250
  [Step 7/9] train_MMD=0.0017 alpha_opt=0.1250 oracle_top8_TVD=0.8163
  [OK] MMD improved (delta=+0.003685)
  SNR (proxy): 3.60 (mean_norm=0.0051, std_norm=0.0014)

[Step 8] Training Model 8...
  lambda_dual: 0.8889
Training has not converged after 400 steps
  Weighting: frank_wolfe alpha = 0.1111
  [Step 8/9] train_MMD=0.0016 alpha_opt=0.1111 oracle_top9_TVD=0.8097
  [OK] MMD improved (delta=+0.000170)
  SNR (proxy): 5.80 (mean_norm=0.0051, std_norm=0.0009)

[Step 9] Training Model 9...
  lambda_dual: 0.9000
Training has not converged after 400 steps
  Weighting: frank_wolfe alpha = 0.1000
  [Step 9/9] train_MMD=0.0010 alpha_opt=0.1000 oracle_top10_TVD=0.8032
  [OK] MMD improved (delta=+0.000622)
  SNR (proxy): 4.88 (mean_norm=0.0061, std_norm=0.0013)

Final: 10 models, MMD=0.0007 (delta=+0.0323) F1=nan

[FCFW] Computing Fully Corrective Frank-Wolfe weights for final ensemble...
  Weighting: fully corrective QP weights = [0.0057, 0.0000, 0.1127, 0.0867, 0.0642, 0.0692, 0.2104, 0.1376, 0.1757, 0.1379]
  FCFW Sampled MMD^2: -0.000165
  FCFW Sampled TVD:   0.4915

FINAL MODEL COMPARISON (inc. FCFW)
Model      | MMD        | TVD        | TVD*       | Valid      | Cover      | F1        
----------------------------------------------------------------------------------------
Baseline   | 0.0330     | n/a        | n/a        | n/a        | n/a        | n/a       
Ensemble   | 0.0007     | 0.492      | 0.242      | n/a        | n/a        | n/a       
Model 0    | 0.0319     | 0.968      | 0.708      | n/a        | n/a        | n/a       
Model 1    | 0.0509     | 0.878      | 0.639      | n/a        | n/a        | n/a       
Model 2    | 0.0536     | 0.834      | 0.663      | n/a        | n/a        | n/a       
Model 3    | 0.0614     | 0.863      | 0.677      | n/a        | n/a        | n/a       
Model 4    | 0.1225     | 0.914      | 0.813      | n/a        | n/a        | n/a       
Model 5    | 0.1478     | 0.864      | 0.736      | n/a        | n/a        | n/a       
Model 6    | 0.0859     | 0.891      | 0.745      | n/a        | n/a        | n/a       
Model 7    | 0.2320     | 0.891      | 0.804      | n/a        | n/a        | n/a       
Model 8    | 0.1049     | 0.879      | 0.721      | n/a        | n/a        | n/a       
Model 9    | 0.0982     | 0.880      | 0.731      | n/a        | n/a        | n/a       
Ensemble (FCFW) | -0.0002    | 0.492      | 0.241      | n/a        | n/a        | n/a       
Saving results to out/hpo/hopfield_20q_p2_b15_20260605_111736/trials/trial_0027/results.csv...
Experiment: Boosting on Hopfield (20q, 2p)
Configuration:
  train_samples: 1000
  data_seed: 42
  n_samples: 400
  n_models: 10
  learning_rate: 0.0036175747788940826
  epochs_per_step: 400
  caching_level: none
  ensemble_samples_coeff: 1.0
  init_baseline: covariance
  init_later: random
  lambda_dual: 1.0
  lambda_schedule: {'type': 'frank_wolfe', 'gamma': 1.0, 'tau': 1.0}
  n_ops: 2048
  weight_strategy: frank_wolfe
  alpha_n_grid: 11
  alpha_objective_weight: 0.5
  baseline: none
  shots: 1000
  final_eval_sampling: True
  dataset_metrics: True
  exact_metrics: {'enabled': True, 'max_qubits': 20, 'phases': {'baseline': True, 'steps': False, 'final': True, 'per_model': True, 'fcfw': True}}
  keep_models_for_diagnosis: True
  stop_on_reject: False
  save_circuit_artifacts: False
  rng_seed: 42
  circuit_config: {'topology': 'aachen_heavy_hex', 'distance': 2, 'max_weight': 2, 'n_ancilla': 0}
  turbo: 10
  dynamic_is_within_shell: shell_uniform
  exact_sampling: True
  acceptance_metric: training_mmd
  skip_sampling: True
  report_fcfw: True
  dynamic_is: False
  dynamic_is_beta: 0.01667541528487291
  sigma: [0.9887668164803858, 0.6836561367789692, 0.5166680014198236]
  require_exact_sampling: True
================================================================================
Saving config to out/hpo/hopfield_20q_p2_b15_20260605_111736/trials/trial_0028/config.json...
Gate structure: Qubits: 20
Aachen heavy-hex topology: 39 parameters
one_qubit=20, two_qubit=19
Using Gaussian Kernel (n_ops=2048, n_qubits=20):
  - sigma=0.98876682
  - sigma=0.68365614
  - sigma=0.51666800
Expected sampled operator size:
  - p=4.003597, std=1.789457
  - p=6.569161, std=2.100349
  - p=8.463440, std=2.209513
  mean: 6.345400
  std: 2.739573
Baselines enabled: 

Training ensemble Model 0 (400 epochs)...
Training has not converged after 400 steps
Model 0 final loss: 0.029036
  [Step 0/9] train_MMD=0.0293 alpha_opt=1.0000 oracle_top1_TVD=0.9606

[Step 1] Training Model 1...
  lambda_dual: 0.5000
Training has not converged after 400 steps
  Weighting: frank_wolfe alpha = 0.5000
  [Step 1/9] train_MMD=0.0143 alpha_opt=0.5000 oracle_top2_TVD=0.9212
  [OK] MMD improved (delta=+0.014989)
  SNR (proxy): 4.49 (mean_norm=0.0104, std_norm=0.0023)

[Step 2] Training Model 2...
  lambda_dual: 0.6667
Training has not converged after 400 steps
  Weighting: frank_wolfe alpha = 0.3333
  [Step 2/9] train_MMD=0.0117 alpha_opt=0.3333 oracle_top3_TVD=0.8817
  [OK] MMD improved (delta=+0.002639)
  SNR (proxy): 5.02 (mean_norm=0.0093, std_norm=0.0019)

[Step 3] Training Model 3...
  lambda_dual: 0.7500
Training has not converged after 400 steps
  Weighting: frank_wolfe alpha = 0.2500
  [Step 3/9] train_MMD=0.0099 alpha_opt=0.2500 oracle_top4_TVD=0.8423
  [OK] MMD improved (delta=+0.001770)
  SNR (proxy): 6.59 (mean_norm=0.0104, std_norm=0.0016)

[Step 4] Training Model 4...
  lambda_dual: 0.8000
Training has not converged after 400 steps
  Weighting: frank_wolfe alpha = 0.2000
  [Step 4/9] train_MMD=0.0081 alpha_opt=0.2000 oracle_top5_TVD=0.8358
  [OK] MMD improved (delta=+0.001743)
  SNR (proxy): 4.46 (mean_norm=0.0065, std_norm=0.0015)

[Step 5] Training Model 5...
  lambda_dual: 0.8333
Training has not converged after 400 steps
  Weighting: frank_wolfe alpha = 0.1667
  [Step 5/9] train_MMD=0.0043 alpha_opt=0.1667 oracle_top6_TVD=0.8293
  [OK] MMD improved (delta=+0.003898)
  SNR (proxy): 3.35 (mean_norm=0.0072, std_norm=0.0021)

[Step 6] Training Model 6...
  lambda_dual: 0.8571
Training has not converged after 400 steps
  Weighting: frank_wolfe alpha = 0.1429
  [Step 6/9] train_MMD=0.0044 alpha_opt=0.1429 oracle_top7_TVD=0.8228
  [WARNING] MMD worsened but kept (diagnostic, delta=-0.000131)
  SNR (proxy): 6.69 (mean_norm=0.0082, std_norm=0.0012)

[Step 7] Training Model 7...
  lambda_dual: 0.8750
Training has not converged after 400 steps
  Weighting: frank_wolfe alpha = 0.1250
  [Step 7/9] train_MMD=0.0015 alpha_opt=0.1250 oracle_top8_TVD=0.8163
  [OK] MMD improved (delta=+0.002882)
  SNR (proxy): 3.06 (mean_norm=0.0048, std_norm=0.0016)

[Step 8] Training Model 8...
  lambda_dual: 0.8889
Training has not converged after 400 steps
  Weighting: frank_wolfe alpha = 0.1111
  [Step 8/9] train_MMD=0.0013 alpha_opt=0.1111 oracle_top9_TVD=0.8097
  [OK] MMD improved (delta=+0.000159)
  SNR (proxy): 5.09 (mean_norm=0.0045, std_norm=0.0009)

[Step 9] Training Model 9...
  lambda_dual: 0.9000
Training has not converged after 400 steps
  Weighting: frank_wolfe alpha = 0.1000
  [Step 9/9] train_MMD=0.0008 alpha_opt=0.1000 oracle_top10_TVD=0.8032
  [OK] MMD improved (delta=+0.000542)
  SNR (proxy): 6.25 (mean_norm=0.0054, std_norm=0.0009)

Final: 10 models, MMD=0.0013 (delta=+0.0280) F1=nan

[FCFW] Computing Fully Corrective Frank-Wolfe weights for final ensemble...
  Weighting: fully corrective QP weights = [0.0085, 0.0000, 0.1023, 0.0906, 0.0612, 0.0894, 0.2092, 0.1403, 0.1780, 0.1205]
  FCFW Sampled MMD^2: -0.000074
  FCFW Sampled TVD:   0.4907

FINAL MODEL COMPARISON (inc. FCFW)
Model      | MMD        | TVD        | TVD*       | Valid      | Cover      | F1        
----------------------------------------------------------------------------------------
Baseline   | 0.0293     | n/a        | n/a        | n/a        | n/a        | n/a       
Ensemble   | 0.0013     | 0.503      | 0.243      | n/a        | n/a        | n/a       
Model 0    | 0.0290     | 0.958      | 0.707      | n/a        | n/a        | n/a       
Model 1    | 0.0406     | 0.902      | 0.640      | n/a        | n/a        | n/a       
Model 2    | 0.0421     | 0.854      | 0.672      | n/a        | n/a        | n/a       
Model 3    | 0.0481     | 0.878      | 0.678      | n/a        | n/a        | n/a       
Model 4    | 0.1151     | 0.902      | 0.805      | n/a        | n/a        | n/a       
Model 5    | 0.1682     | 0.874      | 0.752      | n/a        | n/a        | n/a       
Model 6    | 0.0639     | 0.890      | 0.739      | n/a        | n/a        | n/a       
Model 7    | 0.1961     | 0.892      | 0.795      | n/a        | n/a        | n/a       
Model 8    | 0.1107     | 0.877      | 0.722      | n/a        | n/a        | n/a       
Model 9    | 0.0908     | 0.884      | 0.727      | n/a        | n/a        | n/a       
Ensemble (FCFW) | -0.0001    | 0.491      | 0.239      | n/a        | n/a        | n/a       
Saving results to out/hpo/hopfield_20q_p2_b15_20260605_111736/trials/trial_0028/results.csv...
Experiment: Boosting on Hopfield (20q, 2p)
Configuration:
  train_samples: 1000
  data_seed: 42
  n_samples: 400
  n_models: 10
  learning_rate: 0.004087417570903207
  epochs_per_step: 400
  caching_level: none
  ensemble_samples_coeff: 1.0
  init_baseline: covariance
  init_later: random
  lambda_dual: 1.0
  lambda_schedule: {'type': 'frank_wolfe', 'gamma': 1.0, 'tau': 1.0}
  n_ops: 1024
  weight_strategy: frank_wolfe
  alpha_n_grid: 11
  alpha_objective_weight: 0.5
  baseline: none
  shots: 1000
  final_eval_sampling: True
  dataset_metrics: True
  exact_metrics: {'enabled': True, 'max_qubits': 20, 'phases': {'baseline': True, 'steps': False, 'final': True, 'per_model': True, 'fcfw': True}}
  keep_models_for_diagnosis: True
  stop_on_reject: False
  save_circuit_artifacts: False
  rng_seed: 42
  circuit_config: {'topology': 'aachen_heavy_hex', 'distance': 2, 'max_weight': 2, 'n_ancilla': 0}
  turbo: 10
  dynamic_is_within_shell: shell_uniform
  exact_sampling: True
  acceptance_metric: training_mmd
  skip_sampling: True
  report_fcfw: True
  dynamic_is: False
  dynamic_is_beta: 0.013280157513697077
  sigma: [0.9964736540998619, 0.738278361207915, 0.4932681190277451]
  require_exact_sampling: True
================================================================================
Saving config to out/hpo/hopfield_20q_p2_b15_20260605_111736/trials/trial_0029/config.json...
Gate structure: Qubits: 20
Aachen heavy-hex topology: 39 parameters
one_qubit=20, two_qubit=19
Using Gaussian Kernel (n_ops=1024, n_qubits=20):
  - sigma=0.99647365
  - sigma=0.73827836
  - sigma=0.49326812
Expected sampled operator size:
  - p=3.956157, std=1.781460
  - p=6.004190, std=2.049799
  - p=8.719024, std=2.217646
  mean: 6.226457
  std: 2.811274
Baselines enabled: 

Training ensemble Model 0 (400 epochs)...
Training has not converged after 400 steps
Model 0 final loss: 0.030286
  [Step 0/9] train_MMD=0.0304 alpha_opt=1.0000 oracle_top1_TVD=0.9606

[Step 1] Training Model 1...
  lambda_dual: 0.5000
Training has not converged after 400 steps
  Weighting: frank_wolfe alpha = 0.5000
  [Step 1/9] train_MMD=0.0143 alpha_opt=0.5000 oracle_top2_TVD=0.9212
  [OK] MMD improved (delta=+0.016016)
  SNR (proxy): 7.63 (mean_norm=0.0100, std_norm=0.0013)

[Step 2] Training Model 2...
  lambda_dual: 0.6667
Training has not converged after 400 steps
  Weighting: frank_wolfe alpha = 0.3333
  [Step 2/9] train_MMD=0.0117 alpha_opt=0.3333 oracle_top3_TVD=0.8817
  [OK] MMD improved (delta=+0.002636)
  SNR (proxy): 5.63 (mean_norm=0.0105, std_norm=0.0019)

[Step 3] Training Model 3...
  lambda_dual: 0.7500
Training has not converged after 400 steps
  Weighting: frank_wolfe alpha = 0.2500
  [Step 3/9] train_MMD=0.0101 alpha_opt=0.2500 oracle_top4_TVD=0.8423
  [OK] MMD improved (delta=+0.001598)
  SNR (proxy): 7.21 (mean_norm=0.0115, std_norm=0.0016)

[Step 4] Training Model 4...
  lambda_dual: 0.8000
Training has not converged after 400 steps
  Weighting: frank_wolfe alpha = 0.2000
  [Step 4/9] train_MMD=0.0085 alpha_opt=0.2000 oracle_top5_TVD=0.8358
  [OK] MMD improved (delta=+0.001656)
  SNR (proxy): 4.09 (mean_norm=0.0099, std_norm=0.0024)

[Step 5] Training Model 5...
  lambda_dual: 0.8333
Training has not converged after 400 steps
  Weighting: frank_wolfe alpha = 0.1667
  [Step 5/9] train_MMD=0.0050 alpha_opt=0.1667 oracle_top6_TVD=0.8293
  [OK] MMD improved (delta=+0.003455)
  SNR (proxy): 3.71 (mean_norm=0.0078, std_norm=0.0021)

[Step 6] Training Model 6...
  lambda_dual: 0.8571
Training has not converged after 400 steps
  Weighting: frank_wolfe alpha = 0.1429
  [Step 6/9] train_MMD=0.0049 alpha_opt=0.1429 oracle_top7_TVD=0.8228
  [OK] MMD improved (delta=+0.000090)
  SNR (proxy): 5.31 (mean_norm=0.0086, std_norm=0.0016)

[Step 7] Training Model 7...
  lambda_dual: 0.8750
Training has not converged after 400 steps
  Weighting: frank_wolfe alpha = 0.1250
  [Step 7/9] train_MMD=0.0016 alpha_opt=0.1250 oracle_top8_TVD=0.8163
  [OK] MMD improved (delta=+0.003280)
  SNR (proxy): 4.77 (mean_norm=0.0055, std_norm=0.0012)

[Step 8] Training Model 8...
  lambda_dual: 0.8889
Training has not converged after 400 steps
  Weighting: frank_wolfe alpha = 0.1111
  [Step 8/9] train_MMD=0.0013 alpha_opt=0.1111 oracle_top9_TVD=0.8097
  [OK] MMD improved (delta=+0.000289)
  SNR (proxy): 7.97 (mean_norm=0.0052, std_norm=0.0007)

[Step 9] Training Model 9...
  lambda_dual: 0.9000
Training has not converged after 400 steps
  Weighting: frank_wolfe alpha = 0.1000
  [Step 9/9] train_MMD=0.0008 alpha_opt=0.1000 oracle_top10_TVD=0.8032
  [OK] MMD improved (delta=+0.000522)
  SNR (proxy): 7.50 (mean_norm=0.0059, std_norm=0.0008)

Final: 10 models, MMD=0.0011 (delta=+0.0293) F1=nan

[FCFW] Computing Fully Corrective Frank-Wolfe weights for final ensemble...
  Weighting: fully corrective QP weights = [0.0047, 0.0000, 0.1139, 0.1016, 0.0674, 0.0851, 0.2024, 0.1351, 0.1679, 0.1220]
  FCFW Sampled MMD^2: -0.000139
  FCFW Sampled TVD:   0.4816

FINAL MODEL COMPARISON (inc. FCFW)
Model      | MMD        | TVD        | TVD*       | Valid      | Cover      | F1        
----------------------------------------------------------------------------------------
Baseline   | 0.0304     | n/a        | n/a        | n/a        | n/a        | n/a       
Ensemble   | 0.0011     | 0.504      | 0.243      | n/a        | n/a        | n/a       
Model 0    | 0.0314     | 0.978      | 0.707      | n/a        | n/a        | n/a       
Model 1    | 0.0458     | 0.886      | 0.642      | n/a        | n/a        | n/a       
Model 2    | 0.0459     | 0.825      | 0.666      | n/a        | n/a        | n/a       
Model 3    | 0.0473     | 0.885      | 0.672      | n/a        | n/a        | n/a       
Model 4    | 0.1173     | 0.902      | 0.809      | n/a        | n/a        | n/a       
Model 5    | 0.1537     | 0.859      | 0.739      | n/a        | n/a        | n/a       
Model 6    | 0.0876     | 0.884      | 0.744      | n/a        | n/a        | n/a       
Model 7    | 0.2194     | 0.898      | 0.800      | n/a        | n/a        | n/a       
Model 8    | 0.1156     | 0.875      | 0.733      | n/a        | n/a        | n/a       
Model 9    | 0.0972     | 0.886      | 0.731      | n/a        | n/a        | n/a       
Ensemble (FCFW) | -0.0001    | 0.482      | 0.243      | n/a        | n/a        | n/a       
Saving results to out/hpo/hopfield_20q_p2_b15_20260605_111736/trials/trial_0029/results.csv...
Experiment: Boosting on Hopfield (20q, 2p)
Configuration:
  train_samples: 1000
  data_seed: 42
  n_samples: 400
  n_models: 10
  learning_rate: 0.003906259416238874
  epochs_per_step: 400
  caching_level: none
  ensemble_samples_coeff: 1.0
  init_baseline: covariance
  init_later: random
  lambda_dual: 1.0
  lambda_schedule: {'type': 'frank_wolfe', 'gamma': 1.0, 'tau': 1.0}
  n_ops: 1024
  weight_strategy: frank_wolfe
  alpha_n_grid: 11
  alpha_objective_weight: 0.5
  baseline: none
  shots: 1000
  final_eval_sampling: True
  dataset_metrics: True
  exact_metrics: {'enabled': True, 'max_qubits': 20, 'phases': {'baseline': True, 'steps': False, 'final': True, 'per_model': True, 'fcfw': True}}
  keep_models_for_diagnosis: True
  stop_on_reject: False
  save_circuit_artifacts: False
  rng_seed: 42
  circuit_config: {'topology': 'aachen_heavy_hex', 'distance': 2, 'max_weight': 2, 'n_ancilla': 0}
  turbo: 10
  dynamic_is_within_shell: shell_uniform
  exact_sampling: True
  acceptance_metric: training_mmd
  skip_sampling: True
  report_fcfw: True
  dynamic_is: False
  dynamic_is_beta: 0.012690103039027883
  sigma: [1.0073611991294267, 0.7627716497828351, 0.48658579200021324]
  require_exact_sampling: True
================================================================================
Saving config to out/hpo/hopfield_20q_p2_b15_20260605_111736/trials/trial_0030/config.json...
Gate structure: Qubits: 20
Aachen heavy-hex topology: 39 parameters
one_qubit=20, two_qubit=19
Using Gaussian Kernel (n_ops=1024, n_qubits=20):
  - sigma=1.00736120
  - sigma=0.76277165
  - sigma=0.48658579
Expected sampled operator size:
  - p=3.890373, std=1.770204
  - p=5.765719, std=2.025720
  - p=8.789791, std=2.219633
  mean: 6.148627
  std: 2.851083
Baselines enabled: 

Training ensemble Model 0 (400 epochs)...
Training has not converged after 400 steps
Model 0 final loss: 0.030936
  [Step 0/9] train_MMD=0.0312 alpha_opt=1.0000 oracle_top1_TVD=0.9606

[Step 1] Training Model 1...
  lambda_dual: 0.5000
Training has not converged after 400 steps
  Weighting: frank_wolfe alpha = 0.5000
  [Step 1/9] train_MMD=0.0148 alpha_opt=0.5000 oracle_top2_TVD=0.9212
  [OK] MMD improved (delta=+0.016387)
  SNR (proxy): 6.26 (mean_norm=0.0103, std_norm=0.0016)

[Step 2] Training Model 2...
  lambda_dual: 0.6667
Training has not converged after 400 steps
  Weighting: frank_wolfe alpha = 0.3333
  [Step 2/9] train_MMD=0.0120 alpha_opt=0.3333 oracle_top3_TVD=0.8817
  [OK] MMD improved (delta=+0.002758)
  SNR (proxy): 5.34 (mean_norm=0.0098, std_norm=0.0018)

[Step 3] Training Model 3...
  lambda_dual: 0.7500
Training has not converged after 400 steps
  Weighting: frank_wolfe alpha = 0.2500
  [Step 3/9] train_MMD=0.0102 alpha_opt=0.2500 oracle_top4_TVD=0.8423
  [OK] MMD improved (delta=+0.001800)
  SNR (proxy): 6.67 (mean_norm=0.0113, std_norm=0.0017)

[Step 4] Training Model 4...
  lambda_dual: 0.8000
Training has not converged after 400 steps
  Weighting: frank_wolfe alpha = 0.2000
  [Step 4/9] train_MMD=0.0087 alpha_opt=0.2000 oracle_top5_TVD=0.8358
  [OK] MMD improved (delta=+0.001495)
  SNR (proxy): 4.16 (mean_norm=0.0096, std_norm=0.0023)

[Step 5] Training Model 5...
  lambda_dual: 0.8333
Training has not converged after 400 steps
  Weighting: frank_wolfe alpha = 0.1667
  [Step 5/9] train_MMD=0.0053 alpha_opt=0.1667 oracle_top6_TVD=0.8293
  [OK] MMD improved (delta=+0.003422)
  SNR (proxy): 3.72 (mean_norm=0.0076, std_norm=0.0020)

[Step 6] Training Model 6...
  lambda_dual: 0.8571
Training has not converged after 400 steps
  Weighting: frank_wolfe alpha = 0.1429
  [Step 6/9] train_MMD=0.0051 alpha_opt=0.1429 oracle_top7_TVD=0.8228
  [OK] MMD improved (delta=+0.000205)
  SNR (proxy): 5.17 (mean_norm=0.0089, std_norm=0.0017)

[Step 7] Training Model 7...
  lambda_dual: 0.8750
Training has not converged after 400 steps
  Weighting: frank_wolfe alpha = 0.1250
  [Step 7/9] train_MMD=0.0017 alpha_opt=0.1250 oracle_top8_TVD=0.8163
  [OK] MMD improved (delta=+0.003388)
  SNR (proxy): 5.18 (mean_norm=0.0047, std_norm=0.0009)

[Step 8] Training Model 8...
  lambda_dual: 0.8889
Training has not converged after 400 steps
  Weighting: frank_wolfe alpha = 0.1111
  [Step 8/9] train_MMD=0.0014 alpha_opt=0.1111 oracle_top9_TVD=0.8097
  [OK] MMD improved (delta=+0.000303)
  SNR (proxy): 9.29 (mean_norm=0.0048, std_norm=0.0005)

[Step 9] Training Model 9...
  lambda_dual: 0.9000
Training has not converged after 400 steps
  Weighting: frank_wolfe alpha = 0.1000
  [Step 9/9] train_MMD=0.0008 alpha_opt=0.1000 oracle_top10_TVD=0.8032
  [OK] MMD improved (delta=+0.000546)
  SNR (proxy): 5.38 (mean_norm=0.0053, std_norm=0.0010)

Final: 10 models, MMD=0.0008 (delta=+0.0304) F1=nan

[FCFW] Computing Fully Corrective Frank-Wolfe weights for final ensemble...
  Weighting: fully corrective QP weights = [0.0068, 0.0000, 0.1137, 0.1062, 0.0635, 0.0816, 0.1972, 0.1358, 0.1709, 0.1244]
  FCFW Sampled MMD^2: -0.000136
  FCFW Sampled TVD:   0.4815

FINAL MODEL COMPARISON (inc. FCFW)
Model      | MMD        | TVD        | TVD*       | Valid      | Cover      | F1        
----------------------------------------------------------------------------------------
Baseline   | 0.0312     | n/a        | n/a        | n/a        | n/a        | n/a       
Ensemble   | 0.0008     | 0.495      | 0.247      | n/a        | n/a        | n/a       
Model 0    | 0.0311     | 0.970      | 0.709      | n/a        | n/a        | n/a       
Model 1    | 0.0500     | 0.891      | 0.645      | n/a        | n/a        | n/a       
Model 2    | 0.0496     | 0.812      | 0.668      | n/a        | n/a        | n/a       
Model 3    | 0.0537     | 0.890      | 0.674      | n/a        | n/a        | n/a       
Model 4    | 0.1158     | 0.928      | 0.810      | n/a        | n/a        | n/a       
Model 5    | 0.1556     | 0.861      | 0.740      | n/a        | n/a        | n/a       
Model 6    | 0.0837     | 0.886      | 0.745      | n/a        | n/a        | n/a       
Model 7    | 0.2328     | 0.896      | 0.804      | n/a        | n/a        | n/a       
Model 8    | 0.1308     | 0.879      | 0.735      | n/a        | n/a        | n/a       
Model 9    | 0.0945     | 0.881      | 0.733      | n/a        | n/a        | n/a       
Ensemble (FCFW) | -0.0001    | 0.482      | 0.245      | n/a        | n/a        | n/a       
Saving results to out/hpo/hopfield_20q_p2_b15_20260605_111736/trials/trial_0030/results.csv...
Experiment: Boosting on Hopfield (20q, 2p)
Configuration:
  train_samples: 1000
  data_seed: 42
  n_samples: 400
  n_models: 10
  learning_rate: 0.00254037711904606
  epochs_per_step: 400
  caching_level: none
  ensemble_samples_coeff: 1.0
  init_baseline: covariance
  init_later: random
  lambda_dual: 1.0
  lambda_schedule: {'type': 'frank_wolfe', 'gamma': 1.0, 'tau': 1.0}
  n_ops: 1024
  weight_strategy: frank_wolfe
  alpha_n_grid: 11
  alpha_objective_weight: 0.5
  baseline: none
  shots: 1000
  final_eval_sampling: True
  dataset_metrics: True
  exact_metrics: {'enabled': True, 'max_qubits': 20, 'phases': {'baseline': True, 'steps': False, 'final': True, 'per_model': True, 'fcfw': True}}
  keep_models_for_diagnosis: True
  stop_on_reject: False
  save_circuit_artifacts: False
  rng_seed: 42
  circuit_config: {'topology': 'aachen_heavy_hex', 'distance': 2, 'max_weight': 2, 'n_ancilla': 0}
  turbo: 10
  dynamic_is_within_shell: shell_uniform
  exact_sampling: True
  acceptance_metric: training_mmd
  skip_sampling: True
  report_fcfw: True
  dynamic_is: False
  dynamic_is_beta: 0.01679976898451165
  sigma: [1.0594113215691927, 0.7312184601587426, 0.5149276730341704]
  require_exact_sampling: True
================================================================================
Saving config to out/hpo/hopfield_20q_p2_b15_20260605_111736/trials/trial_0031/config.json...
Gate structure: Qubits: 20
Aachen heavy-hex topology: 39 parameters
one_qubit=20, two_qubit=19
Using Gaussian Kernel (n_ops=1024, n_qubits=20):
  - sigma=1.05941132
  - sigma=0.73121846
  - sigma=0.51492767
Expected sampled operator size:
  - p=3.594915, std=1.717191
  - p=6.074683, std=2.056598
  - p=8.482804, std=2.210182
  mean: 6.050801
  std: 2.829006
Baselines enabled: 

Training ensemble Model 0 (400 epochs)...
Training has not converged after 400 steps
Model 0 final loss: 0.032301
  [Step 0/9] train_MMD=0.0327 alpha_opt=1.0000 oracle_top1_TVD=0.9606

[Step 1] Training Model 1...
  lambda_dual: 0.5000
Training has not converged after 400 steps
  Weighting: frank_wolfe alpha = 0.5000
  [Step 1/9] train_MMD=0.0153 alpha_opt=0.5000 oracle_top2_TVD=0.9212
  [OK] MMD improved (delta=+0.017405)
  SNR (proxy): 4.83 (mean_norm=0.0104, std_norm=0.0022)

[Step 2] Training Model 2...
  lambda_dual: 0.6667
Training has not converged after 400 steps
  Weighting: frank_wolfe alpha = 0.3333
  [Step 2/9] train_MMD=0.0122 alpha_opt=0.3333 oracle_top3_TVD=0.8817
  [OK] MMD improved (delta=+0.003058)
  SNR (proxy): 7.84 (mean_norm=0.0117, std_norm=0.0015)

[Step 3] Training Model 3...
  lambda_dual: 0.7500
Training has not converged after 400 steps
  Weighting: frank_wolfe alpha = 0.2500
  [Step 3/9] train_MMD=0.0106 alpha_opt=0.2500 oracle_top4_TVD=0.8423
  [OK] MMD improved (delta=+0.001546)
  SNR (proxy): 10.23 (mean_norm=0.0132, std_norm=0.0013)

[Step 4] Training Model 4...
  lambda_dual: 0.8000
Training has not converged after 400 steps
  Weighting: frank_wolfe alpha = 0.2000
  [Step 4/9] train_MMD=0.0089 alpha_opt=0.2000 oracle_top5_TVD=0.8358
  [OK] MMD improved (delta=+0.001712)
  SNR (proxy): 5.13 (mean_norm=0.0136, std_norm=0.0026)

[Step 5] Training Model 5...
  lambda_dual: 0.8333
Training has not converged after 400 steps
  Weighting: frank_wolfe alpha = 0.1667
  [Step 5/9] train_MMD=0.0053 alpha_opt=0.1667 oracle_top6_TVD=0.8293
  [OK] MMD improved (delta=+0.003621)
  SNR (proxy): 3.15 (mean_norm=0.0079, std_norm=0.0025)

[Step 6] Training Model 6...
  lambda_dual: 0.8571
Training has not converged after 400 steps
  Weighting: frank_wolfe alpha = 0.1429
  [Step 6/9] train_MMD=0.0051 alpha_opt=0.1429 oracle_top7_TVD=0.8228
  [OK] MMD improved (delta=+0.000222)
  SNR (proxy): 6.44 (mean_norm=0.0118, std_norm=0.0018)

[Step 7] Training Model 7...
  lambda_dual: 0.8750
Training has not converged after 400 steps
  Weighting: frank_wolfe alpha = 0.1250
  [Step 7/9] train_MMD=0.0020 alpha_opt=0.1250 oracle_top8_TVD=0.8163
  [OK] MMD improved (delta=+0.003134)
  SNR (proxy): 4.09 (mean_norm=0.0060, std_norm=0.0015)

[Step 8] Training Model 8...
  lambda_dual: 0.8889
Training has not converged after 400 steps
  Weighting: frank_wolfe alpha = 0.1111
  [Step 8/9] train_MMD=0.0016 alpha_opt=0.1111 oracle_top9_TVD=0.8097
  [OK] MMD improved (delta=+0.000365)
  SNR (proxy): 5.94 (mean_norm=0.0064, std_norm=0.0011)

[Step 9] Training Model 9...
  lambda_dual: 0.9000
Training has not converged after 400 steps
  Weighting: frank_wolfe alpha = 0.1000
  [Step 9/9] train_MMD=0.0010 alpha_opt=0.1000 oracle_top10_TVD=0.8032
  [OK] MMD improved (delta=+0.000593)
  SNR (proxy): 5.43 (mean_norm=0.0071, std_norm=0.0013)

Final: 10 models, MMD=0.0014 (delta=+0.0312) F1=nan

[FCFW] Computing Fully Corrective Frank-Wolfe weights for final ensemble...
  Weighting: fully corrective QP weights = [0.0041, 0.0000, 0.1142, 0.0913, 0.0627, 0.0794, 0.2072, 0.1368, 0.1732, 0.1312]
  FCFW Sampled MMD^2: -0.000094
  FCFW Sampled TVD:   0.4881

FINAL MODEL COMPARISON (inc. FCFW)
Model      | MMD        | TVD        | TVD*       | Valid      | Cover      | F1        
----------------------------------------------------------------------------------------
Baseline   | 0.0327     | n/a        | n/a        | n/a        | n/a        | n/a       
Ensemble   | 0.0014     | 0.517      | 0.267      | n/a        | n/a        | n/a       
Model 0    | 0.0328     | 0.971      | 0.709      | n/a        | n/a        | n/a       
Model 1    | 0.0519     | 0.867      | 0.665      | n/a        | n/a        | n/a       
Model 2    | 0.0601     | 0.878      | 0.692      | n/a        | n/a        | n/a       
Model 3    | 0.0538     | 0.875      | 0.677      | n/a        | n/a        | n/a       
Model 4    | 0.1221     | 0.898      | 0.817      | n/a        | n/a        | n/a       
Model 5    | 0.1607     | 0.865      | 0.766      | n/a        | n/a        | n/a       
Model 6    | 0.0780     | 0.885      | 0.745      | n/a        | n/a        | n/a       
Model 7    | 0.2148     | 0.900      | 0.811      | n/a        | n/a        | n/a       
Model 8    | 0.1186     | 0.870      | 0.746      | n/a        | n/a        | n/a       
Model 9    | 0.1078     | 0.879      | 0.741      | n/a        | n/a        | n/a       
Ensemble (FCFW) | -0.0001    | 0.488      | 0.267      | n/a        | n/a        | n/a       
Saving results to out/hpo/hopfield_20q_p2_b15_20260605_111736/trials/trial_0031/results.csv...
Experiment: Boosting on Hopfield (20q, 2p)
Configuration:
  train_samples: 1000
  data_seed: 42
  n_samples: 400
  n_models: 10
  learning_rate: 0.0012048503722179376
  epochs_per_step: 400
  caching_level: none
  ensemble_samples_coeff: 1.0
  init_baseline: covariance
  init_later: random
  lambda_dual: 1.0
  lambda_schedule: {'type': 'frank_wolfe', 'gamma': 1.0, 'tau': 1.0}
  n_ops: 1024
  weight_strategy: frank_wolfe
  alpha_n_grid: 11
  alpha_objective_weight: 0.5
  baseline: none
  shots: 1000
  final_eval_sampling: True
  dataset_metrics: True
  exact_metrics: {'enabled': True, 'max_qubits': 20, 'phases': {'baseline': True, 'steps': False, 'final': True, 'per_model': True, 'fcfw': True}}
  keep_models_for_diagnosis: True
  stop_on_reject: False
  save_circuit_artifacts: False
  rng_seed: 42
  circuit_config: {'topology': 'aachen_heavy_hex', 'distance': 2, 'max_weight': 2, 'n_ancilla': 0}
  turbo: 10
  dynamic_is_within_shell: shell_uniform
  exact_sampling: True
  acceptance_metric: training_mmd
  skip_sampling: True
  report_fcfw: True
  dynamic_is: False
  dynamic_is_beta: 0.011421486100968041
  sigma: [0.9411968472063627, 0.6306176117304404, 0.4592021655177125]
  require_exact_sampling: True
================================================================================
Saving config to out/hpo/hopfield_20q_p2_b15_20260605_111736/trials/trial_0032/config.json...
Gate structure: Qubits: 20
Aachen heavy-hex topology: 39 parameters
one_qubit=20, two_qubit=19
Using Gaussian Kernel (n_ops=1024, n_qubits=20):
  - sigma=0.94119685
  - sigma=0.63061761
  - sigma=0.45920217
Expected sampled operator size:
  - p=4.313150, std=1.839290
  - p=7.155782, std=2.143717
  - p=9.066283, std=2.226299
  mean: 6.845072
  std: 2.850489
Baselines enabled: 

Training ensemble Model 0 (400 epochs)...
Training has not converged after 400 steps
Model 0 final loss: 0.025796
  [Step 0/9] train_MMD=0.0257 alpha_opt=1.0000 oracle_top1_TVD=0.9606

[Step 1] Training Model 1...
  lambda_dual: 0.5000
Training has not converged after 400 steps
  Weighting: frank_wolfe alpha = 0.5000
  [Step 1/9] train_MMD=0.0198 alpha_opt=0.5000 oracle_top2_TVD=0.9212
  [OK] MMD improved (delta=+0.005858)
  SNR (proxy): 5.16 (mean_norm=0.0114, std_norm=0.0022)

[Step 2] Training Model 2...
  lambda_dual: 0.6667
Training has not converged after 400 steps
  Weighting: frank_wolfe alpha = 0.3333
  [Step 2/9] train_MMD=0.0223 alpha_opt=0.3333 oracle_top3_TVD=0.8817
  [WARNING] MMD worsened but kept (diagnostic, delta=-0.002435)
  SNR (proxy): 11.19 (mean_norm=0.0062, std_norm=0.0006)

[Step 3] Training Model 3...
  lambda_dual: 0.7500
Training has not converged after 400 steps
  Weighting: frank_wolfe alpha = 0.2500
  [Step 3/9] train_MMD=0.0182 alpha_opt=0.2500 oracle_top4_TVD=0.8423
  [OK] MMD improved (delta=+0.004016)
  SNR (proxy): 6.84 (mean_norm=0.0168, std_norm=0.0025)

[Step 4] Training Model 4...
  lambda_dual: 0.8000
Training has not converged after 400 steps
  Weighting: frank_wolfe alpha = 0.2000
  [Step 4/9] train_MMD=0.0168 alpha_opt=0.2000 oracle_top5_TVD=0.8358
  [OK] MMD improved (delta=+0.001468)
  SNR (proxy): 14.73 (mean_norm=0.0186, std_norm=0.0013)

[Step 5] Training Model 5...
  lambda_dual: 0.8333
Training has not converged after 400 steps
  Weighting: frank_wolfe alpha = 0.1667
  [Step 5/9] train_MMD=0.0174 alpha_opt=0.1667 oracle_top6_TVD=0.8293
  [WARNING] MMD worsened but kept (diagnostic, delta=-0.000589)
  SNR (proxy): 9.81 (mean_norm=0.0096, std_norm=0.0010)

[Step 6] Training Model 6...
  lambda_dual: 0.8571
Training has not converged after 400 steps
  Weighting: frank_wolfe alpha = 0.1429
  [Step 6/9] train_MMD=0.0150 alpha_opt=0.1429 oracle_top7_TVD=0.8228
  [OK] MMD improved (delta=+0.002356)
  SNR (proxy): 26.77 (mean_norm=0.0333, std_norm=0.0012)

[Step 7] Training Model 7...
  lambda_dual: 0.8750
Training has not converged after 400 steps
  Weighting: frank_wolfe alpha = 0.1250
  [Step 7/9] train_MMD=0.0138 alpha_opt=0.1250 oracle_top8_TVD=0.8163
  [OK] MMD improved (delta=+0.001237)
  SNR (proxy): 23.75 (mean_norm=0.0318, std_norm=0.0013)

[Step 8] Training Model 8...
  lambda_dual: 0.8889
Training has not converged after 400 steps
  Weighting: frank_wolfe alpha = 0.1111
  [Step 8/9] train_MMD=0.0151 alpha_opt=0.1111 oracle_top9_TVD=0.8097
  [WARNING] MMD worsened but kept (diagnostic, delta=-0.001330)
  SNR (proxy): 7.26 (mean_norm=0.0042, std_norm=0.0006)

[Step 9] Training Model 9...
  lambda_dual: 0.9000
Training has not converged after 400 steps
  Weighting: frank_wolfe alpha = 0.1000
  [Step 9/9] train_MMD=0.0160 alpha_opt=0.1000 oracle_top10_TVD=0.8032
  [WARNING] MMD worsened but kept (diagnostic, delta=-0.000888)
  SNR (proxy): 29.80 (mean_norm=0.0080, std_norm=0.0003)

Final: 10 models, MMD=0.0173 (delta=+0.0084) F1=nan

[FCFW] Computing Fully Corrective Frank-Wolfe weights for final ensemble...
  Weighting: fully corrective QP weights = [0.0000, 0.2757, 0.0000, 0.2760, 0.0802, 0.0000, 0.1614, 0.2067, 0.0000, 0.0000]
  FCFW Sampled MMD^2: 0.009799
  FCFW Sampled TVD:   0.7466

FINAL MODEL COMPARISON (inc. FCFW)
Model      | MMD        | TVD        | TVD*       | Valid      | Cover      | F1        
----------------------------------------------------------------------------------------
Baseline   | 0.0257     | n/a        | n/a        | n/a        | n/a        | n/a       
Ensemble   | 0.0173     | 0.857      | 0.678      | n/a        | n/a        | n/a       
Model 0    | 0.0266     | 0.991      | 0.771      | n/a        | n/a        | n/a       
Model 1    | 0.0307     | 0.974      | 0.824      | n/a        | n/a        | n/a       
Model 2    | 0.0316     | 0.998      | 0.931      | n/a        | n/a        | n/a       
Model 3    | 0.0634     | 0.877      | 0.774      | n/a        | n/a        | n/a       
Model 4    | 0.0354     | 0.978      | 0.839      | n/a        | n/a        | n/a       
Model 5    | 0.0320     | 0.985      | 0.897      | n/a        | n/a        | n/a       
Model 6    | 0.0930     | 0.916      | 0.830      | n/a        | n/a        | n/a       
Model 7    | 0.0502     | 0.942      | 0.847      | n/a        | n/a        | n/a       
Model 8    | 0.0336     | 1.000      | 0.949      | n/a        | n/a        | n/a       
Model 9    | 0.0337     | 1.000      | 0.932      | n/a        | n/a        | n/a       
Ensemble (FCFW) | 0.0098     | 0.747      | 0.618      | n/a        | n/a        | n/a       
Saving results to out/hpo/hopfield_20q_p2_b15_20260605_111736/trials/trial_0032/results.csv...
Experiment: Boosting on Hopfield (20q, 2p)
Configuration:
  train_samples: 1000
  data_seed: 42
  n_samples: 400
  n_models: 10
  learning_rate: 0.0017874588907995548
  epochs_per_step: 400
  caching_level: none
  ensemble_samples_coeff: 1.0
  init_baseline: covariance
  init_later: random
  lambda_dual: 1.0
  lambda_schedule: {'type': 'frank_wolfe', 'gamma': 1.0, 'tau': 1.0}
  n_ops: 1024
  weight_strategy: frank_wolfe
  alpha_n_grid: 11
  alpha_objective_weight: 0.5
  baseline: none
  shots: 1000
  final_eval_sampling: True
  dataset_metrics: True
  exact_metrics: {'enabled': True, 'max_qubits': 20, 'phases': {'baseline': True, 'steps': False, 'final': True, 'per_model': True, 'fcfw': True}}
  keep_models_for_diagnosis: True
  stop_on_reject: False
  save_circuit_artifacts: False
  rng_seed: 42
  circuit_config: {'topology': 'aachen_heavy_hex', 'distance': 2, 'max_weight': 2, 'n_ancilla': 0}
  turbo: 10
  dynamic_is_within_shell: shell_uniform
  exact_sampling: True
  acceptance_metric: training_mmd
  skip_sampling: True
  report_fcfw: True
  dynamic_is: False
  dynamic_is_beta: 0.014977016678410079
  sigma: [2.064149595599823, 0.7723973362277937, 0.5467268892171298]
  require_exact_sampling: True
================================================================================
Saving config to out/hpo/hopfield_20q_p2_b15_20260605_111736/trials/trial_0033/config.json...
Gate structure: Qubits: 20
Aachen heavy-hex topology: 39 parameters
one_qubit=20, two_qubit=19
Using Gaussian Kernel (n_ops=1024, n_qubits=20):
  - sigma=2.06414960
  - sigma=0.77239734
  - sigma=0.54672689
Expected sampled operator size:
  - p=1.107272, std=1.022726
  - p=5.674623, std=2.016074
  - p=8.122685, std=2.196312
  mean: 4.968193
  std: 3.429815
Baselines enabled: 

Training ensemble Model 0 (400 epochs)...
Training has not converged after 400 steps
Model 0 final loss: 0.038993
  [Step 0/9] train_MMD=0.0341 alpha_opt=1.0000 oracle_top1_TVD=0.9606

[Step 1] Training Model 1...
  lambda_dual: 0.5000
Training has not converged after 400 steps
  Weighting: frank_wolfe alpha = 0.5000
  [Step 1/9] train_MMD=0.0346 alpha_opt=0.5000 oracle_top2_TVD=0.9212
  [WARNING] MMD worsened but kept (diagnostic, delta=-0.000553)
  SNR (proxy): 9.55 (mean_norm=0.0072, std_norm=0.0008)

[Step 2] Training Model 2...
  lambda_dual: 0.6667
Training has not converged after 400 steps
  Weighting: frank_wolfe alpha = 0.3333
  [Step 2/9] train_MMD=0.0335 alpha_opt=0.3333 oracle_top3_TVD=0.8817
  [OK] MMD improved (delta=+0.001139)
  SNR (proxy): 14.91 (mean_norm=0.0122, std_norm=0.0008)

[Step 3] Training Model 3...
  lambda_dual: 0.7500
Training has not converged after 400 steps
  Weighting: frank_wolfe alpha = 0.2500
  [Step 3/9] train_MMD=0.0229 alpha_opt=0.2500 oracle_top4_TVD=0.8423
  [OK] MMD improved (delta=+0.010578)
  SNR (proxy): 14.07 (mean_norm=0.0170, std_norm=0.0012)

[Step 4] Training Model 4...
  lambda_dual: 0.8000
Training has not converged after 400 steps
  Weighting: frank_wolfe alpha = 0.2000
  [Step 4/9] train_MMD=0.0173 alpha_opt=0.2000 oracle_top5_TVD=0.8358
  [OK] MMD improved (delta=+0.005605)
  SNR (proxy): 15.15 (mean_norm=0.0225, std_norm=0.0015)

[Step 5] Training Model 5...
  lambda_dual: 0.8333
Training has not converged after 400 steps
  Weighting: frank_wolfe alpha = 0.1667
  [Step 5/9] train_MMD=0.0158 alpha_opt=0.1667 oracle_top6_TVD=0.8293
  [OK] MMD improved (delta=+0.001523)
  SNR (proxy): 17.39 (mean_norm=0.0208, std_norm=0.0012)

[Step 6] Training Model 6...
  lambda_dual: 0.8571
Training has not converged after 400 steps
  Weighting: frank_wolfe alpha = 0.1429
  [Step 6/9] train_MMD=0.0138 alpha_opt=0.1429 oracle_top7_TVD=0.8228
  [OK] MMD improved (delta=+0.001934)
  SNR (proxy): 17.59 (mean_norm=0.0249, std_norm=0.0014)

[Step 7] Training Model 7...
  lambda_dual: 0.8750
Training has not converged after 400 steps
  Weighting: frank_wolfe alpha = 0.1250
  [Step 7/9] train_MMD=0.0122 alpha_opt=0.1250 oracle_top8_TVD=0.8163
  [OK] MMD improved (delta=+0.001590)
  SNR (proxy): 5.60 (mean_norm=0.0142, std_norm=0.0025)

[Step 8] Training Model 8...
  lambda_dual: 0.8889
Training has not converged after 400 steps
  Weighting: frank_wolfe alpha = 0.1111
  [Step 8/9] train_MMD=0.0107 alpha_opt=0.1111 oracle_top9_TVD=0.8097
  [OK] MMD improved (delta=+0.001497)
  SNR (proxy): 18.07 (mean_norm=0.0227, std_norm=0.0013)

[Step 9] Training Model 9...
  lambda_dual: 0.9000
Training has not converged after 400 steps
  Weighting: frank_wolfe alpha = 0.1000
  [Step 9/9] train_MMD=0.0103 alpha_opt=0.1000 oracle_top10_TVD=0.8032
  [OK] MMD improved (delta=+0.000400)
  SNR (proxy): 12.41 (mean_norm=0.0184, std_norm=0.0015)

Final: 10 models, MMD=0.0102 (delta=+0.0238) F1=nan

[FCFW] Computing Fully Corrective Frank-Wolfe weights for final ensemble...
  Weighting: fully corrective QP weights = [0.0000, 0.0000, 0.0000, 0.1391, 0.1734, 0.1174, 0.1668, 0.1296, 0.1728, 0.1010]
  FCFW Sampled MMD^2: 0.005939
  FCFW Sampled TVD:   0.6630

FINAL MODEL COMPARISON (inc. FCFW)
Model      | MMD        | TVD        | TVD*       | Valid      | Cover      | F1        
----------------------------------------------------------------------------------------
Baseline   | 0.0341     | n/a        | n/a        | n/a        | n/a        | n/a       
Ensemble   | 0.0102     | 0.720      | 0.570      | n/a        | n/a        | n/a       
Model 0    | 0.0395     | 1.000      | 0.924      | n/a        | n/a        | n/a       
Model 1    | 0.0375     | 1.000      | 0.936      | n/a        | n/a        | n/a       
Model 2    | 0.0501     | 0.993      | 0.881      | n/a        | n/a        | n/a       
Model 3    | 0.1101     | 0.855      | 0.734      | n/a        | n/a        | n/a       
Model 4    | 0.1244     | 0.883      | 0.783      | n/a        | n/a        | n/a       
Model 5    | 0.1204     | 0.892      | 0.757      | n/a        | n/a        | n/a       
Model 6    | 0.0870     | 0.957      | 0.811      | n/a        | n/a        | n/a       
Model 7    | 0.1534     | 0.880      | 0.794      | n/a        | n/a        | n/a       
Model 8    | 0.0874     | 0.933      | 0.793      | n/a        | n/a        | n/a       
Model 9    | 0.1285     | 0.951      | 0.871      | n/a        | n/a        | n/a       
Ensemble (FCFW) | 0.0059     | 0.663      | 0.523      | n/a        | n/a        | n/a       
Saving results to out/hpo/hopfield_20q_p2_b15_20260605_111736/trials/trial_0033/results.csv...
Experiment: Boosting on Hopfield (20q, 2p)
Configuration:
  train_samples: 1000
  data_seed: 42
  n_samples: 400
  n_models: 10
  learning_rate: 0.002881301118614899
  epochs_per_step: 400
  caching_level: none
  ensemble_samples_coeff: 1.0
  init_baseline: covariance
  init_later: random
  lambda_dual: 1.0
  lambda_schedule: {'type': 'frank_wolfe', 'gamma': 1.0, 'tau': 1.0}
  n_ops: 2048
  weight_strategy: frank_wolfe
  alpha_n_grid: 11
  alpha_objective_weight: 0.5
  baseline: none
  shots: 1000
  final_eval_sampling: True
  dataset_metrics: True
  exact_metrics: {'enabled': True, 'max_qubits': 20, 'phases': {'baseline': True, 'steps': False, 'final': True, 'per_model': True, 'fcfw': True}}
  keep_models_for_diagnosis: True
  stop_on_reject: False
  save_circuit_artifacts: False
  rng_seed: 42
  circuit_config: {'topology': 'aachen_heavy_hex', 'distance': 2, 'max_weight': 2, 'n_ancilla': 0}
  turbo: 10
  dynamic_is_within_shell: shell_uniform
  exact_sampling: True
  acceptance_metric: training_mmd
  skip_sampling: True
  report_fcfw: True
  dynamic_is: False
  dynamic_is_beta: 0.0418041180083979
  sigma: [1.1866718156764837, 0.611755744426102, 0.44687415319236]
  require_exact_sampling: True
================================================================================
Saving config to out/hpo/hopfield_20q_p2_b15_20260605_111736/trials/trial_0034/config.json...
Gate structure: Qubits: 20
Aachen heavy-hex topology: 39 parameters
one_qubit=20, two_qubit=19
Using Gaussian Kernel (n_ops=2048, n_qubits=20):
  - sigma=1.18667182
  - sigma=0.61175574
  - sigma=0.44687415
Expected sampled operator size:
  - p=2.988726, std=1.594397
  - p=7.371109, std=2.157417
  - p=9.182263, std=2.228579
  mean: 6.514033
  std: 3.288613
Baselines enabled: 

Training ensemble Model 0 (400 epochs)...
Training has not converged after 400 steps
Model 0 final loss: 0.033304
  [Step 0/9] train_MMD=0.0353 alpha_opt=1.0000 oracle_top1_TVD=0.9606

[Step 1] Training Model 1...
  lambda_dual: 0.5000
Training has not converged after 400 steps
  Weighting: frank_wolfe alpha = 0.5000
  [Step 1/9] train_MMD=0.0151 alpha_opt=0.5000 oracle_top2_TVD=0.9212
  [OK] MMD improved (delta=+0.020185)
  SNR (proxy): 7.35 (mean_norm=0.0090, std_norm=0.0012)

[Step 2] Training Model 2...
  lambda_dual: 0.6667
Training has not converged after 400 steps
  Weighting: frank_wolfe alpha = 0.3333
  [Step 2/9] train_MMD=0.0109 alpha_opt=0.3333 oracle_top3_TVD=0.8817
  [OK] MMD improved (delta=+0.004239)
  SNR (proxy): 4.43 (mean_norm=0.0085, std_norm=0.0019)

[Step 3] Training Model 3...
  lambda_dual: 0.7500
Training has not converged after 400 steps
  Weighting: frank_wolfe alpha = 0.2500
  [Step 3/9] train_MMD=0.0091 alpha_opt=0.2500 oracle_top4_TVD=0.8423
  [OK] MMD improved (delta=+0.001849)
  SNR (proxy): 9.09 (mean_norm=0.0096, std_norm=0.0011)

[Step 4] Training Model 4...
  lambda_dual: 0.8000
Training has not converged after 400 steps
  Weighting: frank_wolfe alpha = 0.2000
  [Step 4/9] train_MMD=0.0090 alpha_opt=0.2000 oracle_top5_TVD=0.8358
  [OK] MMD improved (delta=+0.000092)
  SNR (proxy): 3.95 (mean_norm=0.0068, std_norm=0.0017)

[Step 5] Training Model 5...
  lambda_dual: 0.8333
Training has not converged after 400 steps
  Weighting: frank_wolfe alpha = 0.1667
  [Step 5/9] train_MMD=0.0050 alpha_opt=0.1667 oracle_top6_TVD=0.8293
  [OK] MMD improved (delta=+0.003936)
  SNR (proxy): 5.60 (mean_norm=0.0059, std_norm=0.0011)

[Step 6] Training Model 6...
  lambda_dual: 0.8571
Training has not converged after 400 steps
  Weighting: frank_wolfe alpha = 0.1429
  [Step 6/9] train_MMD=0.0051 alpha_opt=0.1429 oracle_top7_TVD=0.8228
  [WARNING] MMD worsened but kept (diagnostic, delta=-0.000062)
  SNR (proxy): 4.61 (mean_norm=0.0083, std_norm=0.0018)

[Step 7] Training Model 7...
  lambda_dual: 0.8750
Training has not converged after 400 steps
  Weighting: frank_wolfe alpha = 0.1250
  [Step 7/9] train_MMD=0.0017 alpha_opt=0.1250 oracle_top8_TVD=0.8163
  [OK] MMD improved (delta=+0.003403)
  SNR (proxy): 4.17 (mean_norm=0.0052, std_norm=0.0012)

[Step 8] Training Model 8...
  lambda_dual: 0.8889
Training has not converged after 400 steps
  Weighting: frank_wolfe alpha = 0.1111
  [Step 8/9] train_MMD=0.0016 alpha_opt=0.1111 oracle_top9_TVD=0.8097
  [OK] MMD improved (delta=+0.000105)
  SNR (proxy): 4.85 (mean_norm=0.0043, std_norm=0.0009)

[Step 9] Training Model 9...
  lambda_dual: 0.9000
Training has not converged after 400 steps
  Weighting: frank_wolfe alpha = 0.1000
  [Step 9/9] train_MMD=0.0008 alpha_opt=0.1000 oracle_top10_TVD=0.8032
  [OK] MMD improved (delta=+0.000768)
  SNR (proxy): 6.37 (mean_norm=0.0058, std_norm=0.0009)

Final: 10 models, MMD=0.0014 (delta=+0.0339) F1=nan

[FCFW] Computing Fully Corrective Frank-Wolfe weights for final ensemble...
  Weighting: fully corrective QP weights = [0.0171, 0.0000, 0.1104, 0.1177, 0.0501, 0.0840, 0.1850, 0.1352, 0.1773, 0.1233]
  FCFW Sampled MMD^2: 0.000142
  FCFW Sampled TVD:   0.4963

FINAL MODEL COMPARISON (inc. FCFW)
Model      | MMD        | TVD        | TVD*       | Valid      | Cover      | F1        
----------------------------------------------------------------------------------------
Baseline   | 0.0353     | n/a        | n/a        | n/a        | n/a        | n/a       
Ensemble   | 0.0014     | 0.510      | 0.271      | n/a        | n/a        | n/a       
Model 0    | 0.0362     | 0.984      | 0.746      | n/a        | n/a        | n/a       
Model 1    | 0.0533     | 0.856      | 0.656      | n/a        | n/a        | n/a       
Model 2    | 0.0667     | 0.874      | 0.686      | n/a        | n/a        | n/a       
Model 3    | 0.0597     | 0.887      | 0.685      | n/a        | n/a        | n/a       
Model 4    | 0.1157     | 0.915      | 0.832      | n/a        | n/a        | n/a       
Model 5    | 0.1542     | 0.858      | 0.758      | n/a        | n/a        | n/a       
Model 6    | 0.0764     | 0.896      | 0.752      | n/a        | n/a        | n/a       
Model 7    | 0.2282     | 0.899      | 0.819      | n/a        | n/a        | n/a       
Model 8    | 0.1112     | 0.876      | 0.748      | n/a        | n/a        | n/a       
Model 9    | 0.1184     | 0.890      | 0.755      | n/a        | n/a        | n/a       
Ensemble (FCFW) | 0.0001     | 0.496      | 0.263      | n/a        | n/a        | n/a       
Saving results to out/hpo/hopfield_20q_p2_b15_20260605_111736/trials/trial_0034/results.csv...
Experiment: Boosting on Hopfield (20q, 2p)
Configuration:
  train_samples: 1000
  data_seed: 42
  n_samples: 400
  n_models: 10
  learning_rate: 0.0053160079682016866
  epochs_per_step: 400
  caching_level: none
  ensemble_samples_coeff: 1.0
  init_baseline: covariance
  init_later: random
  lambda_dual: 1.0
  lambda_schedule: {'type': 'frank_wolfe', 'gamma': 1.0, 'tau': 1.0}
  n_ops: 1024
  weight_strategy: frank_wolfe
  alpha_n_grid: 11
  alpha_objective_weight: 0.5
  baseline: none
  shots: 1000
  final_eval_sampling: True
  dataset_metrics: True
  exact_metrics: {'enabled': True, 'max_qubits': 20, 'phases': {'baseline': True, 'steps': False, 'final': True, 'per_model': True, 'fcfw': True}}
  keep_models_for_diagnosis: True
  stop_on_reject: False
  save_circuit_artifacts: False
  rng_seed: 42
  circuit_config: {'topology': 'aachen_heavy_hex', 'distance': 2, 'max_weight': 2, 'n_ancilla': 0}
  turbo: 10
  dynamic_is_within_shell: shell_uniform
  exact_sampling: True
  acceptance_metric: training_mmd
  skip_sampling: True
  report_fcfw: True
  dynamic_is: False
  dynamic_is_beta: 0.029648396203170686
  sigma: [1.1324202739040292, 0.7890521722978499, 0.5872527327660564]
  require_exact_sampling: True
================================================================================
Saving config to out/hpo/hopfield_20q_p2_b15_20260605_111736/trials/trial_0035/config.json...
Gate structure: Qubits: 20
Aachen heavy-hex topology: 39 parameters
one_qubit=20, two_qubit=19
Using Gaussian Kernel (n_ops=1024, n_qubits=20):
  - sigma=1.13242027
  - sigma=0.78905217
  - sigma=0.58725273
Expected sampled operator size:
  - p=3.228763, std=1.645454
  - p=5.520526, std=1.999179
  - p=7.653920, std=2.173659
  mean: 5.467737
  std: 2.659838
Baselines enabled: 

Training ensemble Model 0 (400 epochs)...
Training has not converged after 400 steps
Model 0 final loss: 0.036903
  [Step 0/9] train_MMD=0.0387 alpha_opt=1.0000 oracle_top1_TVD=0.9606

[Step 1] Training Model 1...
  lambda_dual: 0.5000
Training has not converged after 400 steps
  Weighting: frank_wolfe alpha = 0.5000
  [Step 1/9] train_MMD=0.0167 alpha_opt=0.5000 oracle_top2_TVD=0.9212
  [OK] MMD improved (delta=+0.021993)
  SNR (proxy): 8.08 (mean_norm=0.0114, std_norm=0.0014)

[Step 2] Training Model 2...
  lambda_dual: 0.6667
Training has not converged after 400 steps
  Weighting: frank_wolfe alpha = 0.3333
  [Step 2/9] train_MMD=0.0131 alpha_opt=0.3333 oracle_top3_TVD=0.8817
  [OK] MMD improved (delta=+0.003649)
  SNR (proxy): 5.59 (mean_norm=0.0130, std_norm=0.0023)

[Step 3] Training Model 3...
  lambda_dual: 0.7500
Training has not converged after 400 steps
  Weighting: frank_wolfe alpha = 0.2500
  [Step 3/9] train_MMD=0.0111 alpha_opt=0.2500 oracle_top4_TVD=0.8423
  [OK] MMD improved (delta=+0.001990)
  SNR (proxy): 7.07 (mean_norm=0.0128, std_norm=0.0018)

[Step 4] Training Model 4...
  lambda_dual: 0.8000
Training has not converged after 400 steps
  Weighting: frank_wolfe alpha = 0.2000
  [Step 4/9] train_MMD=0.0099 alpha_opt=0.2000 oracle_top5_TVD=0.8358
  [OK] MMD improved (delta=+0.001235)
  SNR (proxy): 5.51 (mean_norm=0.0143, std_norm=0.0026)

[Step 5] Training Model 5...
  lambda_dual: 0.8333
Training has not converged after 400 steps
  Weighting: frank_wolfe alpha = 0.1667
  [Step 5/9] train_MMD=0.0062 alpha_opt=0.1667 oracle_top6_TVD=0.8293
  [OK] MMD improved (delta=+0.003613)
  SNR (proxy): 4.98 (mean_norm=0.0105, std_norm=0.0021)

[Step 6] Training Model 6...
  lambda_dual: 0.8571
Training has not converged after 400 steps
  Weighting: frank_wolfe alpha = 0.1429
  [Step 6/9] train_MMD=0.0033 alpha_opt=0.1429 oracle_top7_TVD=0.8228
  [OK] MMD improved (delta=+0.002940)
  SNR (proxy): 4.08 (mean_norm=0.0073, std_norm=0.0018)

[Step 7] Training Model 7...
  lambda_dual: 0.8750
Training has not converged after 400 steps
  Weighting: frank_wolfe alpha = 0.1250
  [Step 7/9] train_MMD=0.0022 alpha_opt=0.1250 oracle_top8_TVD=0.8163
  [OK] MMD improved (delta=+0.001149)
  SNR (proxy): 8.06 (mean_norm=0.0089, std_norm=0.0011)

[Step 8] Training Model 8...
  lambda_dual: 0.8889
Training has not converged after 400 steps
  Weighting: frank_wolfe alpha = 0.1111
  [Step 8/9] train_MMD=0.0016 alpha_opt=0.1111 oracle_top9_TVD=0.8097
  [OK] MMD improved (delta=+0.000537)
  SNR (proxy): 6.43 (mean_norm=0.0071, std_norm=0.0011)

[Step 9] Training Model 9...
  lambda_dual: 0.9000
Training has not converged after 400 steps
  Weighting: frank_wolfe alpha = 0.1000
  [Step 9/9] train_MMD=0.0010 alpha_opt=0.1000 oracle_top10_TVD=0.8032
  [OK] MMD improved (delta=+0.000646)
  SNR (proxy): 7.47 (mean_norm=0.0084, std_norm=0.0011)

Final: 10 models, MMD=0.0020 (delta=+0.0367) F1=nan

[FCFW] Computing Fully Corrective Frank-Wolfe weights for final ensemble...
  Weighting: fully corrective QP weights = [0.0183, 0.0324, 0.0899, 0.0654, 0.0500, 0.0633, 0.1644, 0.1703, 0.1757, 0.1702]
  FCFW Sampled MMD^2: -0.000029
  FCFW Sampled TVD:   0.4861

FINAL MODEL COMPARISON (inc. FCFW)
Model      | MMD        | TVD        | TVD*       | Valid      | Cover      | F1        
----------------------------------------------------------------------------------------
Baseline   | 0.0387     | n/a        | n/a        | n/a        | n/a        | n/a       
Ensemble   | 0.0020     | 0.521      | 0.245      | n/a        | n/a        | n/a       
Model 0    | 0.0413     | 0.983      | 0.723      | n/a        | n/a        | n/a       
Model 1    | 0.0642     | 0.893      | 0.638      | n/a        | n/a        | n/a       
Model 2    | 0.0702     | 0.841      | 0.654      | n/a        | n/a        | n/a       
Model 3    | 0.0637     | 0.883      | 0.692      | n/a        | n/a        | n/a       
Model 4    | 0.1042     | 0.894      | 0.737      | n/a        | n/a        | n/a       
Model 5    | 0.1842     | 0.887      | 0.743      | n/a        | n/a        | n/a       
Model 6    | 0.1618     | 0.911      | 0.791      | n/a        | n/a        | n/a       
Model 7    | 0.1420     | 0.888      | 0.759      | n/a        | n/a        | n/a       
Model 8    | 0.1288     | 0.872      | 0.721      | n/a        | n/a        | n/a       
Model 9    | 0.1337     | 0.865      | 0.722      | n/a        | n/a        | n/a       
Ensemble (FCFW) | -0.0000    | 0.486      | 0.227      | n/a        | n/a        | n/a       
Saving results to out/hpo/hopfield_20q_p2_b15_20260605_111736/trials/trial_0035/results.csv...
Experiment: Boosting on Hopfield (20q, 2p)
Configuration:
  train_samples: 1000
  data_seed: 42
  n_samples: 400
  n_models: 10
  learning_rate: 0.005416249530243191
  epochs_per_step: 400
  caching_level: none
  ensemble_samples_coeff: 1.0
  init_baseline: covariance
  init_later: random
  lambda_dual: 1.0
  lambda_schedule: {'type': 'frank_wolfe', 'gamma': 1.0, 'tau': 1.0}
  n_ops: 1024
  weight_strategy: frank_wolfe
  alpha_n_grid: 11
  alpha_objective_weight: 0.5
  baseline: none
  shots: 1000
  final_eval_sampling: True
  dataset_metrics: True
  exact_metrics: {'enabled': True, 'max_qubits': 20, 'phases': {'baseline': True, 'steps': False, 'final': True, 'per_model': True, 'fcfw': True}}
  keep_models_for_diagnosis: True
  stop_on_reject: False
  save_circuit_artifacts: False
  rng_seed: 42
  circuit_config: {'topology': 'aachen_heavy_hex', 'distance': 2, 'max_weight': 2, 'n_ancilla': 0}
  turbo: 10
  dynamic_is_within_shell: shell_uniform
  exact_sampling: True
  acceptance_metric: training_mmd
  skip_sampling: True
  report_fcfw: True
  dynamic_is: False
  dynamic_is_beta: 0.02837273250025184
  sigma: [1.5699448348551837, 0.861465572849198, 0.6416845539372785]
  require_exact_sampling: True
================================================================================
Saving config to out/hpo/hopfield_20q_p2_b15_20260605_111736/trials/trial_0036/config.json...
Gate structure: Qubits: 20
Aachen heavy-hex topology: 39 parameters
one_qubit=20, two_qubit=19
Using Gaussian Kernel (n_ops=1024, n_qubits=20):
  - sigma=1.56994483
  - sigma=0.86146557
  - sigma=0.64168455
Expected sampled operator size:
  - p=1.836093, std=1.291329
  - p=4.902031, std=1.923678
  - p=7.030829, std=2.135229
  mean: 4.589651
  std: 2.802753
Baselines enabled: 

Training ensemble Model 0 (400 epochs)...
Training has not converged after 400 steps
Model 0 final loss: 0.052326
  [Step 0/9] train_MMD=0.0551 alpha_opt=1.0000 oracle_top1_TVD=0.9606

[Step 1] Training Model 1...
  lambda_dual: 0.5000
Training has not converged after 400 steps
  Weighting: frank_wolfe alpha = 0.5000
  [Step 1/9] train_MMD=0.0266 alpha_opt=0.5000 oracle_top2_TVD=0.9212
  [OK] MMD improved (delta=+0.028500)
  SNR (proxy): 7.39 (mean_norm=0.0114, std_norm=0.0015)

[Step 2] Training Model 2...
  lambda_dual: 0.6667
Training has not converged after 400 steps
  Weighting: frank_wolfe alpha = 0.3333
  [Step 2/9] train_MMD=0.0134 alpha_opt=0.3333 oracle_top3_TVD=0.8817
  [OK] MMD improved (delta=+0.013187)
  SNR (proxy): 4.38 (mean_norm=0.0082, std_norm=0.0019)

[Step 3] Training Model 3...
  lambda_dual: 0.7500
Training has not converged after 400 steps
  Weighting: frank_wolfe alpha = 0.2500
  [Step 3/9] train_MMD=0.0112 alpha_opt=0.2500 oracle_top4_TVD=0.8423
  [OK] MMD improved (delta=+0.002191)
  SNR (proxy): 8.79 (mean_norm=0.0131, std_norm=0.0015)

[Step 4] Training Model 4...
  lambda_dual: 0.8000
Training has not converged after 400 steps
  Weighting: frank_wolfe alpha = 0.2000
  [Step 4/9] train_MMD=0.0097 alpha_opt=0.2000 oracle_top5_TVD=0.8358
  [OK] MMD improved (delta=+0.001524)
  SNR (proxy): 9.28 (mean_norm=0.0120, std_norm=0.0013)

[Step 5] Training Model 5...
  lambda_dual: 0.8333
Training has not converged after 400 steps
  Weighting: frank_wolfe alpha = 0.1667
  [Step 5/9] train_MMD=0.0086 alpha_opt=0.1667 oracle_top6_TVD=0.8293
  [OK] MMD improved (delta=+0.001137)
  SNR (proxy): 5.57 (mean_norm=0.0117, std_norm=0.0021)

[Step 6] Training Model 6...
  lambda_dual: 0.8571
Training has not converged after 400 steps
  Weighting: frank_wolfe alpha = 0.1429
  [Step 6/9] train_MMD=0.0061 alpha_opt=0.1429 oracle_top7_TVD=0.8228
  [OK] MMD improved (delta=+0.002476)
  SNR (proxy): 5.95 (mean_norm=0.0092, std_norm=0.0015)

[Step 7] Training Model 7...
  lambda_dual: 0.8750
Training has not converged after 400 steps
  Weighting: frank_wolfe alpha = 0.1250
  [Step 7/9] train_MMD=0.0028 alpha_opt=0.1250 oracle_top8_TVD=0.8163
  [OK] MMD improved (delta=+0.003343)
  SNR (proxy): 4.22 (mean_norm=0.0072, std_norm=0.0017)

[Step 8] Training Model 8...
  lambda_dual: 0.8889
Training has not converged after 400 steps
  Weighting: frank_wolfe alpha = 0.1111
  [Step 8/9] train_MMD=0.0021 alpha_opt=0.1111 oracle_top9_TVD=0.8097
  [OK] MMD improved (delta=+0.000704)
  SNR (proxy): 5.41 (mean_norm=0.0077, std_norm=0.0014)

[Step 9] Training Model 9...
  lambda_dual: 0.9000
Training has not converged after 400 steps
  Weighting: frank_wolfe alpha = 0.1000
  [Step 9/9] train_MMD=0.0015 alpha_opt=0.1000 oracle_top10_TVD=0.8032
  [OK] MMD improved (delta=+0.000587)
  SNR (proxy): 10.47 (mean_norm=0.0071, std_norm=0.0007)

Final: 10 models, MMD=0.0015 (delta=+0.0536) F1=nan

[FCFW] Computing Fully Corrective Frank-Wolfe weights for final ensemble...
  Weighting: fully corrective QP weights = [0.0156, 0.1016, 0.0937, 0.0512, 0.0517, 0.0563, 0.1766, 0.1427, 0.1624, 0.1480]
  FCFW Sampled MMD^2: -0.000496
  FCFW Sampled TVD:   0.4569

FINAL MODEL COMPARISON (inc. FCFW)
Model      | MMD        | TVD        | TVD*       | Valid      | Cover      | F1        
----------------------------------------------------------------------------------------
Baseline   | 0.0551     | n/a        | n/a        | n/a        | n/a        | n/a       
Ensemble   | 0.0015     | 0.515      | 0.266      | n/a        | n/a        | n/a       
Model 0    | 0.0533     | 0.993      | 0.844      | n/a        | n/a        | n/a       
Model 1    | 0.0885     | 0.891      | 0.651      | n/a        | n/a        | n/a       
Model 2    | 0.1226     | 0.814      | 0.707      | n/a        | n/a        | n/a       
Model 3    | 0.0899     | 0.872      | 0.678      | n/a        | n/a        | n/a       
Model 4    | 0.1166     | 0.882      | 0.704      | n/a        | n/a        | n/a       
Model 5    | 0.1427     | 0.905      | 0.737      | n/a        | n/a        | n/a       
Model 6    | 0.2069     | 0.890      | 0.762      | n/a        | n/a        | n/a       
Model 7    | 0.2709     | 0.914      | 0.815      | n/a        | n/a        | n/a       
Model 8    | 0.2057     | 0.883      | 0.751      | n/a        | n/a        | n/a       
Model 9    | 0.1687     | 0.871      | 0.729      | n/a        | n/a        | n/a       
Ensemble (FCFW) | -0.0005    | 0.457      | 0.233      | n/a        | n/a        | n/a       
Saving results to out/hpo/hopfield_20q_p2_b15_20260605_111736/trials/trial_0036/results.csv...
Experiment: Boosting on Hopfield (20q, 2p)
Configuration:
  train_samples: 1000
  data_seed: 42
  n_samples: 400
  n_models: 10
  learning_rate: 0.004648155939213969
  epochs_per_step: 400
  caching_level: none
  ensemble_samples_coeff: 1.0
  init_baseline: covariance
  init_later: random
  lambda_dual: 1.0
  lambda_schedule: {'type': 'frank_wolfe', 'gamma': 1.0, 'tau': 1.0}
  n_ops: 1024
  weight_strategy: frank_wolfe
  alpha_n_grid: 11
  alpha_objective_weight: 0.5
  baseline: none
  shots: 1000
  final_eval_sampling: True
  dataset_metrics: True
  exact_metrics: {'enabled': True, 'max_qubits': 20, 'phases': {'baseline': True, 'steps': False, 'final': True, 'per_model': True, 'fcfw': True}}
  keep_models_for_diagnosis: True
  stop_on_reject: False
  save_circuit_artifacts: False
  rng_seed: 42
  circuit_config: {'topology': 'aachen_heavy_hex', 'distance': 2, 'max_weight': 2, 'n_ancilla': 0}
  turbo: 10
  dynamic_is_within_shell: shell_uniform
  exact_sampling: True
  acceptance_metric: training_mmd
  skip_sampling: True
  report_fcfw: True
  dynamic_is: False
  dynamic_is_beta: 0.08177559850297354
  sigma: [1.2025240920691174, 0.8678498025780781, 0.5981935581468278]
  require_exact_sampling: True
================================================================================
Saving config to out/hpo/hopfield_20q_p2_b15_20260605_111736/trials/trial_0037/config.json...
Gate structure: Qubits: 20
Aachen heavy-hex topology: 39 parameters
one_qubit=20, two_qubit=19
Using Gaussian Kernel (n_ops=1024, n_qubits=20):
  - sigma=1.20252409
  - sigma=0.86784980
  - sigma=0.59819356
Expected sampled operator size:
  - p=2.923220, std=1.579861
  - p=4.851433, std=1.916928
  - p=7.527338, std=2.166633
  mean: 5.100664
  std: 2.680609
Baselines enabled: 

Training ensemble Model 0 (400 epochs)...
Training has not converged after 400 steps
Model 0 final loss: 0.041396
  [Step 0/9] train_MMD=0.0437 alpha_opt=1.0000 oracle_top1_TVD=0.9606

[Step 1] Training Model 1...
  lambda_dual: 0.5000
Training has not converged after 400 steps
  Weighting: frank_wolfe alpha = 0.5000
  [Step 1/9] train_MMD=0.0170 alpha_opt=0.5000 oracle_top2_TVD=0.9212
  [OK] MMD improved (delta=+0.026705)
  SNR (proxy): 6.92 (mean_norm=0.0115, std_norm=0.0017)

[Step 2] Training Model 2...
  lambda_dual: 0.6667
Training has not converged after 400 steps
  Weighting: frank_wolfe alpha = 0.3333
  [Step 2/9] train_MMD=0.0130 alpha_opt=0.3333 oracle_top3_TVD=0.8817
  [OK] MMD improved (delta=+0.004001)
  SNR (proxy): 5.19 (mean_norm=0.0097, std_norm=0.0019)

[Step 3] Training Model 3...
  lambda_dual: 0.7500
Training has not converged after 400 steps
  Weighting: frank_wolfe alpha = 0.2500
  [Step 3/9] train_MMD=0.0104 alpha_opt=0.2500 oracle_top4_TVD=0.8423
  [OK] MMD improved (delta=+0.002551)
  SNR (proxy): 6.58 (mean_norm=0.0108, std_norm=0.0016)

[Step 4] Training Model 4...
  lambda_dual: 0.8000
Training has not converged after 400 steps
  Weighting: frank_wolfe alpha = 0.2000
  [Step 4/9] train_MMD=0.0095 alpha_opt=0.2000 oracle_top5_TVD=0.8358
  [OK] MMD improved (delta=+0.000953)
  SNR (proxy): 7.85 (mean_norm=0.0112, std_norm=0.0014)

[Step 5] Training Model 5...
  lambda_dual: 0.8333
Training has not converged after 400 steps
  Weighting: frank_wolfe alpha = 0.1667
  [Step 5/9] train_MMD=0.0076 alpha_opt=0.1667 oracle_top6_TVD=0.8293
  [OK] MMD improved (delta=+0.001914)
  SNR (proxy): 3.42 (mean_norm=0.0102, std_norm=0.0030)

[Step 6] Training Model 6...
  lambda_dual: 0.8571
Training has not converged after 400 steps
  Weighting: frank_wolfe alpha = 0.1429
  [Step 6/9] train_MMD=0.0046 alpha_opt=0.1429 oracle_top7_TVD=0.8228
  [OK] MMD improved (delta=+0.003004)
  SNR (proxy): 7.44 (mean_norm=0.0074, std_norm=0.0010)

[Step 7] Training Model 7...
  lambda_dual: 0.8750
Training has not converged after 400 steps
  Weighting: frank_wolfe alpha = 0.1250
  [Step 7/9] train_MMD=0.0020 alpha_opt=0.1250 oracle_top8_TVD=0.8163
  [OK] MMD improved (delta=+0.002533)
  SNR (proxy): 5.07 (mean_norm=0.0066, std_norm=0.0013)

[Step 8] Training Model 8...
  lambda_dual: 0.8889
Training has not converged after 400 steps
  Weighting: frank_wolfe alpha = 0.1111
  [Step 8/9] train_MMD=0.0017 alpha_opt=0.1111 oracle_top9_TVD=0.8097
  [OK] MMD improved (delta=+0.000370)
  SNR (proxy): 5.59 (mean_norm=0.0054, std_norm=0.0010)

[Step 9] Training Model 9...
  lambda_dual: 0.9000
Training has not converged after 400 steps
  Weighting: frank_wolfe alpha = 0.1000
  [Step 9/9] train_MMD=0.0012 alpha_opt=0.1000 oracle_top10_TVD=0.8032
  [OK] MMD improved (delta=+0.000432)
  SNR (proxy): 4.99 (mean_norm=0.0058, std_norm=0.0012)

Final: 10 models, MMD=0.0012 (delta=+0.0425) F1=nan

[FCFW] Computing Fully Corrective Frank-Wolfe weights for final ensemble...
  Weighting: fully corrective QP weights = [0.0250, 0.0627, 0.0910, 0.0779, 0.0233, 0.0977, 0.1715, 0.1506, 0.1881, 0.1123]
  FCFW Sampled MMD^2: -0.000313
  FCFW Sampled TVD:   0.4636

FINAL MODEL COMPARISON (inc. FCFW)
Model      | MMD        | TVD        | TVD*       | Valid      | Cover      | F1        
----------------------------------------------------------------------------------------
Baseline   | 0.0437     | n/a        | n/a        | n/a        | n/a        | n/a       
Ensemble   | 0.0012     | 0.519      | 0.247      | n/a        | n/a        | n/a       
Model 0    | 0.0440     | 0.965      | 0.734      | n/a        | n/a        | n/a       
Model 1    | 0.0717     | 0.870      | 0.642      | n/a        | n/a        | n/a       
Model 2    | 0.0891     | 0.855      | 0.653      | n/a        | n/a        | n/a       
Model 3    | 0.0753     | 0.895      | 0.666      | n/a        | n/a        | n/a       
Model 4    | 0.1157     | 0.895      | 0.733      | n/a        | n/a        | n/a       
Model 5    | 0.1384     | 0.891      | 0.777      | n/a        | n/a        | n/a       
Model 6    | 0.1775     | 0.894      | 0.758      | n/a        | n/a        | n/a       
Model 7    | 0.2134     | 0.891      | 0.782      | n/a        | n/a        | n/a       
Model 8    | 0.1756     | 0.888      | 0.730      | n/a        | n/a        | n/a       
Model 9    | 0.1474     | 0.879      | 0.722      | n/a        | n/a        | n/a       
Ensemble (FCFW) | -0.0003    | 0.464      | 0.212      | n/a        | n/a        | n/a       
Saving results to out/hpo/hopfield_20q_p2_b15_20260605_111736/trials/trial_0037/results.csv...
Experiment: Boosting on Hopfield (20q, 2p)
Configuration:
  train_samples: 1000
  data_seed: 42
  n_samples: 400
  n_models: 10
  learning_rate: 0.0015918331557019164
  epochs_per_step: 400
  caching_level: none
  ensemble_samples_coeff: 1.0
  init_baseline: covariance
  init_later: random
  lambda_dual: 1.0
  lambda_schedule: {'type': 'frank_wolfe', 'gamma': 1.0, 'tau': 1.0}
  n_ops: 1024
  weight_strategy: frank_wolfe
  alpha_n_grid: 11
  alpha_objective_weight: 0.5
  baseline: none
  shots: 1000
  final_eval_sampling: True
  dataset_metrics: True
  exact_metrics: {'enabled': True, 'max_qubits': 20, 'phases': {'baseline': True, 'steps': False, 'final': True, 'per_model': True, 'fcfw': True}}
  keep_models_for_diagnosis: True
  stop_on_reject: False
  save_circuit_artifacts: False
  rng_seed: 42
  circuit_config: {'topology': 'aachen_heavy_hex', 'distance': 2, 'max_weight': 2, 'n_ancilla': 0}
  turbo: 10
  dynamic_is_within_shell: shell_uniform
  exact_sampling: True
  acceptance_metric: training_mmd
  skip_sampling: True
  report_fcfw: True
  dynamic_is: False
  dynamic_is_beta: 0.05085967074801399
  sigma: [1.0142575576698225]
  require_exact_sampling: True
================================================================================
Saving config to out/hpo/hopfield_20q_p2_b15_20260605_111736/trials/trial_0038/config.json...
Gate structure: Qubits: 20
Aachen heavy-hex topology: 39 parameters
one_qubit=20, two_qubit=19
Using Gaussian Kernel (n_ops=1024, n_qubits=20):
  - sigma=1.01425756
Expected sampled operator size:
  - p=3.849438, std=1.763102
  mean: 3.849438
  std: 1.763102
Baselines enabled: 

Training ensemble Model 0 (400 epochs)...
Training has not converged after 400 steps
Model 0 final loss: 0.055491
  [Step 0/9] train_MMD=0.0562 alpha_opt=1.0000 oracle_top1_TVD=0.9606

[Step 1] Training Model 1...
  lambda_dual: 0.5000
Training has not converged after 400 steps
  Weighting: frank_wolfe alpha = 0.5000
  [Step 1/9] train_MMD=0.0294 alpha_opt=0.5000 oracle_top2_TVD=0.9212
  [OK] MMD improved (delta=+0.026840)
  SNR (proxy): 5.51 (mean_norm=0.0227, std_norm=0.0041)

[Step 2] Training Model 2...
  lambda_dual: 0.6667
Training has not converged after 400 steps
  Weighting: frank_wolfe alpha = 0.3333
  [Step 2/9] train_MMD=0.0294 alpha_opt=0.3333 oracle_top3_TVD=0.8817
  [WARNING] MMD worsened but kept (diagnostic, delta=-0.000064)
  SNR (proxy): 10.45 (mean_norm=0.0374, std_norm=0.0036)

[Step 3] Training Model 3...
  lambda_dual: 0.7500
Training has not converged after 400 steps
  Weighting: frank_wolfe alpha = 0.2500
  [Step 3/9] train_MMD=0.0284 alpha_opt=0.2500 oracle_top4_TVD=0.8423
  [OK] MMD improved (delta=+0.001031)
  SNR (proxy): 11.40 (mean_norm=0.0296, std_norm=0.0026)

[Step 4] Training Model 4...
  lambda_dual: 0.8000
Training has not converged after 400 steps
  Weighting: frank_wolfe alpha = 0.2000
  [Step 4/9] train_MMD=0.0215 alpha_opt=0.2000 oracle_top5_TVD=0.8358
  [OK] MMD improved (delta=+0.006940)
  SNR (proxy): 13.60 (mean_norm=0.0523, std_norm=0.0038)

[Step 5] Training Model 5...
  lambda_dual: 0.8333
Training has not converged after 400 steps
  Weighting: frank_wolfe alpha = 0.1667
  [Step 5/9] train_MMD=0.0184 alpha_opt=0.1667 oracle_top6_TVD=0.8293
  [OK] MMD improved (delta=+0.003073)
  SNR (proxy): 9.99 (mean_norm=0.0419, std_norm=0.0042)

[Step 6] Training Model 6...
  lambda_dual: 0.8571
Training has not converged after 400 steps
  Weighting: frank_wolfe alpha = 0.1429
  [Step 6/9] train_MMD=0.0219 alpha_opt=0.1429 oracle_top7_TVD=0.8228
  [WARNING] MMD worsened but kept (diagnostic, delta=-0.003541)
  SNR (proxy): 12.04 (mean_norm=0.0136, std_norm=0.0011)

[Step 7] Training Model 7...
  lambda_dual: 0.8750
Training has not converged after 400 steps
  Weighting: frank_wolfe alpha = 0.1250
  [Step 7/9] train_MMD=0.0183 alpha_opt=0.1250 oracle_top8_TVD=0.8163
  [OK] MMD improved (delta=+0.003667)
  SNR (proxy): 8.65 (mean_norm=0.0364, std_norm=0.0042)

[Step 8] Training Model 8...
  lambda_dual: 0.8889
Training has not converged after 400 steps
  Weighting: frank_wolfe alpha = 0.1111
  [Step 8/9] train_MMD=0.0170 alpha_opt=0.1111 oracle_top9_TVD=0.8097
  [OK] MMD improved (delta=+0.001231)
  SNR (proxy): 12.97 (mean_norm=0.0330, std_norm=0.0025)

[Step 9] Training Model 9...
  lambda_dual: 0.9000
Training has not converged after 400 steps
  Weighting: frank_wolfe alpha = 0.1000
  [Step 9/9] train_MMD=0.0160 alpha_opt=0.1000 oracle_top10_TVD=0.8032
  [OK] MMD improved (delta=+0.001068)
  SNR (proxy): 13.26 (mean_norm=0.0413, std_norm=0.0031)

Final: 10 models, MMD=0.0138 (delta=+0.0424) F1=nan

[FCFW] Computing Fully Corrective Frank-Wolfe weights for final ensemble...
  Weighting: fully corrective QP weights = [0.0000, 0.0501, 0.1039, 0.1281, 0.2267, 0.0791, 0.0000, 0.1578, 0.1276, 0.1265]
  FCFW Sampled MMD^2: 0.011735
  FCFW Sampled TVD:   0.7085

FINAL MODEL COMPARISON (inc. FCFW)
Model      | MMD        | TVD        | TVD*       | Valid      | Cover      | F1        
----------------------------------------------------------------------------------------
Baseline   | 0.0562     | n/a        | n/a        | n/a        | n/a        | n/a       
Ensemble   | 0.0138     | 0.716      | 0.529      | n/a        | n/a        | n/a       
Model 0    | 0.0581     | 0.987      | 0.731      | n/a        | n/a        | n/a       
Model 1    | 0.0828     | 0.925      | 0.768      | n/a        | n/a        | n/a       
Model 2    | 0.0703     | 0.966      | 0.827      | n/a        | n/a        | n/a       
Model 3    | 0.1023     | 0.891      | 0.748      | n/a        | n/a        | n/a       
Model 4    | 0.0988     | 0.904      | 0.802      | n/a        | n/a        | n/a       
Model 5    | 0.1205     | 0.907      | 0.751      | n/a        | n/a        | n/a       
Model 6    | 0.0767     | 0.986      | 0.942      | n/a        | n/a        | n/a       
Model 7    | 0.1674     | 0.897      | 0.805      | n/a        | n/a        | n/a       
Model 8    | 0.1873     | 0.890      | 0.796      | n/a        | n/a        | n/a       
Model 9    | 0.1364     | 0.945      | 0.846      | n/a        | n/a        | n/a       
Ensemble (FCFW) | 0.0117     | 0.708      | 0.526      | n/a        | n/a        | n/a       
Saving results to out/hpo/hopfield_20q_p2_b15_20260605_111736/trials/trial_0038/results.csv...
Experiment: Boosting on Hopfield (20q, 2p)
Configuration:
  train_samples: 1000
  data_seed: 42
  n_samples: 400
  n_models: 10
  learning_rate: 0.001018916194339174
  epochs_per_step: 400
  caching_level: none
  ensemble_samples_coeff: 1.0
  init_baseline: covariance
  init_later: random
  lambda_dual: 1.0
  lambda_schedule: {'type': 'frank_wolfe', 'gamma': 1.0, 'tau': 1.0}
  n_ops: 1024
  weight_strategy: frank_wolfe
  alpha_n_grid: 11
  alpha_objective_weight: 0.5
  baseline: none
  shots: 1000
  final_eval_sampling: True
  dataset_metrics: True
  exact_metrics: {'enabled': True, 'max_qubits': 20, 'phases': {'baseline': True, 'steps': False, 'final': True, 'per_model': True, 'fcfw': True}}
  keep_models_for_diagnosis: True
  stop_on_reject: False
  save_circuit_artifacts: False
  rng_seed: 42
  circuit_config: {'topology': 'aachen_heavy_hex', 'distance': 2, 'max_weight': 2, 'n_ancilla': 0}
  turbo: 10
  dynamic_is_within_shell: shell_uniform
  exact_sampling: True
  acceptance_metric: training_mmd
  skip_sampling: True
  report_fcfw: True
  dynamic_is: False
  dynamic_is_beta: 0.012682945913573553
  sigma: [1.0021878527990724, 0.655571609218641, 0.4664798539955187]
  require_exact_sampling: True
================================================================================
Saving config to out/hpo/hopfield_20q_p2_b15_20260605_111736/trials/trial_0039/config.json...
Gate structure: Qubits: 20
Aachen heavy-hex topology: 39 parameters
one_qubit=20, two_qubit=19
Using Gaussian Kernel (n_ops=1024, n_qubits=20):
  - sigma=1.00218785
  - sigma=0.65557161
  - sigma=0.46647985
Expected sampled operator size:
  - p=3.921452, std=1.775546
  - p=6.875784, std=2.124138
  - p=8.995161, std=2.224751
  mean: 6.597466
  std: 2.921272
Baselines enabled: 

Training ensemble Model 0 (400 epochs)...
Training has not converged after 400 steps
Model 0 final loss: 0.035613
  [Step 0/9] train_MMD=0.0344 alpha_opt=1.0000 oracle_top1_TVD=0.9606

[Step 1] Training Model 1...
  lambda_dual: 0.5000
Training has not converged after 400 steps
  Weighting: frank_wolfe alpha = 0.5000
  [Step 1/9] train_MMD=0.0313 alpha_opt=0.5000 oracle_top2_TVD=0.9212
  [OK] MMD improved (delta=+0.003174)
  SNR (proxy): 18.21 (mean_norm=0.0131, std_norm=0.0007)

[Step 2] Training Model 2...
  lambda_dual: 0.6667
Training has not converged after 400 steps
  Weighting: frank_wolfe alpha = 0.3333
  [Step 2/9] train_MMD=0.0319 alpha_opt=0.3333 oracle_top3_TVD=0.8817
  [WARNING] MMD worsened but kept (diagnostic, delta=-0.000586)
  SNR (proxy): 9.68 (mean_norm=0.0085, std_norm=0.0009)

[Step 3] Training Model 3...
  lambda_dual: 0.7500
Training has not converged after 400 steps
  Weighting: frank_wolfe alpha = 0.2500
  [Step 3/9] train_MMD=0.0256 alpha_opt=0.2500 oracle_top4_TVD=0.8423
  [OK] MMD improved (delta=+0.006253)
  SNR (proxy): 10.19 (mean_norm=0.0171, std_norm=0.0017)

[Step 4] Training Model 4...
  lambda_dual: 0.8000
Training has not converged after 400 steps
  Weighting: frank_wolfe alpha = 0.2000
  [Step 4/9] train_MMD=0.0243 alpha_opt=0.2000 oracle_top5_TVD=0.8358
  [OK] MMD improved (delta=+0.001310)
  SNR (proxy): 13.61 (mean_norm=0.0177, std_norm=0.0013)

[Step 5] Training Model 5...
  lambda_dual: 0.8333
Training has not converged after 400 steps
  Weighting: frank_wolfe alpha = 0.1667
  [Step 5/9] train_MMD=0.0249 alpha_opt=0.1667 oracle_top6_TVD=0.8293
  [WARNING] MMD worsened but kept (diagnostic, delta=-0.000657)
  SNR (proxy): 9.25 (mean_norm=0.0095, std_norm=0.0010)

[Step 6] Training Model 6...
  lambda_dual: 0.8571
Training has not converged after 400 steps
  Weighting: frank_wolfe alpha = 0.1429
  [Step 6/9] train_MMD=0.0228 alpha_opt=0.1429 oracle_top7_TVD=0.8228
  [OK] MMD improved (delta=+0.002198)
  SNR (proxy): 26.85 (mean_norm=0.0305, std_norm=0.0011)

[Step 7] Training Model 7...
  lambda_dual: 0.8750
Training has not converged after 400 steps
  Weighting: frank_wolfe alpha = 0.1250
  [Step 7/9] train_MMD=0.0230 alpha_opt=0.1250 oracle_top8_TVD=0.8163
  [WARNING] MMD worsened but kept (diagnostic, delta=-0.000269)
  SNR (proxy): 10.14 (mean_norm=0.0134, std_norm=0.0013)

[Step 8] Training Model 8...
  lambda_dual: 0.8889
Training has not converged after 400 steps
  Weighting: frank_wolfe alpha = 0.1111
  [Step 8/9] train_MMD=0.0241 alpha_opt=0.1111 oracle_top9_TVD=0.8097
  [WARNING] MMD worsened but kept (diagnostic, delta=-0.001126)
  SNR (proxy): 11.20 (mean_norm=0.0048, std_norm=0.0004)

[Step 9] Training Model 9...
  lambda_dual: 0.9000
Training has not converged after 400 steps
  Weighting: frank_wolfe alpha = 0.1000
  [Step 9/9] train_MMD=0.0245 alpha_opt=0.1000 oracle_top10_TVD=0.8032
  [WARNING] MMD worsened but kept (diagnostic, delta=-0.000373)
  SNR (proxy): 19.71 (mean_norm=0.0115, std_norm=0.0006)

Final: 10 models, MMD=0.0260 (delta=+0.0085) F1=nan

[FCFW] Computing Fully Corrective Frank-Wolfe weights for final ensemble...
  Weighting: fully corrective QP weights = [0.0000, 0.0778, 0.0000, 0.3421, 0.2159, 0.0000, 0.2473, 0.0662, 0.0000, 0.0508]
  FCFW Sampled MMD^2: 0.019046
  FCFW Sampled TVD:   0.8572

FINAL MODEL COMPARISON (inc. FCFW)
Model      | MMD        | TVD        | TVD*       | Valid      | Cover      | F1        
----------------------------------------------------------------------------------------
Baseline   | 0.0344     | n/a        | n/a        | n/a        | n/a        | n/a       
Ensemble   | 0.0260     | 0.937      | 0.783      | n/a        | n/a        | n/a       
Model 0    | 0.0356     | 0.999      | 0.914      | n/a        | n/a        | n/a       
Model 1    | 0.0340     | 0.993      | 0.896      | n/a        | n/a        | n/a       
Model 2    | 0.0374     | 1.000      | 0.930      | n/a        | n/a        | n/a       
Model 3    | 0.0562     | 0.908      | 0.790      | n/a        | n/a        | n/a       
Model 4    | 0.0389     | 0.990      | 0.880      | n/a        | n/a        | n/a       
Model 5    | 0.0387     | 0.997      | 0.920      | n/a        | n/a        | n/a       
Model 6    | 0.0673     | 0.959      | 0.822      | n/a        | n/a        | n/a       
Model 7    | 0.0396     | 0.992      | 0.922      | n/a        | n/a        | n/a       
Model 8    | 0.0390     | 1.000      | 0.951      | n/a        | n/a        | n/a       
Model 9    | 0.0384     | 1.000      | 0.933      | n/a        | n/a        | n/a       
Ensemble (FCFW) | 0.0190     | 0.857      | 0.710      | n/a        | n/a        | n/a       
Saving results to out/hpo/hopfield_20q_p2_b15_20260605_111736/trials/trial_0039/results.csv...
Experiment: Boosting on Hopfield (20q, 2p)
Configuration:
  train_samples: 1000
  data_seed: 42
  n_samples: 400
  n_models: 10
  learning_rate: 0.0029570179597372707
  epochs_per_step: 400
  caching_level: none
  ensemble_samples_coeff: 1.0
  init_baseline: covariance
  init_later: random
  lambda_dual: 1.0
  lambda_schedule: {'type': 'frank_wolfe', 'gamma': 0.5, 'tau': 1.0}
  n_ops: 1024
  weight_strategy: frank_wolfe
  alpha_n_grid: 11
  alpha_objective_weight: 0.5
  baseline: none
  shots: 1000
  final_eval_sampling: True
  dataset_metrics: True
  exact_metrics: {'enabled': True, 'max_qubits': 20, 'phases': {'baseline': True, 'steps': False, 'final': True, 'per_model': True, 'fcfw': True}}
  keep_models_for_diagnosis: True
  stop_on_reject: False
  save_circuit_artifacts: False
  rng_seed: 42
  circuit_config: {'topology': 'aachen_heavy_hex', 'distance': 2, 'max_weight': 2, 'n_ancilla': 0}
  turbo: 10
  dynamic_is_within_shell: shell_uniform
  exact_sampling: True
  acceptance_metric: training_mmd
  skip_sampling: True
  report_fcfw: True
  dynamic_is: False
  dynamic_is_beta: 0.18895465083131435
  sigma: [2.6337947575112337, 1.0848850651080775, 0.5849916394985922]
  require_exact_sampling: True
================================================================================
Saving config to out/hpo/hopfield_20q_p2_b15_20260605_111736/trials/trial_0040/config.json...
Gate structure: Qubits: 20
Aachen heavy-hex topology: 39 parameters
one_qubit=20, two_qubit=19
Using Gaussian Kernel (n_ops=1024, n_qubits=20):
  - sigma=2.63379476
  - sigma=1.08488507
  - sigma=0.58499164
Expected sampled operator size:
  - p=0.695422, std=0.819293
  - p=3.461110, std=1.691788
  - p=7.680118, std=2.175065
  mean: 3.945550
  std: 3.317093
Baselines enabled: 

Training ensemble Model 0 (400 epochs)...
Training has not converged after 400 steps
Model 0 final loss: 0.046401
  [Step 0/9] train_MMD=0.0431 alpha_opt=1.0000 oracle_top1_TVD=0.9606

[Step 1] Training Model 1...
  lambda_dual: 0.7500
Training has not converged after 400 steps
  Weighting: frank_wolfe alpha = 0.2500
  [Step 1/9] train_MMD=0.0315 alpha_opt=0.2500 oracle_top2_TVD=0.9212
  [OK] MMD improved (delta=+0.011596)
  SNR (proxy): 5.77 (mean_norm=0.0088, std_norm=0.0015)

[Step 2] Training Model 2...
  lambda_dual: 0.8333
Training has not converged after 400 steps
  Weighting: frank_wolfe alpha = 0.1667
  [Step 2/9] train_MMD=0.0170 alpha_opt=0.1667 oracle_top3_TVD=0.8817
  [OK] MMD improved (delta=+0.014497)
  SNR (proxy): 11.36 (mean_norm=0.0090, std_norm=0.0008)

[Step 3] Training Model 3...
  lambda_dual: 0.8750
Training has not converged after 400 steps
  Weighting: frank_wolfe alpha = 0.1250
  [Step 3/9] train_MMD=0.0164 alpha_opt=0.1250 oracle_top4_TVD=0.8423
  [OK] MMD improved (delta=+0.000557)
  SNR (proxy): 6.11 (mean_norm=0.0071, std_norm=0.0012)

[Step 4] Training Model 4...
  lambda_dual: 0.9000
Training has not converged after 400 steps
  Weighting: frank_wolfe alpha = 0.1000
  [Step 4/9] train_MMD=0.0095 alpha_opt=0.1000 oracle_top5_TVD=0.8358
  [OK] MMD improved (delta=+0.006904)
  SNR (proxy): 10.70 (mean_norm=0.0069, std_norm=0.0006)

[Step 5] Training Model 5...
  lambda_dual: 0.9167
Training has not converged after 400 steps
  Weighting: frank_wolfe alpha = 0.0833
  [Step 5/9] train_MMD=0.0076 alpha_opt=0.0833 oracle_top6_TVD=0.8293
  [OK] MMD improved (delta=+0.001930)
  SNR (proxy): 11.16 (mean_norm=0.0043, std_norm=0.0004)

[Step 6] Training Model 6...
  lambda_dual: 0.9286
Training has not converged after 400 steps
  Weighting: frank_wolfe alpha = 0.0714
  [Step 6/9] train_MMD=0.0045 alpha_opt=0.0714 oracle_top7_TVD=0.8228
  [OK] MMD improved (delta=+0.003066)
  SNR (proxy): 8.21 (mean_norm=0.0024, std_norm=0.0003)

[Step 7] Training Model 7...
  lambda_dual: 0.9375
Training has not converged after 400 steps
  Weighting: frank_wolfe alpha = 0.0625
  [Step 7/9] train_MMD=0.0038 alpha_opt=0.0625 oracle_top8_TVD=0.8163
  [OK] MMD improved (delta=+0.000710)
  SNR (proxy): 8.55 (mean_norm=0.0038, std_norm=0.0004)

[Step 8] Training Model 8...
  lambda_dual: 0.9444
Training has not converged after 400 steps
  Weighting: frank_wolfe alpha = 0.0556
  [Step 8/9] train_MMD=0.0028 alpha_opt=0.0556 oracle_top9_TVD=0.8097
  [OK] MMD improved (delta=+0.000964)
  SNR (proxy): 3.97 (mean_norm=0.0032, std_norm=0.0008)

[Step 9] Training Model 9...
  lambda_dual: 0.9500
Training has not converged after 400 steps
  Weighting: frank_wolfe alpha = 0.0500
  [Step 9/9] train_MMD=0.0025 alpha_opt=0.0500 oracle_top10_TVD=0.8032
  [OK] MMD improved (delta=+0.000373)
  SNR (proxy): 4.13 (mean_norm=0.0025, std_norm=0.0006)

Final: 10 models, MMD=0.0019 (delta=+0.0412) F1=nan

[FCFW] Computing Fully Corrective Frank-Wolfe weights for final ensemble...
  Weighting: fully corrective QP weights = [0.2066, 0.1600, 0.0298, 0.0901, 0.0587, 0.0630, 0.0920, 0.1228, 0.0515, 0.1255]
  FCFW Sampled MMD^2: 0.000186
  FCFW Sampled TVD:   0.4956

FINAL MODEL COMPARISON (inc. FCFW)
Model      | MMD        | TVD        | TVD*       | Valid      | Cover      | F1        
----------------------------------------------------------------------------------------
Baseline   | 0.0431     | n/a        | n/a        | n/a        | n/a        | n/a       
Ensemble   | 0.0019     | 0.525      | 0.422      | n/a        | n/a        | n/a       
Model 0    | 0.0448     | 0.998      | 0.924      | n/a        | n/a        | n/a       
Model 1    | 0.1401     | 0.814      | 0.747      | n/a        | n/a        | n/a       
Model 2    | 0.1864     | 0.872      | 0.764      | n/a        | n/a        | n/a       
Model 3    | 0.1874     | 0.878      | 0.801      | n/a        | n/a        | n/a       
Model 4    | 0.3510     | 0.913      | 0.835      | n/a        | n/a        | n/a       
Model 5    | 0.3237     | 0.901      | 0.810      | n/a        | n/a        | n/a       
Model 6    | 0.4721     | 0.933      | 0.902      | n/a        | n/a        | n/a       
Model 7    | 0.2055     | 0.879      | 0.793      | n/a        | n/a        | n/a       
Model 8    | 0.4478     | 0.919      | 0.866      | n/a        | n/a        | n/a       
Model 9    | 0.1836     | 0.897      | 0.776      | n/a        | n/a        | n/a       
Ensemble (FCFW) | 0.0002     | 0.496      | 0.385      | n/a        | n/a        | n/a       
Saving results to out/hpo/hopfield_20q_p2_b15_20260605_111736/trials/trial_0040/results.csv...
Experiment: Boosting on Hopfield (20q, 2p)
Configuration:
  train_samples: 1000
  data_seed: 42
  n_samples: 400
  n_models: 10
  learning_rate: 0.003264992039122854
  epochs_per_step: 400
  caching_level: none
  ensemble_samples_coeff: 1.0
  init_baseline: covariance
  init_later: random
  lambda_dual: 1.0
  lambda_schedule: {'type': 'frank_wolfe', 'gamma': 1.0, 'tau': 1.0}
  n_ops: 2048
  weight_strategy: frank_wolfe
  alpha_n_grid: 11
  alpha_objective_weight: 0.5
  baseline: none
  shots: 1000
  final_eval_sampling: True
  dataset_metrics: True
  exact_metrics: {'enabled': True, 'max_qubits': 20, 'phases': {'baseline': True, 'steps': False, 'final': True, 'per_model': True, 'fcfw': True}}
  keep_models_for_diagnosis: True
  stop_on_reject: False
  save_circuit_artifacts: False
  rng_seed: 42
  circuit_config: {'topology': 'aachen_heavy_hex', 'distance': 2, 'max_weight': 2, 'n_ancilla': 0}
  turbo: 10
  dynamic_is_within_shell: shell_uniform
  exact_sampling: True
  acceptance_metric: training_mmd
  skip_sampling: True
  report_fcfw: True
  dynamic_is: False
  dynamic_is_beta: 0.018234283693673272
  sigma: [1.1398173229408566, 0.6911002526707206, 0.5580890455552615]
  require_exact_sampling: True
================================================================================
Saving config to out/hpo/hopfield_20q_p2_b15_20260605_111736/trials/trial_0041/config.json...
Gate structure: Qubits: 20
Aachen heavy-hex topology: 39 parameters
one_qubit=20, two_qubit=19
Using Gaussian Kernel (n_ops=2048, n_qubits=20):
  - sigma=1.13981732
  - sigma=0.69110025
  - sigma=0.55808905
Expected sampled operator size:
  - p=3.194521, std=1.638375
  - p=6.489611, std=2.093767
  - p=7.991758, std=2.190513
  mean: 5.891963
  std: 2.823059
Baselines enabled: 

Training ensemble Model 0 (400 epochs)...
Training has not converged after 400 steps
Model 0 final loss: 0.035459
  [Step 0/9] train_MMD=0.0367 alpha_opt=1.0000 oracle_top1_TVD=0.9606

[Step 1] Training Model 1...
  lambda_dual: 0.5000
Training has not converged after 400 steps
  Weighting: frank_wolfe alpha = 0.5000
  [Step 1/9] train_MMD=0.0158 alpha_opt=0.5000 oracle_top2_TVD=0.9212
  [OK] MMD improved (delta=+0.020893)
  SNR (proxy): 7.90 (mean_norm=0.0093, std_norm=0.0012)

[Step 2] Training Model 2...
  lambda_dual: 0.6667
Training has not converged after 400 steps
  Weighting: frank_wolfe alpha = 0.3333
  [Step 2/9] train_MMD=0.0120 alpha_opt=0.3333 oracle_top3_TVD=0.8817
  [OK] MMD improved (delta=+0.003770)
  SNR (proxy): 4.52 (mean_norm=0.0094, std_norm=0.0021)

[Step 3] Training Model 3...
  lambda_dual: 0.7500
Training has not converged after 400 steps
  Weighting: frank_wolfe alpha = 0.2500
  [Step 3/9] train_MMD=0.0101 alpha_opt=0.2500 oracle_top4_TVD=0.8423
  [OK] MMD improved (delta=+0.001916)
  SNR (proxy): 11.52 (mean_norm=0.0108, std_norm=0.0009)

[Step 4] Training Model 4...
  lambda_dual: 0.8000
Training has not converged after 400 steps
  Weighting: frank_wolfe alpha = 0.2000
  [Step 4/9] train_MMD=0.0097 alpha_opt=0.2000 oracle_top5_TVD=0.8358
  [OK] MMD improved (delta=+0.000394)
  SNR (proxy): 3.93 (mean_norm=0.0086, std_norm=0.0022)

[Step 5] Training Model 5...
  lambda_dual: 0.8333
Training has not converged after 400 steps
  Weighting: frank_wolfe alpha = 0.1667
  [Step 5/9] train_MMD=0.0061 alpha_opt=0.1667 oracle_top6_TVD=0.8293
  [OK] MMD improved (delta=+0.003644)
  SNR (proxy): 4.27 (mean_norm=0.0068, std_norm=0.0016)

[Step 6] Training Model 6...
  lambda_dual: 0.8571
Training has not converged after 400 steps
  Weighting: frank_wolfe alpha = 0.1429
  [Step 6/9] train_MMD=0.0057 alpha_opt=0.1429 oracle_top7_TVD=0.8228
  [OK] MMD improved (delta=+0.000418)
  SNR (proxy): 5.32 (mean_norm=0.0095, std_norm=0.0018)

[Step 7] Training Model 7...
  lambda_dual: 0.8750
Training has not converged after 400 steps
  Weighting: frank_wolfe alpha = 0.1250
  [Step 7/9] train_MMD=0.0019 alpha_opt=0.1250 oracle_top8_TVD=0.8163
  [OK] MMD improved (delta=+0.003737)
  SNR (proxy): 3.33 (mean_norm=0.0049, std_norm=0.0015)

[Step 8] Training Model 8...
  lambda_dual: 0.8889
Training has not converged after 400 steps
  Weighting: frank_wolfe alpha = 0.1111
  [Step 8/9] train_MMD=0.0017 alpha_opt=0.1111 oracle_top9_TVD=0.8097
  [OK] MMD improved (delta=+0.000249)
  SNR (proxy): 6.07 (mean_norm=0.0053, std_norm=0.0009)

[Step 9] Training Model 9...
  lambda_dual: 0.9000
Training has not converged after 400 steps
  Weighting: frank_wolfe alpha = 0.1000
  [Step 9/9] train_MMD=0.0010 alpha_opt=0.1000 oracle_top10_TVD=0.8032
  [OK] MMD improved (delta=+0.000704)
  SNR (proxy): 5.75 (mean_norm=0.0054, std_norm=0.0009)

Final: 10 models, MMD=0.0014 (delta=+0.0353) F1=nan

[FCFW] Computing Fully Corrective Frank-Wolfe weights for final ensemble...
  Weighting: fully corrective QP weights = [0.0174, 0.0000, 0.1156, 0.1052, 0.0438, 0.0752, 0.1928, 0.1379, 0.1843, 0.1277]
  FCFW Sampled MMD^2: 0.000020
  FCFW Sampled TVD:   0.4788

FINAL MODEL COMPARISON (inc. FCFW)
Model      | MMD        | TVD        | TVD*       | Valid      | Cover      | F1        
----------------------------------------------------------------------------------------
Baseline   | 0.0367     | n/a        | n/a        | n/a        | n/a        | n/a       
Ensemble   | 0.0014     | 0.518      | 0.256      | n/a        | n/a        | n/a       
Model 0    | 0.0374     | 0.979      | 0.726      | n/a        | n/a        | n/a       
Model 1    | 0.0605     | 0.888      | 0.644      | n/a        | n/a        | n/a       
Model 2    | 0.0643     | 0.843      | 0.669      | n/a        | n/a        | n/a       
Model 3    | 0.0603     | 0.873      | 0.682      | n/a        | n/a        | n/a       
Model 4    | 0.1178     | 0.923      | 0.829      | n/a        | n/a        | n/a       
Model 5    | 0.1677     | 0.875      | 0.747      | n/a        | n/a        | n/a       
Model 6    | 0.0964     | 0.889      | 0.754      | n/a        | n/a        | n/a       
Model 7    | 0.2513     | 0.900      | 0.810      | n/a        | n/a        | n/a       
Model 8    | 0.1377     | 0.886      | 0.735      | n/a        | n/a        | n/a       
Model 9    | 0.1140     | 0.876      | 0.748      | n/a        | n/a        | n/a       
Ensemble (FCFW) | 0.0000     | 0.479      | 0.245      | n/a        | n/a        | n/a       
Saving results to out/hpo/hopfield_20q_p2_b15_20260605_111736/trials/trial_0041/results.csv...
Experiment: Boosting on Hopfield (20q, 2p)
Configuration:
  train_samples: 1000
  data_seed: 42
  n_samples: 400
  n_models: 10
  learning_rate: 0.004560045610919937
  epochs_per_step: 400
  caching_level: none
  ensemble_samples_coeff: 1.0
  init_baseline: covariance
  init_later: random
  lambda_dual: 1.0
  lambda_schedule: {'type': 'frank_wolfe', 'gamma': 1.0, 'tau': 1.0}
  n_ops: 2048
  weight_strategy: frank_wolfe
  alpha_n_grid: 11
  alpha_objective_weight: 0.5
  baseline: none
  shots: 1000
  final_eval_sampling: True
  dataset_metrics: True
  exact_metrics: {'enabled': True, 'max_qubits': 20, 'phases': {'baseline': True, 'steps': False, 'final': True, 'per_model': True, 'fcfw': True}}
  keep_models_for_diagnosis: True
  stop_on_reject: False
  save_circuit_artifacts: False
  rng_seed: 42
  circuit_config: {'topology': 'aachen_heavy_hex', 'distance': 2, 'max_weight': 2, 'n_ancilla': 0}
  turbo: 10
  dynamic_is_within_shell: shell_uniform
  exact_sampling: True
  acceptance_metric: training_mmd
  skip_sampling: True
  report_fcfw: True
  dynamic_is: False
  dynamic_is_beta: 0.014065610804754509
  sigma: [1.0016504963484218, 0.7933793996358611, 0.5901472252429392]
  require_exact_sampling: True
================================================================================
Saving config to out/hpo/hopfield_20q_p2_b15_20260605_111736/trials/trial_0042/config.json...
Gate structure: Qubits: 20
Aachen heavy-hex topology: 39 parameters
one_qubit=20, two_qubit=19
Using Gaussian Kernel (n_ops=2048, n_qubits=20):
  - sigma=1.00165050
  - sigma=0.79337940
  - sigma=0.59014723
Expected sampled operator size:
  - p=3.924699, std=1.776101
  - p=5.481221, std=1.994751
  - p=7.620399, std=2.171837
  mean: 5.675440
  std: 2.499075
Baselines enabled: 

Training ensemble Model 0 (400 epochs)...
Training has not converged after 400 steps
Model 0 final loss: 0.033253
  [Step 0/9] train_MMD=0.0343 alpha_opt=1.0000 oracle_top1_TVD=0.9606

[Step 1] Training Model 1...
  lambda_dual: 0.5000
Training has not converged after 400 steps
  Weighting: frank_wolfe alpha = 0.5000
  [Step 1/9] train_MMD=0.0157 alpha_opt=0.5000 oracle_top2_TVD=0.9212
  [OK] MMD improved (delta=+0.018593)
  SNR (proxy): 6.27 (mean_norm=0.0096, std_norm=0.0015)

[Step 2] Training Model 2...
  lambda_dual: 0.6667
Training has not converged after 400 steps
  Weighting: frank_wolfe alpha = 0.3333
  [Step 2/9] train_MMD=0.0126 alpha_opt=0.3333 oracle_top3_TVD=0.8817
  [OK] MMD improved (delta=+0.003086)
  SNR (proxy): 5.85 (mean_norm=0.0103, std_norm=0.0018)

[Step 3] Training Model 3...
  lambda_dual: 0.7500
Training has not converged after 400 steps
  Weighting: frank_wolfe alpha = 0.2500
  [Step 3/9] train_MMD=0.0109 alpha_opt=0.2500 oracle_top4_TVD=0.8423
  [OK] MMD improved (delta=+0.001771)
  SNR (proxy): 9.11 (mean_norm=0.0118, std_norm=0.0013)

[Step 4] Training Model 4...
  lambda_dual: 0.8000
Training has not converged after 400 steps
  Weighting: frank_wolfe alpha = 0.2000
  [Step 4/9] train_MMD=0.0098 alpha_opt=0.2000 oracle_top5_TVD=0.8358
  [OK] MMD improved (delta=+0.001018)
  SNR (proxy): 3.83 (mean_norm=0.0087, std_norm=0.0023)

[Step 5] Training Model 5...
  lambda_dual: 0.8333
Training has not converged after 400 steps
  Weighting: frank_wolfe alpha = 0.1667
  [Step 5/9] train_MMD=0.0062 alpha_opt=0.1667 oracle_top6_TVD=0.8293
  [OK] MMD improved (delta=+0.003656)
  SNR (proxy): 5.85 (mean_norm=0.0079, std_norm=0.0014)

[Step 6] Training Model 6...
  lambda_dual: 0.8571
Training has not converged after 400 steps
  Weighting: frank_wolfe alpha = 0.1429
  [Step 6/9] train_MMD=0.0055 alpha_opt=0.1429 oracle_top7_TVD=0.8228
  [OK] MMD improved (delta=+0.000672)
  SNR (proxy): 7.37 (mean_norm=0.0101, std_norm=0.0014)

[Step 7] Training Model 7...
  lambda_dual: 0.8750
Training has not converged after 400 steps
  Weighting: frank_wolfe alpha = 0.1250
  [Step 7/9] train_MMD=0.0018 alpha_opt=0.1250 oracle_top8_TVD=0.8163
  [OK] MMD improved (delta=+0.003681)
  SNR (proxy): 3.87 (mean_norm=0.0052, std_norm=0.0014)

[Step 8] Training Model 8...
  lambda_dual: 0.8889
Training has not converged after 400 steps
  Weighting: frank_wolfe alpha = 0.1111
  [Step 8/9] train_MMD=0.0016 alpha_opt=0.1111 oracle_top9_TVD=0.8097
  [OK] MMD improved (delta=+0.000230)
  SNR (proxy): 4.27 (mean_norm=0.0049, std_norm=0.0012)

[Step 9] Training Model 9...
  lambda_dual: 0.9000
Training has not converged after 400 steps
  Weighting: frank_wolfe alpha = 0.1000
  [Step 9/9] train_MMD=0.0010 alpha_opt=0.1000 oracle_top10_TVD=0.8032
  [OK] MMD improved (delta=+0.000623)
  SNR (proxy): 6.19 (mean_norm=0.0063, std_norm=0.0010)

Final: 10 models, MMD=0.0005 (delta=+0.0338) F1=nan

[FCFW] Computing Fully Corrective Frank-Wolfe weights for final ensemble...
  Weighting: fully corrective QP weights = [0.0231, 0.0000, 0.0954, 0.0911, 0.0573, 0.0860, 0.2000, 0.1406, 0.1812, 0.1252]
  FCFW Sampled MMD^2: -0.000291
  FCFW Sampled TVD:   0.4732

FINAL MODEL COMPARISON (inc. FCFW)
Model      | MMD        | TVD        | TVD*       | Valid      | Cover      | F1        
----------------------------------------------------------------------------------------
Baseline   | 0.0343     | n/a        | n/a        | n/a        | n/a        | n/a       
Ensemble   | 0.0005     | 0.490      | 0.241      | n/a        | n/a        | n/a       
Model 0    | 0.0334     | 0.967      | 0.707      | n/a        | n/a        | n/a       
Model 1    | 0.0541     | 0.877      | 0.638      | n/a        | n/a        | n/a       
Model 2    | 0.0640     | 0.874      | 0.669      | n/a        | n/a        | n/a       
Model 3    | 0.0596     | 0.867      | 0.674      | n/a        | n/a        | n/a       
Model 4    | 0.1215     | 0.923      | 0.824      | n/a        | n/a        | n/a       
Model 5    | 0.1854     | 0.868      | 0.723      | n/a        | n/a        | n/a       
Model 6    | 0.1023     | 0.891      | 0.753      | n/a        | n/a        | n/a       
Model 7    | 0.2495     | 0.893      | 0.797      | n/a        | n/a        | n/a       
Model 8    | 0.1283     | 0.869      | 0.723      | n/a        | n/a        | n/a       
Model 9    | 0.1122     | 0.875      | 0.724      | n/a        | n/a        | n/a       
Ensemble (FCFW) | -0.0003    | 0.473      | 0.232      | n/a        | n/a        | n/a       
Saving results to out/hpo/hopfield_20q_p2_b15_20260605_111736/trials/trial_0042/results.csv...
Experiment: Boosting on Hopfield (20q, 2p)
Configuration:
  train_samples: 1000
  data_seed: 42
  n_samples: 400
  n_models: 10
  learning_rate: 0.004625479176036518
  epochs_per_step: 400
  caching_level: none
  ensemble_samples_coeff: 1.0
  init_baseline: covariance
  init_later: random
  lambda_dual: 1.0
  lambda_schedule: {'type': 'frank_wolfe', 'gamma': 1.0, 'tau': 1.0}
  n_ops: 2048
  weight_strategy: frank_wolfe
  alpha_n_grid: 11
  alpha_objective_weight: 0.5
  baseline: none
  shots: 1000
  final_eval_sampling: True
  dataset_metrics: True
  exact_metrics: {'enabled': True, 'max_qubits': 20, 'phases': {'baseline': True, 'steps': False, 'final': True, 'per_model': True, 'fcfw': True}}
  keep_models_for_diagnosis: True
  stop_on_reject: False
  save_circuit_artifacts: False
  rng_seed: 42
  circuit_config: {'topology': 'aachen_heavy_hex', 'distance': 2, 'max_weight': 2, 'n_ancilla': 0}
  turbo: 10
  dynamic_is_within_shell: shell_uniform
  exact_sampling: True
  acceptance_metric: training_mmd
  skip_sampling: True
  report_fcfw: True
  dynamic_is: False
  dynamic_is_beta: 0.01399033271462891
  sigma: [1.1560907448507196, 0.863870627509765, 0.58714134822615]
  require_exact_sampling: True
================================================================================
Saving config to out/hpo/hopfield_20q_p2_b15_20260605_111736/trials/trial_0043/config.json...
Gate structure: Qubits: 20
Aachen heavy-hex topology: 39 parameters
one_qubit=20, two_qubit=19
Using Gaussian Kernel (n_ops=2048, n_qubits=20):
  - sigma=1.15609074
  - sigma=0.86387063
  - sigma=0.58714135
Expected sampled operator size:
  - p=3.120910, std=1.622931
  - p=4.882897, std=1.921136
  - p=7.655211, std=2.173729
  mean: 5.219672
  std: 2.677053
Baselines enabled: 

Training ensemble Model 0 (400 epochs)...
Training has not converged after 400 steps
Model 0 final loss: 0.041034
  [Step 0/9] train_MMD=0.0443 alpha_opt=1.0000 oracle_top1_TVD=0.9606

[Step 1] Training Model 1...
  lambda_dual: 0.5000
Training has not converged after 400 steps
  Weighting: frank_wolfe alpha = 0.5000
  [Step 1/9] train_MMD=0.0170 alpha_opt=0.5000 oracle_top2_TVD=0.9212
  [OK] MMD improved (delta=+0.027275)
  SNR (proxy): 5.83 (mean_norm=0.0099, std_norm=0.0017)

[Step 2] Training Model 2...
  lambda_dual: 0.6667
Training has not converged after 400 steps
  Weighting: frank_wolfe alpha = 0.3333
  [Step 2/9] train_MMD=0.0129 alpha_opt=0.3333 oracle_top3_TVD=0.8817
  [OK] MMD improved (delta=+0.004070)
  SNR (proxy): 5.07 (mean_norm=0.0118, std_norm=0.0023)

[Step 3] Training Model 3...
  lambda_dual: 0.7500
Training has not converged after 400 steps
  Weighting: frank_wolfe alpha = 0.2500
  [Step 3/9] train_MMD=0.0107 alpha_opt=0.2500 oracle_top4_TVD=0.8423
  [OK] MMD improved (delta=+0.002257)
  SNR (proxy): 8.08 (mean_norm=0.0131, std_norm=0.0016)

[Step 4] Training Model 4...
  lambda_dual: 0.8000
Training has not converged after 400 steps
  Weighting: frank_wolfe alpha = 0.2000
  [Step 4/9] train_MMD=0.0104 alpha_opt=0.2000 oracle_top5_TVD=0.8358
  [OK] MMD improved (delta=+0.000331)
  SNR (proxy): 6.11 (mean_norm=0.0121, std_norm=0.0020)

[Step 5] Training Model 5...
  lambda_dual: 0.8333
Training has not converged after 400 steps
  Weighting: frank_wolfe alpha = 0.1667
  [Step 5/9] train_MMD=0.0080 alpha_opt=0.1667 oracle_top6_TVD=0.8293
  [OK] MMD improved (delta=+0.002305)
  SNR (proxy): 5.93 (mean_norm=0.0089, std_norm=0.0015)

[Step 6] Training Model 6...
  lambda_dual: 0.8571
Training has not converged after 400 steps
  Weighting: frank_wolfe alpha = 0.1429
  [Step 6/9] train_MMD=0.0071 alpha_opt=0.1429 oracle_top7_TVD=0.8228
  [OK] MMD improved (delta=+0.000924)
  SNR (proxy): 4.90 (mean_norm=0.0119, std_norm=0.0024)

[Step 7] Training Model 7...
  lambda_dual: 0.8750
Training has not converged after 400 steps
  Weighting: frank_wolfe alpha = 0.1250
  [Step 7/9] train_MMD=0.0024 alpha_opt=0.1250 oracle_top8_TVD=0.8163
  [OK] MMD improved (delta=+0.004714)
  SNR (proxy): 4.90 (mean_norm=0.0046, std_norm=0.0009)

[Step 8] Training Model 8...
  lambda_dual: 0.8889
Training has not converged after 400 steps
  Weighting: frank_wolfe alpha = 0.1111
  [Step 8/9] train_MMD=0.0033 alpha_opt=0.1111 oracle_top9_TVD=0.8097
  [WARNING] MMD worsened but kept (diagnostic, delta=-0.000847)
  SNR (proxy): 9.03 (mean_norm=0.0075, std_norm=0.0008)

[Step 9] Training Model 9...
  lambda_dual: 0.9000
Training has not converged after 400 steps
  Weighting: frank_wolfe alpha = 0.1000
  [Step 9/9] train_MMD=0.0015 alpha_opt=0.1000 oracle_top10_TVD=0.8032
  [OK] MMD improved (delta=+0.001730)
  SNR (proxy): 5.80 (mean_norm=0.0059, std_norm=0.0010)

Final: 10 models, MMD=0.0017 (delta=+0.0426) F1=nan

[FCFW] Computing Fully Corrective Frank-Wolfe weights for final ensemble...
  Weighting: fully corrective QP weights = [0.0290, 0.0000, 0.1052, 0.2206, 0.0337, 0.1856, 0.1391, 0.1467, 0.0000, 0.1401]
  FCFW Sampled MMD^2: 0.000057
  FCFW Sampled TVD:   0.4936

FINAL MODEL COMPARISON (inc. FCFW)
Model      | MMD        | TVD        | TVD*       | Valid      | Cover      | F1        
----------------------------------------------------------------------------------------
Baseline   | 0.0443     | n/a        | n/a        | n/a        | n/a        | n/a       
Ensemble   | 0.0017     | 0.523      | 0.276      | n/a        | n/a        | n/a       
Model 0    | 0.0429     | 0.970      | 0.724      | n/a        | n/a        | n/a       
Model 1    | 0.0658     | 0.875      | 0.635      | n/a        | n/a        | n/a       
Model 2    | 0.0852     | 0.873      | 0.650      | n/a        | n/a        | n/a       
Model 3    | 0.0662     | 0.874      | 0.660      | n/a        | n/a        | n/a       
Model 4    | 0.1008     | 0.881      | 0.750      | n/a        | n/a        | n/a       
Model 5    | 0.1373     | 0.898      | 0.779      | n/a        | n/a        | n/a       
Model 6    | 0.1391     | 0.912      | 0.805      | n/a        | n/a        | n/a       
Model 7    | 0.2570     | 0.879      | 0.807      | n/a        | n/a        | n/a       
Model 8    | 0.0834     | 0.886      | 0.690      | n/a        | n/a        | n/a       
Model 9    | 0.2441     | 0.887      | 0.777      | n/a        | n/a        | n/a       
Ensemble (FCFW) | 0.0001     | 0.494      | 0.272      | n/a        | n/a        | n/a       
Saving results to out/hpo/hopfield_20q_p2_b15_20260605_111736/trials/trial_0043/results.csv...
Experiment: Boosting on Hopfield (20q, 2p)
Configuration:
  train_samples: 1000
  data_seed: 42
  n_samples: 400
  n_models: 10
  learning_rate: 0.0023046471955250887
  epochs_per_step: 400
  caching_level: none
  ensemble_samples_coeff: 1.0
  init_baseline: covariance
  init_later: random
  lambda_dual: 1.0
  lambda_schedule: {'type': 'frank_wolfe', 'gamma': 1.0, 'tau': 1.0}
  n_ops: 1024
  weight_strategy: frank_wolfe
  alpha_n_grid: 11
  alpha_objective_weight: 0.5
  baseline: none
  shots: 1000
  final_eval_sampling: True
  dataset_metrics: True
  exact_metrics: {'enabled': True, 'max_qubits': 20, 'phases': {'baseline': True, 'steps': False, 'final': True, 'per_model': True, 'fcfw': True}}
  keep_models_for_diagnosis: True
  stop_on_reject: False
  save_circuit_artifacts: False
  rng_seed: 42
  circuit_config: {'topology': 'aachen_heavy_hex', 'distance': 2, 'max_weight': 2, 'n_ancilla': 0}
  turbo: 10
  dynamic_is_within_shell: shell_uniform
  exact_sampling: True
  acceptance_metric: training_mmd
  skip_sampling: True
  report_fcfw: True
  dynamic_is: False
  dynamic_is_beta: 0.010397607282718185
  sigma: [0.7815391384319849]
  require_exact_sampling: True
================================================================================
Saving config to out/hpo/hopfield_20q_p2_b15_20260605_111736/trials/trial_0044/config.json...
Gate structure: Qubits: 20
Aachen heavy-hex topology: 39 parameters
one_qubit=20, two_qubit=19
Using Gaussian Kernel (n_ops=1024, n_qubits=20):
  - sigma=0.78153914
Expected sampled operator size:
  - p=5.589486, std=2.006830
  mean: 5.589486
  std: 2.006830
Baselines enabled: 

Training ensemble Model 0 (400 epochs)...
Training has not converged after 400 steps
Model 0 final loss: 0.027394
  [Step 0/9] train_MMD=0.0247 alpha_opt=1.0000 oracle_top1_TVD=0.9606

[Step 1] Training Model 1...
  lambda_dual: 0.5000
Training has not converged after 400 steps
  Weighting: frank_wolfe alpha = 0.5000
  [Step 1/9] train_MMD=0.0135 alpha_opt=0.5000 oracle_top2_TVD=0.9212
  [OK] MMD improved (delta=+0.011197)
  SNR (proxy): 7.43 (mean_norm=0.0160, std_norm=0.0022)

[Step 2] Training Model 2...
  lambda_dual: 0.6667
Training has not converged after 400 steps
  Weighting: frank_wolfe alpha = 0.3333
  [Step 2/9] train_MMD=0.0116 alpha_opt=0.3333 oracle_top3_TVD=0.8817
  [OK] MMD improved (delta=+0.001925)
  SNR (proxy): 13.61 (mean_norm=0.0151, std_norm=0.0011)

[Step 3] Training Model 3...
  lambda_dual: 0.7500
Training has not converged after 400 steps
  Weighting: frank_wolfe alpha = 0.2500
  [Step 3/9] train_MMD=0.0131 alpha_opt=0.2500 oracle_top4_TVD=0.8423
  [WARNING] MMD worsened but kept (diagnostic, delta=-0.001542)
  SNR (proxy): 8.59 (mean_norm=0.0070, std_norm=0.0008)

[Step 4] Training Model 4...
  lambda_dual: 0.8000
Training has not converged after 400 steps
  Weighting: frank_wolfe alpha = 0.2000
  [Step 4/9] train_MMD=0.0117 alpha_opt=0.2000 oracle_top5_TVD=0.8358
  [OK] MMD improved (delta=+0.001415)
  SNR (proxy): 6.30 (mean_norm=0.0184, std_norm=0.0029)

[Step 5] Training Model 5...
  lambda_dual: 0.8333
Training has not converged after 400 steps
  Weighting: frank_wolfe alpha = 0.1667
  [Step 5/9] train_MMD=0.0129 alpha_opt=0.1667 oracle_top6_TVD=0.8293
  [WARNING] MMD worsened but kept (diagnostic, delta=-0.001172)
  SNR (proxy): 6.01 (mean_norm=0.0067, std_norm=0.0011)

[Step 6] Training Model 6...
  lambda_dual: 0.8571
Training has not converged after 400 steps
  Weighting: frank_wolfe alpha = 0.1429
  [Step 6/9] train_MMD=0.0100 alpha_opt=0.1429 oracle_top7_TVD=0.8228
  [OK] MMD improved (delta=+0.002905)
  SNR (proxy): 4.39 (mean_norm=0.0107, std_norm=0.0024)

[Step 7] Training Model 7...
  lambda_dual: 0.8750
Training has not converged after 400 steps
  Weighting: frank_wolfe alpha = 0.1250
  [Step 7/9] train_MMD=0.0049 alpha_opt=0.1250 oracle_top8_TVD=0.8163
  [OK] MMD improved (delta=+0.005089)
  SNR (proxy): 8.59 (mean_norm=0.0130, std_norm=0.0015)

[Step 8] Training Model 8...
  lambda_dual: 0.8889
Training has not converged after 400 steps
  Weighting: frank_wolfe alpha = 0.1111
  [Step 8/9] train_MMD=0.0061 alpha_opt=0.1111 oracle_top9_TVD=0.8097
  [WARNING] MMD worsened but kept (diagnostic, delta=-0.001223)
  SNR (proxy): 8.48 (mean_norm=0.0055, std_norm=0.0006)

[Step 9] Training Model 9...
  lambda_dual: 0.9000
Training has not converged after 400 steps
  Weighting: frank_wolfe alpha = 0.1000
  [Step 9/9] train_MMD=0.0073 alpha_opt=0.1000 oracle_top10_TVD=0.8032
  [WARNING] MMD worsened but kept (diagnostic, delta=-0.001152)
  SNR (proxy): 12.00 (mean_norm=0.0077, std_norm=0.0006)

Final: 10 models, MMD=0.0091 (delta=+0.0156) F1=nan

[FCFW] Computing Fully Corrective Frank-Wolfe weights for final ensemble...
  Weighting: fully corrective QP weights = [0.0000, 0.0705, 0.3788, 0.0313, 0.2179, 0.0000, 0.1583, 0.1432, 0.0000, 0.0000]
  FCFW Sampled MMD^2: 0.000897
  FCFW Sampled TVD:   0.5218

FINAL MODEL COMPARISON (inc. FCFW)
Model      | MMD        | TVD        | TVD*       | Valid      | Cover      | F1        
----------------------------------------------------------------------------------------
Baseline   | 0.0247     | n/a        | n/a        | n/a        | n/a        | n/a       
Ensemble   | 0.0091     | 0.657      | 0.455      | n/a        | n/a        | n/a       
Model 0    | 0.0301     | 0.965      | 0.687      | n/a        | n/a        | n/a       
Model 1    | 0.0393     | 0.872      | 0.662      | n/a        | n/a        | n/a       
Model 2    | 0.0514     | 0.880      | 0.713      | n/a        | n/a        | n/a       
Model 3    | 0.0419     | 1.000      | 0.939      | n/a        | n/a        | n/a       
Model 4    | 0.1548     | 0.871      | 0.734      | n/a        | n/a        | n/a       
Model 5    | 0.0424     | 1.000      | 0.943      | n/a        | n/a        | n/a       
Model 6    | 0.1779     | 0.886      | 0.786      | n/a        | n/a        | n/a       
Model 7    | 0.2143     | 0.882      | 0.822      | n/a        | n/a        | n/a       
Model 8    | 0.0389     | 0.993      | 0.929      | n/a        | n/a        | n/a       
Model 9    | 0.0405     | 0.998      | 0.917      | n/a        | n/a        | n/a       
Ensemble (FCFW) | 0.0009     | 0.522      | 0.334      | n/a        | n/a        | n/a       
Saving results to out/hpo/hopfield_20q_p2_b15_20260605_111736/trials/trial_0044/results.csv...
Experiment: Boosting on Hopfield (20q, 2p)
Configuration:
  train_samples: 1000
  data_seed: 42
  n_samples: 400
  n_models: 10
  learning_rate: 0.0045561810999764476
  epochs_per_step: 400
  caching_level: none
  ensemble_samples_coeff: 1.0
  init_baseline: covariance
  init_later: random
  lambda_dual: 1.0
  lambda_schedule: {'type': 'frank_wolfe', 'gamma': 1.0, 'tau': 1.0}
  n_ops: 2048
  weight_strategy: frank_wolfe
  alpha_n_grid: 11
  alpha_objective_weight: 0.5
  baseline: none
  shots: 1000
  final_eval_sampling: True
  dataset_metrics: True
  exact_metrics: {'enabled': True, 'max_qubits': 20, 'phases': {'baseline': True, 'steps': False, 'final': True, 'per_model': True, 'fcfw': True}}
  keep_models_for_diagnosis: True
  stop_on_reject: False
  save_circuit_artifacts: False
  rng_seed: 42
  circuit_config: {'topology': 'aachen_heavy_hex', 'distance': 2, 'max_weight': 2, 'n_ancilla': 0}
  turbo: 10
  dynamic_is_within_shell: shell_uniform
  exact_sampling: True
  acceptance_metric: training_mmd
  skip_sampling: True
  report_fcfw: True
  dynamic_is: False
  dynamic_is_beta: 0.011996322020538665
  sigma: [1.2962242763296365, 0.8027328202457524, 0.6447051554768389]
  require_exact_sampling: True
================================================================================
Saving config to out/hpo/hopfield_20q_p2_b15_20260605_111736/trials/trial_0045/config.json...
Gate structure: Qubits: 20
Aachen heavy-hex topology: 39 parameters
one_qubit=20, two_qubit=19
Using Gaussian Kernel (n_ops=2048, n_qubits=20):
  - sigma=1.29622428
  - sigma=0.80273282
  - sigma=0.64470516
Expected sampled operator size:
  - p=2.573899, std=1.497548
  - p=5.397289, std=1.985133
  - p=6.996931, std=2.132857
  mean: 4.989373
  std: 2.630823
Baselines enabled: 

Training ensemble Model 0 (400 epochs)...
Training has not converged after 400 steps
Model 0 final loss: 0.045072
  [Step 0/9] train_MMD=0.0466 alpha_opt=1.0000 oracle_top1_TVD=0.9606

[Step 1] Training Model 1...
  lambda_dual: 0.5000
Training has not converged after 400 steps
  Weighting: frank_wolfe alpha = 0.5000
  [Step 1/9] train_MMD=0.0181 alpha_opt=0.5000 oracle_top2_TVD=0.9212
  [OK] MMD improved (delta=+0.028491)
  SNR (proxy): 5.41 (mean_norm=0.0110, std_norm=0.0020)

[Step 2] Training Model 2...
  lambda_dual: 0.6667
Training has not converged after 400 steps
  Weighting: frank_wolfe alpha = 0.3333
  [Step 2/9] train_MMD=0.0129 alpha_opt=0.3333 oracle_top3_TVD=0.8817
  [OK] MMD improved (delta=+0.005199)
  SNR (proxy): 5.36 (mean_norm=0.0086, std_norm=0.0016)

[Step 3] Training Model 3...
  lambda_dual: 0.7500
Training has not converged after 400 steps
  Weighting: frank_wolfe alpha = 0.2500
  [Step 3/9] train_MMD=0.0103 alpha_opt=0.2500 oracle_top4_TVD=0.8423
  [OK] MMD improved (delta=+0.002579)
  SNR (proxy): 6.47 (mean_norm=0.0104, std_norm=0.0016)

[Step 4] Training Model 4...
  lambda_dual: 0.8000
Training has not converged after 400 steps
  Weighting: frank_wolfe alpha = 0.2000
  [Step 4/9] train_MMD=0.0094 alpha_opt=0.2000 oracle_top5_TVD=0.8358
  [OK] MMD improved (delta=+0.000944)
  SNR (proxy): 6.10 (mean_norm=0.0102, std_norm=0.0017)

[Step 5] Training Model 5...
  lambda_dual: 0.8333
Training has not converged after 400 steps
  Weighting: frank_wolfe alpha = 0.1667
  [Step 5/9] train_MMD=0.0079 alpha_opt=0.1667 oracle_top6_TVD=0.8293
  [OK] MMD improved (delta=+0.001448)
  SNR (proxy): 2.93 (mean_norm=0.0082, std_norm=0.0028)

[Step 6] Training Model 6...
  lambda_dual: 0.8571
Training has not converged after 400 steps
  Weighting: frank_wolfe alpha = 0.1429
  [Step 6/9] train_MMD=0.0048 alpha_opt=0.1429 oracle_top7_TVD=0.8228
  [OK] MMD improved (delta=+0.003125)
  SNR (proxy): 7.05 (mean_norm=0.0076, std_norm=0.0011)

[Step 7] Training Model 7...
  lambda_dual: 0.8750
Training has not converged after 400 steps
  Weighting: frank_wolfe alpha = 0.1250
  [Step 7/9] train_MMD=0.0021 alpha_opt=0.1250 oracle_top8_TVD=0.8163
  [OK] MMD improved (delta=+0.002695)
  SNR (proxy): 3.78 (mean_norm=0.0054, std_norm=0.0014)

[Step 8] Training Model 8...
  lambda_dual: 0.8889
Training has not converged after 400 steps
  Weighting: frank_wolfe alpha = 0.1111
  [Step 8/9] train_MMD=0.0017 alpha_opt=0.1111 oracle_top9_TVD=0.8097
  [OK] MMD improved (delta=+0.000437)
  SNR (proxy): 4.75 (mean_norm=0.0061, std_norm=0.0013)

[Step 9] Training Model 9...
  lambda_dual: 0.9000
Training has not converged after 400 steps
  Weighting: frank_wolfe alpha = 0.1000
  [Step 9/9] train_MMD=0.0013 alpha_opt=0.1000 oracle_top10_TVD=0.8032
  [OK] MMD improved (delta=+0.000351)
  SNR (proxy): 6.84 (mean_norm=0.0059, std_norm=0.0009)

Final: 10 models, MMD=0.0012 (delta=+0.0454) F1=nan

[FCFW] Computing Fully Corrective Frank-Wolfe weights for final ensemble...
  Weighting: fully corrective QP weights = [0.0173, 0.0603, 0.0938, 0.0835, 0.0078, 0.1057, 0.1725, 0.1482, 0.2053, 0.1054]
  FCFW Sampled MMD^2: -0.000268
  FCFW Sampled TVD:   0.4491

FINAL MODEL COMPARISON (inc. FCFW)
Model      | MMD        | TVD        | TVD*       | Valid      | Cover      | F1        
----------------------------------------------------------------------------------------
Baseline   | 0.0466     | n/a        | n/a        | n/a        | n/a        | n/a       
Ensemble   | 0.0012     | 0.511      | 0.249      | n/a        | n/a        | n/a       
Model 0    | 0.0475     | 0.978      | 0.753      | n/a        | n/a        | n/a       
Model 1    | 0.0750     | 0.845      | 0.641      | n/a        | n/a        | n/a       
Model 2    | 0.0938     | 0.872      | 0.656      | n/a        | n/a        | n/a       
Model 3    | 0.0769     | 0.872      | 0.668      | n/a        | n/a        | n/a       
Model 4    | 0.1348     | 0.881      | 0.730      | n/a        | n/a        | n/a       
Model 5    | 0.1394     | 0.903      | 0.773      | n/a        | n/a        | n/a       
Model 6    | 0.1911     | 0.890      | 0.765      | n/a        | n/a        | n/a       
Model 7    | 0.2210     | 0.893      | 0.787      | n/a        | n/a        | n/a       
Model 8    | 0.1800     | 0.882      | 0.725      | n/a        | n/a        | n/a       
Model 9    | 0.1372     | 0.879      | 0.722      | n/a        | n/a        | n/a       
Ensemble (FCFW) | -0.0003    | 0.449      | 0.213      | n/a        | n/a        | n/a       
Saving results to out/hpo/hopfield_20q_p2_b15_20260605_111736/trials/trial_0045/results.csv...
Experiment: Boosting on Hopfield (20q, 2p)
Configuration:
  train_samples: 1000
  data_seed: 42
  n_samples: 400
  n_models: 10
  learning_rate: 0.0068202257067252825
  epochs_per_step: 400
  caching_level: none
  ensemble_samples_coeff: 1.0
  init_baseline: covariance
  init_later: random
  lambda_dual: 1.0
  lambda_schedule: {'type': 'frank_wolfe', 'gamma': 1.0, 'tau': 1.0}
  n_ops: 1024
  weight_strategy: frank_wolfe
  alpha_n_grid: 11
  alpha_objective_weight: 0.5
  baseline: none
  shots: 1000
  final_eval_sampling: True
  dataset_metrics: True
  exact_metrics: {'enabled': True, 'max_qubits': 20, 'phases': {'baseline': True, 'steps': False, 'final': True, 'per_model': True, 'fcfw': True}}
  keep_models_for_diagnosis: True
  stop_on_reject: False
  save_circuit_artifacts: False
  rng_seed: 42
  circuit_config: {'topology': 'aachen_heavy_hex', 'distance': 2, 'max_weight': 2, 'n_ancilla': 0}
  turbo: 10
  dynamic_is_within_shell: shell_uniform
  exact_sampling: True
  acceptance_metric: training_mmd
  skip_sampling: True
  report_fcfw: True
  dynamic_is: False
  dynamic_is_beta: 0.13158203101487917
  sigma: [1.2840161894288824, 0.8716367280842205, 0.5823177456641032]
  require_exact_sampling: True
================================================================================
Saving config to out/hpo/hopfield_20q_p2_b15_20260605_111736/trials/trial_0046/config.json...
Gate structure: Qubits: 20
Aachen heavy-hex topology: 39 parameters
one_qubit=20, two_qubit=19
Using Gaussian Kernel (n_ops=1024, n_qubits=20):
  - sigma=1.28401619
  - sigma=0.87163673
  - sigma=0.58231775
Expected sampled operator size:
  - p=2.616001, std=1.507922
  - p=4.821713, std=1.912921
  - p=7.711109, std=2.176706
  mean: 5.049607
  std: 2.812420
Baselines enabled: 

Training ensemble Model 0 (400 epochs)...
Training has not converged after 400 steps
Model 0 final loss: 0.046050
  [Step 0/9] train_MMD=0.0473 alpha_opt=1.0000 oracle_top1_TVD=0.9606

[Step 1] Training Model 1...
  lambda_dual: 0.5000
Training has not converged after 400 steps
  Weighting: frank_wolfe alpha = 0.5000
  [Step 1/9] train_MMD=0.0182 alpha_opt=0.5000 oracle_top2_TVD=0.9212
  [OK] MMD improved (delta=+0.029078)
  SNR (proxy): 6.18 (mean_norm=0.0114, std_norm=0.0018)

[Step 2] Training Model 2...
  lambda_dual: 0.6667
Training has not converged after 400 steps
  Weighting: frank_wolfe alpha = 0.3333
  [Step 2/9] train_MMD=0.0129 alpha_opt=0.3333 oracle_top3_TVD=0.8817
  [OK] MMD improved (delta=+0.005328)
  SNR (proxy): 6.02 (mean_norm=0.0101, std_norm=0.0017)

[Step 3] Training Model 3...
  lambda_dual: 0.7500
Training has not converged after 400 steps
  Weighting: frank_wolfe alpha = 0.2500
  [Step 3/9] train_MMD=0.0103 alpha_opt=0.2500 oracle_top4_TVD=0.8423
  [OK] MMD improved (delta=+0.002594)
  SNR (proxy): 6.88 (mean_norm=0.0115, std_norm=0.0017)

[Step 4] Training Model 4...
  lambda_dual: 0.8000
Training has not converged after 400 steps
  Weighting: frank_wolfe alpha = 0.2000
  [Step 4/9] train_MMD=0.0095 alpha_opt=0.2000 oracle_top5_TVD=0.8358
  [OK] MMD improved (delta=+0.000795)
  SNR (proxy): 10.95 (mean_norm=0.0116, std_norm=0.0011)

[Step 5] Training Model 5...
  lambda_dual: 0.8333
Training has not converged after 400 steps
  Weighting: frank_wolfe alpha = 0.1667
  [Step 5/9] train_MMD=0.0074 alpha_opt=0.1667 oracle_top6_TVD=0.8293
  [OK] MMD improved (delta=+0.002112)
  SNR (proxy): 5.04 (mean_norm=0.0122, std_norm=0.0024)

[Step 6] Training Model 6...
  lambda_dual: 0.8571
Training has not converged after 400 steps
  Weighting: frank_wolfe alpha = 0.1429
  [Step 6/9] train_MMD=0.0045 alpha_opt=0.1429 oracle_top7_TVD=0.8228
  [OK] MMD improved (delta=+0.002867)
  SNR (proxy): 6.22 (mean_norm=0.0090, std_norm=0.0014)

[Step 7] Training Model 7...
  lambda_dual: 0.8750
Training has not converged after 400 steps
  Weighting: frank_wolfe alpha = 0.1250
  [Step 7/9] train_MMD=0.0021 alpha_opt=0.1250 oracle_top8_TVD=0.8163
  [OK] MMD improved (delta=+0.002351)
  SNR (proxy): 6.21 (mean_norm=0.0079, std_norm=0.0013)

[Step 8] Training Model 8...
  lambda_dual: 0.8889
Training has not converged after 400 steps
  Weighting: frank_wolfe alpha = 0.1111
  [Step 8/9] train_MMD=0.0017 alpha_opt=0.1111 oracle_top9_TVD=0.8097
  [OK] MMD improved (delta=+0.000407)
  SNR (proxy): 4.62 (mean_norm=0.0068, std_norm=0.0015)

[Step 9] Training Model 9...
  lambda_dual: 0.9000
Training has not converged after 400 steps
  Weighting: frank_wolfe alpha = 0.1000
  [Step 9/9] train_MMD=0.0013 alpha_opt=0.1000 oracle_top10_TVD=0.8032
  [OK] MMD improved (delta=+0.000442)
  SNR (proxy): 9.18 (mean_norm=0.0078, std_norm=0.0009)

Final: 10 models, MMD=0.0013 (delta=+0.0459) F1=nan

[FCFW] Computing Fully Corrective Frank-Wolfe weights for final ensemble...
  Weighting: fully corrective QP weights = [0.0090, 0.0562, 0.1039, 0.0770, 0.0314, 0.0920, 0.1716, 0.1528, 0.1818, 0.1242]
  FCFW Sampled MMD^2: -0.000258
  FCFW Sampled TVD:   0.4659

FINAL MODEL COMPARISON (inc. FCFW)
Model      | MMD        | TVD        | TVD*       | Valid      | Cover      | F1        
----------------------------------------------------------------------------------------
Baseline   | 0.0473     | n/a        | n/a        | n/a        | n/a        | n/a       
Ensemble   | 0.0013     | 0.516      | 0.252      | n/a        | n/a        | n/a       
Model 0    | 0.0478     | 0.980      | 0.746      | n/a        | n/a        | n/a       
Model 1    | 0.0817     | 0.882      | 0.640      | n/a        | n/a        | n/a       
Model 2    | 0.0916     | 0.845      | 0.658      | n/a        | n/a        | n/a       
Model 3    | 0.0768     | 0.893      | 0.668      | n/a        | n/a        | n/a       
Model 4    | 0.1266     | 0.881      | 0.725      | n/a        | n/a        | n/a       
Model 5    | 0.1506     | 0.897      | 0.772      | n/a        | n/a        | n/a       
Model 6    | 0.1928     | 0.899      | 0.763      | n/a        | n/a        | n/a       
Model 7    | 0.1939     | 0.886      | 0.775      | n/a        | n/a        | n/a       
Model 8    | 0.1785     | 0.892      | 0.729      | n/a        | n/a        | n/a       
Model 9    | 0.1409     | 0.878      | 0.720      | n/a        | n/a        | n/a       
Ensemble (FCFW) | -0.0003    | 0.466      | 0.215      | n/a        | n/a        | n/a       
Saving results to out/hpo/hopfield_20q_p2_b15_20260605_111736/trials/trial_0046/results.csv...
Experiment: Boosting on Hopfield (20q, 2p)
Configuration:
  train_samples: 1000
  data_seed: 42
  n_samples: 400
  n_models: 10
  learning_rate: 0.003517993791945793
  epochs_per_step: 400
  caching_level: none
  ensemble_samples_coeff: 1.0
  init_baseline: covariance
  init_later: random
  lambda_dual: 1.0
  lambda_schedule: {'type': 'frank_wolfe', 'gamma': 0.5, 'tau': 1.0}
  n_ops: 2048
  weight_strategy: frank_wolfe
  alpha_n_grid: 11
  alpha_objective_weight: 0.5
  baseline: none
  shots: 1000
  final_eval_sampling: True
  dataset_metrics: True
  exact_metrics: {'enabled': True, 'max_qubits': 20, 'phases': {'baseline': True, 'steps': False, 'final': True, 'per_model': True, 'fcfw': True}}
  keep_models_for_diagnosis: True
  stop_on_reject: False
  save_circuit_artifacts: False
  rng_seed: 42
  circuit_config: {'topology': 'aachen_heavy_hex', 'distance': 2, 'max_weight': 2, 'n_ancilla': 0}
  turbo: 10
  dynamic_is_within_shell: shell_uniform
  exact_sampling: True
  acceptance_metric: training_mmd
  skip_sampling: True
  report_fcfw: True
  dynamic_is: False
  dynamic_is_beta: 0.01660828114323981
  sigma: [0.9216650499810473, 0.7091189637730821, 0.44948761116989977]
  require_exact_sampling: True
================================================================================
Saving config to out/hpo/hopfield_20q_p2_b15_20260605_111736/trials/trial_0047/config.json...
Gate structure: Qubits: 20
Aachen heavy-hex topology: 39 parameters
one_qubit=20, two_qubit=19
Using Gaussian Kernel (n_ops=2048, n_qubits=20):
  - sigma=0.92166505
  - sigma=0.70911896
  - sigma=0.44948761
Expected sampled operator size:
  - p=4.448988, std=1.859923
  - p=6.300298, std=2.077405
  - p=9.158175, std=2.228131
  mean: 6.635820
  std: 2.828225
Baselines enabled: 

Training ensemble Model 0 (400 epochs)...
Training has not converged after 400 steps
Model 0 final loss: 0.025768
  [Step 0/9] train_MMD=0.0257 alpha_opt=1.0000 oracle_top1_TVD=0.9606

[Step 1] Training Model 1...
  lambda_dual: 0.7500
Training has not converged after 400 steps
  Weighting: frank_wolfe alpha = 0.2500
  [Step 1/9] train_MMD=0.0133 alpha_opt=0.2500 oracle_top2_TVD=0.9212
  [OK] MMD improved (delta=+0.012405)
  SNR (proxy): 7.10 (mean_norm=0.0082, std_norm=0.0012)

[Step 2] Training Model 2...
  lambda_dual: 0.8333
Training has not converged after 400 steps
  Weighting: frank_wolfe alpha = 0.1667
  [Step 2/9] train_MMD=0.0090 alpha_opt=0.1667 oracle_top3_TVD=0.8817
  [OK] MMD improved (delta=+0.004280)
  SNR (proxy): 4.00 (mean_norm=0.0068, std_norm=0.0017)

[Step 3] Training Model 3...
  lambda_dual: 0.8750
Training has not converged after 400 steps
  Weighting: frank_wolfe alpha = 0.1250
  [Step 3/9] train_MMD=0.0062 alpha_opt=0.1250 oracle_top4_TVD=0.8423
  [OK] MMD improved (delta=+0.002783)
  SNR (proxy): 3.58 (mean_norm=0.0075, std_norm=0.0021)

[Step 4] Training Model 4...
  lambda_dual: 0.9000
Training has not converged after 400 steps
  Weighting: frank_wolfe alpha = 0.1000
  [Step 4/9] train_MMD=0.0048 alpha_opt=0.1000 oracle_top5_TVD=0.8358
  [OK] MMD improved (delta=+0.001423)
  SNR (proxy): 6.59 (mean_norm=0.0048, std_norm=0.0007)

[Step 5] Training Model 5...
  lambda_dual: 0.9167
Training has not converged after 400 steps
  Weighting: frank_wolfe alpha = 0.0833
  [Step 5/9] train_MMD=0.0047 alpha_opt=0.0833 oracle_top6_TVD=0.8293
  [OK] MMD improved (delta=+0.000104)
  SNR (proxy): 7.13 (mean_norm=0.0060, std_norm=0.0008)

[Step 6] Training Model 6...
  lambda_dual: 0.9286
Training has not converged after 400 steps
  Weighting: frank_wolfe alpha = 0.0714
  [Step 6/9] train_MMD=0.0050 alpha_opt=0.0714 oracle_top7_TVD=0.8228
  [WARNING] MMD worsened but kept (diagnostic, delta=-0.000282)
  SNR (proxy): 12.33 (mean_norm=0.0046, std_norm=0.0004)

[Step 7] Training Model 7...
  lambda_dual: 0.9375
Training has not converged after 400 steps
  Weighting: frank_wolfe alpha = 0.0625
  [Step 7/9] train_MMD=0.0013 alpha_opt=0.0625 oracle_top8_TVD=0.8163
  [OK] MMD improved (delta=+0.003630)
  SNR (proxy): 7.27 (mean_norm=0.0030, std_norm=0.0004)

[Step 8] Training Model 8...
  lambda_dual: 0.9444
Training has not converged after 400 steps
  Weighting: frank_wolfe alpha = 0.0556
  [Step 8/9] train_MMD=0.0017 alpha_opt=0.0556 oracle_top9_TVD=0.8097
  [WARNING] MMD worsened but kept (diagnostic, delta=-0.000315)
  SNR (proxy): 14.15 (mean_norm=0.0028, std_norm=0.0002)

[Step 9] Training Model 9...
  lambda_dual: 0.9500
Training has not converged after 400 steps
  Weighting: frank_wolfe alpha = 0.0500
  [Step 9/9] train_MMD=0.0012 alpha_opt=0.0500 oracle_top10_TVD=0.8032
  [OK] MMD improved (delta=+0.000420)
  SNR (proxy): 7.47 (mean_norm=0.0037, std_norm=0.0005)

Final: 10 models, MMD=0.0013 (delta=+0.0244) F1=nan

[FCFW] Computing Fully Corrective Frank-Wolfe weights for final ensemble...
  Weighting: fully corrective QP weights = [0.2133, 0.0750, 0.1393, 0.1466, 0.1289, 0.0486, 0.0361, 0.0441, 0.0496, 0.1184]
  FCFW Sampled MMD^2: -0.000124
  FCFW Sampled TVD:   0.4789

FINAL MODEL COMPARISON (inc. FCFW)
Model      | MMD        | TVD        | TVD*       | Valid      | Cover      | F1        
----------------------------------------------------------------------------------------
Baseline   | 0.0257     | n/a        | n/a        | n/a        | n/a        | n/a       
Ensemble   | 0.0013     | 0.531      | 0.285      | n/a        | n/a        | n/a       
Model 0    | 0.0253     | 0.889      | 0.696      | n/a        | n/a        | n/a       
Model 1    | 0.0827     | 0.855      | 0.756      | n/a        | n/a        | n/a       
Model 2    | 0.1484     | 0.888      | 0.765      | n/a        | n/a        | n/a       
Model 3    | 0.1853     | 0.889      | 0.805      | n/a        | n/a        | n/a       
Model 4    | 0.1741     | 0.909      | 0.774      | n/a        | n/a        | n/a       
Model 5    | 0.0753     | 0.915      | 0.745      | n/a        | n/a        | n/a       
Model 6    | 0.0452     | 0.908      | 0.725      | n/a        | n/a        | n/a       
Model 7    | 0.5069     | 0.924      | 0.898      | n/a        | n/a        | n/a       
Model 8    | 0.0559     | 0.893      | 0.728      | n/a        | n/a        | n/a       
Model 9    | 0.0874     | 0.894      | 0.774      | n/a        | n/a        | n/a       
Ensemble (FCFW) | -0.0001    | 0.479      | 0.254      | n/a        | n/a        | n/a       
Saving results to out/hpo/hopfield_20q_p2_b15_20260605_111736/trials/trial_0047/results.csv...
Experiment: Boosting on Hopfield (20q, 2p)
Configuration:
  train_samples: 1000
  data_seed: 42
  n_samples: 400
  n_models: 10
  learning_rate: 0.0052529082096929615
  epochs_per_step: 400
  caching_level: none
  ensemble_samples_coeff: 1.0
  init_baseline: covariance
  init_later: random
  lambda_dual: 1.0
  lambda_schedule: {'type': 'frank_wolfe', 'gamma': 1.0, 'tau': 1.0}
  n_ops: 2048
  weight_strategy: frank_wolfe
  alpha_n_grid: 11
  alpha_objective_weight: 0.5
  baseline: none
  shots: 1000
  final_eval_sampling: True
  dataset_metrics: True
  exact_metrics: {'enabled': True, 'max_qubits': 20, 'phases': {'baseline': True, 'steps': False, 'final': True, 'per_model': True, 'fcfw': True}}
  keep_models_for_diagnosis: True
  stop_on_reject: False
  save_circuit_artifacts: False
  rng_seed: 42
  circuit_config: {'topology': 'aachen_heavy_hex', 'distance': 2, 'max_weight': 2, 'n_ancilla': 0}
  turbo: 10
  dynamic_is_within_shell: shell_uniform
  exact_sampling: True
  acceptance_metric: training_mmd
  skip_sampling: True
  report_fcfw: True
  dynamic_is: False
  dynamic_is_beta: 0.02624440822833136
  sigma: [0.874526463743207]
  require_exact_sampling: True
================================================================================
Saving config to out/hpo/hopfield_20q_p2_b15_20260605_111736/trials/trial_0048/config.json...
Gate structure: Qubits: 20
Aachen heavy-hex topology: 39 parameters
one_qubit=20, two_qubit=19
Using Gaussian Kernel (n_ops=2048, n_qubits=20):
  - sigma=0.87452646
Expected sampled operator size:
  - p=4.799179, std=1.909862
  mean: 4.799179
  std: 1.909862
Baselines enabled: 

Training ensemble Model 0 (400 epochs)...
Training has not converged after 400 steps
Model 0 final loss: 0.037534
  [Step 0/9] train_MMD=0.0384 alpha_opt=1.0000 oracle_top1_TVD=0.9606

[Step 1] Training Model 1...
  lambda_dual: 0.5000
Training has not converged after 400 steps
  Weighting: frank_wolfe alpha = 0.5000
  [Step 1/9] train_MMD=0.0172 alpha_opt=0.5000 oracle_top2_TVD=0.9212
  [OK] MMD improved (delta=+0.021195)
  SNR (proxy): 5.81 (mean_norm=0.0164, std_norm=0.0028)

[Step 2] Training Model 2...
  lambda_dual: 0.6667
Training has not converged after 400 steps
  Weighting: frank_wolfe alpha = 0.3333
  [Step 2/9] train_MMD=0.0133 alpha_opt=0.3333 oracle_top3_TVD=0.8817
  [OK] MMD improved (delta=+0.003962)
  SNR (proxy): 5.26 (mean_norm=0.0156, std_norm=0.0030)

[Step 3] Training Model 3...
  lambda_dual: 0.7500
Training has not converged after 400 steps
  Weighting: frank_wolfe alpha = 0.2500
  [Step 3/9] train_MMD=0.0116 alpha_opt=0.2500 oracle_top4_TVD=0.8423
  [OK] MMD improved (delta=+0.001712)
  SNR (proxy): 5.06 (mean_norm=0.0150, std_norm=0.0030)

[Step 4] Training Model 4...
  lambda_dual: 0.8000
Training has not converged after 400 steps
  Weighting: frank_wolfe alpha = 0.2000
  [Step 4/9] train_MMD=0.0111 alpha_opt=0.2000 oracle_top5_TVD=0.8358
  [OK] MMD improved (delta=+0.000492)
  SNR (proxy): 5.47 (mean_norm=0.0118, std_norm=0.0021)

[Step 5] Training Model 5...
  lambda_dual: 0.8333
Training has not converged after 400 steps
  Weighting: frank_wolfe alpha = 0.1667
  [Step 5/9] train_MMD=0.0072 alpha_opt=0.1667 oracle_top6_TVD=0.8293
  [OK] MMD improved (delta=+0.003863)
  SNR (proxy): 5.17 (mean_norm=0.0133, std_norm=0.0026)

[Step 6] Training Model 6...
  lambda_dual: 0.8571
Training has not converged after 400 steps
  Weighting: frank_wolfe alpha = 0.1429
  [Step 6/9] train_MMD=0.0060 alpha_opt=0.1429 oracle_top7_TVD=0.8228
  [OK] MMD improved (delta=+0.001169)
  SNR (proxy): 4.07 (mean_norm=0.0112, std_norm=0.0027)

[Step 7] Training Model 7...
  lambda_dual: 0.8750
Training has not converged after 400 steps
  Weighting: frank_wolfe alpha = 0.1250
  [Step 7/9] train_MMD=0.0020 alpha_opt=0.1250 oracle_top8_TVD=0.8163
  [OK] MMD improved (delta=+0.004052)
  SNR (proxy): 6.23 (mean_norm=0.0059, std_norm=0.0009)

[Step 8] Training Model 8...
  lambda_dual: 0.8889
Training has not converged after 400 steps
  Weighting: frank_wolfe alpha = 0.1111
  [Step 8/9] train_MMD=0.0016 alpha_opt=0.1111 oracle_top9_TVD=0.8097
  [OK] MMD improved (delta=+0.000343)
  SNR (proxy): 4.18 (mean_norm=0.0067, std_norm=0.0016)

[Step 9] Training Model 9...
  lambda_dual: 0.9000
Training has not converged after 400 steps
  Weighting: frank_wolfe alpha = 0.1000
  [Step 9/9] train_MMD=0.0010 alpha_opt=0.1000 oracle_top10_TVD=0.8032
  [OK] MMD improved (delta=+0.000676)
  SNR (proxy): 2.98 (mean_norm=0.0071, std_norm=0.0024)

Final: 10 models, MMD=0.0009 (delta=+0.0375) F1=nan

[FCFW] Computing Fully Corrective Frank-Wolfe weights for final ensemble...
  Weighting: fully corrective QP weights = [0.0039, 0.0156, 0.1190, 0.0762, 0.0625, 0.0749, 0.1949, 0.1386, 0.1818, 0.1326]
  FCFW Sampled MMD^2: -0.000148
  FCFW Sampled TVD:   0.4689

FINAL MODEL COMPARISON (inc. FCFW)
Model      | MMD        | TVD        | TVD*       | Valid      | Cover      | F1        
----------------------------------------------------------------------------------------
Baseline   | 0.0384     | n/a        | n/a        | n/a        | n/a        | n/a       
Ensemble   | 0.0009     | 0.504      | 0.239      | n/a        | n/a        | n/a       
Model 0    | 0.0405     | 0.968      | 0.698      | n/a        | n/a        | n/a       
Model 1    | 0.0676     | 0.868      | 0.636      | n/a        | n/a        | n/a       
Model 2    | 0.0771     | 0.888      | 0.650      | n/a        | n/a        | n/a       
Model 3    | 0.0687     | 0.875      | 0.666      | n/a        | n/a        | n/a       
Model 4    | 0.1308     | 0.929      | 0.837      | n/a        | n/a        | n/a       
Model 5    | 0.1769     | 0.858      | 0.746      | n/a        | n/a        | n/a       
Model 6    | 0.1215     | 0.888      | 0.750      | n/a        | n/a        | n/a       
Model 7    | 0.2724     | 0.899      | 0.803      | n/a        | n/a        | n/a       
Model 8    | 0.1501     | 0.871      | 0.717      | n/a        | n/a        | n/a       
Model 9    | 0.1260     | 0.871      | 0.728      | n/a        | n/a        | n/a       
Ensemble (FCFW) | -0.0001    | 0.469      | 0.229      | n/a        | n/a        | n/a       
Saving results to out/hpo/hopfield_20q_p2_b15_20260605_111736/trials/trial_0048/results.csv...
Experiment: Boosting on Hopfield (20q, 2p)
Configuration:
  train_samples: 1000
  data_seed: 42
  n_samples: 400
  n_models: 10
  learning_rate: 0.001802827018258868
  epochs_per_step: 400
  caching_level: none
  ensemble_samples_coeff: 1.0
  init_baseline: covariance
  init_later: random
  lambda_dual: 1.0
  lambda_schedule: {'type': 'frank_wolfe', 'gamma': 0.25, 'tau': 1.0}
  n_ops: 2048
  weight_strategy: frank_wolfe
  alpha_n_grid: 11
  alpha_objective_weight: 0.5
  baseline: none
  shots: 1000
  final_eval_sampling: True
  dataset_metrics: True
  exact_metrics: {'enabled': True, 'max_qubits': 20, 'phases': {'baseline': True, 'steps': False, 'final': True, 'per_model': True, 'fcfw': True}}
  keep_models_for_diagnosis: True
  stop_on_reject: False
  save_circuit_artifacts: False
  rng_seed: 42
  circuit_config: {'topology': 'aachen_heavy_hex', 'distance': 2, 'max_weight': 2, 'n_ancilla': 0}
  turbo: 10
  dynamic_is_within_shell: shell_uniform
  exact_sampling: True
  acceptance_metric: training_mmd
  skip_sampling: True
  report_fcfw: True
  dynamic_is: False
  dynamic_is_beta: 0.013597366501746248
  sigma: [0.8293588744346775]
  require_exact_sampling: True
================================================================================
Saving config to out/hpo/hopfield_20q_p2_b15_20260605_111736/trials/trial_0049/config.json...
Gate structure: Qubits: 20
Aachen heavy-hex topology: 39 parameters
one_qubit=20, two_qubit=19
Using Gaussian Kernel (n_ops=2048, n_qubits=20):
  - sigma=0.82935887
Expected sampled operator size:
  - p=5.166031, std=1.957457
  mean: 5.166031
  std: 1.957457
Baselines enabled: 

Training ensemble Model 0 (400 epochs)...
Training has not converged after 400 steps
Model 0 final loss: 0.032829
  [Step 0/9] train_MMD=0.0326 alpha_opt=1.0000 oracle_top1_TVD=0.9606

[Step 1] Training Model 1...
  lambda_dual: 0.8750
Training has not converged after 400 steps
  Weighting: frank_wolfe alpha = 0.1250
  [Step 1/9] train_MMD=0.0215 alpha_opt=0.1250 oracle_top2_TVD=0.9212
  [OK] MMD improved (delta=+0.011048)
  SNR (proxy): 10.69 (mean_norm=0.0175, std_norm=0.0016)

[Step 2] Training Model 2...
  lambda_dual: 0.9167
Training has not converged after 400 steps
  Weighting: frank_wolfe alpha = 0.0833
  [Step 2/9] train_MMD=0.0136 alpha_opt=0.0833 oracle_top3_TVD=0.8817
  [OK] MMD improved (delta=+0.007938)
  SNR (proxy): 8.93 (mean_norm=0.0218, std_norm=0.0024)

[Step 3] Training Model 3...
  lambda_dual: 0.9375
Training has not converged after 400 steps
  Weighting: frank_wolfe alpha = 0.0625
  [Step 3/9] train_MMD=0.0117 alpha_opt=0.0625 oracle_top4_TVD=0.8423
  [OK] MMD improved (delta=+0.001886)
  SNR (proxy): 11.44 (mean_norm=0.0153, std_norm=0.0013)

[Step 4] Training Model 4...
  lambda_dual: 0.9500
Training has not converged after 400 steps
  Weighting: frank_wolfe alpha = 0.0500
  [Step 4/9] train_MMD=0.0107 alpha_opt=0.0500 oracle_top5_TVD=0.8358
  [OK] MMD improved (delta=+0.000970)
  SNR (proxy): 6.63 (mean_norm=0.0097, std_norm=0.0015)

[Step 5] Training Model 5...
  lambda_dual: 0.9583
Training has not converged after 400 steps
  Weighting: frank_wolfe alpha = 0.0417
  [Step 5/9] train_MMD=0.0102 alpha_opt=0.0417 oracle_top6_TVD=0.8293
  [OK] MMD improved (delta=+0.000582)
  SNR (proxy): 15.15 (mean_norm=0.0097, std_norm=0.0006)

[Step 6] Training Model 6...
  lambda_dual: 0.9643
Training has not converged after 400 steps
  Weighting: frank_wolfe alpha = 0.0357
  [Step 6/9] train_MMD=0.0099 alpha_opt=0.0357 oracle_top7_TVD=0.8228
  [OK] MMD improved (delta=+0.000247)
  SNR (proxy): 14.93 (mean_norm=0.0086, std_norm=0.0006)

[Step 7] Training Model 7...
  lambda_dual: 0.9688
Training has not converged after 400 steps
  Weighting: frank_wolfe alpha = 0.0312
  [Step 7/9] train_MMD=0.0098 alpha_opt=0.0312 oracle_top8_TVD=0.8163
  [OK] MMD improved (delta=+0.000127)
  SNR (proxy): 21.36 (mean_norm=0.0074, std_norm=0.0003)

[Step 8] Training Model 8...
  lambda_dual: 0.9722
Training has not converged after 400 steps
  Weighting: frank_wolfe alpha = 0.0278
  [Step 8/9] train_MMD=0.0099 alpha_opt=0.0278 oracle_top9_TVD=0.8097
  [WARNING] MMD worsened but kept (diagnostic, delta=-0.000150)
  SNR (proxy): 10.47 (mean_norm=0.0071, std_norm=0.0007)

[Step 9] Training Model 9...
  lambda_dual: 0.9750
Training has not converged after 400 steps
  Weighting: frank_wolfe alpha = 0.0250
  [Step 9/9] train_MMD=0.0102 alpha_opt=0.0250 oracle_top10_TVD=0.8032
  [WARNING] MMD worsened but kept (diagnostic, delta=-0.000225)
  SNR (proxy): 12.94 (mean_norm=0.0050, std_norm=0.0004)

Final: 10 models, MMD=0.0095 (delta=+0.0230) F1=nan

[FCFW] Computing Fully Corrective Frank-Wolfe weights for final ensemble...
  Weighting: fully corrective QP weights = [0.6304, 0.1064, 0.0650, 0.0737, 0.0531, 0.0352, 0.0362, 0.0000, 0.0000, 0.0000]
  FCFW Sampled MMD^2: 0.009021
  FCFW Sampled TVD:   0.6365

FINAL MODEL COMPARISON (inc. FCFW)
Model      | MMD        | TVD        | TVD*       | Valid      | Cover      | F1        
----------------------------------------------------------------------------------------
Baseline   | 0.0326     | n/a        | n/a        | n/a        | n/a        | n/a       
Ensemble   | 0.0095     | 0.649      | 0.446      | n/a        | n/a        | n/a       
Model 0    | 0.0334     | 0.865      | 0.692      | n/a        | n/a        | n/a       
Model 1    | 0.2168     | 0.898      | 0.846      | n/a        | n/a        | n/a       
Model 2    | 0.5653     | 0.927      | 0.887      | n/a        | n/a        | n/a       
Model 3    | 0.0900     | 0.915      | 0.739      | n/a        | n/a        | n/a       
Model 4    | 0.1475     | 0.898      | 0.769      | n/a        | n/a        | n/a       
Model 5    | 0.1061     | 0.920      | 0.761      | n/a        | n/a        | n/a       
Model 6    | 0.1424     | 0.896      | 0.777      | n/a        | n/a        | n/a       
Model 7    | 0.0962     | 0.929      | 0.729      | n/a        | n/a        | n/a       
Model 8    | 0.0816     | 0.983      | 0.838      | n/a        | n/a        | n/a       
Model 9    | 0.0526     | 0.999      | 0.944      | n/a        | n/a        | n/a       
Ensemble (FCFW) | 0.0090     | 0.637      | 0.458      | n/a        | n/a        | n/a       
Saving results to out/hpo/hopfield_20q_p2_b15_20260605_111736/trials/trial_0049/results.csv...
Experiment: Boosting on Hopfield (20q, 2p)
Configuration:
  train_samples: 1000
  data_seed: 42
  n_samples: 400
  n_models: 10
  learning_rate: 0.0027436546536613736
  epochs_per_step: 400
  caching_level: none
  ensemble_samples_coeff: 1.0
  init_baseline: covariance
  init_later: random
  lambda_dual: 1.0
  lambda_schedule: {'type': 'frank_wolfe', 'gamma': 1.0, 'tau': 1.0}
  n_ops: 2048
  weight_strategy: frank_wolfe
  alpha_n_grid: 11
  alpha_objective_weight: 0.5
  baseline: none
  shots: 1000
  final_eval_sampling: True
  dataset_metrics: True
  exact_metrics: {'enabled': True, 'max_qubits': 20, 'phases': {'baseline': True, 'steps': False, 'final': True, 'per_model': True, 'fcfw': True}}
  keep_models_for_diagnosis: True
  stop_on_reject: False
  save_circuit_artifacts: False
  rng_seed: 42
  circuit_config: {'topology': 'aachen_heavy_hex', 'distance': 2, 'max_weight': 2, 'n_ancilla': 0}
  turbo: 10
  dynamic_is_within_shell: shell_uniform
  exact_sampling: True
  acceptance_metric: training_mmd
  skip_sampling: True
  report_fcfw: True
  dynamic_is: False
  dynamic_is_beta: 0.018679449152768597
  sigma: [0.7509509221190378]
  require_exact_sampling: True
================================================================================
Saving config to out/hpo/hopfield_20q_p2_b15_20260605_111736/trials/trial_0050/config.json...
Gate structure: Qubits: 20
Aachen heavy-hex topology: 39 parameters
one_qubit=20, two_qubit=19
Using Gaussian Kernel (n_ops=2048, n_qubits=20):
  - sigma=0.75095092
Expected sampled operator size:
  - p=5.879618, std=2.037430
  mean: 5.879618
  std: 2.037430
Baselines enabled: 

Training ensemble Model 0 (400 epochs)...
Training has not converged after 400 steps
Model 0 final loss: 0.026023
  [Step 0/9] train_MMD=0.0246 alpha_opt=1.0000 oracle_top1_TVD=0.9606

[Step 1] Training Model 1...
  lambda_dual: 0.5000
Training has not converged after 400 steps
  Weighting: frank_wolfe alpha = 0.5000
  [Step 1/9] train_MMD=0.0135 alpha_opt=0.5000 oracle_top2_TVD=0.9212
  [OK] MMD improved (delta=+0.011060)
  SNR (proxy): 5.60 (mean_norm=0.0147, std_norm=0.0026)

[Step 2] Training Model 2...
  lambda_dual: 0.6667
Training has not converged after 400 steps
  Weighting: frank_wolfe alpha = 0.3333
  [Step 2/9] train_MMD=0.0116 alpha_opt=0.3333 oracle_top3_TVD=0.8817
  [OK] MMD improved (delta=+0.001916)
  SNR (proxy): 6.36 (mean_norm=0.0124, std_norm=0.0020)

[Step 3] Training Model 3...
  lambda_dual: 0.7500
Training has not converged after 400 steps
  Weighting: frank_wolfe alpha = 0.2500
  [Step 3/9] train_MMD=0.0103 alpha_opt=0.2500 oracle_top4_TVD=0.8423
  [OK] MMD improved (delta=+0.001287)
  SNR (proxy): 5.53 (mean_norm=0.0139, std_norm=0.0025)

[Step 4] Training Model 4...
  lambda_dual: 0.8000
Training has not converged after 400 steps
  Weighting: frank_wolfe alpha = 0.2000
  [Step 4/9] train_MMD=0.0077 alpha_opt=0.2000 oracle_top5_TVD=0.8358
  [OK] MMD improved (delta=+0.002624)
  SNR (proxy): 4.14 (mean_norm=0.0125, std_norm=0.0030)

[Step 5] Training Model 5...
  lambda_dual: 0.8333
Training has not converged after 400 steps
  Weighting: frank_wolfe alpha = 0.1667
  [Step 5/9] train_MMD=0.0037 alpha_opt=0.1667 oracle_top6_TVD=0.8293
  [OK] MMD improved (delta=+0.003972)
  SNR (proxy): 3.60 (mean_norm=0.0129, std_norm=0.0036)

[Step 6] Training Model 6...
  lambda_dual: 0.8571
Training has not converged after 400 steps
  Weighting: frank_wolfe alpha = 0.1429
  [Step 6/9] train_MMD=0.0038 alpha_opt=0.1429 oracle_top7_TVD=0.8228
  [WARNING] MMD worsened but kept (diagnostic, delta=-0.000046)
  SNR (proxy): 6.13 (mean_norm=0.0105, std_norm=0.0017)

[Step 7] Training Model 7...
  lambda_dual: 0.8750
Training has not converged after 400 steps
  Weighting: frank_wolfe alpha = 0.1250
  [Step 7/9] train_MMD=0.0013 alpha_opt=0.1250 oracle_top8_TVD=0.8163
  [OK] MMD improved (delta=+0.002488)
  SNR (proxy): 5.09 (mean_norm=0.0088, std_norm=0.0017)

[Step 8] Training Model 8...
  lambda_dual: 0.8889
Training has not converged after 400 steps
  Weighting: frank_wolfe alpha = 0.1111
  [Step 8/9] train_MMD=0.0022 alpha_opt=0.1111 oracle_top9_TVD=0.8097
  [WARNING] MMD worsened but kept (diagnostic, delta=-0.000931)
  SNR (proxy): 9.69 (mean_norm=0.0034, std_norm=0.0004)

[Step 9] Training Model 9...
  lambda_dual: 0.9000
Training has not converged after 400 steps
  Weighting: frank_wolfe alpha = 0.1000
  [Step 9/9] train_MMD=0.0021 alpha_opt=0.1000 oracle_top10_TVD=0.8032
  [OK] MMD improved (delta=+0.000047)
  SNR (proxy): 3.13 (mean_norm=0.0067, std_norm=0.0021)

Final: 10 models, MMD=0.0024 (delta=+0.0222) F1=nan

[FCFW] Computing Fully Corrective Frank-Wolfe weights for final ensemble...
  Weighting: fully corrective QP weights = [0.0000, 0.0996, 0.0895, 0.0000, 0.1972, 0.0793, 0.2513, 0.1429, 0.0000, 0.1402]
  FCFW Sampled MMD^2: 0.000045
  FCFW Sampled TVD:   0.4960

FINAL MODEL COMPARISON (inc. FCFW)
Model      | MMD        | TVD        | TVD*       | Valid      | Cover      | F1        
----------------------------------------------------------------------------------------
Baseline   | 0.0246     | n/a        | n/a        | n/a        | n/a        | n/a       
Ensemble   | 0.0024     | 0.554      | 0.299      | n/a        | n/a        | n/a       
Model 0    | 0.0283     | 0.968      | 0.683      | n/a        | n/a        | n/a       
Model 1    | 0.0377     | 0.872      | 0.657      | n/a        | n/a        | n/a       
Model 2    | 0.0434     | 0.876      | 0.677      | n/a        | n/a        | n/a       
Model 3    | 0.0528     | 0.910      | 0.729      | n/a        | n/a        | n/a       
Model 4    | 0.1315     | 0.888      | 0.780      | n/a        | n/a        | n/a       
Model 5    | 0.1689     | 0.871      | 0.756      | n/a        | n/a        | n/a       
Model 6    | 0.0505     | 0.883      | 0.722      | n/a        | n/a        | n/a       
Model 7    | 0.1872     | 0.887      | 0.809      | n/a        | n/a        | n/a       
Model 8    | 0.0355     | 0.999      | 0.925      | n/a        | n/a        | n/a       
Model 9    | 0.1011     | 0.874      | 0.733      | n/a        | n/a        | n/a       
Ensemble (FCFW) | 0.0000     | 0.496      | 0.263      | n/a        | n/a        | n/a       
Saving results to out/hpo/hopfield_20q_p2_b15_20260605_111736/trials/trial_0050/results.csv...
Experiment: Boosting on Hopfield (20q, 2p)
Configuration:
  train_samples: 1000
  data_seed: 42
  n_samples: 400
  n_models: 10
  learning_rate: 0.005320176835569639
  epochs_per_step: 400
  caching_level: none
  ensemble_samples_coeff: 1.0
  init_baseline: covariance
  init_later: random
  lambda_dual: 1.0
  lambda_schedule: {'type': 'frank_wolfe', 'gamma': 1.0, 'tau': 1.0}
  n_ops: 2048
  weight_strategy: frank_wolfe
  alpha_n_grid: 11
  alpha_objective_weight: 0.5
  baseline: none
  shots: 1000
  final_eval_sampling: True
  dataset_metrics: True
  exact_metrics: {'enabled': True, 'max_qubits': 20, 'phases': {'baseline': True, 'steps': False, 'final': True, 'per_model': True, 'fcfw': True}}
  keep_models_for_diagnosis: True
  stop_on_reject: False
  save_circuit_artifacts: False
  rng_seed: 42
  circuit_config: {'topology': 'aachen_heavy_hex', 'distance': 2, 'max_weight': 2, 'n_ancilla': 0}
  turbo: 10
  dynamic_is_within_shell: shell_uniform
  exact_sampling: True
  acceptance_metric: training_mmd
  skip_sampling: True
  report_fcfw: True
  dynamic_is: False
  dynamic_is_beta: 0.025859431099751404
  sigma: [0.8886186026212363]
  require_exact_sampling: True
================================================================================
Saving config to out/hpo/hopfield_20q_p2_b15_20260605_111736/trials/trial_0051/config.json...
Gate structure: Qubits: 20
Aachen heavy-hex topology: 39 parameters
one_qubit=20, two_qubit=19
Using Gaussian Kernel (n_ops=2048, n_qubits=20):
  - sigma=0.88861860
Expected sampled operator size:
  - p=4.691085, std=1.894933
  mean: 4.691085
  std: 1.894933
Baselines enabled: 

Training ensemble Model 0 (400 epochs)...
Training has not converged after 400 steps
Model 0 final loss: 0.039798
  [Step 0/9] train_MMD=0.0399 alpha_opt=1.0000 oracle_top1_TVD=0.9606

[Step 1] Training Model 1...
  lambda_dual: 0.5000
Training has not converged after 400 steps
  Weighting: frank_wolfe alpha = 0.5000
  [Step 1/9] train_MMD=0.0167 alpha_opt=0.5000 oracle_top2_TVD=0.9212
  [OK] MMD improved (delta=+0.023207)
  SNR (proxy): 3.89 (mean_norm=0.0180, std_norm=0.0046)

[Step 2] Training Model 2...
  lambda_dual: 0.6667
Training has not converged after 400 steps
  Weighting: frank_wolfe alpha = 0.3333
  [Step 2/9] train_MMD=0.0131 alpha_opt=0.3333 oracle_top3_TVD=0.8817
  [OK] MMD improved (delta=+0.003627)
  SNR (proxy): 5.53 (mean_norm=0.0162, std_norm=0.0029)

[Step 3] Training Model 3...
  lambda_dual: 0.7500
Training has not converged after 400 steps
  Weighting: frank_wolfe alpha = 0.2500
  [Step 3/9] train_MMD=0.0112 alpha_opt=0.2500 oracle_top4_TVD=0.8423
  [OK] MMD improved (delta=+0.001867)
  SNR (proxy): 4.25 (mean_norm=0.0158, std_norm=0.0037)

[Step 4] Training Model 4...
  lambda_dual: 0.8000
Training has not converged after 400 steps
  Weighting: frank_wolfe alpha = 0.2000
  [Step 4/9] train_MMD=0.0117 alpha_opt=0.2000 oracle_top5_TVD=0.8358
  [WARNING] MMD worsened but kept (diagnostic, delta=-0.000451)
  SNR (proxy): 5.26 (mean_norm=0.0103, std_norm=0.0020)

[Step 5] Training Model 5...
  lambda_dual: 0.8333
Training has not converged after 400 steps
  Weighting: frank_wolfe alpha = 0.1667
  [Step 5/9] train_MMD=0.0077 alpha_opt=0.1667 oracle_top6_TVD=0.8293
  [OK] MMD improved (delta=+0.003974)
  SNR (proxy): 5.58 (mean_norm=0.0139, std_norm=0.0025)

[Step 6] Training Model 6...
  lambda_dual: 0.8571
Training has not converged after 400 steps
  Weighting: frank_wolfe alpha = 0.1429
  [Step 6/9] train_MMD=0.0060 alpha_opt=0.1429 oracle_top7_TVD=0.8228
  [OK] MMD improved (delta=+0.001650)
  SNR (proxy): 4.18 (mean_norm=0.0129, std_norm=0.0031)

[Step 7] Training Model 7...
  lambda_dual: 0.8750
Training has not converged after 400 steps
  Weighting: frank_wolfe alpha = 0.1250
  [Step 7/9] train_MMD=0.0022 alpha_opt=0.1250 oracle_top8_TVD=0.8163
  [OK] MMD improved (delta=+0.003864)
  SNR (proxy): 7.14 (mean_norm=0.0066, std_norm=0.0009)

[Step 8] Training Model 8...
  lambda_dual: 0.8889
Training has not converged after 400 steps
  Weighting: frank_wolfe alpha = 0.1111
  [Step 8/9] train_MMD=0.0018 alpha_opt=0.1111 oracle_top9_TVD=0.8097
  [OK] MMD improved (delta=+0.000359)
  SNR (proxy): 4.88 (mean_norm=0.0067, std_norm=0.0014)

[Step 9] Training Model 9...
  lambda_dual: 0.9000
Training has not converged after 400 steps
  Weighting: frank_wolfe alpha = 0.1000
  [Step 9/9] train_MMD=0.0010 alpha_opt=0.1000 oracle_top10_TVD=0.8032
  [OK] MMD improved (delta=+0.000797)
  SNR (proxy): 3.78 (mean_norm=0.0074, std_norm=0.0020)

Final: 10 models, MMD=0.0013 (delta=+0.0386) F1=nan

[FCFW] Computing Fully Corrective Frank-Wolfe weights for final ensemble...
  Weighting: fully corrective QP weights = [0.0205, 0.0134, 0.1141, 0.0840, 0.0517, 0.0772, 0.1887, 0.1381, 0.1848, 0.1274]
  FCFW Sampled MMD^2: -0.000109
  FCFW Sampled TVD:   0.4764

FINAL MODEL COMPARISON (inc. FCFW)
Model      | MMD        | TVD        | TVD*       | Valid      | Cover      | F1        
----------------------------------------------------------------------------------------
Baseline   | 0.0399     | n/a        | n/a        | n/a        | n/a        | n/a       
Ensemble   | 0.0013     | 0.498      | 0.240      | n/a        | n/a        | n/a       
Model 0    | 0.0418     | 0.980      | 0.702      | n/a        | n/a        | n/a       
Model 1    | 0.0635     | 0.892      | 0.632      | n/a        | n/a        | n/a       
Model 2    | 0.0731     | 0.889      | 0.651      | n/a        | n/a        | n/a       
Model 3    | 0.0681     | 0.859      | 0.679      | n/a        | n/a        | n/a       
Model 4    | 0.1193     | 0.915      | 0.842      | n/a        | n/a        | n/a       
Model 5    | 0.1971     | 0.854      | 0.755      | n/a        | n/a        | n/a       
Model 6    | 0.1392     | 0.892      | 0.755      | n/a        | n/a        | n/a       
Model 7    | 0.2861     | 0.895      | 0.802      | n/a        | n/a        | n/a       
Model 8    | 0.1615     | 0.872      | 0.724      | n/a        | n/a        | n/a       
Model 9    | 0.1542     | 0.875      | 0.731      | n/a        | n/a        | n/a       
Ensemble (FCFW) | -0.0001    | 0.476      | 0.226      | n/a        | n/a        | n/a       
Saving results to out/hpo/hopfield_20q_p2_b15_20260605_111736/trials/trial_0051/results.csv...
Experiment: Boosting on Hopfield (20q, 2p)
Configuration:
  train_samples: 1000
  data_seed: 42
  n_samples: 400
  n_models: 10
  learning_rate: 0.004115997815068456
  epochs_per_step: 400
  caching_level: none
  ensemble_samples_coeff: 1.0
  init_baseline: covariance
  init_later: random
  lambda_dual: 1.0
  lambda_schedule: {'type': 'frank_wolfe', 'gamma': 1.0, 'tau': 1.0}
  n_ops: 2048
  weight_strategy: frank_wolfe
  alpha_n_grid: 11
  alpha_objective_weight: 0.5
  baseline: none
  shots: 1000
  final_eval_sampling: True
  dataset_metrics: True
  exact_metrics: {'enabled': True, 'max_qubits': 20, 'phases': {'baseline': True, 'steps': False, 'final': True, 'per_model': True, 'fcfw': True}}
  keep_models_for_diagnosis: True
  stop_on_reject: False
  save_circuit_artifacts: False
  rng_seed: 42
  circuit_config: {'topology': 'aachen_heavy_hex', 'distance': 2, 'max_weight': 2, 'n_ancilla': 0}
  turbo: 10
  dynamic_is_within_shell: shell_uniform
  exact_sampling: True
  acceptance_metric: training_mmd
  skip_sampling: True
  report_fcfw: True
  dynamic_is: False
  dynamic_is_beta: 0.022984645477796863
  sigma: [0.8772753954220512]
  require_exact_sampling: True
================================================================================
Saving config to out/hpo/hopfield_20q_p2_b15_20260605_111736/trials/trial_0052/config.json...
Gate structure: Qubits: 20
Aachen heavy-hex topology: 39 parameters
one_qubit=20, two_qubit=19
Using Gaussian Kernel (n_ops=2048, n_qubits=20):
  - sigma=0.87727540
Expected sampled operator size:
  - p=4.777861, std=1.906951
  mean: 4.777861
  std: 1.906951
Baselines enabled: 

Training ensemble Model 0 (400 epochs)...
Training has not converged after 400 steps
Model 0 final loss: 0.038786
  [Step 0/9] train_MMD=0.0387 alpha_opt=1.0000 oracle_top1_TVD=0.9606

[Step 1] Training Model 1...
  lambda_dual: 0.5000
Training has not converged after 400 steps
  Weighting: frank_wolfe alpha = 0.5000
  [Step 1/9] train_MMD=0.0168 alpha_opt=0.5000 oracle_top2_TVD=0.9212
  [OK] MMD improved (delta=+0.021916)
  SNR (proxy): 5.58 (mean_norm=0.0167, std_norm=0.0030)

[Step 2] Training Model 2...
  lambda_dual: 0.6667
Training has not converged after 400 steps
  Weighting: frank_wolfe alpha = 0.3333
  [Step 2/9] train_MMD=0.0130 alpha_opt=0.3333 oracle_top3_TVD=0.8817
  [OK] MMD improved (delta=+0.003756)
  SNR (proxy): 4.18 (mean_norm=0.0157, std_norm=0.0037)

[Step 3] Training Model 3...
  lambda_dual: 0.7500
Training has not converged after 400 steps
  Weighting: frank_wolfe alpha = 0.2500
  [Step 3/9] train_MMD=0.0114 alpha_opt=0.2500 oracle_top4_TVD=0.8423
  [OK] MMD improved (delta=+0.001655)
  SNR (proxy): 6.92 (mean_norm=0.0159, std_norm=0.0023)

[Step 4] Training Model 4...
  lambda_dual: 0.8000
Training has not converged after 400 steps
  Weighting: frank_wolfe alpha = 0.2000
  [Step 4/9] train_MMD=0.0112 alpha_opt=0.2000 oracle_top5_TVD=0.8358
  [OK] MMD improved (delta=+0.000177)
  SNR (proxy): 6.72 (mean_norm=0.0102, std_norm=0.0015)

[Step 5] Training Model 5...
  lambda_dual: 0.8333
Training has not converged after 400 steps
  Weighting: frank_wolfe alpha = 0.1667
  [Step 5/9] train_MMD=0.0074 alpha_opt=0.1667 oracle_top6_TVD=0.8293
  [OK] MMD improved (delta=+0.003795)
  SNR (proxy): 5.58 (mean_norm=0.0136, std_norm=0.0024)

[Step 6] Training Model 6...
  lambda_dual: 0.8571
Training has not converged after 400 steps
  Weighting: frank_wolfe alpha = 0.1429
  [Step 6/9] train_MMD=0.0062 alpha_opt=0.1429 oracle_top7_TVD=0.8228
  [OK] MMD improved (delta=+0.001238)
  SNR (proxy): 3.76 (mean_norm=0.0108, std_norm=0.0029)

[Step 7] Training Model 7...
  lambda_dual: 0.8750
Training has not converged after 400 steps
  Weighting: frank_wolfe alpha = 0.1250
  [Step 7/9] train_MMD=0.0020 alpha_opt=0.1250 oracle_top8_TVD=0.8163
  [OK] MMD improved (delta=+0.004116)
  SNR (proxy): 4.76 (mean_norm=0.0060, std_norm=0.0013)

[Step 8] Training Model 8...
  lambda_dual: 0.8889
Training has not converged after 400 steps
  Weighting: frank_wolfe alpha = 0.1111
  [Step 8/9] train_MMD=0.0017 alpha_opt=0.1111 oracle_top9_TVD=0.8097
  [OK] MMD improved (delta=+0.000334)
  SNR (proxy): 5.29 (mean_norm=0.0063, std_norm=0.0012)

[Step 9] Training Model 9...
  lambda_dual: 0.9000
Training has not converged after 400 steps
  Weighting: frank_wolfe alpha = 0.1000
  [Step 9/9] train_MMD=0.0009 alpha_opt=0.1000 oracle_top10_TVD=0.8032
  [OK] MMD improved (delta=+0.000775)
  SNR (proxy): 3.84 (mean_norm=0.0077, std_norm=0.0020)

Final: 10 models, MMD=0.0015 (delta=+0.0372) F1=nan

[FCFW] Computing Fully Corrective Frank-Wolfe weights for final ensemble...
  Weighting: fully corrective QP weights = [0.0177, 0.0033, 0.1115, 0.0972, 0.0543, 0.0769, 0.1873, 0.1392, 0.1839, 0.1285]
  FCFW Sampled MMD^2: -0.000266
  FCFW Sampled TVD:   0.4813

FINAL MODEL COMPARISON (inc. FCFW)
Model      | MMD        | TVD        | TVD*       | Valid      | Cover      | F1        
----------------------------------------------------------------------------------------
Baseline   | 0.0387     | n/a        | n/a        | n/a        | n/a        | n/a       
Ensemble   | 0.0015     | 0.513      | 0.241      | n/a        | n/a        | n/a       
Model 0    | 0.0402     | 0.964      | 0.701      | n/a        | n/a        | n/a       
Model 1    | 0.0638     | 0.893      | 0.636      | n/a        | n/a        | n/a       
Model 2    | 0.0681     | 0.830      | 0.656      | n/a        | n/a        | n/a       
Model 3    | 0.0587     | 0.867      | 0.676      | n/a        | n/a        | n/a       
Model 4    | 0.1230     | 0.914      | 0.835      | n/a        | n/a        | n/a       
Model 5    | 0.1711     | 0.865      | 0.750      | n/a        | n/a        | n/a       
Model 6    | 0.1365     | 0.891      | 0.753      | n/a        | n/a        | n/a       
Model 7    | 0.2859     | 0.900      | 0.807      | n/a        | n/a        | n/a       
Model 8    | 0.1508     | 0.872      | 0.719      | n/a        | n/a        | n/a       
Model 9    | 0.1488     | 0.876      | 0.734      | n/a        | n/a        | n/a       
Ensemble (FCFW) | -0.0003    | 0.481      | 0.231      | n/a        | n/a        | n/a       
Saving results to out/hpo/hopfield_20q_p2_b15_20260605_111736/trials/trial_0052/results.csv...
Experiment: Boosting on Hopfield (20q, 2p)
Configuration:
  train_samples: 1000
  data_seed: 42
  n_samples: 400
  n_models: 10
  learning_rate: 0.007077022247016283
  epochs_per_step: 400
  caching_level: none
  ensemble_samples_coeff: 1.0
  init_baseline: covariance
  init_later: random
  lambda_dual: 1.0
  lambda_schedule: {'type': 'frank_wolfe', 'gamma': 1.0, 'tau': 1.0}
  n_ops: 2048
  weight_strategy: frank_wolfe
  alpha_n_grid: 11
  alpha_objective_weight: 0.5
  baseline: none
  shots: 1000
  final_eval_sampling: True
  dataset_metrics: True
  exact_metrics: {'enabled': True, 'max_qubits': 20, 'phases': {'baseline': True, 'steps': False, 'final': True, 'per_model': True, 'fcfw': True}}
  keep_models_for_diagnosis: True
  stop_on_reject: False
  save_circuit_artifacts: False
  rng_seed: 42
  circuit_config: {'topology': 'aachen_heavy_hex', 'distance': 2, 'max_weight': 2, 'n_ancilla': 0}
  turbo: 10
  dynamic_is_within_shell: shell_uniform
  exact_sampling: True
  acceptance_metric: training_mmd
  skip_sampling: True
  report_fcfw: True
  dynamic_is: False
  dynamic_is_beta: 0.02582359056721516
  sigma: [0.9836290440000616]
  require_exact_sampling: True
================================================================================
Saving config to out/hpo/hopfield_20q_p2_b15_20260605_111736/trials/trial_0053/config.json...
Gate structure: Qubits: 20
Aachen heavy-hex topology: 39 parameters
one_qubit=20, two_qubit=19
Using Gaussian Kernel (n_ops=2048, n_qubits=20):
  - sigma=0.98362904
Expected sampled operator size:
  - p=4.035632, std=1.794802
  mean: 4.035632
  std: 1.794802
Baselines enabled: 

Training ensemble Model 0 (400 epochs)...
Training has not converged after 400 steps
Model 0 final loss: 0.050143
  [Step 0/9] train_MMD=0.0530 alpha_opt=1.0000 oracle_top1_TVD=0.9606

[Step 1] Training Model 1...
  lambda_dual: 0.5000
Training has not converged after 400 steps
  Weighting: frank_wolfe alpha = 0.5000
  [Step 1/9] train_MMD=0.0210 alpha_opt=0.5000 oracle_top2_TVD=0.9212
  [OK] MMD improved (delta=+0.031969)
  SNR (proxy): 3.53 (mean_norm=0.0180, std_norm=0.0051)

[Step 2] Training Model 2...
  lambda_dual: 0.6667
Training has not converged after 400 steps
  Weighting: frank_wolfe alpha = 0.3333
  [Step 2/9] train_MMD=0.0151 alpha_opt=0.3333 oracle_top3_TVD=0.8817
  [OK] MMD improved (delta=+0.005879)
  SNR (proxy): 4.01 (mean_norm=0.0168, std_norm=0.0042)

[Step 3] Training Model 3...
  lambda_dual: 0.7500
Training has not converged after 400 steps
  Weighting: frank_wolfe alpha = 0.2500
  [Step 3/9] train_MMD=0.0122 alpha_opt=0.2500 oracle_top4_TVD=0.8423
  [OK] MMD improved (delta=+0.002937)
  SNR (proxy): 6.06 (mean_norm=0.0171, std_norm=0.0028)

[Step 4] Training Model 4...
  lambda_dual: 0.8000
Training has not converged after 400 steps
  Weighting: frank_wolfe alpha = 0.2000
  [Step 4/9] train_MMD=0.0110 alpha_opt=0.2000 oracle_top5_TVD=0.8358
  [OK] MMD improved (delta=+0.001225)
  SNR (proxy): 7.31 (mean_norm=0.0171, std_norm=0.0023)

[Step 5] Training Model 5...
  lambda_dual: 0.8333
Training has not converged after 400 steps
  Weighting: frank_wolfe alpha = 0.1667
  [Step 5/9] train_MMD=0.0096 alpha_opt=0.1667 oracle_top6_TVD=0.8293
  [OK] MMD improved (delta=+0.001381)
  SNR (proxy): 5.02 (mean_norm=0.0138, std_norm=0.0028)

[Step 6] Training Model 6...
  lambda_dual: 0.8571
Training has not converged after 400 steps
  Weighting: frank_wolfe alpha = 0.1429
  [Step 6/9] train_MMD=0.0080 alpha_opt=0.1429 oracle_top7_TVD=0.8228
  [OK] MMD improved (delta=+0.001623)
  SNR (proxy): 4.11 (mean_norm=0.0168, std_norm=0.0041)

[Step 7] Training Model 7...
  lambda_dual: 0.8750
Training has not converged after 400 steps
  Weighting: frank_wolfe alpha = 0.1250
  [Step 7/9] train_MMD=0.0035 alpha_opt=0.1250 oracle_top8_TVD=0.8163
  [OK] MMD improved (delta=+0.004533)
  SNR (proxy): 5.33 (mean_norm=0.0066, std_norm=0.0012)

[Step 8] Training Model 8...
  lambda_dual: 0.8889
Training has not converged after 400 steps
  Weighting: frank_wolfe alpha = 0.1111
  [Step 8/9] train_MMD=0.0027 alpha_opt=0.1111 oracle_top9_TVD=0.8097
  [OK] MMD improved (delta=+0.000767)
  SNR (proxy): 4.34 (mean_norm=0.0117, std_norm=0.0027)

[Step 9] Training Model 9...
  lambda_dual: 0.9000
Training has not converged after 400 steps
  Weighting: frank_wolfe alpha = 0.1000
  [Step 9/9] train_MMD=0.0016 alpha_opt=0.1000 oracle_top10_TVD=0.8032
  [OK] MMD improved (delta=+0.001064)
  SNR (proxy): 4.70 (mean_norm=0.0068, std_norm=0.0014)

Final: 10 models, MMD=0.0020 (delta=+0.0510) F1=nan

[FCFW] Computing Fully Corrective Frank-Wolfe weights for final ensemble...
  Weighting: fully corrective QP weights = [0.0000, 0.0000, 0.1214, 0.1155, 0.0836, 0.1109, 0.1714, 0.1404, 0.1312, 0.1256]
  FCFW Sampled MMD^2: 0.000189
  FCFW Sampled TVD:   0.4857

FINAL MODEL COMPARISON (inc. FCFW)
Model      | MMD        | TVD        | TVD*       | Valid      | Cover      | F1        
----------------------------------------------------------------------------------------
Baseline   | 0.0530     | n/a        | n/a        | n/a        | n/a        | n/a       
Ensemble   | 0.0020     | 0.520      | 0.258      | n/a        | n/a        | n/a       
Model 0    | 0.0530     | 0.985      | 0.724      | n/a        | n/a        | n/a       
Model 1    | 0.0794     | 0.882      | 0.633      | n/a        | n/a        | n/a       
Model 2    | 0.1076     | 0.857      | 0.651      | n/a        | n/a        | n/a       
Model 3    | 0.0844     | 0.883      | 0.642      | n/a        | n/a        | n/a       
Model 4    | 0.1057     | 0.850      | 0.716      | n/a        | n/a        | n/a       
Model 5    | 0.1314     | 0.899      | 0.773      | n/a        | n/a        | n/a       
Model 6    | 0.1773     | 0.909      | 0.809      | n/a        | n/a        | n/a       
Model 7    | 0.3199     | 0.877      | 0.792      | n/a        | n/a        | n/a       
Model 8    | 0.2298     | 0.891      | 0.792      | n/a        | n/a        | n/a       
Model 9    | 0.1736     | 0.855      | 0.762      | n/a        | n/a        | n/a       
Ensemble (FCFW) | 0.0002     | 0.486      | 0.253      | n/a        | n/a        | n/a       
Saving results to out/hpo/hopfield_20q_p2_b15_20260605_111736/trials/trial_0053/results.csv...
Experiment: Boosting on Hopfield (20q, 2p)
Configuration:
  train_samples: 1000
  data_seed: 42
  n_samples: 400
  n_models: 10
  learning_rate: 0.005580167686449661
  epochs_per_step: 400
  caching_level: none
  ensemble_samples_coeff: 1.0
  init_baseline: covariance
  init_later: random
  lambda_dual: 1.0
  lambda_schedule: {'type': 'frank_wolfe', 'gamma': 1.0, 'tau': 1.0}
  n_ops: 2048
  weight_strategy: frank_wolfe
  alpha_n_grid: 11
  alpha_objective_weight: 0.5
  baseline: none
  shots: 1000
  final_eval_sampling: True
  dataset_metrics: True
  exact_metrics: {'enabled': True, 'max_qubits': 20, 'phases': {'baseline': True, 'steps': False, 'final': True, 'per_model': True, 'fcfw': True}}
  keep_models_for_diagnosis: True
  stop_on_reject: False
  save_circuit_artifacts: False
  rng_seed: 42
  circuit_config: {'topology': 'aachen_heavy_hex', 'distance': 2, 'max_weight': 2, 'n_ancilla': 0}
  turbo: 10
  dynamic_is_within_shell: shell_uniform
  exact_sampling: True
  acceptance_metric: training_mmd
  skip_sampling: True
  report_fcfw: True
  dynamic_is: True
  dynamic_is_beta: 0.02293846935748452
  sigma: [0.8803577476638936]
  require_exact_sampling: True
================================================================================
Saving config to out/hpo/hopfield_20q_p2_b15_20260605_111736/trials/trial_0054/config.json...
Gate structure: Qubits: 20
Aachen heavy-hex topology: 39 parameters
one_qubit=20, two_qubit=19
Using Gaussian Kernel (n_ops=2048, n_qubits=20):
  - sigma=0.88035775
Expected sampled operator size:
  - p=4.754091, std=1.903686
  mean: 4.754091
  std: 1.903686
Baselines enabled: 

Training ensemble Model 0 (400 epochs)...
Training has not converged after 400 steps
Model 0 final loss: 0.039753
  [Step 0/9] train_MMD=0.0415 alpha_opt=1.0000 oracle_top1_TVD=0.9606

[Step 1] Training Model 1...
  lambda_dual: 0.5000
Training has not converged after 400 steps
  Weighting: frank_wolfe alpha = 0.5000
  [Step 1/9] train_MMD=0.0164 alpha_opt=0.5000 oracle_top2_TVD=0.9212
  [OK] MMD improved (delta=+0.025099)
  SNR (proxy): 5.99 (mean_norm=0.0208, std_norm=0.0035)

[Step 2] Training Model 2...
  lambda_dual: 0.6667
Training has not converged after 400 steps
  Weighting: frank_wolfe alpha = 0.3333
  [Step 2/9] train_MMD=0.0229 alpha_opt=0.3333 oracle_top3_TVD=0.8817
  [WARNING] MMD worsened but kept (diagnostic, delta=-0.006550)
  SNR (proxy): 6.29 (mean_norm=0.0251, std_norm=0.0040)

[Step 3] Training Model 3...
  lambda_dual: 0.7500
Training has not converged after 400 steps
  Weighting: frank_wolfe alpha = 0.2500
  [Step 3/9] train_MMD=0.0106 alpha_opt=0.2500 oracle_top4_TVD=0.8423
  [OK] MMD improved (delta=+0.012377)
  SNR (proxy): 4.36 (mean_norm=0.0154, std_norm=0.0035)

[Step 4] Training Model 4...
  lambda_dual: 0.8000
Training has not converged after 400 steps
  Weighting: frank_wolfe alpha = 0.2000
  [Step 4/9] train_MMD=0.0111 alpha_opt=0.2000 oracle_top5_TVD=0.8358
  [WARNING] MMD worsened but kept (diagnostic, delta=-0.000573)
  SNR (proxy): 19.30 (mean_norm=0.0675, std_norm=0.0035)

[Step 5] Training Model 5...
  lambda_dual: 0.8333
Training has not converged after 400 steps
  Weighting: frank_wolfe alpha = 0.1667
  [Step 5/9] train_MMD=0.0055 alpha_opt=0.1667 oracle_top6_TVD=0.8293
  [OK] MMD improved (delta=+0.005659)
  SNR (proxy): 4.97 (mean_norm=0.0112, std_norm=0.0023)

[Step 6] Training Model 6...
  lambda_dual: 0.8571
Training has not converged after 400 steps
  Weighting: frank_wolfe alpha = 0.1429
  [Step 6/9] train_MMD=0.0065 alpha_opt=0.1429 oracle_top7_TVD=0.8228
  [WARNING] MMD worsened but kept (diagnostic, delta=-0.001023)
  SNR (proxy): 33.22 (mean_norm=0.0512, std_norm=0.0015)

[Step 7] Training Model 7...
  lambda_dual: 0.8750
Training has not converged after 400 steps
  Weighting: frank_wolfe alpha = 0.1250
  [Step 7/9] train_MMD=0.0016 alpha_opt=0.1250 oracle_top8_TVD=0.8163
  [OK] MMD improved (delta=+0.004875)
  SNR (proxy): 21.18 (mean_norm=0.0232, std_norm=0.0011)

[Step 8] Training Model 8...
  lambda_dual: 0.8889
Training has not converged after 400 steps
  Weighting: frank_wolfe alpha = 0.1111
  [Step 8/9] train_MMD=0.0008 alpha_opt=0.1111 oracle_top9_TVD=0.8097
  [OK] MMD improved (delta=+0.000843)
  SNR (proxy): 5.12 (mean_norm=0.0068, std_norm=0.0013)

[Step 9] Training Model 9...
  lambda_dual: 0.9000
Training has not converged after 400 steps
  Weighting: frank_wolfe alpha = 0.1000
  [Step 9/9] train_MMD=-0.0001 alpha_opt=0.1000 oracle_top10_TVD=0.8032
  [OK] MMD improved (delta=+0.000879)
  SNR (proxy): 12.10 (mean_norm=0.0080, std_norm=0.0007)

Final: 10 models, MMD=-0.0001 (delta=+0.0415) F1=nan

[FCFW] Computing Fully Corrective Frank-Wolfe weights for final ensemble...
  Weighting: fully corrective QP weights = [0.1126, 0.1354, 0.0675, 0.1243, 0.0929, 0.1311, 0.1002, 0.0965, 0.0475, 0.0921]
  FCFW Sampled MMD^2: -0.000029
  FCFW Sampled TVD:   0.4607

FINAL MODEL COMPARISON (inc. FCFW)
Model      | MMD        | TVD        | TVD*       | Valid      | Cover      | F1        
----------------------------------------------------------------------------------------
Baseline   | 0.0415     | n/a        | n/a        | n/a        | n/a        | n/a       
Ensemble   | -0.0001    | 0.470      | 0.229      | n/a        | n/a        | n/a       
Model 0    | 0.0403     | 0.982      | 0.700      | n/a        | n/a        | n/a       
Model 1    | 0.0664     | 0.856      | 0.726      | n/a        | n/a        | n/a       
Model 2    | 0.0647     | 0.903      | 0.740      | n/a        | n/a        | n/a       
Model 3    | 0.0994     | 0.828      | 0.753      | n/a        | n/a        | n/a       
Model 4    | 0.3726     | 0.894      | 0.796      | n/a        | n/a        | n/a       
Model 5    | 0.2375     | 0.884      | 0.761      | n/a        | n/a        | n/a       
Model 6    | 0.3164     | 0.892      | 0.817      | n/a        | n/a        | n/a       
Model 7    | 0.3925     | 0.906      | 0.855      | n/a        | n/a        | n/a       
Model 8    | 0.1349     | 0.869      | 0.713      | n/a        | n/a        | n/a       
Model 9    | 0.0788     | 0.883      | 0.709      | n/a        | n/a        | n/a       
Ensemble (FCFW) | -0.0000    | 0.461      | 0.239      | n/a        | n/a        | n/a       
Saving results to out/hpo/hopfield_20q_p2_b15_20260605_111736/trials/trial_0054/results.csv...
Experiment: Boosting on Hopfield (20q, 2p)
Configuration:
  train_samples: 1000
  data_seed: 42
  n_samples: 400
  n_models: 10
  learning_rate: 0.008406629144033824
  epochs_per_step: 400
  caching_level: none
  ensemble_samples_coeff: 1.0
  init_baseline: covariance
  init_later: random
  lambda_dual: 1.0
  lambda_schedule: {'type': 'frank_wolfe', 'gamma': 1.0, 'tau': 1.0}
  n_ops: 2048
  weight_strategy: frank_wolfe
  alpha_n_grid: 11
  alpha_objective_weight: 0.5
  baseline: none
  shots: 1000
  final_eval_sampling: True
  dataset_metrics: True
  exact_metrics: {'enabled': True, 'max_qubits': 20, 'phases': {'baseline': True, 'steps': False, 'final': True, 'per_model': True, 'fcfw': True}}
  keep_models_for_diagnosis: True
  stop_on_reject: False
  save_circuit_artifacts: False
  rng_seed: 42
  circuit_config: {'topology': 'aachen_heavy_hex', 'distance': 2, 'max_weight': 2, 'n_ancilla': 0}
  turbo: 10
  dynamic_is_within_shell: shell_uniform
  exact_sampling: True
  acceptance_metric: training_mmd
  skip_sampling: True
  report_fcfw: True
  dynamic_is: True
  dynamic_is_beta: 0.022834721032384927
  sigma: [1.1410266880494828]
  require_exact_sampling: True
================================================================================
Saving config to out/hpo/hopfield_20q_p2_b15_20260605_111736/trials/trial_0055/config.json...
Gate structure: Qubits: 20
Aachen heavy-hex topology: 39 parameters
one_qubit=20, two_qubit=19
Using Gaussian Kernel (n_ops=2048, n_qubits=20):
  - sigma=1.14102669
Expected sampled operator size:
  - p=3.188970, std=1.637221
  mean: 3.188970
  std: 1.637221
Baselines enabled: 

Training ensemble Model 0 (400 epochs)...
Training has not converged after 400 steps
Model 0 final loss: 0.072953
  [Step 0/9] train_MMD=0.0708 alpha_opt=1.0000 oracle_top1_TVD=0.9606

[Step 1] Training Model 1...
  lambda_dual: 0.5000
Training has not converged after 400 steps
  Weighting: frank_wolfe alpha = 0.5000
  [Step 1/9] train_MMD=0.0240 alpha_opt=0.5000 oracle_top2_TVD=0.9212
  [OK] MMD improved (delta=+0.046853)
  SNR (proxy): 4.97 (mean_norm=0.0215, std_norm=0.0043)

[Step 2] Training Model 2...
  lambda_dual: 0.6667
Training has not converged after 400 steps
  Weighting: frank_wolfe alpha = 0.3333
  [Step 2/9] train_MMD=0.0126 alpha_opt=0.3333 oracle_top3_TVD=0.8817
  [OK] MMD improved (delta=+0.011375)
  SNR (proxy): 4.78 (mean_norm=0.0143, std_norm=0.0030)

[Step 3] Training Model 3...
  lambda_dual: 0.7500
Training has not converged after 400 steps
  Weighting: frank_wolfe alpha = 0.2500
  [Step 3/9] train_MMD=0.0123 alpha_opt=0.2500 oracle_top4_TVD=0.8423
  [OK] MMD improved (delta=+0.000335)
  SNR (proxy): 6.10 (mean_norm=0.0228, std_norm=0.0037)

[Step 4] Training Model 4...
  lambda_dual: 0.8000
Training has not converged after 400 steps
  Weighting: frank_wolfe alpha = 0.2000
  [Step 4/9] train_MMD=0.0123 alpha_opt=0.2000 oracle_top5_TVD=0.8358
  [WARNING] MMD worsened but kept (diagnostic, delta=-0.000039)
  SNR (proxy): 13.87 (mean_norm=0.0273, std_norm=0.0020)

[Step 5] Training Model 5...
  lambda_dual: 0.8333
Training has not converged after 400 steps
  Weighting: frank_wolfe alpha = 0.1667
  [Step 5/9] train_MMD=0.0090 alpha_opt=0.1667 oracle_top6_TVD=0.8293
  [OK] MMD improved (delta=+0.003348)
  SNR (proxy): 5.32 (mean_norm=0.0206, std_norm=0.0039)

[Step 6] Training Model 6...
  lambda_dual: 0.8571
Training has not converged after 400 steps
  Weighting: frank_wolfe alpha = 0.1429
  [Step 6/9] train_MMD=0.0052 alpha_opt=0.1429 oracle_top7_TVD=0.8228
  [OK] MMD improved (delta=+0.003771)
  SNR (proxy): 59.99 (mean_norm=0.0328, std_norm=0.0005)

[Step 7] Training Model 7...
  lambda_dual: 0.8750
Training has not converged after 400 steps
  Weighting: frank_wolfe alpha = 0.1250
  [Step 7/9] train_MMD=0.0022 alpha_opt=0.1250 oracle_top8_TVD=0.8163
  [OK] MMD improved (delta=+0.002943)
  SNR (proxy): 8.98 (mean_norm=0.0128, std_norm=0.0014)

[Step 8] Training Model 8...
  lambda_dual: 0.8889
Training has not converged after 400 steps
  Weighting: frank_wolfe alpha = 0.1111
  [Step 8/9] train_MMD=0.0037 alpha_opt=0.1111 oracle_top9_TVD=0.8097
  [WARNING] MMD worsened but kept (diagnostic, delta=-0.001442)
  SNR (proxy): 19.08 (mean_norm=0.0252, std_norm=0.0013)

[Step 9] Training Model 9...
  lambda_dual: 0.9000
Training has not converged after 400 steps
  Weighting: frank_wolfe alpha = 0.1000
  [Step 9/9] train_MMD=0.0008 alpha_opt=0.1000 oracle_top10_TVD=0.8032
  [OK] MMD improved (delta=+0.002927)
  SNR (proxy): 7.02 (mean_norm=0.0085, std_norm=0.0012)

Final: 10 models, MMD=0.0009 (delta=+0.0699) F1=nan

[FCFW] Computing Fully Corrective Frank-Wolfe weights for final ensemble...
  Weighting: fully corrective QP weights = [0.0959, 0.1454, 0.1370, 0.0522, 0.0650, 0.0663, 0.1064, 0.1389, 0.0941, 0.0987]
  FCFW Sampled MMD^2: -0.000516
  FCFW Sampled TVD:   0.4915

FINAL MODEL COMPARISON (inc. FCFW)
Model      | MMD        | TVD        | TVD*       | Valid      | Cover      | F1        
----------------------------------------------------------------------------------------
Baseline   | 0.0708     | n/a        | n/a        | n/a        | n/a        | n/a       
Ensemble   | 0.0009     | 0.475      | 0.277      | n/a        | n/a        | n/a       
Model 0    | 0.0676     | 0.957      | 0.752      | n/a        | n/a        | n/a       
Model 1    | 0.1325     | 0.841      | 0.700      | n/a        | n/a        | n/a       
Model 2    | 0.1452     | 0.825      | 0.664      | n/a        | n/a        | n/a       
Model 3    | 0.1367     | 0.851      | 0.731      | n/a        | n/a        | n/a       
Model 4    | 0.2296     | 0.884      | 0.754      | n/a        | n/a        | n/a       
Model 5    | 0.2221     | 0.898      | 0.807      | n/a        | n/a        | n/a       
Model 6    | 0.5285     | 0.906      | 0.872      | n/a        | n/a        | n/a       
Model 7    | 0.2709     | 0.897      | 0.807      | n/a        | n/a        | n/a       
Model 8    | 0.3527     | 0.878      | 0.816      | n/a        | n/a        | n/a       
Model 9    | 0.3301     | 0.892      | 0.809      | n/a        | n/a        | n/a       
Ensemble (FCFW) | -0.0005    | 0.492      | 0.264      | n/a        | n/a        | n/a       
Saving results to out/hpo/hopfield_20q_p2_b15_20260605_111736/trials/trial_0055/results.csv...
Experiment: Boosting on Hopfield (20q, 2p)
Configuration:
  train_samples: 1000
  data_seed: 42
  n_samples: 400
  n_models: 10
  learning_rate: 0.005394447720487354
  epochs_per_step: 400
  caching_level: none
  ensemble_samples_coeff: 1.0
  init_baseline: covariance
  init_later: random
  lambda_dual: 1.0
  lambda_schedule: {'type': 'frank_wolfe', 'gamma': 0.5, 'tau': 1.0}
  n_ops: 2048
  weight_strategy: frank_wolfe
  alpha_n_grid: 11
  alpha_objective_weight: 0.5
  baseline: none
  shots: 1000
  final_eval_sampling: True
  dataset_metrics: True
  exact_metrics: {'enabled': True, 'max_qubits': 20, 'phases': {'baseline': True, 'steps': False, 'final': True, 'per_model': True, 'fcfw': True}}
  keep_models_for_diagnosis: True
  stop_on_reject: False
  save_circuit_artifacts: False
  rng_seed: 42
  circuit_config: {'topology': 'aachen_heavy_hex', 'distance': 2, 'max_weight': 2, 'n_ancilla': 0}
  turbo: 10
  dynamic_is_within_shell: shell_uniform
  exact_sampling: True
  acceptance_metric: training_mmd
  skip_sampling: True
  report_fcfw: True
  dynamic_is: True
  dynamic_is_beta: 0.0329091403099545
  sigma: [0.8556203346186093]
  require_exact_sampling: True
================================================================================
Saving config to out/hpo/hopfield_20q_p2_b15_20260605_111736/trials/trial_0056/config.json...
Gate structure: Qubits: 20
Aachen heavy-hex topology: 39 parameters
one_qubit=20, two_qubit=19
Using Gaussian Kernel (n_ops=2048, n_qubits=20):
  - sigma=0.85562033
Expected sampled operator size:
  - p=4.948903, std=1.929850
  mean: 4.948903
  std: 1.929850
Baselines enabled: 

Training ensemble Model 0 (400 epochs)...
Training has not converged after 400 steps
Model 0 final loss: 0.036378
  [Step 0/9] train_MMD=0.0380 alpha_opt=1.0000 oracle_top1_TVD=0.9606

[Step 1] Training Model 1...
  lambda_dual: 0.7500
Training has not converged after 400 steps
  Weighting: frank_wolfe alpha = 0.2500
  [Step 1/9] train_MMD=0.0162 alpha_opt=0.2500 oracle_top2_TVD=0.9212
  [OK] MMD improved (delta=+0.021839)
  SNR (proxy): 3.50 (mean_norm=0.0171, std_norm=0.0049)

[Step 2] Training Model 2...
  lambda_dual: 0.8333
Training has not converged after 400 steps
  Weighting: frank_wolfe alpha = 0.1667
  [Step 2/9] train_MMD=0.0135 alpha_opt=0.1667 oracle_top3_TVD=0.8817
  [OK] MMD improved (delta=+0.002704)
  SNR (proxy): 20.84 (mean_norm=0.0596, std_norm=0.0029)

[Step 3] Training Model 3...
  lambda_dual: 0.8750
Training has not converged after 400 steps
  Weighting: frank_wolfe alpha = 0.1250
  [Step 3/9] train_MMD=0.0107 alpha_opt=0.1250 oracle_top4_TVD=0.8423
  [OK] MMD improved (delta=+0.002765)
  SNR (proxy): 3.80 (mean_norm=0.0136, std_norm=0.0036)

[Step 4] Training Model 4...
  lambda_dual: 0.9000
Training has not converged after 400 steps
  Weighting: frank_wolfe alpha = 0.1000
  [Step 4/9] train_MMD=0.0060 alpha_opt=0.1000 oracle_top5_TVD=0.8358
  [OK] MMD improved (delta=+0.004748)
  SNR (proxy): 3.45 (mean_norm=0.0149, std_norm=0.0043)

[Step 5] Training Model 5...
  lambda_dual: 0.9167
Training has not converged after 400 steps
  Weighting: frank_wolfe alpha = 0.0833
  [Step 5/9] train_MMD=0.0015 alpha_opt=0.0833 oracle_top6_TVD=0.8293
  [OK] MMD improved (delta=+0.004455)
  SNR (proxy): 9.17 (mean_norm=0.0067, std_norm=0.0007)

[Step 6] Training Model 6...
  lambda_dual: 0.9286
Training has not converged after 400 steps
  Weighting: frank_wolfe alpha = 0.0714
  [Step 6/9] train_MMD=0.0012 alpha_opt=0.0714 oracle_top7_TVD=0.8228
  [OK] MMD improved (delta=+0.000363)
  SNR (proxy): 6.73 (mean_norm=0.0033, std_norm=0.0005)

[Step 7] Training Model 7...
  lambda_dual: 0.9375
Training has not converged after 400 steps
  Weighting: frank_wolfe alpha = 0.0625
  [Step 7/9] train_MMD=0.0016 alpha_opt=0.0625 oracle_top8_TVD=0.8163
  [WARNING] MMD worsened but kept (diagnostic, delta=-0.000452)
  SNR (proxy): 4.72 (mean_norm=0.0051, std_norm=0.0011)

[Step 8] Training Model 8...
  lambda_dual: 0.9444
Training has not converged after 400 steps
  Weighting: frank_wolfe alpha = 0.0556
  [Step 8/9] train_MMD=0.0010 alpha_opt=0.0556 oracle_top9_TVD=0.8097
  [OK] MMD improved (delta=+0.000658)
  SNR (proxy): 4.43 (mean_norm=0.0076, std_norm=0.0017)

[Step 9] Training Model 9...
  lambda_dual: 0.9500
Training has not converged after 400 steps
  Weighting: frank_wolfe alpha = 0.0500
  [Step 9/9] train_MMD=0.0010 alpha_opt=0.0500 oracle_top10_TVD=0.8032
  [WARNING] MMD worsened but kept (diagnostic, delta=-0.000002)
  SNR (proxy): 8.70 (mean_norm=0.0073, std_norm=0.0008)

Final: 10 models, MMD=0.0012 (delta=+0.0368) F1=nan

[FCFW] Computing Fully Corrective Frank-Wolfe weights for final ensemble...
  Weighting: fully corrective QP weights = [0.2789, 0.0842, 0.0715, 0.0942, 0.0346, 0.0944, 0.0718, 0.0612, 0.1395, 0.0697]
  FCFW Sampled MMD^2: 0.000198
  FCFW Sampled TVD:   0.5111

FINAL MODEL COMPARISON (inc. FCFW)
Model      | MMD        | TVD        | TVD*       | Valid      | Cover      | F1        
----------------------------------------------------------------------------------------
Baseline   | 0.0380     | n/a        | n/a        | n/a        | n/a        | n/a       
Ensemble   | 0.0012     | 0.515      | 0.318      | n/a        | n/a        | n/a       
Model 0    | 0.0363     | 0.899      | 0.700      | n/a        | n/a        | n/a       
Model 1    | 0.1083     | 0.825      | 0.764      | n/a        | n/a        | n/a       
Model 2    | 0.3854     | 0.898      | 0.851      | n/a        | n/a        | n/a       
Model 3    | 0.1533     | 0.903      | 0.761      | n/a        | n/a        | n/a       
Model 4    | 0.4562     | 0.923      | 0.883      | n/a        | n/a        | n/a       
Model 5    | 0.6264     | 0.924      | 0.896      | n/a        | n/a        | n/a       
Model 6    | 0.1000     | 0.924      | 0.882      | n/a        | n/a        | n/a       
Model 7    | 0.0997     | 0.913      | 0.778      | n/a        | n/a        | n/a       
Model 8    | 0.2233     | 0.888      | 0.799      | n/a        | n/a        | n/a       
Model 9    | 0.1850     | 0.907      | 0.833      | n/a        | n/a        | n/a       
Ensemble (FCFW) | 0.0002     | 0.511      | 0.299      | n/a        | n/a        | n/a       
Saving results to out/hpo/hopfield_20q_p2_b15_20260605_111736/trials/trial_0056/results.csv...
Experiment: Boosting on Hopfield (20q, 2p)
Configuration:
  train_samples: 1000
  data_seed: 42
  n_samples: 400
  n_models: 10
  learning_rate: 0.005942251560263321
  epochs_per_step: 400
  caching_level: none
  ensemble_samples_coeff: 1.0
  init_baseline: covariance
  init_later: random
  lambda_dual: 1.0
  lambda_schedule: {'type': 'frank_wolfe', 'gamma': 0.25, 'tau': 1.0}
  n_ops: 2048
  weight_strategy: frank_wolfe
  alpha_n_grid: 11
  alpha_objective_weight: 0.5
  baseline: none
  shots: 1000
  final_eval_sampling: True
  dataset_metrics: True
  exact_metrics: {'enabled': True, 'max_qubits': 20, 'phases': {'baseline': True, 'steps': False, 'final': True, 'per_model': True, 'fcfw': True}}
  keep_models_for_diagnosis: True
  stop_on_reject: False
  save_circuit_artifacts: False
  rng_seed: 42
  circuit_config: {'topology': 'aachen_heavy_hex', 'distance': 2, 'max_weight': 2, 'n_ancilla': 0}
  turbo: 10
  dynamic_is_within_shell: shell_uniform
  exact_sampling: True
  acceptance_metric: training_mmd
  skip_sampling: True
  report_fcfw: True
  dynamic_is: True
  dynamic_is_beta: 0.041226571223908715
  sigma: [1.0736080569588586]
  require_exact_sampling: True
================================================================================
Saving config to out/hpo/hopfield_20q_p2_b15_20260605_111736/trials/trial_0057/config.json...
Gate structure: Qubits: 20
Aachen heavy-hex topology: 39 parameters
one_qubit=20, two_qubit=19
Using Gaussian Kernel (n_ops=2048, n_qubits=20):
  - sigma=1.07360806
Expected sampled operator size:
  - p=3.519510, std=1.702986
  mean: 3.519510
  std: 1.702986
Baselines enabled: 

Training ensemble Model 0 (400 epochs)...
Training has not converged after 400 steps
Model 0 final loss: 0.062254
  [Step 0/9] train_MMD=0.0673 alpha_opt=1.0000 oracle_top1_TVD=0.9606

[Step 1] Training Model 1...
  lambda_dual: 0.8750
Training has not converged after 400 steps
  Weighting: frank_wolfe alpha = 0.1250
  [Step 1/9] train_MMD=0.0370 alpha_opt=0.1250 oracle_top2_TVD=0.9212
  [OK] MMD improved (delta=+0.030327)
  SNR (proxy): 4.36 (mean_norm=0.0139, std_norm=0.0032)

[Step 2] Training Model 2...
  lambda_dual: 0.9167
Training has not converged after 400 steps
  Weighting: frank_wolfe alpha = 0.0833
  [Step 2/9] train_MMD=0.0243 alpha_opt=0.0833 oracle_top3_TVD=0.8817
  [OK] MMD improved (delta=+0.012648)
  SNR (proxy): 71.87 (mean_norm=0.0000, std_norm=0.0000)

[Step 3] Training Model 3...
  lambda_dual: 0.9375
Training has not converged after 400 steps
  Weighting: frank_wolfe alpha = 0.0625
  [Step 3/9] train_MMD=0.0184 alpha_opt=0.0625 oracle_top4_TVD=0.8423
  [OK] MMD improved (delta=+0.005889)
  SNR (proxy): 70.76 (mean_norm=0.0166, std_norm=0.0002)

[Step 4] Training Model 4...
  lambda_dual: 0.9500
Training has not converged after 400 steps
  Weighting: frank_wolfe alpha = 0.0500
  [Step 4/9] train_MMD=0.0162 alpha_opt=0.0500 oracle_top5_TVD=0.8358
  [OK] MMD improved (delta=+0.002191)
  SNR (proxy): 22.93 (mean_norm=0.0131, std_norm=0.0006)

[Step 5] Training Model 5...
  lambda_dual: 0.9583
Training has not converged after 400 steps
  Weighting: frank_wolfe alpha = 0.0417
  [Step 5/9] train_MMD=0.0146 alpha_opt=0.0417 oracle_top6_TVD=0.8293
  [OK] MMD improved (delta=+0.001649)
  SNR (proxy): 9.31 (mean_norm=0.0044, std_norm=0.0005)

[Step 6] Training Model 6...
  lambda_dual: 0.9643
Training has not converged after 400 steps
  Weighting: frank_wolfe alpha = 0.0357
  [Step 6/9] train_MMD=0.0144 alpha_opt=0.0357 oracle_top7_TVD=0.8228
  [OK] MMD improved (delta=+0.000182)
  SNR (proxy): 10.70 (mean_norm=0.0039, std_norm=0.0004)

[Step 7] Training Model 7...
  lambda_dual: 0.9688
Training has not converged after 400 steps
  Weighting: frank_wolfe alpha = 0.0312
  [Step 7/9] train_MMD=0.0105 alpha_opt=0.0312 oracle_top8_TVD=0.8163
  [OK] MMD improved (delta=+0.003846)
  SNR (proxy): 9.84 (mean_norm=0.0000, std_norm=0.0000)

[Step 8] Training Model 8...
  lambda_dual: 0.9722
Training has not converged after 400 steps
  Weighting: frank_wolfe alpha = 0.0278
  [Step 8/9] train_MMD=0.0115 alpha_opt=0.0278 oracle_top9_TVD=0.8097
  [WARNING] MMD worsened but kept (diagnostic, delta=-0.000953)
  SNR (proxy): 20.11 (mean_norm=0.0092, std_norm=0.0005)

[Step 9] Training Model 9...
  lambda_dual: 0.9750
Training has not converged after 400 steps
  Weighting: frank_wolfe alpha = 0.0250
  [Step 9/9] train_MMD=0.0114 alpha_opt=0.0250 oracle_top10_TVD=0.8032
  [OK] MMD improved (delta=+0.000054)
  SNR (proxy): 32.10 (mean_norm=0.0077, std_norm=0.0002)

Final: 10 models, MMD=0.0093 (delta=+0.0580) F1=nan

[FCFW] Computing Fully Corrective Frank-Wolfe weights for final ensemble...
  Weighting: fully corrective QP weights = [0.5433, 0.0000, 0.0567, 0.0609, 0.0456, 0.0289, 0.0000, 0.0703, 0.1097, 0.0846]
  FCFW Sampled MMD^2: 0.007627
  FCFW Sampled TVD:   0.6393

FINAL MODEL COMPARISON (inc. FCFW)
Model      | MMD        | TVD        | TVD*       | Valid      | Cover      | F1        
----------------------------------------------------------------------------------------
Baseline   | 0.0673     | n/a        | n/a        | n/a        | n/a        | n/a       
Ensemble   | 0.0093     | 0.644      | 0.508      | n/a        | n/a        | n/a       
Model 0    | 0.0630     | 0.882      | 0.730      | n/a        | n/a        | n/a       
Model 1    | 0.2814     | 0.896      | 0.833      | n/a        | n/a        | n/a       
Model 2    | 0.8124     | 0.961      | 0.961      | n/a        | n/a        | n/a       
Model 3    | 0.6783     | 0.939      | 0.932      | n/a        | n/a        | n/a       
Model 4    | 0.3674     | 0.920      | 0.869      | n/a        | n/a        | n/a       
Model 5    | 0.1966     | 0.967      | 0.901      | n/a        | n/a        | n/a       
Model 6    | 0.1444     | 0.936      | 0.783      | n/a        | n/a        | n/a       
Model 7    | 0.8166     | 0.961      | 0.961      | n/a        | n/a        | n/a       
Model 8    | 0.2006     | 0.917      | 0.764      | n/a        | n/a        | n/a       
Model 9    | 0.1461     | 0.962      | 0.750      | n/a        | n/a        | n/a       
Ensemble (FCFW) | 0.0076     | 0.639      | 0.484      | n/a        | n/a        | n/a       
Saving results to out/hpo/hopfield_20q_p2_b15_20260605_111736/trials/trial_0057/results.csv...
Experiment: Boosting on Hopfield (20q, 2p)
Configuration:
  train_samples: 1000
  data_seed: 42
  n_samples: 400
  n_models: 10
  learning_rate: 0.009366470174722592
  epochs_per_step: 400
  caching_level: none
  ensemble_samples_coeff: 1.0
  init_baseline: covariance
  init_later: random
  lambda_dual: 1.0
  lambda_schedule: {'type': 'frank_wolfe', 'gamma': 1.0, 'tau': 1.0}
  n_ops: 2048
  weight_strategy: frank_wolfe
  alpha_n_grid: 11
  alpha_objective_weight: 0.5
  baseline: none
  shots: 1000
  final_eval_sampling: True
  dataset_metrics: True
  exact_metrics: {'enabled': True, 'max_qubits': 20, 'phases': {'baseline': True, 'steps': False, 'final': True, 'per_model': True, 'fcfw': True}}
  keep_models_for_diagnosis: True
  stop_on_reject: False
  save_circuit_artifacts: False
  rng_seed: 42
  circuit_config: {'topology': 'aachen_heavy_hex', 'distance': 2, 'max_weight': 2, 'n_ancilla': 0}
  turbo: 10
  dynamic_is_within_shell: shell_uniform
  exact_sampling: True
  acceptance_metric: training_mmd
  skip_sampling: True
  report_fcfw: True
  dynamic_is: True
  dynamic_is_beta: 0.02186274473851454
  sigma: [0.8827152188158152]
  require_exact_sampling: True
================================================================================
Saving config to out/hpo/hopfield_20q_p2_b15_20260605_111736/trials/trial_0058/config.json...
Gate structure: Qubits: 20
Aachen heavy-hex topology: 39 parameters
one_qubit=20, two_qubit=19
Using Gaussian Kernel (n_ops=2048, n_qubits=20):
  - sigma=0.88271522
Expected sampled operator size:
  - p=4.736007, std=1.901189
  mean: 4.736007
  std: 1.901189
Baselines enabled: 

Training ensemble Model 0 (400 epochs)...
Training has not converged after 400 steps
Model 0 final loss: 0.040245
  [Step 0/9] train_MMD=0.0418 alpha_opt=1.0000 oracle_top1_TVD=0.9606

[Step 1] Training Model 1...
  lambda_dual: 0.5000
Training has not converged after 400 steps
  Weighting: frank_wolfe alpha = 0.5000
  [Step 1/9] train_MMD=0.0171 alpha_opt=0.5000 oracle_top2_TVD=0.9212
  [OK] MMD improved (delta=+0.024761)
  SNR (proxy): 5.41 (mean_norm=0.0208, std_norm=0.0038)

[Step 2] Training Model 2...
  lambda_dual: 0.6667
Training has not converged after 400 steps
  Weighting: frank_wolfe alpha = 0.3333
  [Step 2/9] train_MMD=0.0230 alpha_opt=0.3333 oracle_top3_TVD=0.8817
  [WARNING] MMD worsened but kept (diagnostic, delta=-0.005938)
  SNR (proxy): 9.16 (mean_norm=0.0196, std_norm=0.0021)

[Step 3] Training Model 3...
  lambda_dual: 0.7500
Training has not converged after 400 steps
  Weighting: frank_wolfe alpha = 0.2500
  [Step 3/9] train_MMD=0.0107 alpha_opt=0.2500 oracle_top4_TVD=0.8423
  [OK] MMD improved (delta=+0.012328)
  SNR (proxy): 4.56 (mean_norm=0.0152, std_norm=0.0033)

[Step 4] Training Model 4...
  lambda_dual: 0.8000
Training has not converged after 400 steps
  Weighting: frank_wolfe alpha = 0.2000
  [Step 4/9] train_MMD=0.0113 alpha_opt=0.2000 oracle_top5_TVD=0.8358
  [WARNING] MMD worsened but kept (diagnostic, delta=-0.000610)
  SNR (proxy): 20.74 (mean_norm=0.0643, std_norm=0.0031)

[Step 5] Training Model 5...
  lambda_dual: 0.8333
Training has not converged after 400 steps
  Weighting: frank_wolfe alpha = 0.1667
  [Step 5/9] train_MMD=0.0060 alpha_opt=0.1667 oracle_top6_TVD=0.8293
  [OK] MMD improved (delta=+0.005255)
  SNR (proxy): 5.04 (mean_norm=0.0093, std_norm=0.0018)

[Step 6] Training Model 6...
  lambda_dual: 0.8571
Training has not converged after 400 steps
  Weighting: frank_wolfe alpha = 0.1429
  [Step 6/9] train_MMD=0.0070 alpha_opt=0.1429 oracle_top7_TVD=0.8228
  [WARNING] MMD worsened but kept (diagnostic, delta=-0.000922)
  SNR (proxy): 31.57 (mean_norm=0.0515, std_norm=0.0016)

[Step 7] Training Model 7...
  lambda_dual: 0.8750
Training has not converged after 400 steps
  Weighting: frank_wolfe alpha = 0.1250
  [Step 7/9] train_MMD=0.0018 alpha_opt=0.1250 oracle_top8_TVD=0.8163
  [OK] MMD improved (delta=+0.005149)
  SNR (proxy): 26.06 (mean_norm=0.0271, std_norm=0.0010)

[Step 8] Training Model 8...
  lambda_dual: 0.8889
Training has not converged after 400 steps
  Weighting: frank_wolfe alpha = 0.1111
  [Step 8/9] train_MMD=0.0009 alpha_opt=0.1111 oracle_top9_TVD=0.8097
  [OK] MMD improved (delta=+0.000874)
  SNR (proxy): 4.74 (mean_norm=0.0082, std_norm=0.0017)

[Step 9] Training Model 9...
  lambda_dual: 0.9000
Training has not converged after 400 steps
  Weighting: frank_wolfe alpha = 0.1000
  [Step 9/9] train_MMD=-0.0000 alpha_opt=0.1000 oracle_top10_TVD=0.8032
  [OK] MMD improved (delta=+0.000991)
  SNR (proxy): 12.57 (mean_norm=0.0073, std_norm=0.0006)

Final: 10 models, MMD=0.0000 (delta=+0.0418) F1=nan

[FCFW] Computing Fully Corrective Frank-Wolfe weights for final ensemble...
  Weighting: fully corrective QP weights = [0.1120, 0.1357, 0.0736, 0.1300, 0.0928, 0.1416, 0.0954, 0.0952, 0.0343, 0.0894]
  FCFW Sampled MMD^2: -0.000452
  FCFW Sampled TVD:   0.4663

FINAL MODEL COMPARISON (inc. FCFW)
Model      | MMD        | TVD        | TVD*       | Valid      | Cover      | F1        
----------------------------------------------------------------------------------------
Baseline   | 0.0418     | n/a        | n/a        | n/a        | n/a        | n/a       
Ensemble   | 0.0000     | 0.462      | 0.236      | n/a        | n/a        | n/a       
Model 0    | 0.0403     | 0.977      | 0.708      | n/a        | n/a        | n/a       
Model 1    | 0.0732     | 0.872      | 0.706      | n/a        | n/a        | n/a       
Model 2    | 0.0608     | 0.906      | 0.763      | n/a        | n/a        | n/a       
Model 3    | 0.0962     | 0.825      | 0.753      | n/a        | n/a        | n/a       
Model 4    | 0.3800     | 0.889      | 0.794      | n/a        | n/a        | n/a       
Model 5    | 0.2066     | 0.893      | 0.753      | n/a        | n/a        | n/a       
Model 6    | 0.3626     | 0.892      | 0.834      | n/a        | n/a        | n/a       
Model 7    | 0.4361     | 0.909      | 0.862      | n/a        | n/a        | n/a       
Model 8    | 0.1605     | 0.866      | 0.724      | n/a        | n/a        | n/a       
Model 9    | 0.0799     | 0.890      | 0.702      | n/a        | n/a        | n/a       
Ensemble (FCFW) | -0.0005    | 0.466      | 0.246      | n/a        | n/a        | n/a       
Saving results to out/hpo/hopfield_20q_p2_b15_20260605_111736/trials/trial_0058/results.csv...
Experiment: Boosting on Hopfield (20q, 2p)
Configuration:
  train_samples: 1000
  data_seed: 42
  n_samples: 400
  n_models: 10
  learning_rate: 0.012803500081131186
  epochs_per_step: 400
  caching_level: none
  ensemble_samples_coeff: 1.0
  init_baseline: covariance
  init_later: random
  lambda_dual: 1.0
  lambda_schedule: {'type': 'frank_wolfe', 'gamma': 1.0, 'tau': 1.0}
  n_ops: 2048
  weight_strategy: frank_wolfe
  alpha_n_grid: 11
  alpha_objective_weight: 0.5
  baseline: none
  shots: 1000
  final_eval_sampling: True
  dataset_metrics: True
  exact_metrics: {'enabled': True, 'max_qubits': 20, 'phases': {'baseline': True, 'steps': False, 'final': True, 'per_model': True, 'fcfw': True}}
  keep_models_for_diagnosis: True
  stop_on_reject: False
  save_circuit_artifacts: False
  rng_seed: 42
  circuit_config: {'topology': 'aachen_heavy_hex', 'distance': 2, 'max_weight': 2, 'n_ancilla': 0}
  turbo: 10
  dynamic_is_within_shell: shell_uniform
  exact_sampling: True
  acceptance_metric: training_mmd
  skip_sampling: True
  report_fcfw: True
  dynamic_is: True
  dynamic_is_beta: 0.026300297033651106
  sigma: [0.9422026081441623]
  require_exact_sampling: True
================================================================================
Saving config to out/hpo/hopfield_20q_p2_b15_20260605_111736/trials/trial_0059/config.json...
Gate structure: Qubits: 20
Aachen heavy-hex topology: 39 parameters
one_qubit=20, two_qubit=19
Using Gaussian Kernel (n_ops=2048, n_qubits=20):
  - sigma=0.94220261
Expected sampled operator size:
  - p=4.306297, std=1.838229
  mean: 4.306297
  std: 1.838229
Baselines enabled: 

Training ensemble Model 0 (400 epochs)...
Training has not converged after 400 steps
Model 0 final loss: 0.046012
  [Step 0/9] train_MMD=0.0475 alpha_opt=1.0000 oracle_top1_TVD=0.9606

[Step 1] Training Model 1...
  lambda_dual: 0.5000
Training has not converged after 400 steps
  Weighting: frank_wolfe alpha = 0.5000
  [Step 1/9] train_MMD=0.0171 alpha_opt=0.5000 oracle_top2_TVD=0.9212
  [OK] MMD improved (delta=+0.030392)
  SNR (proxy): 5.13 (mean_norm=0.0205, std_norm=0.0040)

[Step 2] Training Model 2...
  lambda_dual: 0.6667
Training has not converged after 400 steps
  Weighting: frank_wolfe alpha = 0.3333
  [Step 2/9] train_MMD=0.0260 alpha_opt=0.3333 oracle_top3_TVD=0.8817
  [WARNING] MMD worsened but kept (diagnostic, delta=-0.008840)
  SNR (proxy): 11.52 (mean_norm=0.0215, std_norm=0.0019)

[Step 3] Training Model 3...
  lambda_dual: 0.7500
Training has not converged after 400 steps
  Weighting: frank_wolfe alpha = 0.2500
  [Step 3/9] train_MMD=0.0109 alpha_opt=0.2500 oracle_top4_TVD=0.8423
  [OK] MMD improved (delta=+0.015055)
  SNR (proxy): 4.48 (mean_norm=0.0149, std_norm=0.0033)

[Step 4] Training Model 4...
  lambda_dual: 0.8000
Training has not converged after 400 steps
  Weighting: frank_wolfe alpha = 0.2000
  [Step 4/9] train_MMD=0.0123 alpha_opt=0.2000 oracle_top5_TVD=0.8358
  [WARNING] MMD worsened but kept (diagnostic, delta=-0.001424)
  SNR (proxy): 31.39 (mean_norm=0.0604, std_norm=0.0019)

[Step 5] Training Model 5...
  lambda_dual: 0.8333
Training has not converged after 400 steps
  Weighting: frank_wolfe alpha = 0.1667
  [Step 5/9] train_MMD=0.0057 alpha_opt=0.1667 oracle_top6_TVD=0.8293
  [OK] MMD improved (delta=+0.006610)
  SNR (proxy): 6.48 (mean_norm=0.0142, std_norm=0.0022)

[Step 6] Training Model 6...
  lambda_dual: 0.8571
Training has not converged after 400 steps
  Weighting: frank_wolfe alpha = 0.1429
  [Step 6/9] train_MMD=0.0072 alpha_opt=0.1429 oracle_top7_TVD=0.8228
  [WARNING] MMD worsened but kept (diagnostic, delta=-0.001437)
  SNR (proxy): 25.88 (mean_norm=0.0461, std_norm=0.0018)

[Step 7] Training Model 7...
  lambda_dual: 0.8750
Training has not converged after 400 steps
  Weighting: frank_wolfe alpha = 0.1250
  [Step 7/9] train_MMD=0.0016 alpha_opt=0.1250 oracle_top8_TVD=0.8163
  [OK] MMD improved (delta=+0.005551)
  SNR (proxy): 12.67 (mean_norm=0.0227, std_norm=0.0018)

[Step 8] Training Model 8...
  lambda_dual: 0.8889
Training has not converged after 400 steps
  Weighting: frank_wolfe alpha = 0.1111
  [Step 8/9] train_MMD=0.0010 alpha_opt=0.1111 oracle_top9_TVD=0.8097
  [OK] MMD improved (delta=+0.000663)
  SNR (proxy): 8.63 (mean_norm=0.0096, std_norm=0.0011)

[Step 9] Training Model 9...
  lambda_dual: 0.9000
Training has not converged after 400 steps
  Weighting: frank_wolfe alpha = 0.1000
  [Step 9/9] train_MMD=0.0000 alpha_opt=0.1000 oracle_top10_TVD=0.8032
  [OK] MMD improved (delta=+0.000944)
  SNR (proxy): 12.56 (mean_norm=0.0090, std_norm=0.0007)

Final: 10 models, MMD=-0.0001 (delta=+0.0476) F1=nan

[FCFW] Computing Fully Corrective Frank-Wolfe weights for final ensemble...
  Weighting: fully corrective QP weights = [0.1094, 0.1483, 0.0660, 0.1189, 0.0915, 0.1250, 0.0948, 0.0994, 0.0580, 0.0886]
  FCFW Sampled MMD^2: 0.000080
  FCFW Sampled TVD:   0.4705

FINAL MODEL COMPARISON (inc. FCFW)
Model      | MMD        | TVD        | TVD*       | Valid      | Cover      | F1        
----------------------------------------------------------------------------------------
Baseline   | 0.0475     | n/a        | n/a        | n/a        | n/a        | n/a       
Ensemble   | -0.0001    | 0.466      | 0.240      | n/a        | n/a        | n/a       
Model 0    | 0.0469     | 0.966      | 0.709      | n/a        | n/a        | n/a       
Model 1    | 0.0848     | 0.857      | 0.702      | n/a        | n/a        | n/a       
Model 2    | 0.0737     | 0.908      | 0.744      | n/a        | n/a        | n/a       
Model 3    | 0.1247     | 0.843      | 0.750      | n/a        | n/a        | n/a       
Model 4    | 0.4149     | 0.890      | 0.807      | n/a        | n/a        | n/a       
Model 5    | 0.2566     | 0.884      | 0.787      | n/a        | n/a        | n/a       
Model 6    | 0.3811     | 0.894      | 0.822      | n/a        | n/a        | n/a       
Model 7    | 0.4242     | 0.917      | 0.865      | n/a        | n/a        | n/a       
Model 8    | 0.1440     | 0.872      | 0.706      | n/a        | n/a        | n/a       
Model 9    | 0.0938     | 0.884      | 0.695      | n/a        | n/a        | n/a       
Ensemble (FCFW) | 0.0001     | 0.470      | 0.249      | n/a        | n/a        | n/a       
Saving results to out/hpo/hopfield_20q_p2_b15_20260605_111736/trials/trial_0059/results.csv...
