Experiment: Boosting on Hopfield (20q, 2p)
Configuration:
  train_samples: 1000
  data_seed: 42
  n_samples: 400
  n_models: 10
  learning_rate: 0.005611516415334507
  epochs_per_step: 400
  caching_level: none
  ensemble_samples_coeff: 1.0
  init_baseline: covariance
  init_later: random
  lambda_dual: 1.0
  lambda_schedule: {'type': 'frank_wolfe', 'gamma': 1.0, 'tau': 1.0}
  n_ops: 1024
  weight_strategy: frank_wolfe
  alpha_n_grid: 11
  alpha_objective_weight: 0.5
  baseline: none
  shots: 1000
  final_eval_sampling: True
  dataset_metrics: True
  exact_metrics: {'enabled': True, 'max_qubits': 20, 'phases': {'baseline': True, 'steps': False, 'final': True, 'per_model': True, 'fcfw': True}}
  keep_models_for_diagnosis: True
  stop_on_reject: False
  save_circuit_artifacts: False
  rng_seed: 42
  circuit_config: {'topology': 'aachen_heavy_hex', 'distance': 2, 'max_weight': 2, 'n_ancilla': 0}
  turbo: 10
  dynamic_is_within_shell: shell_uniform
  exact_sampling: True
  acceptance_metric: training_mmd
  skip_sampling: True
  report_fcfw: True
  dynamic_is: False
  dynamic_is_beta: 0.060099747183803134
  sigma: [1.4152450092509703]
  require_exact_sampling: True
================================================================================
Saving config to out/hpo/hopfield_20q_p2_b20_20260605_193022/trials/trial_0000/config.json...
Gate structure: Qubits: 20
Aachen heavy-hex topology: 39 parameters
one_qubit=20, two_qubit=19
Using Gaussian Kernel (n_ops=1024, n_qubits=20):
  - sigma=1.41524501
Expected sampled operator size:
  - p=2.209155, std=1.401833
  mean: 2.209155
  std: 1.401833
Baselines enabled: 

Training ensemble Model 0 (400 epochs)...
Training has not converged after 400 steps
Model 0 final loss: 0.118736
  [Step 0/9] train_MMD=0.1298 alpha_opt=1.0000 oracle_top1_TVD=0.9034

[Step 1] Training Model 1...
  lambda_dual: 0.5000
Training has not converged after 400 steps
  Weighting: frank_wolfe alpha = 0.5000
  [Step 1/9] train_MMD=0.0589 alpha_opt=0.5000 oracle_top2_TVD=0.8067
  [OK] MMD improved (delta=+0.070851)
  SNR (proxy): 2.66 (mean_norm=0.0214, std_norm=0.0080)

[Step 2] Training Model 2...
  lambda_dual: 0.6667
Training has not converged after 400 steps
  Weighting: frank_wolfe alpha = 0.3333
  [Step 2/9] train_MMD=0.0337 alpha_opt=0.3333 oracle_top3_TVD=0.7101
  [OK] MMD improved (delta=+0.025195)
  SNR (proxy): 3.64 (mean_norm=0.0178, std_norm=0.0049)

[Step 3] Training Model 3...
  lambda_dual: 0.7500
Training has not converged after 400 steps
  Weighting: frank_wolfe alpha = 0.2500
  [Step 3/9] train_MMD=0.0308 alpha_opt=0.2500 oracle_top4_TVD=0.6135
  [OK] MMD improved (delta=+0.002881)
  SNR (proxy): 4.99 (mean_norm=0.0196, std_norm=0.0039)

[Step 4] Training Model 4...
  lambda_dual: 0.8000
Training has not converged after 400 steps
  Weighting: frank_wolfe alpha = 0.2000
  [Step 4/9] train_MMD=0.0269 alpha_opt=0.2000 oracle_top5_TVD=0.6047
  [OK] MMD improved (delta=+0.003936)
  SNR (proxy): 2.87 (mean_norm=0.0179, std_norm=0.0062)

[Step 5] Training Model 5...
  lambda_dual: 0.8333
Training has not converged after 400 steps
  Weighting: frank_wolfe alpha = 0.1667
  [Step 5/9] train_MMD=0.0249 alpha_opt=0.1667 oracle_top6_TVD=0.5960
  [OK] MMD improved (delta=+0.001996)
  SNR (proxy): 8.00 (mean_norm=0.0243, std_norm=0.0030)

[Step 6] Training Model 6...
  lambda_dual: 0.8571
Training has not converged after 400 steps
  Weighting: frank_wolfe alpha = 0.1429
  [Step 6/9] train_MMD=0.0202 alpha_opt=0.1429 oracle_top7_TVD=0.5872
  [OK] MMD improved (delta=+0.004674)
  SNR (proxy): 8.35 (mean_norm=0.0241, std_norm=0.0029)

[Step 7] Training Model 7...
  lambda_dual: 0.8750
Training has not converged after 400 steps
  Weighting: frank_wolfe alpha = 0.1250
  [Step 7/9] train_MMD=0.0133 alpha_opt=0.1250 oracle_top8_TVD=0.5784
  [OK] MMD improved (delta=+0.006949)
  SNR (proxy): 12.53 (mean_norm=0.0145, std_norm=0.0012)

[Step 8] Training Model 8...
  lambda_dual: 0.8889
Training has not converged after 400 steps
  Weighting: frank_wolfe alpha = 0.1111
  [Step 8/9] train_MMD=0.0081 alpha_opt=0.1111 oracle_top9_TVD=0.5697
  [OK] MMD improved (delta=+0.005204)
  SNR (proxy): 17.41 (mean_norm=0.0092, std_norm=0.0005)

[Step 9] Training Model 9...
  lambda_dual: 0.9000
Training has not converged after 400 steps
  Weighting: frank_wolfe alpha = 0.1000
  [Step 9/9] train_MMD=0.0058 alpha_opt=0.1000 oracle_top10_TVD=0.5609
  [OK] MMD improved (delta=+0.002265)
  SNR (proxy): 11.48 (mean_norm=0.0100, std_norm=0.0009)

Final: 10 models, MMD=0.0057 (delta=+0.1241) F1=nan

[FCFW] Computing Fully Corrective Frank-Wolfe weights for final ensemble...
  Weighting: fully corrective QP weights = [0.0000, 0.1228, 0.0629, 0.0473, 0.0803, 0.0000, 0.2112, 0.1580, 0.1460, 0.1714]
  FCFW Sampled MMD^2: 0.000098
  FCFW Sampled TVD:   0.3408

FINAL MODEL COMPARISON (inc. FCFW)
Model      | MMD        | TVD        | TVD*       | Valid      | Cover      | F1        
----------------------------------------------------------------------------------------
Baseline   | 0.1298     | n/a        | n/a        | n/a        | n/a        | n/a       
Ensemble   | 0.0057     | 0.418      | 0.332      | n/a        | n/a        | n/a       
Model 0    | 0.1245     | 0.993      | 0.893      | n/a        | n/a        | n/a       
Model 1    | 0.2261     | 0.813      | 0.736      | n/a        | n/a        | n/a       
Model 2    | 0.2308     | 0.824      | 0.761      | n/a        | n/a        | n/a       
Model 3    | 0.2085     | 0.843      | 0.732      | n/a        | n/a        | n/a       
Model 4    | 0.2418     | 0.837      | 0.726      | n/a        | n/a        | n/a       
Model 5    | 0.2675     | 0.837      | 0.780      | n/a        | n/a        | n/a       
Model 6    | 0.4109     | 0.845      | 0.802      | n/a        | n/a        | n/a       
Model 7    | 0.5403     | 0.868      | 0.852      | n/a        | n/a        | n/a       
Model 8    | 0.6626     | 0.883      | 0.846      | n/a        | n/a        | n/a       
Model 9    | 0.5287     | 0.828      | 0.779      | n/a        | n/a        | n/a       
Ensemble (FCFW) | 0.0001     | 0.341      | 0.254      | n/a        | n/a        | n/a       
Saving results to out/hpo/hopfield_20q_p2_b20_20260605_193022/trials/trial_0000/results.csv...
Experiment: Boosting on Hopfield (20q, 2p)
Configuration:
  train_samples: 1000
  data_seed: 42
  n_samples: 400
  n_models: 10
  learning_rate: 0.002327067708383781
  epochs_per_step: 400
  caching_level: none
  ensemble_samples_coeff: 1.0
  init_baseline: covariance
  init_later: random
  lambda_dual: 1.0
  lambda_schedule: {'type': 'frank_wolfe', 'gamma': 0.5, 'tau': 1.0}
  n_ops: 2048
  weight_strategy: frank_wolfe
  alpha_n_grid: 11
  alpha_objective_weight: 0.5
  baseline: none
  shots: 1000
  final_eval_sampling: True
  dataset_metrics: True
  exact_metrics: {'enabled': True, 'max_qubits': 20, 'phases': {'baseline': True, 'steps': False, 'final': True, 'per_model': True, 'fcfw': True}}
  keep_models_for_diagnosis: True
  stop_on_reject: False
  save_circuit_artifacts: False
  rng_seed: 42
  circuit_config: {'topology': 'aachen_heavy_hex', 'distance': 2, 'max_weight': 2, 'n_ancilla': 0}
  turbo: 10
  dynamic_is_within_shell: shell_uniform
  exact_sampling: True
  acceptance_metric: training_mmd
  skip_sampling: True
  report_fcfw: True
  dynamic_is: True
  dynamic_is_beta: 0.03647316284911211
  sigma: [2.453128653193013, 1.1627726509434237, 0.6102602912911075]
  require_exact_sampling: True
================================================================================
Saving config to out/hpo/hopfield_20q_p2_b20_20260605_193022/trials/trial_0001/config.json...
Gate structure: Qubits: 20
Aachen heavy-hex topology: 39 parameters
one_qubit=20, two_qubit=19
Using Gaussian Kernel (n_ops=2048, n_qubits=20):
  - sigma=2.45312865
  - sigma=1.16277265
  - sigma=0.61026029
Expected sampled operator size:
  - p=0.797283, std=0.874928
  - p=3.091354, std=1.616642
  - p=7.388287, std=2.158460
  mean: 3.758975
  std: 3.184715
Baselines enabled: 

Training ensemble Model 0 (400 epochs)...
Training has not converged after 400 steps
Model 0 final loss: 0.083417
  [Step 0/9] train_MMD=0.0800 alpha_opt=1.0000 oracle_top1_TVD=0.9034

[Step 1] Training Model 1...
  lambda_dual: 0.7500
Training has not converged after 400 steps
  Weighting: frank_wolfe alpha = 0.2500
  [Step 1/9] train_MMD=0.0729 alpha_opt=0.2500 oracle_top2_TVD=0.8067
  [OK] MMD improved (delta=+0.007085)
  SNR (proxy): 42.88 (mean_norm=0.0811, std_norm=0.0019)

[Step 2] Training Model 2...
  lambda_dual: 0.8333
Training has not converged after 400 steps
  Weighting: frank_wolfe alpha = 0.1667
  [Step 2/9] train_MMD=0.0486 alpha_opt=0.1667 oracle_top3_TVD=0.7101
  [OK] MMD improved (delta=+0.024316)
  SNR (proxy): 31.42 (mean_norm=0.0214, std_norm=0.0007)

[Step 3] Training Model 3...
  lambda_dual: 0.8750
Training has not converged after 400 steps
  Weighting: frank_wolfe alpha = 0.1250
  [Step 3/9] train_MMD=0.0288 alpha_opt=0.1250 oracle_top4_TVD=0.6135
  [OK] MMD improved (delta=+0.019743)
  SNR (proxy): 20.29 (mean_norm=0.0107, std_norm=0.0005)

[Step 4] Training Model 4...
  lambda_dual: 0.9000
Training has not converged after 400 steps
  Weighting: frank_wolfe alpha = 0.1000
  [Step 4/9] train_MMD=0.0139 alpha_opt=0.1000 oracle_top5_TVD=0.6047
  [OK] MMD improved (delta=+0.014956)
  SNR (proxy): 51.34 (mean_norm=0.0096, std_norm=0.0002)

[Step 5] Training Model 5...
  lambda_dual: 0.9167
Training has not converged after 400 steps
  Weighting: frank_wolfe alpha = 0.0833
  [Step 5/9] train_MMD=0.0130 alpha_opt=0.0833 oracle_top6_TVD=0.5960
  [OK] MMD improved (delta=+0.000928)
  SNR (proxy): 6.29 (mean_norm=0.0045, std_norm=0.0007)

[Step 6] Training Model 6...
  lambda_dual: 0.9286
Training has not converged after 400 steps
  Weighting: frank_wolfe alpha = 0.0714
  [Step 6/9] train_MMD=0.0103 alpha_opt=0.0714 oracle_top7_TVD=0.5872
  [OK] MMD improved (delta=+0.002685)
  SNR (proxy): 19.44 (mean_norm=0.0072, std_norm=0.0004)

[Step 7] Training Model 7...
  lambda_dual: 0.9375
Training has not converged after 400 steps
  Weighting: frank_wolfe alpha = 0.0625
  [Step 7/9] train_MMD=0.0106 alpha_opt=0.0625 oracle_top8_TVD=0.5784
  [WARNING] MMD worsened but kept (diagnostic, delta=-0.000302)
  SNR (proxy): 14.23 (mean_norm=0.0109, std_norm=0.0008)

[Step 8] Training Model 8...
  lambda_dual: 0.9444
Training has not converged after 400 steps
  Weighting: frank_wolfe alpha = 0.0556
  [Step 8/9] train_MMD=0.0084 alpha_opt=0.0556 oracle_top9_TVD=0.5697
  [OK] MMD improved (delta=+0.002136)
  SNR (proxy): 21.23 (mean_norm=0.0131, std_norm=0.0006)

[Step 9] Training Model 9...
  lambda_dual: 0.9500
Training has not converged after 400 steps
  Weighting: frank_wolfe alpha = 0.0500
  [Step 9/9] train_MMD=0.0074 alpha_opt=0.0500 oracle_top10_TVD=0.5609
  [OK] MMD improved (delta=+0.001003)
  SNR (proxy): 25.32 (mean_norm=0.0141, std_norm=0.0006)

Final: 10 models, MMD=0.0060 (delta=+0.0740) F1=nan

[FCFW] Computing Fully Corrective Frank-Wolfe weights for final ensemble...
  Weighting: fully corrective QP weights = [0.0846, 0.1827, 0.0417, 0.0056, 0.0474, 0.0791, 0.2020, 0.1495, 0.1675, 0.0398]
  FCFW Sampled MMD^2: 0.000396
  FCFW Sampled TVD:   0.3268

FINAL MODEL COMPARISON (inc. FCFW)
Model      | MMD        | TVD        | TVD*       | Valid      | Cover      | F1        
----------------------------------------------------------------------------------------
Baseline   | 0.0800     | n/a        | n/a        | n/a        | n/a        | n/a       
Ensemble   | 0.0060     | 0.433      | 0.406      | n/a        | n/a        | n/a       
Model 0    | 0.0846     | 1.000      | 0.970      | n/a        | n/a        | n/a       
Model 1    | 0.4990     | 0.850      | 0.813      | n/a        | n/a        | n/a       
Model 2    | 0.5898     | 0.872      | 0.845      | n/a        | n/a        | n/a       
Model 3    | 0.5932     | 0.874      | 0.878      | n/a        | n/a        | n/a       
Model 4    | 0.6593     | 0.895      | 0.893      | n/a        | n/a        | n/a       
Model 5    | 0.3880     | 0.845      | 0.803      | n/a        | n/a        | n/a       
Model 6    | 0.2699     | 0.826      | 0.754      | n/a        | n/a        | n/a       
Model 7    | 0.2045     | 0.821      | 0.725      | n/a        | n/a        | n/a       
Model 8    | 0.3610     | 0.847      | 0.809      | n/a        | n/a        | n/a       
Model 9    | 0.5505     | 0.876      | 0.857      | n/a        | n/a        | n/a       
Ensemble (FCFW) | 0.0004     | 0.327      | 0.272      | n/a        | n/a        | n/a       
Saving results to out/hpo/hopfield_20q_p2_b20_20260605_193022/trials/trial_0001/results.csv...
Experiment: Boosting on Hopfield (20q, 2p)
Configuration:
  train_samples: 1000
  data_seed: 42
  n_samples: 400
  n_models: 10
  learning_rate: 0.0013492834268013251
  epochs_per_step: 400
  caching_level: none
  ensemble_samples_coeff: 1.0
  init_baseline: covariance
  init_later: random
  lambda_dual: 1.0
  lambda_schedule: {'type': 'frank_wolfe', 'gamma': 0.75, 'tau': 1.0}
  n_ops: 1024
  weight_strategy: frank_wolfe
  alpha_n_grid: 11
  alpha_objective_weight: 0.5
  baseline: none
  shots: 1000
  final_eval_sampling: True
  dataset_metrics: True
  exact_metrics: {'enabled': True, 'max_qubits': 20, 'phases': {'baseline': True, 'steps': False, 'final': True, 'per_model': True, 'fcfw': True}}
  keep_models_for_diagnosis: True
  stop_on_reject: False
  save_circuit_artifacts: False
  rng_seed: 42
  circuit_config: {'topology': 'aachen_heavy_hex', 'distance': 2, 'max_weight': 2, 'n_ancilla': 0}
  turbo: 10
  dynamic_is_within_shell: shell_uniform
  exact_sampling: True
  acceptance_metric: training_mmd
  skip_sampling: True
  report_fcfw: True
  dynamic_is: True
  dynamic_is_beta: 0.11265466963346032
  sigma: [1.0909802761316276]
  require_exact_sampling: True
================================================================================
Saving config to out/hpo/hopfield_20q_p2_b20_20260605_193022/trials/trial_0002/config.json...
Gate structure: Qubits: 20
Aachen heavy-hex topology: 39 parameters
one_qubit=20, two_qubit=19
Using Gaussian Kernel (n_ops=1024, n_qubits=20):
  - sigma=1.09098028
Expected sampled operator size:
  - p=3.430084, std=1.685767
  mean: 3.430084
  std: 1.685767
Baselines enabled: 

Training ensemble Model 0 (400 epochs)...
Training has not converged after 400 steps
Model 0 final loss: 0.106208
  [Step 0/9] train_MMD=0.1067 alpha_opt=1.0000 oracle_top1_TVD=0.9034

[Step 1] Training Model 1...
  lambda_dual: 0.6250
Training has not converged after 400 steps
  Weighting: frank_wolfe alpha = 0.3750
  [Step 1/9] train_MMD=0.0755 alpha_opt=0.3750 oracle_top2_TVD=0.8067
  [OK] MMD improved (delta=+0.031176)
  SNR (proxy): 9.96 (mean_norm=0.0462, std_norm=0.0046)

[Step 2] Training Model 2...
  lambda_dual: 0.7500
Training has not converged after 400 steps
  Weighting: frank_wolfe alpha = 0.2500
  [Step 2/9] train_MMD=0.0668 alpha_opt=0.2500 oracle_top3_TVD=0.7101
  [OK] MMD improved (delta=+0.008686)
  SNR (proxy): 10.25 (mean_norm=0.0633, std_norm=0.0062)

[Step 3] Training Model 3...
  lambda_dual: 0.8125
Training has not converged after 400 steps
  Weighting: frank_wolfe alpha = 0.1875
  [Step 3/9] train_MMD=0.0516 alpha_opt=0.1875 oracle_top4_TVD=0.6135
  [OK] MMD improved (delta=+0.015246)
  SNR (proxy): 5.76 (mean_norm=0.1224, std_norm=0.0213)

[Step 4] Training Model 4...
  lambda_dual: 0.8500
Training has not converged after 400 steps
  Weighting: frank_wolfe alpha = 0.1500
  [Step 4/9] train_MMD=0.0361 alpha_opt=0.1500 oracle_top5_TVD=0.6047
  [OK] MMD improved (delta=+0.015532)
  SNR (proxy): 13.48 (mean_norm=0.0564, std_norm=0.0042)

[Step 5] Training Model 5...
  lambda_dual: 0.8750
Training has not converged after 400 steps
  Weighting: frank_wolfe alpha = 0.1250
  [Step 5/9] train_MMD=0.0203 alpha_opt=0.1250 oracle_top6_TVD=0.5960
  [OK] MMD improved (delta=+0.015738)
  SNR (proxy): 15.64 (mean_norm=0.0552, std_norm=0.0035)

[Step 6] Training Model 6...
  lambda_dual: 0.8929
Training has not converged after 400 steps
  Weighting: frank_wolfe alpha = 0.1071
  [Step 6/9] train_MMD=0.0220 alpha_opt=0.1071 oracle_top7_TVD=0.5872
  [WARNING] MMD worsened but kept (diagnostic, delta=-0.001724)
  SNR (proxy): 12.57 (mean_norm=0.0513, std_norm=0.0041)

[Step 7] Training Model 7...
  lambda_dual: 0.9062
Training has not converged after 400 steps
  Weighting: frank_wolfe alpha = 0.0937
  [Step 7/9] train_MMD=0.0218 alpha_opt=0.0937 oracle_top8_TVD=0.5784
  [OK] MMD improved (delta=+0.000231)
  SNR (proxy): 14.97 (mean_norm=0.0361, std_norm=0.0024)

[Step 8] Training Model 8...
  lambda_dual: 0.9167
Training has not converged after 400 steps
  Weighting: frank_wolfe alpha = 0.0833
  [Step 8/9] train_MMD=0.0283 alpha_opt=0.0833 oracle_top9_TVD=0.5697
  [WARNING] MMD worsened but kept (diagnostic, delta=-0.006526)
  SNR (proxy): 11.48 (mean_norm=0.0130, std_norm=0.0011)

[Step 9] Training Model 9...
  lambda_dual: 0.9250
Training has not converged after 400 steps
  Weighting: frank_wolfe alpha = 0.0750
  [Step 9/9] train_MMD=0.0283 alpha_opt=0.0750 oracle_top10_TVD=0.5609
  [WARNING] MMD worsened but kept (diagnostic, delta=-0.000006)
  SNR (proxy): 18.50 (mean_norm=0.0683, std_norm=0.0037)

Final: 10 models, MMD=0.0242 (delta=+0.0825) F1=nan

[FCFW] Computing Fully Corrective Frank-Wolfe weights for final ensemble...
  Weighting: fully corrective QP weights = [0.0760, 0.0000, 0.1194, 0.1713, 0.2130, 0.1897, 0.0000, 0.0053, 0.0000, 0.2253]
  FCFW Sampled MMD^2: 0.009536
  FCFW Sampled TVD:   0.5371

FINAL MODEL COMPARISON (inc. FCFW)
Model      | MMD        | TVD        | TVD*       | Valid      | Cover      | F1        
----------------------------------------------------------------------------------------
Baseline   | 0.1067     | n/a        | n/a        | n/a        | n/a        | n/a       
Ensemble   | 0.0242     | 0.661      | 0.596      | n/a        | n/a        | n/a       
Model 0    | 0.1036     | 0.954      | 0.826      | n/a        | n/a        | n/a       
Model 1    | 0.1374     | 0.994      | 0.916      | n/a        | n/a        | n/a       
Model 2    | 0.4086     | 0.870      | 0.825      | n/a        | n/a        | n/a       
Model 3    | 0.4438     | 0.897      | 0.875      | n/a        | n/a        | n/a       
Model 4    | 0.5354     | 0.872      | 0.861      | n/a        | n/a        | n/a       
Model 5    | 0.5044     | 0.873      | 0.862      | n/a        | n/a        | n/a       
Model 6    | 0.1509     | 0.926      | 0.864      | n/a        | n/a        | n/a       
Model 7    | 0.3069     | 0.882      | 0.848      | n/a        | n/a        | n/a       
Model 8    | 0.1339     | 0.999      | 0.990      | n/a        | n/a        | n/a       
Model 9    | 0.1627     | 0.872      | 0.784      | n/a        | n/a        | n/a       
Ensemble (FCFW) | 0.0095     | 0.537      | 0.482      | n/a        | n/a        | n/a       
Saving results to out/hpo/hopfield_20q_p2_b20_20260605_193022/trials/trial_0002/results.csv...
Experiment: Boosting on Hopfield (20q, 2p)
Configuration:
  train_samples: 1000
  data_seed: 42
  n_samples: 400
  n_models: 10
  learning_rate: 0.010968217207529524
  epochs_per_step: 400
  caching_level: none
  ensemble_samples_coeff: 1.0
  init_baseline: covariance
  init_later: random
  lambda_dual: 1.0
  lambda_schedule: {'type': 'frank_wolfe', 'gamma': 0.5, 'tau': 1.0}
  n_ops: 512
  weight_strategy: frank_wolfe
  alpha_n_grid: 11
  alpha_objective_weight: 0.5
  baseline: none
  shots: 1000
  final_eval_sampling: True
  dataset_metrics: True
  exact_metrics: {'enabled': True, 'max_qubits': 20, 'phases': {'baseline': True, 'steps': False, 'final': True, 'per_model': True, 'fcfw': True}}
  keep_models_for_diagnosis: True
  stop_on_reject: False
  save_circuit_artifacts: False
  rng_seed: 42
  circuit_config: {'topology': 'aachen_heavy_hex', 'distance': 2, 'max_weight': 2, 'n_ancilla': 0}
  turbo: 10
  dynamic_is_within_shell: shell_uniform
  exact_sampling: True
  acceptance_metric: training_mmd
  skip_sampling: True
  report_fcfw: True
  dynamic_is: False
  dynamic_is_beta: 0.18258230439200238
  sigma: [1.4053344211184828, 0.9456040838047207, 0.4852384750495194]
  require_exact_sampling: True
================================================================================
Saving config to out/hpo/hopfield_20q_p2_b20_20260605_193022/trials/trial_0003/config.json...
Gate structure: Qubits: 20
Aachen heavy-hex topology: 39 parameters
one_qubit=20, two_qubit=19
Using Gaussian Kernel (n_ops=512, n_qubits=20):
  - sigma=1.40533442
  - sigma=0.94560408
  - sigma=0.48523848
Expected sampled operator size:
  - p=2.236634, std=1.409435
  - p=4.283221, std=1.834645
  - p=8.803920, std=2.220016
  mean: 5.107925
  std: 3.309870
Baselines enabled: 

Training ensemble Model 0 (400 epochs)...
Training has not converged after 400 steps
Model 0 final loss: 0.081133
  [Step 0/9] train_MMD=0.0838 alpha_opt=1.0000 oracle_top1_TVD=0.9034

[Step 1] Training Model 1...
  lambda_dual: 0.7500
Training has not converged after 400 steps
  Weighting: frank_wolfe alpha = 0.2500
  [Step 1/9] train_MMD=0.0460 alpha_opt=0.2500 oracle_top2_TVD=0.8067
  [OK] MMD improved (delta=+0.037841)
  SNR (proxy): 5.68 (mean_norm=0.0164, std_norm=0.0029)

[Step 2] Training Model 2...
  lambda_dual: 0.8333
Training has not converged after 400 steps
  Weighting: frank_wolfe alpha = 0.1667
  [Step 2/9] train_MMD=0.0297 alpha_opt=0.1667 oracle_top3_TVD=0.7101
  [OK] MMD improved (delta=+0.016283)
  SNR (proxy): 3.57 (mean_norm=0.0092, std_norm=0.0026)

[Step 3] Training Model 3...
  lambda_dual: 0.8750
Training has not converged after 400 steps
  Weighting: frank_wolfe alpha = 0.1250
  [Step 3/9] train_MMD=0.0204 alpha_opt=0.1250 oracle_top4_TVD=0.6135
  [OK] MMD improved (delta=+0.009276)
  SNR (proxy): 18.43 (mean_norm=0.0044, std_norm=0.0002)

[Step 4] Training Model 4...
  lambda_dual: 0.9000
Training has not converged after 400 steps
  Weighting: frank_wolfe alpha = 0.1000
  [Step 4/9] train_MMD=0.0181 alpha_opt=0.1000 oracle_top5_TVD=0.6047
  [OK] MMD improved (delta=+0.002377)
  SNR (proxy): 10.21 (mean_norm=0.0082, std_norm=0.0008)

[Step 5] Training Model 5...
  lambda_dual: 0.9167
Training has not converged after 400 steps
  Weighting: frank_wolfe alpha = 0.0833
  [Step 5/9] train_MMD=0.0172 alpha_opt=0.0833 oracle_top6_TVD=0.5960
  [OK] MMD improved (delta=+0.000840)
  SNR (proxy): 7.32 (mean_norm=0.0060, std_norm=0.0008)

[Step 6] Training Model 6...
  lambda_dual: 0.9286
Training has not converged after 400 steps
  Weighting: frank_wolfe alpha = 0.0714
  [Step 6/9] train_MMD=0.0072 alpha_opt=0.0714 oracle_top7_TVD=0.5872
  [OK] MMD improved (delta=+0.010058)
  SNR (proxy): 22.92 (mean_norm=0.0000, std_norm=0.0000)

[Step 7] Training Model 7...
  lambda_dual: 0.9375
Training has not converged after 400 steps
  Weighting: frank_wolfe alpha = 0.0625
  [Step 7/9] train_MMD=0.0081 alpha_opt=0.0625 oracle_top8_TVD=0.5784
  [WARNING] MMD worsened but kept (diagnostic, delta=-0.000892)
  SNR (proxy): 9.61 (mean_norm=0.0091, std_norm=0.0010)

[Step 8] Training Model 8...
  lambda_dual: 0.9444
Training has not converged after 400 steps
  Weighting: frank_wolfe alpha = 0.0556
  [Step 8/9] train_MMD=0.0058 alpha_opt=0.0556 oracle_top9_TVD=0.5697
  [OK] MMD improved (delta=+0.002217)
  SNR (proxy): 7.75 (mean_norm=0.0072, std_norm=0.0009)

[Step 9] Training Model 9...
  lambda_dual: 0.9500
Training has not converged after 400 steps
  Weighting: frank_wolfe alpha = 0.0500
  [Step 9/9] train_MMD=0.0061 alpha_opt=0.0500 oracle_top10_TVD=0.5609
  [WARNING] MMD worsened but kept (diagnostic, delta=-0.000264)
  SNR (proxy): 8.26 (mean_norm=0.0047, std_norm=0.0006)

Final: 10 models, MMD=0.0049 (delta=+0.0789) F1=nan

[FCFW] Computing Fully Corrective Frank-Wolfe weights for final ensemble...
  Weighting: fully corrective QP weights = [0.2013, 0.0348, 0.0687, 0.1627, 0.1891, 0.0686, 0.0000, 0.0185, 0.1729, 0.0835]
  FCFW Sampled MMD^2: 0.001250
  FCFW Sampled TVD:   0.3464

FINAL MODEL COMPARISON (inc. FCFW)
Model      | MMD        | TVD        | TVD*       | Valid      | Cover      | F1        
----------------------------------------------------------------------------------------
Baseline   | 0.0838     | n/a        | n/a        | n/a        | n/a        | n/a       
Ensemble   | 0.0049     | 0.411      | 0.344      | n/a        | n/a        | n/a       
Model 0    | 0.0854     | 0.912      | 0.846      | n/a        | n/a        | n/a       
Model 1    | 0.2307     | 0.796      | 0.743      | n/a        | n/a        | n/a       
Model 2    | 0.5140     | 0.842      | 0.806      | n/a        | n/a        | n/a       
Model 3    | 0.5762     | 0.875      | 0.856      | n/a        | n/a        | n/a       
Model 4    | 0.3754     | 0.832      | 0.767      | n/a        | n/a        | n/a       
Model 5    | 0.3272     | 0.827      | 0.760      | n/a        | n/a        | n/a       
Model 6    | 0.7849     | 0.903      | 0.903      | n/a        | n/a        | n/a       
Model 7    | 0.2463     | 0.824      | 0.749      | n/a        | n/a        | n/a       
Model 8    | 0.5716     | 0.868      | 0.809      | n/a        | n/a        | n/a       
Model 9    | 0.3299     | 0.832      | 0.772      | n/a        | n/a        | n/a       
Ensemble (FCFW) | 0.0013     | 0.346      | 0.280      | n/a        | n/a        | n/a       
Saving results to out/hpo/hopfield_20q_p2_b20_20260605_193022/trials/trial_0003/results.csv...
Experiment: Boosting on Hopfield (20q, 2p)
Configuration:
  train_samples: 1000
  data_seed: 42
  n_samples: 400
  n_models: 10
  learning_rate: 0.0036464395589807202
  epochs_per_step: 400
  caching_level: none
  ensemble_samples_coeff: 1.0
  init_baseline: covariance
  init_later: random
  lambda_dual: 1.0
  lambda_schedule: {'type': 'frank_wolfe', 'gamma': 0.5, 'tau': 1.0}
  n_ops: 1024
  weight_strategy: frank_wolfe
  alpha_n_grid: 11
  alpha_objective_weight: 0.5
  baseline: none
  shots: 1000
  final_eval_sampling: True
  dataset_metrics: True
  exact_metrics: {'enabled': True, 'max_qubits': 20, 'phases': {'baseline': True, 'steps': False, 'final': True, 'per_model': True, 'fcfw': True}}
  keep_models_for_diagnosis: True
  stop_on_reject: False
  save_circuit_artifacts: False
  rng_seed: 42
  circuit_config: {'topology': 'aachen_heavy_hex', 'distance': 2, 'max_weight': 2, 'n_ancilla': 0}
  turbo: 10
  dynamic_is_within_shell: shell_uniform
  exact_sampling: True
  acceptance_metric: training_mmd
  skip_sampling: True
  report_fcfw: True
  dynamic_is: False
  dynamic_is_beta: 0.11058146376563001
  sigma: [1.8100552196140227, 0.8703381952919746]
  require_exact_sampling: True
================================================================================
Saving config to out/hpo/hopfield_20q_p2_b20_20260605_193022/trials/trial_0004/config.json...
Gate structure: Qubits: 20
Aachen heavy-hex topology: 39 parameters
one_qubit=20, two_qubit=19
Using Gaussian Kernel (n_ops=1024, n_qubits=20):
  - sigma=1.81005522
  - sigma=0.87033820
Expected sampled operator size:
  - p=1.415366, std=1.146823
  - p=4.831879, std=1.914295
  mean: 3.123622
  std: 2.325512
Baselines enabled: 

Training ensemble Model 0 (400 epochs)...
Training has not converged after 400 steps
Model 0 final loss: 0.099391
  [Step 0/9] train_MMD=0.0990 alpha_opt=1.0000 oracle_top1_TVD=0.9034

[Step 1] Training Model 1...
  lambda_dual: 0.7500
Training has not converged after 400 steps
  Weighting: frank_wolfe alpha = 0.2500
  [Step 1/9] train_MMD=0.0614 alpha_opt=0.2500 oracle_top2_TVD=0.8067
  [OK] MMD improved (delta=+0.037680)
  SNR (proxy): 10.05 (mean_norm=0.0138, std_norm=0.0014)

[Step 2] Training Model 2...
  lambda_dual: 0.8333
Training has not converged after 400 steps
  Weighting: frank_wolfe alpha = 0.1667
  [Step 2/9] train_MMD=0.0476 alpha_opt=0.1667 oracle_top3_TVD=0.7101
  [OK] MMD improved (delta=+0.013765)
  SNR (proxy): 4.38 (mean_norm=0.0100, std_norm=0.0023)

[Step 3] Training Model 3...
  lambda_dual: 0.8750
Training has not converged after 400 steps
  Weighting: frank_wolfe alpha = 0.1250
  [Step 3/9] train_MMD=0.0365 alpha_opt=0.1250 oracle_top4_TVD=0.6135
  [OK] MMD improved (delta=+0.011069)
  SNR (proxy): 36.90 (mean_norm=0.0028, std_norm=0.0001)

[Step 4] Training Model 4...
  lambda_dual: 0.9000
Training has not converged after 400 steps
  Weighting: frank_wolfe alpha = 0.1000
  [Step 4/9] train_MMD=0.0207 alpha_opt=0.1000 oracle_top5_TVD=0.6047
  [OK] MMD improved (delta=+0.015833)
  SNR (proxy): 27.81 (mean_norm=0.0015, std_norm=0.0001)

[Step 5] Training Model 5...
  lambda_dual: 0.9167
Training has not converged after 400 steps
  Weighting: frank_wolfe alpha = 0.0833
  [Step 5/9] train_MMD=0.0145 alpha_opt=0.0833 oracle_top6_TVD=0.5960
  [OK] MMD improved (delta=+0.006171)
  SNR (proxy): 15.24 (mean_norm=0.0031, std_norm=0.0002)

[Step 6] Training Model 6...
  lambda_dual: 0.9286
Training has not converged after 400 steps
  Weighting: frank_wolfe alpha = 0.0714
  [Step 6/9] train_MMD=0.0132 alpha_opt=0.0714 oracle_top7_TVD=0.5872
  [OK] MMD improved (delta=+0.001308)
  SNR (proxy): 15.54 (mean_norm=0.0049, std_norm=0.0003)

[Step 7] Training Model 7...
  lambda_dual: 0.9375
Training has not converged after 400 steps
  Weighting: frank_wolfe alpha = 0.0625
  [Step 7/9] train_MMD=0.0104 alpha_opt=0.0625 oracle_top8_TVD=0.5784
  [OK] MMD improved (delta=+0.002786)
  SNR (proxy): 7.77 (mean_norm=0.0025, std_norm=0.0003)

[Step 8] Training Model 8...
  lambda_dual: 0.9444
Training has not converged after 400 steps
  Weighting: frank_wolfe alpha = 0.0556
  [Step 8/9] train_MMD=0.0101 alpha_opt=0.0556 oracle_top9_TVD=0.5697
  [OK] MMD improved (delta=+0.000354)
  SNR (proxy): 8.42 (mean_norm=0.0046, std_norm=0.0005)

[Step 9] Training Model 9...
  lambda_dual: 0.9500
Training has not converged after 400 steps
  Weighting: frank_wolfe alpha = 0.0500
  [Step 9/9] train_MMD=0.0072 alpha_opt=0.0500 oracle_top10_TVD=0.5609
  [OK] MMD improved (delta=+0.002895)
  SNR (proxy): 62.12 (mean_norm=0.0033, std_norm=0.0001)

Final: 10 models, MMD=0.0069 (delta=+0.0922) F1=nan

[FCFW] Computing Fully Corrective Frank-Wolfe weights for final ensemble...
  Weighting: fully corrective QP weights = [0.1215, 0.0996, 0.2478, 0.0000, 0.0673, 0.0400, 0.1236, 0.0000, 0.1271, 0.1731]
  FCFW Sampled MMD^2: 0.001236
  FCFW Sampled TVD:   0.3852

FINAL MODEL COMPARISON (inc. FCFW)
Model      | MMD        | TVD        | TVD*       | Valid      | Cover      | F1        
----------------------------------------------------------------------------------------
Baseline   | 0.0990     | n/a        | n/a        | n/a        | n/a        | n/a       
Ensemble   | 0.0069     | 0.443      | 0.404      | n/a        | n/a        | n/a       
Model 0    | 0.0990     | 0.982      | 0.945      | n/a        | n/a        | n/a       
Model 1    | 0.2238     | 0.783      | 0.763      | n/a        | n/a        | n/a       
Model 2    | 0.4181     | 0.836      | 0.791      | n/a        | n/a        | n/a       
Model 3    | 0.6617     | 0.894      | 0.891      | n/a        | n/a        | n/a       
Model 4    | 0.7191     | 0.903      | 0.903      | n/a        | n/a        | n/a       
Model 5    | 0.6934     | 0.886      | 0.883      | n/a        | n/a        | n/a       
Model 6    | 0.4000     | 0.847      | 0.802      | n/a        | n/a        | n/a       
Model 7    | 0.6163     | 0.867      | 0.833      | n/a        | n/a        | n/a       
Model 8    | 0.4230     | 0.835      | 0.770      | n/a        | n/a        | n/a       
Model 9    | 0.6529     | 0.895      | 0.879      | n/a        | n/a        | n/a       
Ensemble (FCFW) | 0.0012     | 0.385      | 0.344      | n/a        | n/a        | n/a       
Saving results to out/hpo/hopfield_20q_p2_b20_20260605_193022/trials/trial_0004/results.csv...
Experiment: Boosting on Hopfield (20q, 2p)
Configuration:
  train_samples: 1000
  data_seed: 42
  n_samples: 400
  n_models: 10
  learning_rate: 0.05323617594751501
  epochs_per_step: 400
  caching_level: none
  ensemble_samples_coeff: 1.0
  init_baseline: covariance
  init_later: random
  lambda_dual: 1.0
  lambda_schedule: {'type': 'frank_wolfe', 'gamma': 0.75, 'tau': 1.0}
  n_ops: 512
  weight_strategy: frank_wolfe
  alpha_n_grid: 11
  alpha_objective_weight: 0.5
  baseline: none
  shots: 1000
  final_eval_sampling: True
  dataset_metrics: True
  exact_metrics: {'enabled': True, 'max_qubits': 20, 'phases': {'baseline': True, 'steps': False, 'final': True, 'per_model': True, 'fcfw': True}}
  keep_models_for_diagnosis: True
  stop_on_reject: False
  save_circuit_artifacts: False
  rng_seed: 42
  circuit_config: {'topology': 'aachen_heavy_hex', 'distance': 2, 'max_weight': 2, 'n_ancilla': 0}
  turbo: 10
  dynamic_is_within_shell: shell_uniform
  exact_sampling: True
  acceptance_metric: training_mmd
  skip_sampling: True
  report_fcfw: True
  dynamic_is: False
  dynamic_is_beta: 0.012097379927033842
  sigma: [0.9284811401487101, 0.5495140309844374]
  require_exact_sampling: True
================================================================================
Saving config to out/hpo/hopfield_20q_p2_b20_20260605_193022/trials/trial_0005/config.json...
Gate structure: Qubits: 20
Aachen heavy-hex topology: 39 parameters
one_qubit=20, two_qubit=19
Using Gaussian Kernel (n_ops=512, n_qubits=20):
  - sigma=0.92848114
  - sigma=0.54951403
Expected sampled operator size:
  - p=4.400985, std=1.852715
  - p=8.090641, std=2.194930
  mean: 6.245813
  std: 2.743816
Baselines enabled: 

Training ensemble Model 0 (400 epochs)...
Training has not converged after 400 steps
Model 0 final loss: 0.064290
  [Step 0/9] train_MMD=0.0625 alpha_opt=1.0000 oracle_top1_TVD=0.9034

[Step 1] Training Model 1...
  lambda_dual: 0.6250
Training has not converged after 400 steps
  Weighting: frank_wolfe alpha = 0.3750
  [Step 1/9] train_MMD=0.0406 alpha_opt=0.3750 oracle_top2_TVD=0.8067
  [OK] MMD improved (delta=+0.021921)
  SNR (proxy): 7.45 (mean_norm=0.0212, std_norm=0.0028)

[Step 2] Training Model 2...
  lambda_dual: 0.7500
Training has not converged after 400 steps
  Weighting: frank_wolfe alpha = 0.2500
  [Step 2/9] train_MMD=0.0290 alpha_opt=0.2500 oracle_top3_TVD=0.7101
  [OK] MMD improved (delta=+0.011623)
  SNR (proxy): 9.24 (mean_norm=0.0150, std_norm=0.0016)

[Step 3] Training Model 3...
  lambda_dual: 0.8125
Training has not converged after 400 steps
  Weighting: frank_wolfe alpha = 0.1875
  [Step 3/9] train_MMD=0.0203 alpha_opt=0.1875 oracle_top4_TVD=0.6135
  [OK] MMD improved (delta=+0.008604)
  SNR (proxy): 2.60 (mean_norm=0.0158, std_norm=0.0061)

[Step 4] Training Model 4...
  lambda_dual: 0.8500
Training has not converged after 400 steps
  Weighting: frank_wolfe alpha = 0.1500
  [Step 4/9] train_MMD=0.0187 alpha_opt=0.1500 oracle_top5_TVD=0.6047
  [OK] MMD improved (delta=+0.001654)
  SNR (proxy): 5.08 (mean_norm=0.0313, std_norm=0.0062)

[Step 5] Training Model 5...
  lambda_dual: 0.8750
Training has not converged after 400 steps
  Weighting: frank_wolfe alpha = 0.1250
  [Step 5/9] train_MMD=0.0062 alpha_opt=0.1250 oracle_top6_TVD=0.5960
  [OK] MMD improved (delta=+0.012517)
  SNR (proxy): 13.40 (mean_norm=0.0053, std_norm=0.0004)

[Step 6] Training Model 6...
  lambda_dual: 0.8929
Training has not converged after 400 steps
  Weighting: frank_wolfe alpha = 0.1071
  [Step 6/9] train_MMD=0.0054 alpha_opt=0.1071 oracle_top7_TVD=0.5872
  [OK] MMD improved (delta=+0.000776)
  SNR (proxy): 7.68 (mean_norm=0.0193, std_norm=0.0025)

[Step 7] Training Model 7...
  lambda_dual: 0.9062
Training has not converged after 400 steps
  Weighting: frank_wolfe alpha = 0.0937
  [Step 7/9] train_MMD=0.0057 alpha_opt=0.0937 oracle_top8_TVD=0.5784
  [WARNING] MMD worsened but kept (diagnostic, delta=-0.000260)
  SNR (proxy): 7.71 (mean_norm=0.0117, std_norm=0.0015)

[Step 8] Training Model 8...
  lambda_dual: 0.9167
Training has not converged after 400 steps
  Weighting: frank_wolfe alpha = 0.0833
  [Step 8/9] train_MMD=0.0054 alpha_opt=0.0833 oracle_top9_TVD=0.5697
  [OK] MMD improved (delta=+0.000246)
  SNR (proxy): 7.25 (mean_norm=0.0068, std_norm=0.0009)

[Step 9] Training Model 9...
  lambda_dual: 0.9250
Training has not converged after 400 steps
  Weighting: frank_wolfe alpha = 0.0750
  [Step 9/9] train_MMD=0.0021 alpha_opt=0.0750 oracle_top10_TVD=0.5609
  [OK] MMD improved (delta=+0.003304)
  SNR (proxy): 5.96 (mean_norm=0.0065, std_norm=0.0011)

Final: 10 models, MMD=0.0019 (delta=+0.0606) F1=nan

[FCFW] Computing Fully Corrective Frank-Wolfe weights for final ensemble...
  Weighting: fully corrective QP weights = [0.0297, 0.1038, 0.0765, 0.1491, 0.0465, 0.1002, 0.1717, 0.1516, 0.1131, 0.0578]
  FCFW Sampled MMD^2: -0.000486
  FCFW Sampled TVD:   0.2870

FINAL MODEL COMPARISON (inc. FCFW)
Model      | MMD        | TVD        | TVD*       | Valid      | Cover      | F1        
----------------------------------------------------------------------------------------
Baseline   | 0.0625     | n/a        | n/a        | n/a        | n/a        | n/a       
Ensemble   | 0.0019     | 0.353      | 0.262      | n/a        | n/a        | n/a       
Model 0    | 0.0646     | 0.905      | 0.811      | n/a        | n/a        | n/a       
Model 1    | 0.1279     | 0.803      | 0.704      | n/a        | n/a        | n/a       
Model 2    | 0.2279     | 0.829      | 0.771      | n/a        | n/a        | n/a       
Model 3    | 0.2619     | 0.825      | 0.771      | n/a        | n/a        | n/a       
Model 4    | 0.1751     | 0.840      | 0.810      | n/a        | n/a        | n/a       
Model 5    | 0.6776     | 0.877      | 0.842      | n/a        | n/a        | n/a       
Model 6    | 0.2517     | 0.827      | 0.760      | n/a        | n/a        | n/a       
Model 7    | 0.1311     | 0.795      | 0.718      | n/a        | n/a        | n/a       
Model 8    | 0.4294     | 0.842      | 0.818      | n/a        | n/a        | n/a       
Model 9    | 0.5798     | 0.882      | 0.852      | n/a        | n/a        | n/a       
Ensemble (FCFW) | -0.0005    | 0.287      | 0.191      | n/a        | n/a        | n/a       
Saving results to out/hpo/hopfield_20q_p2_b20_20260605_193022/trials/trial_0005/results.csv...
Experiment: Boosting on Hopfield (20q, 2p)
Configuration:
  train_samples: 1000
  data_seed: 42
  n_samples: 400
  n_models: 10
  learning_rate: 0.011103647313054618
  epochs_per_step: 400
  caching_level: none
  ensemble_samples_coeff: 1.0
  init_baseline: covariance
  init_later: random
  lambda_dual: 1.0
  lambda_schedule: {'type': 'frank_wolfe', 'gamma': 0.5, 'tau': 1.0}
  n_ops: 512
  weight_strategy: frank_wolfe
  alpha_n_grid: 11
  alpha_objective_weight: 0.5
  baseline: none
  shots: 1000
  final_eval_sampling: True
  dataset_metrics: True
  exact_metrics: {'enabled': True, 'max_qubits': 20, 'phases': {'baseline': True, 'steps': False, 'final': True, 'per_model': True, 'fcfw': True}}
  keep_models_for_diagnosis: True
  stop_on_reject: False
  save_circuit_artifacts: False
  rng_seed: 42
  circuit_config: {'topology': 'aachen_heavy_hex', 'distance': 2, 'max_weight': 2, 'n_ancilla': 0}
  turbo: 10
  dynamic_is_within_shell: shell_uniform
  exact_sampling: True
  acceptance_metric: training_mmd
  skip_sampling: True
  report_fcfw: True
  dynamic_is: False
  dynamic_is_beta: 0.013815607382950859
  sigma: [1.1335151316674401]
  require_exact_sampling: True
================================================================================
Saving config to out/hpo/hopfield_20q_p2_b20_20260605_193022/trials/trial_0006/config.json...
Gate structure: Qubits: 20
Aachen heavy-hex topology: 39 parameters
one_qubit=20, two_qubit=19
Using Gaussian Kernel (n_ops=512, n_qubits=20):
  - sigma=1.13351513
Expected sampled operator size:
  - p=3.223664, std=1.644404
  mean: 3.223664
  std: 1.644404
Baselines enabled: 

Training ensemble Model 0 (400 epochs)...
Training has not converged after 400 steps
Model 0 final loss: 0.100337
  [Step 0/9] train_MMD=0.1045 alpha_opt=1.0000 oracle_top1_TVD=0.9034

[Step 1] Training Model 1...
  lambda_dual: 0.7500
Training has not converged after 400 steps
  Weighting: frank_wolfe alpha = 0.2500
  [Step 1/9] train_MMD=0.0606 alpha_opt=0.2500 oracle_top2_TVD=0.8067
  [OK] MMD improved (delta=+0.043888)
  SNR (proxy): 4.13 (mean_norm=0.0281, std_norm=0.0068)

[Step 2] Training Model 2...
  lambda_dual: 0.8333
Training has not converged after 400 steps
  Weighting: frank_wolfe alpha = 0.1667
  [Step 2/9] train_MMD=0.0431 alpha_opt=0.1667 oracle_top3_TVD=0.7101
  [OK] MMD improved (delta=+0.017579)
  SNR (proxy): 10.59 (mean_norm=0.0184, std_norm=0.0017)

[Step 3] Training Model 3...
  lambda_dual: 0.8750
Training has not converged after 400 steps
  Weighting: frank_wolfe alpha = 0.1250
  [Step 3/9] train_MMD=0.0330 alpha_opt=0.1250 oracle_top4_TVD=0.6135
  [OK] MMD improved (delta=+0.010074)
  SNR (proxy): 8.02 (mean_norm=0.0100, std_norm=0.0012)

[Step 4] Training Model 4...
  lambda_dual: 0.9000
Training has not converged after 400 steps
  Weighting: frank_wolfe alpha = 0.1000
  [Step 4/9] train_MMD=0.0236 alpha_opt=0.1000 oracle_top5_TVD=0.6047
  [OK] MMD improved (delta=+0.009372)
  SNR (proxy): 24.56 (mean_norm=0.0077, std_norm=0.0003)

[Step 5] Training Model 5...
  lambda_dual: 0.9167
Training has not converged after 400 steps
  Weighting: frank_wolfe alpha = 0.0833
  [Step 5/9] train_MMD=0.0224 alpha_opt=0.0833 oracle_top6_TVD=0.5960
  [OK] MMD improved (delta=+0.001249)
  SNR (proxy): 5.89 (mean_norm=0.0197, std_norm=0.0033)

[Step 6] Training Model 6...
  lambda_dual: 0.9286
Training has not converged after 400 steps
  Weighting: frank_wolfe alpha = 0.0714
  [Step 6/9] train_MMD=0.0112 alpha_opt=0.0714 oracle_top7_TVD=0.5872
  [OK] MMD improved (delta=+0.011205)
  SNR (proxy): 19.94 (mean_norm=0.0000, std_norm=0.0000)

[Step 7] Training Model 7...
  lambda_dual: 0.9375
Training has not converged after 400 steps
  Weighting: frank_wolfe alpha = 0.0625
  [Step 7/9] train_MMD=0.0113 alpha_opt=0.0625 oracle_top8_TVD=0.5784
  [WARNING] MMD worsened but kept (diagnostic, delta=-0.000117)
  SNR (proxy): 8.66 (mean_norm=0.0153, std_norm=0.0018)

[Step 8] Training Model 8...
  lambda_dual: 0.9444
Training has not converged after 400 steps
  Weighting: frank_wolfe alpha = 0.0556
  [Step 8/9] train_MMD=0.0084 alpha_opt=0.0556 oracle_top9_TVD=0.5697
  [OK] MMD improved (delta=+0.002846)
  SNR (proxy): 11.63 (mean_norm=0.0059, std_norm=0.0005)

[Step 9] Training Model 9...
  lambda_dual: 0.9500
Training has not converged after 400 steps
  Weighting: frank_wolfe alpha = 0.0500
  [Step 9/9] train_MMD=0.0084 alpha_opt=0.0500 oracle_top10_TVD=0.5609
  [OK] MMD improved (delta=+0.000046)
  SNR (proxy): 10.25 (mean_norm=0.0101, std_norm=0.0010)

Final: 10 models, MMD=0.0071 (delta=+0.0974) F1=nan

[FCFW] Computing Fully Corrective Frank-Wolfe weights for final ensemble...
  Weighting: fully corrective QP weights = [0.1930, 0.0686, 0.1052, 0.1771, 0.0773, 0.0744, 0.0000, 0.1043, 0.1612, 0.0389]
  FCFW Sampled MMD^2: 0.001221
  FCFW Sampled TVD:   0.4000

FINAL MODEL COMPARISON (inc. FCFW)
Model      | MMD        | TVD        | TVD*       | Valid      | Cover      | F1        
----------------------------------------------------------------------------------------
Baseline   | 0.1045     | n/a        | n/a        | n/a        | n/a        | n/a       
Ensemble   | 0.0071     | 0.428      | 0.355      | n/a        | n/a        | n/a       
Model 0    | 0.1051     | 0.915      | 0.837      | n/a        | n/a        | n/a       
Model 1    | 0.2065     | 0.783      | 0.722      | n/a        | n/a        | n/a       
Model 2    | 0.5510     | 0.832      | 0.790      | n/a        | n/a        | n/a       
Model 3    | 0.6078     | 0.883      | 0.869      | n/a        | n/a        | n/a       
Model 4    | 0.7028     | 0.884      | 0.873      | n/a        | n/a        | n/a       
Model 5    | 0.3432     | 0.829      | 0.755      | n/a        | n/a        | n/a       
Model 6    | 0.7672     | 0.903      | 0.903      | n/a        | n/a        | n/a       
Model 7    | 0.3514     | 0.810      | 0.761      | n/a        | n/a        | n/a       
Model 8    | 0.7341     | 0.893      | 0.880      | n/a        | n/a        | n/a       
Model 9    | 0.4344     | 0.836      | 0.776      | n/a        | n/a        | n/a       
Ensemble (FCFW) | 0.0012     | 0.400      | 0.320      | n/a        | n/a        | n/a       
Saving results to out/hpo/hopfield_20q_p2_b20_20260605_193022/trials/trial_0006/results.csv...
Experiment: Boosting on Hopfield (20q, 2p)
Configuration:
  train_samples: 1000
  data_seed: 42
  n_samples: 400
  n_models: 10
  learning_rate: 0.0021010799310103557
  epochs_per_step: 400
  caching_level: none
  ensemble_samples_coeff: 1.0
  init_baseline: covariance
  init_later: random
  lambda_dual: 1.0
  lambda_schedule: {'type': 'frank_wolfe', 'gamma': 1.0, 'tau': 1.0}
  n_ops: 2048
  weight_strategy: frank_wolfe
  alpha_n_grid: 11
  alpha_objective_weight: 0.5
  baseline: none
  shots: 1000
  final_eval_sampling: True
  dataset_metrics: True
  exact_metrics: {'enabled': True, 'max_qubits': 20, 'phases': {'baseline': True, 'steps': False, 'final': True, 'per_model': True, 'fcfw': True}}
  keep_models_for_diagnosis: True
  stop_on_reject: False
  save_circuit_artifacts: False
  rng_seed: 42
  circuit_config: {'topology': 'aachen_heavy_hex', 'distance': 2, 'max_weight': 2, 'n_ancilla': 0}
  turbo: 10
  dynamic_is_within_shell: shell_uniform
  exact_sampling: True
  acceptance_metric: training_mmd
  skip_sampling: True
  report_fcfw: True
  dynamic_is: False
  dynamic_is_beta: 0.06669254439997736
  sigma: [0.912465013808801]
  require_exact_sampling: True
================================================================================
Saving config to out/hpo/hopfield_20q_p2_b20_20260605_193022/trials/trial_0007/config.json...
Gate structure: Qubits: 20
Aachen heavy-hex topology: 39 parameters
one_qubit=20, two_qubit=19
Using Gaussian Kernel (n_ops=2048, n_qubits=20):
  - sigma=0.91246501
Expected sampled operator size:
  - p=4.514813, std=1.869662
  mean: 4.514813
  std: 1.869662
Baselines enabled: 

Training ensemble Model 0 (400 epochs)...
Training has not converged after 400 steps
Model 0 final loss: 0.078485
  [Step 0/9] train_MMD=0.0804 alpha_opt=1.0000 oracle_top1_TVD=0.9034

[Step 1] Training Model 1...
  lambda_dual: 0.5000
Training has not converged after 400 steps
  Weighting: frank_wolfe alpha = 0.5000
  [Step 1/9] train_MMD=0.0474 alpha_opt=0.5000 oracle_top2_TVD=0.8067
  [OK] MMD improved (delta=+0.033012)
  SNR (proxy): 5.24 (mean_norm=0.0308, std_norm=0.0059)

[Step 2] Training Model 2...
  lambda_dual: 0.6667
Training has not converged after 400 steps
  Weighting: frank_wolfe alpha = 0.3333
  [Step 2/9] train_MMD=0.0413 alpha_opt=0.3333 oracle_top3_TVD=0.7101
  [OK] MMD improved (delta=+0.006086)
  SNR (proxy): 5.72 (mean_norm=0.0267, std_norm=0.0047)

[Step 3] Training Model 3...
  lambda_dual: 0.7500
Training has not converged after 400 steps
  Weighting: frank_wolfe alpha = 0.2500
  [Step 3/9] train_MMD=0.0326 alpha_opt=0.2500 oracle_top4_TVD=0.6135
  [OK] MMD improved (delta=+0.008711)
  SNR (proxy): 2.65 (mean_norm=0.0217, std_norm=0.0082)

[Step 4] Training Model 4...
  lambda_dual: 0.8000
Training has not converged after 400 steps
  Weighting: frank_wolfe alpha = 0.2000
  [Step 4/9] train_MMD=0.0232 alpha_opt=0.2000 oracle_top5_TVD=0.6047
  [OK] MMD improved (delta=+0.009386)
  SNR (proxy): 4.62 (mean_norm=0.0183, std_norm=0.0040)

[Step 5] Training Model 5...
  lambda_dual: 0.8333
Training has not converged after 400 steps
  Weighting: frank_wolfe alpha = 0.1667
  [Step 5/9] train_MMD=0.0119 alpha_opt=0.1667 oracle_top6_TVD=0.5960
  [OK] MMD improved (delta=+0.011343)
  SNR (proxy): 5.85 (mean_norm=0.0142, std_norm=0.0024)

[Step 6] Training Model 6...
  lambda_dual: 0.8571
Training has not converged after 400 steps
  Weighting: frank_wolfe alpha = 0.1429
  [Step 6/9] train_MMD=0.0166 alpha_opt=0.1429 oracle_top7_TVD=0.5872
  [WARNING] MMD worsened but kept (diagnostic, delta=-0.004735)
  SNR (proxy): 8.82 (mean_norm=0.0133, std_norm=0.0015)

[Step 7] Training Model 7...
  lambda_dual: 0.8750
Training has not converged after 400 steps
  Weighting: frank_wolfe alpha = 0.1250
  [Step 7/9] train_MMD=0.0198 alpha_opt=0.1250 oracle_top8_TVD=0.5784
  [WARNING] MMD worsened but kept (diagnostic, delta=-0.003207)
  SNR (proxy): 18.26 (mean_norm=0.0165, std_norm=0.0009)

[Step 8] Training Model 8...
  lambda_dual: 0.8889
Training has not converged after 400 steps
  Weighting: frank_wolfe alpha = 0.1111
  [Step 8/9] train_MMD=0.0135 alpha_opt=0.1111 oracle_top9_TVD=0.5697
  [OK] MMD improved (delta=+0.006368)
  SNR (proxy): 11.98 (mean_norm=0.0201, std_norm=0.0017)

[Step 9] Training Model 9...
  lambda_dual: 0.9000
Training has not converged after 400 steps
  Weighting: frank_wolfe alpha = 0.1000
  [Step 9/9] train_MMD=0.0168 alpha_opt=0.1000 oracle_top10_TVD=0.5609
  [WARNING] MMD worsened but kept (diagnostic, delta=-0.003339)
  SNR (proxy): 9.19 (mean_norm=0.0152, std_norm=0.0017)

Final: 10 models, MMD=0.0157 (delta=+0.0647) F1=nan

[FCFW] Computing Fully Corrective Frank-Wolfe weights for final ensemble...
  Weighting: fully corrective QP weights = [0.0000, 0.0275, 0.1361, 0.2751, 0.2313, 0.1763, 0.0000, 0.0349, 0.1189, 0.0000]
  FCFW Sampled MMD^2: 0.002182
  FCFW Sampled TVD:   0.4028

FINAL MODEL COMPARISON (inc. FCFW)
Model      | MMD        | TVD        | TVD*       | Valid      | Cover      | F1        
----------------------------------------------------------------------------------------
Baseline   | 0.0804     | n/a        | n/a        | n/a        | n/a        | n/a       
Ensemble   | 0.0157     | 0.515      | 0.435      | n/a        | n/a        | n/a       
Model 0    | 0.0808     | 0.961      | 0.804      | n/a        | n/a        | n/a       
Model 1    | 0.1121     | 0.855      | 0.753      | n/a        | n/a        | n/a       
Model 2    | 0.1658     | 0.821      | 0.714      | n/a        | n/a        | n/a       
Model 3    | 0.2087     | 0.850      | 0.821      | n/a        | n/a        | n/a       
Model 4    | 0.3204     | 0.822      | 0.760      | n/a        | n/a        | n/a       
Model 5    | 0.4693     | 0.861      | 0.843      | n/a        | n/a        | n/a       
Model 6    | 0.1023     | 0.991      | 0.967      | n/a        | n/a        | n/a       
Model 7    | 0.1104     | 0.833      | 0.738      | n/a        | n/a        | n/a       
Model 8    | 0.6011     | 0.855      | 0.827      | n/a        | n/a        | n/a       
Model 9    | 0.1060     | 0.975      | 0.904      | n/a        | n/a        | n/a       
Ensemble (FCFW) | 0.0022     | 0.403      | 0.309      | n/a        | n/a        | n/a       
Saving results to out/hpo/hopfield_20q_p2_b20_20260605_193022/trials/trial_0007/results.csv...
Experiment: Boosting on Hopfield (20q, 2p)
Configuration:
  train_samples: 1000
  data_seed: 42
  n_samples: 400
  n_models: 10
  learning_rate: 0.04325432427964557
  epochs_per_step: 400
  caching_level: none
  ensemble_samples_coeff: 1.0
  init_baseline: covariance
  init_later: random
  lambda_dual: 1.0
  lambda_schedule: {'type': 'frank_wolfe', 'gamma': 0.25, 'tau': 1.0}
  n_ops: 512
  weight_strategy: frank_wolfe
  alpha_n_grid: 11
  alpha_objective_weight: 0.5
  baseline: none
  shots: 1000
  final_eval_sampling: True
  dataset_metrics: True
  exact_metrics: {'enabled': True, 'max_qubits': 20, 'phases': {'baseline': True, 'steps': False, 'final': True, 'per_model': True, 'fcfw': True}}
  keep_models_for_diagnosis: True
  stop_on_reject: False
  save_circuit_artifacts: False
  rng_seed: 42
  circuit_config: {'topology': 'aachen_heavy_hex', 'distance': 2, 'max_weight': 2, 'n_ancilla': 0}
  turbo: 10
  dynamic_is_within_shell: shell_uniform
  exact_sampling: True
  acceptance_metric: training_mmd
  skip_sampling: True
  report_fcfw: True
  dynamic_is: False
  dynamic_is_beta: 0.046184639800512954
  sigma: [1.4519699627297695, 0.8274317895485978, 0.3845924490840382]
  require_exact_sampling: True
================================================================================
Saving config to out/hpo/hopfield_20q_p2_b20_20260605_193022/trials/trial_0008/config.json...
Gate structure: Qubits: 20
Aachen heavy-hex topology: 39 parameters
one_qubit=20, two_qubit=19
Using Gaussian Kernel (n_ops=512, n_qubits=20):
  - sigma=1.45196996
  - sigma=0.82743179
  - sigma=0.38459245
Expected sampled operator size:
  - p=2.111407, std=1.374229
  - p=5.182390, std=1.959472
  - p=9.659663, std=2.234773
  mean: 5.651153
  std: 3.630424
Baselines enabled: 

Training ensemble Model 0 (400 epochs)...
Training has not converged after 400 steps
Model 0 final loss: 0.080264
  [Step 0/9] train_MMD=0.0808 alpha_opt=1.0000 oracle_top1_TVD=0.9034

[Step 1] Training Model 1...
  lambda_dual: 0.8750
Training has not converged after 400 steps
  Weighting: frank_wolfe alpha = 0.1250
  [Step 1/9] train_MMD=0.0545 alpha_opt=0.1250 oracle_top2_TVD=0.8067
  [OK] MMD improved (delta=+0.026307)
  SNR (proxy): 12.52 (mean_norm=0.0069, std_norm=0.0006)

[Step 2] Training Model 2...
  lambda_dual: 0.9167
Training has not converged after 400 steps
  Weighting: frank_wolfe alpha = 0.0833
  [Step 2/9] train_MMD=0.0372 alpha_opt=0.0833 oracle_top3_TVD=0.7101
  [OK] MMD improved (delta=+0.017290)
  SNR (proxy): 4.64 (mean_norm=0.0000, std_norm=0.0000)

[Step 3] Training Model 3...
  lambda_dual: 0.9375
Training has not converged after 400 steps
  Weighting: frank_wolfe alpha = 0.0625
  [Step 3/9] train_MMD=0.0323 alpha_opt=0.0625 oracle_top4_TVD=0.6135
  [OK] MMD improved (delta=+0.004859)
  SNR (proxy): 17.28 (mean_norm=0.0128, std_norm=0.0007)

[Step 4] Training Model 4...
  lambda_dual: 0.9500
Training has not converged after 400 steps
  Weighting: frank_wolfe alpha = 0.0500
  [Step 4/9] train_MMD=0.0295 alpha_opt=0.0500 oracle_top5_TVD=0.6047
  [OK] MMD improved (delta=+0.002827)
  SNR (proxy): 10.80 (mean_norm=0.0095, std_norm=0.0009)

[Step 5] Training Model 5...
  lambda_dual: 0.9583
Training has not converged after 400 steps
  Weighting: frank_wolfe alpha = 0.0417
  [Step 5/9] train_MMD=0.0280 alpha_opt=0.0417 oracle_top6_TVD=0.5960
  [OK] MMD improved (delta=+0.001482)
  SNR (proxy): 12.99 (mean_norm=0.0082, std_norm=0.0006)

[Step 6] Training Model 6...
  lambda_dual: 0.9643
Training has not converged after 400 steps
  Weighting: frank_wolfe alpha = 0.0357
  [Step 6/9] train_MMD=0.0271 alpha_opt=0.0357 oracle_top7_TVD=0.5872
  [OK] MMD improved (delta=+0.000877)
  SNR (proxy): 12.22 (mean_norm=0.0085, std_norm=0.0007)

[Step 7] Training Model 7...
  lambda_dual: 0.9688
Training has not converged after 400 steps
  Weighting: frank_wolfe alpha = 0.0312
  [Step 7/9] train_MMD=0.0266 alpha_opt=0.0312 oracle_top8_TVD=0.5784
  [OK] MMD improved (delta=+0.000527)
  SNR (proxy): 12.34 (mean_norm=0.0075, std_norm=0.0006)

[Step 8] Training Model 8...
  lambda_dual: 0.9722
Training has not converged after 400 steps
  Weighting: frank_wolfe alpha = 0.0278
  [Step 8/9] train_MMD=0.0264 alpha_opt=0.0278 oracle_top9_TVD=0.5697
  [OK] MMD improved (delta=+0.000224)
  SNR (proxy): 11.49 (mean_norm=0.0075, std_norm=0.0007)

[Step 9] Training Model 9...
  lambda_dual: 0.9750
Training has not converged after 400 steps
  Weighting: frank_wolfe alpha = 0.0250
  [Step 9/9] train_MMD=0.0225 alpha_opt=0.0250 oracle_top10_TVD=0.5609
  [OK] MMD improved (delta=+0.003943)
  SNR (proxy): 19.82 (mean_norm=0.0000, std_norm=0.0000)

Final: 10 models, MMD=0.0232 (delta=+0.0576) F1=nan

[FCFW] Computing Fully Corrective Frank-Wolfe weights for final ensemble...
  Weighting: fully corrective QP weights = [0.4753, 0.0774, 0.0456, 0.1113, 0.0350, 0.0382, 0.0699, 0.0032, 0.0355, 0.1086]
  FCFW Sampled MMD^2: 0.014710
  FCFW Sampled TVD:   0.5040

FINAL MODEL COMPARISON (inc. FCFW)
Model      | MMD        | TVD        | TVD*       | Valid      | Cover      | F1        
----------------------------------------------------------------------------------------
Baseline   | 0.0808     | n/a        | n/a        | n/a        | n/a        | n/a       
Ensemble   | 0.0232     | 0.589      | 0.505      | n/a        | n/a        | n/a       
Model 0    | 0.0820     | 0.908      | 0.854      | n/a        | n/a        | n/a       
Model 1    | 0.5251     | 0.849      | 0.826      | n/a        | n/a        | n/a       
Model 2    | 0.7912     | 0.903      | 0.903      | n/a        | n/a        | n/a       
Model 3    | 0.3373     | 0.843      | 0.814      | n/a        | n/a        | n/a       
Model 4    | 0.4073     | 0.852      | 0.778      | n/a        | n/a        | n/a       
Model 5    | 0.2685     | 0.862      | 0.763      | n/a        | n/a        | n/a       
Model 6    | 0.2209     | 0.825      | 0.750      | n/a        | n/a        | n/a       
Model 7    | 0.1529     | 0.868      | 0.739      | n/a        | n/a        | n/a       
Model 8    | 0.1743     | 0.911      | 0.726      | n/a        | n/a        | n/a       
Model 9    | 0.7886     | 0.903      | 0.903      | n/a        | n/a        | n/a       
Ensemble (FCFW) | 0.0147     | 0.504      | 0.436      | n/a        | n/a        | n/a       
Saving results to out/hpo/hopfield_20q_p2_b20_20260605_193022/trials/trial_0008/results.csv...
Experiment: Boosting on Hopfield (20q, 2p)
Configuration:
  train_samples: 1000
  data_seed: 42
  n_samples: 400
  n_models: 10
  learning_rate: 0.0039972068191218065
  epochs_per_step: 400
  caching_level: none
  ensemble_samples_coeff: 1.0
  init_baseline: covariance
  init_later: random
  lambda_dual: 1.0
  lambda_schedule: {'type': 'frank_wolfe', 'gamma': 1.0, 'tau': 1.0}
  n_ops: 2048
  weight_strategy: frank_wolfe
  alpha_n_grid: 11
  alpha_objective_weight: 0.5
  baseline: none
  shots: 1000
  final_eval_sampling: True
  dataset_metrics: True
  exact_metrics: {'enabled': True, 'max_qubits': 20, 'phases': {'baseline': True, 'steps': False, 'final': True, 'per_model': True, 'fcfw': True}}
  keep_models_for_diagnosis: True
  stop_on_reject: False
  save_circuit_artifacts: False
  rng_seed: 42
  circuit_config: {'topology': 'aachen_heavy_hex', 'distance': 2, 'max_weight': 2, 'n_ancilla': 0}
  turbo: 10
  dynamic_is_within_shell: shell_uniform
  exact_sampling: True
  acceptance_metric: training_mmd
  skip_sampling: True
  report_fcfw: True
  dynamic_is: False
  dynamic_is_beta: 0.062095693648805635
  sigma: [0.5867948950019003]
  require_exact_sampling: True
================================================================================
Saving config to out/hpo/hopfield_20q_p2_b20_20260605_193022/trials/trial_0009/config.json...
Gate structure: Qubits: 20
Aachen heavy-hex topology: 39 parameters
one_qubit=20, two_qubit=19
Using Gaussian Kernel (n_ops=2048, n_qubits=20):
  - sigma=0.58679490
Expected sampled operator size:
  - p=7.659224, std=2.173945
  mean: 7.659224
  std: 2.173945
Baselines enabled: 

Training ensemble Model 0 (400 epochs)...
Training has not converged after 400 steps
Model 0 final loss: 0.043685
  [Step 0/9] train_MMD=0.0429 alpha_opt=1.0000 oracle_top1_TVD=0.9034

[Step 1] Training Model 1...
  lambda_dual: 0.5000
Training has not converged after 400 steps
  Weighting: frank_wolfe alpha = 0.5000
  [Step 1/9] train_MMD=0.0319 alpha_opt=0.5000 oracle_top2_TVD=0.8067
  [OK] MMD improved (delta=+0.011029)
  SNR (proxy): 3.01 (mean_norm=0.0186, std_norm=0.0062)

[Step 2] Training Model 2...
  lambda_dual: 0.6667
Training has not converged after 400 steps
  Weighting: frank_wolfe alpha = 0.3333
  [Step 2/9] train_MMD=0.0358 alpha_opt=0.3333 oracle_top3_TVD=0.7101
  [WARNING] MMD worsened but kept (diagnostic, delta=-0.003848)
  SNR (proxy): 6.39 (mean_norm=0.0081, std_norm=0.0013)

[Step 3] Training Model 3...
  lambda_dual: 0.7500
Training has not converged after 400 steps
  Weighting: frank_wolfe alpha = 0.2500
  [Step 3/9] train_MMD=0.0311 alpha_opt=0.2500 oracle_top4_TVD=0.6135
  [OK] MMD improved (delta=+0.004642)
  SNR (proxy): 1.89 (mean_norm=0.0233, std_norm=0.0123)

[Step 4] Training Model 4...
  lambda_dual: 0.8000
Training has not converged after 400 steps
  Weighting: frank_wolfe alpha = 0.2000
  [Step 4/9] train_MMD=0.0284 alpha_opt=0.2000 oracle_top5_TVD=0.6047
  [OK] MMD improved (delta=+0.002766)
  SNR (proxy): 2.65 (mean_norm=0.0175, std_norm=0.0066)

[Step 5] Training Model 5...
  lambda_dual: 0.8333
Training has not converged after 400 steps
  Weighting: frank_wolfe alpha = 0.1667
  [Step 5/9] train_MMD=0.0293 alpha_opt=0.1667 oracle_top6_TVD=0.5960
  [WARNING] MMD worsened but kept (diagnostic, delta=-0.000901)
  SNR (proxy): 9.06 (mean_norm=0.0072, std_norm=0.0008)

[Step 6] Training Model 6...
  lambda_dual: 0.8571
Training has not converged after 400 steps
  Weighting: frank_wolfe alpha = 0.1429
  [Step 6/9] train_MMD=0.0176 alpha_opt=0.1429 oracle_top7_TVD=0.5872
  [OK] MMD improved (delta=+0.011612)
  SNR (proxy): 2.94 (mean_norm=0.0120, std_norm=0.0041)

[Step 7] Training Model 7...
  lambda_dual: 0.8750
Training has not converged after 400 steps
  Weighting: frank_wolfe alpha = 0.1250
  [Step 7/9] train_MMD=0.0199 alpha_opt=0.1250 oracle_top8_TVD=0.5784
  [WARNING] MMD worsened but kept (diagnostic, delta=-0.002240)
  SNR (proxy): 12.38 (mean_norm=0.0064, std_norm=0.0005)

[Step 8] Training Model 8...
  lambda_dual: 0.8889
Training has not converged after 400 steps
  Weighting: frank_wolfe alpha = 0.1111
  [Step 8/9] train_MMD=0.0222 alpha_opt=0.1111 oracle_top9_TVD=0.5697
  [WARNING] MMD worsened but kept (diagnostic, delta=-0.002283)
  SNR (proxy): 8.13 (mean_norm=0.0059, std_norm=0.0007)

[Step 9] Training Model 9...
  lambda_dual: 0.9000
Training has not converged after 400 steps
  Weighting: frank_wolfe alpha = 0.1000
  [Step 9/9] train_MMD=0.0243 alpha_opt=0.1000 oracle_top10_TVD=0.5609
  [WARNING] MMD worsened but kept (diagnostic, delta=-0.002134)
  SNR (proxy): 6.50 (mean_norm=0.0076, std_norm=0.0012)

Final: 10 models, MMD=0.0245 (delta=+0.0185) F1=nan

[FCFW] Computing Fully Corrective Frank-Wolfe weights for final ensemble...
  Weighting: fully corrective QP weights = [0.0000, 0.0489, 0.0000, 0.3131, 0.2801, 0.0923, 0.1560, 0.0000, 0.0000, 0.1095]
  FCFW Sampled MMD^2: 0.014329
  FCFW Sampled TVD:   0.4795

FINAL MODEL COMPARISON (inc. FCFW)
Model      | MMD        | TVD        | TVD*       | Valid      | Cover      | F1        
----------------------------------------------------------------------------------------
Baseline   | 0.0429     | n/a        | n/a        | n/a        | n/a        | n/a       
Ensemble   | 0.0245     | 0.689      | 0.632      | n/a        | n/a        | n/a       
Model 0    | 0.0441     | 0.885      | 0.766      | n/a        | n/a        | n/a       
Model 1    | 0.0648     | 0.822      | 0.744      | n/a        | n/a        | n/a       
Model 2    | 0.0587     | 0.999      | 0.988      | n/a        | n/a        | n/a       
Model 3    | 0.1152     | 0.822      | 0.752      | n/a        | n/a        | n/a       
Model 4    | 0.1289     | 0.813      | 0.734      | n/a        | n/a        | n/a       
Model 5    | 0.0590     | 0.999      | 0.990      | n/a        | n/a        | n/a       
Model 6    | 0.3652     | 0.852      | 0.827      | n/a        | n/a        | n/a       
Model 7    | 0.0591     | 1.000      | 0.991      | n/a        | n/a        | n/a       
Model 8    | 0.0590     | 1.000      | 0.992      | n/a        | n/a        | n/a       
Model 9    | 0.0585     | 0.999      | 0.985      | n/a        | n/a        | n/a       
Ensemble (FCFW) | 0.0143     | 0.479      | 0.415      | n/a        | n/a        | n/a       
Saving results to out/hpo/hopfield_20q_p2_b20_20260605_193022/trials/trial_0009/results.csv...
Experiment: Boosting on Hopfield (20q, 2p)
Configuration:
  train_samples: 1000
  data_seed: 42
  n_samples: 400
  n_models: 10
  learning_rate: 0.0906941214970469
  epochs_per_step: 400
  caching_level: none
  ensemble_samples_coeff: 1.0
  init_baseline: covariance
  init_later: random
  lambda_dual: 1.0
  lambda_schedule: {'type': 'frank_wolfe', 'gamma': 0.75, 'tau': 1.0}
  n_ops: 512
  weight_strategy: frank_wolfe
  alpha_n_grid: 11
  alpha_objective_weight: 0.5
  baseline: none
  shots: 1000
  final_eval_sampling: True
  dataset_metrics: True
  exact_metrics: {'enabled': True, 'max_qubits': 20, 'phases': {'baseline': True, 'steps': False, 'final': True, 'per_model': True, 'fcfw': True}}
  keep_models_for_diagnosis: True
  stop_on_reject: False
  save_circuit_artifacts: False
  rng_seed: 42
  circuit_config: {'topology': 'aachen_heavy_hex', 'distance': 2, 'max_weight': 2, 'n_ancilla': 0}
  turbo: 10
  dynamic_is_within_shell: shell_uniform
  exact_sampling: True
  acceptance_metric: training_mmd
  skip_sampling: True
  report_fcfw: True
  dynamic_is: True
  dynamic_is_beta: 0.010228672856993973
  sigma: [0.9614271687292855, 0.6294020185746713]
  require_exact_sampling: True
================================================================================
Saving config to out/hpo/hopfield_20q_p2_b20_20260605_193022/trials/trial_0010/config.json...
Gate structure: Qubits: 20
Aachen heavy-hex topology: 39 parameters
one_qubit=20, two_qubit=19
Using Gaussian Kernel (n_ops=512, n_qubits=20):
  - sigma=0.96142717
  - sigma=0.62940202
Expected sampled operator size:
  - p=4.177907, std=1.818010
  - p=7.169575, std=2.144629
  mean: 5.673741
  std: 2.487934
Baselines enabled: 

Training ensemble Model 0 (400 epochs)...
Training has not converged after 400 steps
Model 0 final loss: 0.071922
  [Step 0/9] train_MMD=0.0731 alpha_opt=1.0000 oracle_top1_TVD=0.9034

[Step 1] Training Model 1...
  lambda_dual: 0.6250
Training has not converged after 400 steps
  Weighting: frank_wolfe alpha = 0.3750
  [Step 1/9] train_MMD=0.0579 alpha_opt=0.3750 oracle_top2_TVD=0.8067
  [OK] MMD improved (delta=+0.015228)
  SNR (proxy): 21.76 (mean_norm=0.1534, std_norm=0.0071)

[Step 2] Training Model 2...
  lambda_dual: 0.7500
Training has not converged after 400 steps
  Weighting: frank_wolfe alpha = 0.2500
  [Step 2/9] train_MMD=0.0319 alpha_opt=0.2500 oracle_top3_TVD=0.7101
  [OK] MMD improved (delta=+0.025950)
  SNR (proxy): 5.97 (mean_norm=0.0321, std_norm=0.0054)

[Step 3] Training Model 3...
  lambda_dual: 0.8125
Training has not converged after 400 steps
  Weighting: frank_wolfe alpha = 0.1875
  [Step 3/9] train_MMD=0.0145 alpha_opt=0.1875 oracle_top4_TVD=0.6135
  [OK] MMD improved (delta=+0.017382)
  SNR (proxy): 6.49 (mean_norm=0.0175, std_norm=0.0027)

[Step 4] Training Model 4...
  lambda_dual: 0.8500
Training has not converged after 400 steps
  Weighting: frank_wolfe alpha = 0.1500
  [Step 4/9] train_MMD=0.0039 alpha_opt=0.1500 oracle_top5_TVD=0.6047
  [OK] MMD improved (delta=+0.010673)
  SNR (proxy): 4.72 (mean_norm=0.0057, std_norm=0.0012)

[Step 5] Training Model 5...
  lambda_dual: 0.8750
Training has not converged after 400 steps
  Weighting: frank_wolfe alpha = 0.1250
  [Step 5/9] train_MMD=0.0044 alpha_opt=0.1250 oracle_top6_TVD=0.5960
  [WARNING] MMD worsened but kept (diagnostic, delta=-0.000506)
  SNR (proxy): 8.09 (mean_norm=0.0115, std_norm=0.0014)

[Step 6] Training Model 6...
  lambda_dual: 0.8929
Training has not converged after 400 steps
  Weighting: frank_wolfe alpha = 0.1071
  [Step 6/9] train_MMD=0.0050 alpha_opt=0.1071 oracle_top7_TVD=0.5872
  [WARNING] MMD worsened but kept (diagnostic, delta=-0.000591)
  SNR (proxy): 12.53 (mean_norm=0.0141, std_norm=0.0011)

[Step 7] Training Model 7...
  lambda_dual: 0.9062
Training has not converged after 400 steps
  Weighting: frank_wolfe alpha = 0.0937
  [Step 7/9] train_MMD=0.0023 alpha_opt=0.0937 oracle_top8_TVD=0.5784
  [OK] MMD improved (delta=+0.002702)
  SNR (proxy): 6.34 (mean_norm=0.0134, std_norm=0.0021)

[Step 8] Training Model 8...
  lambda_dual: 0.9167
Training has not converged after 400 steps
  Weighting: frank_wolfe alpha = 0.0833
  [Step 8/9] train_MMD=0.0045 alpha_opt=0.0833 oracle_top9_TVD=0.5697
  [WARNING] MMD worsened but kept (diagnostic, delta=-0.002256)
  SNR (proxy): 8.73 (mean_norm=0.0151, std_norm=0.0017)

[Step 9] Training Model 9...
  lambda_dual: 0.9250
Training has not converged after 400 steps
  Weighting: frank_wolfe alpha = 0.0750
  [Step 9/9] train_MMD=0.0048 alpha_opt=0.0750 oracle_top10_TVD=0.5609
  [WARNING] MMD worsened but kept (diagnostic, delta=-0.000310)
  SNR (proxy): 13.67 (mean_norm=0.0193, std_norm=0.0014)

Final: 10 models, MMD=0.0028 (delta=+0.0703) F1=nan

[FCFW] Computing Fully Corrective Frank-Wolfe weights for final ensemble...
  Weighting: fully corrective QP weights = [0.1225, 0.0955, 0.1459, 0.0910, 0.1720, 0.0849, 0.0188, 0.1305, 0.1241, 0.0148]
  FCFW Sampled MMD^2: 0.000848
  FCFW Sampled TVD:   0.3459

FINAL MODEL COMPARISON (inc. FCFW)
Model      | MMD        | TVD        | TVD*       | Valid      | Cover      | F1        
----------------------------------------------------------------------------------------
Baseline   | 0.0731     | n/a        | n/a        | n/a        | n/a        | n/a       
Ensemble   | 0.0028     | 0.362      | 0.291      | n/a        | n/a        | n/a       
Model 0    | 0.0725     | 0.929      | 0.828      | n/a        | n/a        | n/a       
Model 1    | 0.3475     | 0.831      | 0.784      | n/a        | n/a        | n/a       
Model 2    | 0.2879     | 0.828      | 0.773      | n/a        | n/a        | n/a       
Model 3    | 0.2880     | 0.828      | 0.775      | n/a        | n/a        | n/a       
Model 4    | 0.5783     | 0.856      | 0.811      | n/a        | n/a        | n/a       
Model 5    | 0.2640     | 0.817      | 0.751      | n/a        | n/a        | n/a       
Model 6    | 0.1601     | 0.839      | 0.742      | n/a        | n/a        | n/a       
Model 7    | 0.3049     | 0.824      | 0.769      | n/a        | n/a        | n/a       
Model 8    | 0.2787     | 0.822      | 0.761      | n/a        | n/a        | n/a       
Model 9    | 0.1124     | 0.879      | 0.855      | n/a        | n/a        | n/a       
Ensemble (FCFW) | 0.0008     | 0.346      | 0.230      | n/a        | n/a        | n/a       
Saving results to out/hpo/hopfield_20q_p2_b20_20260605_193022/trials/trial_0010/results.csv...
Experiment: Boosting on Hopfield (20q, 2p)
Configuration:
  train_samples: 1000
  data_seed: 42
  n_samples: 400
  n_models: 10
  learning_rate: 0.08682127224044867
  epochs_per_step: 400
  caching_level: none
  ensemble_samples_coeff: 1.0
  init_baseline: covariance
  init_later: random
  lambda_dual: 1.0
  lambda_schedule: {'type': 'frank_wolfe', 'gamma': 0.75, 'tau': 1.0}
  n_ops: 512
  weight_strategy: frank_wolfe
  alpha_n_grid: 11
  alpha_objective_weight: 0.5
  baseline: none
  shots: 1000
  final_eval_sampling: True
  dataset_metrics: True
  exact_metrics: {'enabled': True, 'max_qubits': 20, 'phases': {'baseline': True, 'steps': False, 'final': True, 'per_model': True, 'fcfw': True}}
  keep_models_for_diagnosis: True
  stop_on_reject: False
  save_circuit_artifacts: False
  rng_seed: 42
  circuit_config: {'topology': 'aachen_heavy_hex', 'distance': 2, 'max_weight': 2, 'n_ancilla': 0}
  turbo: 10
  dynamic_is_within_shell: shell_uniform
  exact_sampling: True
  acceptance_metric: training_mmd
  skip_sampling: True
  report_fcfw: True
  dynamic_is: True
  dynamic_is_beta: 0.010256710059969275
  sigma: [0.9324730153728951, 0.6208148889469605]
  require_exact_sampling: True
================================================================================
Saving config to out/hpo/hopfield_20q_p2_b20_20260605_193022/trials/trial_0011/config.json...
Gate structure: Qubits: 20
Aachen heavy-hex topology: 39 parameters
one_qubit=20, two_qubit=19
Using Gaussian Kernel (n_ops=512, n_qubits=20):
  - sigma=0.93247302
  - sigma=0.62081489
Expected sampled operator size:
  - p=4.373172, std=1.848497
  - p=7.267357, std=2.150961
  mean: 5.820265
  std: 2.473027
Baselines enabled: 

Training ensemble Model 0 (400 epochs)...
Training has not converged after 400 steps
Model 0 final loss: 0.070456
  [Step 0/9] train_MMD=0.0731 alpha_opt=1.0000 oracle_top1_TVD=0.9034

[Step 1] Training Model 1...
  lambda_dual: 0.6250
Training has not converged after 400 steps
  Weighting: frank_wolfe alpha = 0.3750
  [Step 1/9] train_MMD=0.0536 alpha_opt=0.3750 oracle_top2_TVD=0.8067
  [OK] MMD improved (delta=+0.019527)
  SNR (proxy): 15.38 (mean_norm=0.1143, std_norm=0.0074)

[Step 2] Training Model 2...
  lambda_dual: 0.7500
Training has not converged after 400 steps
  Weighting: frank_wolfe alpha = 0.2500
  [Step 2/9] train_MMD=0.0317 alpha_opt=0.2500 oracle_top3_TVD=0.7101
  [OK] MMD improved (delta=+0.021833)
  SNR (proxy): 14.50 (mean_norm=0.0603, std_norm=0.0042)

[Step 3] Training Model 3...
  lambda_dual: 0.8125
Training has not converged after 400 steps
  Weighting: frank_wolfe alpha = 0.1875
  [Step 3/9] train_MMD=0.0131 alpha_opt=0.1875 oracle_top4_TVD=0.6135
  [OK] MMD improved (delta=+0.018618)
  SNR (proxy): 10.67 (mean_norm=0.0232, std_norm=0.0022)

[Step 4] Training Model 4...
  lambda_dual: 0.8500
Training has not converged after 400 steps
  Weighting: frank_wolfe alpha = 0.1500
  [Step 4/9] train_MMD=0.0028 alpha_opt=0.1500 oracle_top5_TVD=0.6047
  [OK] MMD improved (delta=+0.010356)
  SNR (proxy): 5.07 (mean_norm=0.0061, std_norm=0.0012)

[Step 5] Training Model 5...
  lambda_dual: 0.8750
Training has not converged after 400 steps
  Weighting: frank_wolfe alpha = 0.1250
  [Step 5/9] train_MMD=0.0028 alpha_opt=0.1250 oracle_top6_TVD=0.5960
  [WARNING] MMD worsened but kept (diagnostic, delta=-0.000061)
  SNR (proxy): 6.46 (mean_norm=0.0099, std_norm=0.0015)

[Step 6] Training Model 6...
  lambda_dual: 0.8929
Training has not converged after 400 steps
  Weighting: frank_wolfe alpha = 0.1071
  [Step 6/9] train_MMD=0.0044 alpha_opt=0.1071 oracle_top7_TVD=0.5872
  [WARNING] MMD worsened but kept (diagnostic, delta=-0.001526)
  SNR (proxy): 12.72 (mean_norm=0.0118, std_norm=0.0009)

[Step 7] Training Model 7...
  lambda_dual: 0.9062
Training has not converged after 400 steps
  Weighting: frank_wolfe alpha = 0.0937
  [Step 7/9] train_MMD=0.0027 alpha_opt=0.0937 oracle_top8_TVD=0.5784
  [OK] MMD improved (delta=+0.001699)
  SNR (proxy): 7.42 (mean_norm=0.0175, std_norm=0.0024)

[Step 8] Training Model 8...
  lambda_dual: 0.9167
Training has not converged after 400 steps
  Weighting: frank_wolfe alpha = 0.0833
  [Step 8/9] train_MMD=0.0018 alpha_opt=0.0833 oracle_top9_TVD=0.5697
  [OK] MMD improved (delta=+0.000817)
  SNR (proxy): 8.52 (mean_norm=0.0131, std_norm=0.0015)

[Step 9] Training Model 9...
  lambda_dual: 0.9250
Training has not converged after 400 steps
  Weighting: frank_wolfe alpha = 0.0750
  [Step 9/9] train_MMD=0.0015 alpha_opt=0.0750 oracle_top10_TVD=0.5609
  [OK] MMD improved (delta=+0.000324)
  SNR (proxy): 22.77 (mean_norm=0.0177, std_norm=0.0008)

Final: 10 models, MMD=0.0014 (delta=+0.0717) F1=nan

[FCFW] Computing Fully Corrective Frank-Wolfe weights for final ensemble...
  Weighting: fully corrective QP weights = [0.0653, 0.1438, 0.0983, 0.1013, 0.0602, 0.0933, 0.0889, 0.1309, 0.1588, 0.0593]
  FCFW Sampled MMD^2: 0.000239
  FCFW Sampled TVD:   0.2962

FINAL MODEL COMPARISON (inc. FCFW)
Model      | MMD        | TVD        | TVD*       | Valid      | Cover      | F1        
----------------------------------------------------------------------------------------
Baseline   | 0.0731     | n/a        | n/a        | n/a        | n/a        | n/a       
Ensemble   | 0.0014     | 0.319      | 0.230      | n/a        | n/a        | n/a       
Model 0    | 0.0686     | 0.912      | 0.819      | n/a        | n/a        | n/a       
Model 1    | 0.3188     | 0.822      | 0.778      | n/a        | n/a        | n/a       
Model 2    | 0.3724     | 0.826      | 0.783      | n/a        | n/a        | n/a       
Model 3    | 0.3628     | 0.844      | 0.814      | n/a        | n/a        | n/a       
Model 4    | 0.5602     | 0.839      | 0.806      | n/a        | n/a        | n/a       
Model 5    | 0.1034     | 0.819      | 0.734      | n/a        | n/a        | n/a       
Model 6    | 0.1970     | 0.836      | 0.786      | n/a        | n/a        | n/a       
Model 7    | 0.2119     | 0.815      | 0.749      | n/a        | n/a        | n/a       
Model 8    | 0.3083     | 0.824      | 0.763      | n/a        | n/a        | n/a       
Model 9    | 0.4431     | 0.849      | 0.828      | n/a        | n/a        | n/a       
Ensemble (FCFW) | 0.0002     | 0.296      | 0.175      | n/a        | n/a        | n/a       
Saving results to out/hpo/hopfield_20q_p2_b20_20260605_193022/trials/trial_0011/results.csv...
Experiment: Boosting on Hopfield (20q, 2p)
Configuration:
  train_samples: 1000
  data_seed: 42
  n_samples: 400
  n_models: 10
  learning_rate: 0.04403058594274689
  epochs_per_step: 400
  caching_level: none
  ensemble_samples_coeff: 1.0
  init_baseline: covariance
  init_later: random
  lambda_dual: 1.0
  lambda_schedule: {'type': 'frank_wolfe', 'gamma': 0.75, 'tau': 1.0}
  n_ops: 512
  weight_strategy: frank_wolfe
  alpha_n_grid: 11
  alpha_objective_weight: 0.5
  baseline: none
  shots: 1000
  final_eval_sampling: True
  dataset_metrics: True
  exact_metrics: {'enabled': True, 'max_qubits': 20, 'phases': {'baseline': True, 'steps': False, 'final': True, 'per_model': True, 'fcfw': True}}
  keep_models_for_diagnosis: True
  stop_on_reject: False
  save_circuit_artifacts: False
  rng_seed: 42
  circuit_config: {'topology': 'aachen_heavy_hex', 'distance': 2, 'max_weight': 2, 'n_ancilla': 0}
  turbo: 10
  dynamic_is_within_shell: shell_uniform
  exact_sampling: True
  acceptance_metric: training_mmd
  skip_sampling: True
  report_fcfw: True
  dynamic_is: True
  dynamic_is_beta: 0.019871766021939102
  sigma: [0.9259512558894568, 0.6613698566766043]
  require_exact_sampling: True
================================================================================
Saving config to out/hpo/hopfield_20q_p2_b20_20260605_193022/trials/trial_0012/config.json...
Gate structure: Qubits: 20
Aachen heavy-hex topology: 39 parameters
one_qubit=20, two_qubit=19
Using Gaussian Kernel (n_ops=512, n_qubits=20):
  - sigma=0.92595126
  - sigma=0.66136986
Expected sampled operator size:
  - p=4.418726, std=1.855389
  - p=6.811684, std=2.119371
  mean: 5.615205
  std: 2.323502
Baselines enabled: 

Training ensemble Model 0 (400 epochs)...
Training has not converged after 400 steps
Model 0 final loss: 0.073957
  [Step 0/9] train_MMD=0.0739 alpha_opt=1.0000 oracle_top1_TVD=0.9034

[Step 1] Training Model 1...
  lambda_dual: 0.6250
Training has not converged after 400 steps
  Weighting: frank_wolfe alpha = 0.3750
  [Step 1/9] train_MMD=0.0498 alpha_opt=0.3750 oracle_top2_TVD=0.8067
  [OK] MMD improved (delta=+0.024091)
  SNR (proxy): 12.39 (mean_norm=0.0872, std_norm=0.0070)

[Step 2] Training Model 2...
  lambda_dual: 0.7500
Training has not converged after 400 steps
  Weighting: frank_wolfe alpha = 0.2500
  [Step 2/9] train_MMD=0.0318 alpha_opt=0.2500 oracle_top3_TVD=0.7101
  [OK] MMD improved (delta=+0.017947)
  SNR (proxy): 18.16 (mean_norm=0.0619, std_norm=0.0034)

[Step 3] Training Model 3...
  lambda_dual: 0.8125
Training has not converged after 400 steps
  Weighting: frank_wolfe alpha = 0.1875
  [Step 3/9] train_MMD=0.0150 alpha_opt=0.1875 oracle_top4_TVD=0.6135
  [OK] MMD improved (delta=+0.016808)
  SNR (proxy): 9.99 (mean_norm=0.0318, std_norm=0.0032)

[Step 4] Training Model 4...
  lambda_dual: 0.8500
Training has not converged after 400 steps
  Weighting: frank_wolfe alpha = 0.1500
  [Step 4/9] train_MMD=0.0029 alpha_opt=0.1500 oracle_top5_TVD=0.6047
  [OK] MMD improved (delta=+0.012100)
  SNR (proxy): 5.90 (mean_norm=0.0077, std_norm=0.0013)

[Step 5] Training Model 5...
  lambda_dual: 0.8750
Training has not converged after 400 steps
  Weighting: frank_wolfe alpha = 0.1250
  [Step 5/9] train_MMD=0.0020 alpha_opt=0.1250 oracle_top6_TVD=0.5960
  [OK] MMD improved (delta=+0.000925)
  SNR (proxy): 8.99 (mean_norm=0.0147, std_norm=0.0016)

[Step 6] Training Model 6...
  lambda_dual: 0.8929
Training has not converged after 400 steps
  Weighting: frank_wolfe alpha = 0.1071
  [Step 6/9] train_MMD=0.0029 alpha_opt=0.1071 oracle_top7_TVD=0.5872
  [WARNING] MMD worsened but kept (diagnostic, delta=-0.000921)
  SNR (proxy): 10.14 (mean_norm=0.0117, std_norm=0.0012)

[Step 7] Training Model 7...
  lambda_dual: 0.9062
Training has not converged after 400 steps
  Weighting: frank_wolfe alpha = 0.0937
  [Step 7/9] train_MMD=0.0028 alpha_opt=0.0937 oracle_top8_TVD=0.5784
  [OK] MMD improved (delta=+0.000079)
  SNR (proxy): 7.90 (mean_norm=0.0145, std_norm=0.0018)

[Step 8] Training Model 8...
  lambda_dual: 0.9167
Training has not converged after 400 steps
  Weighting: frank_wolfe alpha = 0.0833
  [Step 8/9] train_MMD=0.0039 alpha_opt=0.0833 oracle_top9_TVD=0.5697
  [WARNING] MMD worsened but kept (diagnostic, delta=-0.001017)
  SNR (proxy): 34.10 (mean_norm=0.0301, std_norm=0.0009)

[Step 9] Training Model 9...
  lambda_dual: 0.9250
Training has not converged after 400 steps
  Weighting: frank_wolfe alpha = 0.0750
  [Step 9/9] train_MMD=0.0014 alpha_opt=0.0750 oracle_top10_TVD=0.5609
  [OK] MMD improved (delta=+0.002421)
  SNR (proxy): 10.68 (mean_norm=0.0061, std_norm=0.0006)

Final: 10 models, MMD=0.0015 (delta=+0.0723) F1=nan

[FCFW] Computing Fully Corrective Frank-Wolfe weights for final ensemble...
  Weighting: fully corrective QP weights = [0.1396, 0.0318, 0.1230, 0.1079, 0.0536, 0.1296, 0.1120, 0.0969, 0.0898, 0.1157]
  FCFW Sampled MMD^2: -0.000197
  FCFW Sampled TVD:   0.2914

FINAL MODEL COMPARISON (inc. FCFW)
Model      | MMD        | TVD        | TVD*       | Valid      | Cover      | F1        
----------------------------------------------------------------------------------------
Baseline   | 0.0739     | n/a        | n/a        | n/a        | n/a        | n/a       
Ensemble   | 0.0015     | 0.326      | 0.225      | n/a        | n/a        | n/a       
Model 0    | 0.0712     | 0.912      | 0.804      | n/a        | n/a        | n/a       
Model 1    | 0.2796     | 0.813      | 0.751      | n/a        | n/a        | n/a       
Model 2    | 0.4257     | 0.828      | 0.796      | n/a        | n/a        | n/a       
Model 3    | 0.4060     | 0.827      | 0.792      | n/a        | n/a        | n/a       
Model 4    | 0.6267     | 0.858      | 0.837      | n/a        | n/a        | n/a       
Model 5    | 0.1325     | 0.795      | 0.714      | n/a        | n/a        | n/a       
Model 6    | 0.1990     | 0.819      | 0.743      | n/a        | n/a        | n/a       
Model 7    | 0.1579     | 0.810      | 0.733      | n/a        | n/a        | n/a       
Model 8    | 0.7044     | 0.867      | 0.854      | n/a        | n/a        | n/a       
Model 9    | 0.4312     | 0.850      | 0.821      | n/a        | n/a        | n/a       
Ensemble (FCFW) | -0.0002    | 0.291      | 0.177      | n/a        | n/a        | n/a       
Saving results to out/hpo/hopfield_20q_p2_b20_20260605_193022/trials/trial_0012/results.csv...
Experiment: Boosting on Hopfield (20q, 2p)
Configuration:
  train_samples: 1000
  data_seed: 42
  n_samples: 400
  n_models: 10
  learning_rate: 0.02525371010647452
  epochs_per_step: 400
  caching_level: none
  ensemble_samples_coeff: 1.0
  init_baseline: covariance
  init_later: random
  lambda_dual: 1.0
  lambda_schedule: {'type': 'frank_wolfe', 'gamma': 0.75, 'tau': 1.0}
  n_ops: 512
  weight_strategy: frank_wolfe
  alpha_n_grid: 11
  alpha_objective_weight: 0.5
  baseline: none
  shots: 1000
  final_eval_sampling: True
  dataset_metrics: True
  exact_metrics: {'enabled': True, 'max_qubits': 20, 'phases': {'baseline': True, 'steps': False, 'final': True, 'per_model': True, 'fcfw': True}}
  keep_models_for_diagnosis: True
  stop_on_reject: False
  save_circuit_artifacts: False
  rng_seed: 42
  circuit_config: {'topology': 'aachen_heavy_hex', 'distance': 2, 'max_weight': 2, 'n_ancilla': 0}
  turbo: 10
  dynamic_is_within_shell: shell_uniform
  exact_sampling: True
  acceptance_metric: training_mmd
  skip_sampling: True
  report_fcfw: True
  dynamic_is: True
  dynamic_is_beta: 0.02163478266401641
  sigma: [0.8406132527372769, 0.5995224977317821]
  require_exact_sampling: True
================================================================================
Saving config to out/hpo/hopfield_20q_p2_b20_20260605_193022/trials/trial_0013/config.json...
Gate structure: Qubits: 20
Aachen heavy-hex topology: 39 parameters
one_qubit=20, two_qubit=19
Using Gaussian Kernel (n_ops=512, n_qubits=20):
  - sigma=0.84061325
  - sigma=0.59952250
Expected sampled operator size:
  - p=5.071662, std=1.945655
  - p=7.511991, std=2.165754
  mean: 6.291826
  std: 2.393080
Baselines enabled: 

Training ensemble Model 0 (400 epochs)...
Training has not converged after 400 steps
Model 0 final loss: 0.062525
  [Step 0/9] train_MMD=0.0608 alpha_opt=1.0000 oracle_top1_TVD=0.9034

[Step 1] Training Model 1...
  lambda_dual: 0.6250
Training has not converged after 400 steps
  Weighting: frank_wolfe alpha = 0.3750
  [Step 1/9] train_MMD=0.0432 alpha_opt=0.3750 oracle_top2_TVD=0.8067
  [OK] MMD improved (delta=+0.017647)
  SNR (proxy): 7.67 (mean_norm=0.0839, std_norm=0.0109)

[Step 2] Training Model 2...
  lambda_dual: 0.7500
Training has not converged after 400 steps
  Weighting: frank_wolfe alpha = 0.2500
  [Step 2/9] train_MMD=0.0290 alpha_opt=0.2500 oracle_top3_TVD=0.7101
  [OK] MMD improved (delta=+0.014146)
  SNR (proxy): 47.63 (mean_norm=0.0824, std_norm=0.0017)

[Step 3] Training Model 3...
  lambda_dual: 0.8125
Training has not converged after 400 steps
  Weighting: frank_wolfe alpha = 0.1875
  [Step 3/9] train_MMD=0.0122 alpha_opt=0.1875 oracle_top4_TVD=0.6135
  [OK] MMD improved (delta=+0.016797)
  SNR (proxy): 11.12 (mean_norm=0.0364, std_norm=0.0033)

[Step 4] Training Model 4...
  lambda_dual: 0.8500
Training has not converged after 400 steps
  Weighting: frank_wolfe alpha = 0.1500
  [Step 4/9] train_MMD=0.0030 alpha_opt=0.1500 oracle_top5_TVD=0.6047
  [OK] MMD improved (delta=+0.009268)
  SNR (proxy): 14.86 (mean_norm=0.0181, std_norm=0.0012)

[Step 5] Training Model 5...
  lambda_dual: 0.8750
Training has not converged after 400 steps
  Weighting: frank_wolfe alpha = 0.1250
  [Step 5/9] train_MMD=0.0015 alpha_opt=0.1250 oracle_top6_TVD=0.5960
  [OK] MMD improved (delta=+0.001459)
  SNR (proxy): 7.09 (mean_norm=0.0182, std_norm=0.0026)

[Step 6] Training Model 6...
  lambda_dual: 0.8929
Training has not converged after 400 steps
  Weighting: frank_wolfe alpha = 0.1071
  [Step 6/9] train_MMD=0.0027 alpha_opt=0.1071 oracle_top7_TVD=0.5872
  [WARNING] MMD worsened but kept (diagnostic, delta=-0.001240)
  SNR (proxy): 7.72 (mean_norm=0.0135, std_norm=0.0018)

[Step 7] Training Model 7...
  lambda_dual: 0.9062
Training has not converged after 400 steps
  Weighting: frank_wolfe alpha = 0.0937
  [Step 7/9] train_MMD=0.0015 alpha_opt=0.0937 oracle_top8_TVD=0.5784
  [OK] MMD improved (delta=+0.001211)
  SNR (proxy): 8.44 (mean_norm=0.0130, std_norm=0.0015)

[Step 8] Training Model 8...
  lambda_dual: 0.9167
Training has not converged after 400 steps
  Weighting: frank_wolfe alpha = 0.0833
  [Step 8/9] train_MMD=0.0023 alpha_opt=0.0833 oracle_top9_TVD=0.5697
  [WARNING] MMD worsened but kept (diagnostic, delta=-0.000805)
  SNR (proxy): 14.15 (mean_norm=0.0141, std_norm=0.0010)

[Step 9] Training Model 9...
  lambda_dual: 0.9250
Training has not converged after 400 steps
  Weighting: frank_wolfe alpha = 0.0750
  [Step 9/9] train_MMD=0.0008 alpha_opt=0.0750 oracle_top10_TVD=0.5609
  [OK] MMD improved (delta=+0.001543)
  SNR (proxy): 3.90 (mean_norm=0.0044, std_norm=0.0011)

Final: 10 models, MMD=0.0005 (delta=+0.0603) F1=nan

[FCFW] Computing Fully Corrective Frank-Wolfe weights for final ensemble...
  Weighting: fully corrective QP weights = [0.1456, 0.0465, 0.0981, 0.1075, 0.0600, 0.1100, 0.1222, 0.1061, 0.0919, 0.1121]
  FCFW Sampled MMD^2: -0.000437
  FCFW Sampled TVD:   0.2891

FINAL MODEL COMPARISON (inc. FCFW)
Model      | MMD        | TVD        | TVD*       | Valid      | Cover      | F1        
----------------------------------------------------------------------------------------
Baseline   | 0.0608     | n/a        | n/a        | n/a        | n/a        | n/a       
Ensemble   | 0.0005     | 0.306      | 0.214      | n/a        | n/a        | n/a       
Model 0    | 0.0632     | 0.905      | 0.783      | n/a        | n/a        | n/a       
Model 1    | 0.2050     | 0.825      | 0.755      | n/a        | n/a        | n/a       
Model 2    | 0.4515     | 0.838      | 0.798      | n/a        | n/a        | n/a       
Model 3    | 0.4138     | 0.827      | 0.796      | n/a        | n/a        | n/a       
Model 4    | 0.5990     | 0.858      | 0.834      | n/a        | n/a        | n/a       
Model 5    | 0.1741     | 0.822      | 0.731      | n/a        | n/a        | n/a       
Model 6    | 0.1898     | 0.819      | 0.755      | n/a        | n/a        | n/a       
Model 7    | 0.1646     | 0.806      | 0.748      | n/a        | n/a        | n/a       
Model 8    | 0.4965     | 0.837      | 0.794      | n/a        | n/a        | n/a       
Model 9    | 0.3871     | 0.839      | 0.812      | n/a        | n/a        | n/a       
Ensemble (FCFW) | -0.0004    | 0.289      | 0.186      | n/a        | n/a        | n/a       
Saving results to out/hpo/hopfield_20q_p2_b20_20260605_193022/trials/trial_0013/results.csv...
Experiment: Boosting on Hopfield (20q, 2p)
Configuration:
  train_samples: 1000
  data_seed: 42
  n_samples: 400
  n_models: 10
  learning_rate: 0.021714564901117145
  epochs_per_step: 400
  caching_level: none
  ensemble_samples_coeff: 1.0
  init_baseline: covariance
  init_later: random
  lambda_dual: 1.0
  lambda_schedule: {'type': 'frank_wolfe', 'gamma': 0.75, 'tau': 1.0}
  n_ops: 512
  weight_strategy: frank_wolfe
  alpha_n_grid: 11
  alpha_objective_weight: 0.5
  baseline: none
  shots: 1000
  final_eval_sampling: True
  dataset_metrics: True
  exact_metrics: {'enabled': True, 'max_qubits': 20, 'phases': {'baseline': True, 'steps': False, 'final': True, 'per_model': True, 'fcfw': True}}
  keep_models_for_diagnosis: True
  stop_on_reject: False
  save_circuit_artifacts: False
  rng_seed: 42
  circuit_config: {'topology': 'aachen_heavy_hex', 'distance': 2, 'max_weight': 2, 'n_ancilla': 0}
  turbo: 10
  dynamic_is_within_shell: shell_uniform
  exact_sampling: True
  acceptance_metric: training_mmd
  skip_sampling: True
  report_fcfw: True
  dynamic_is: True
  dynamic_is_beta: 0.02166914584542803
  sigma: [0.8032954830730689, 0.5113468553316773]
  require_exact_sampling: True
================================================================================
Saving config to out/hpo/hopfield_20q_p2_b20_20260605_193022/trials/trial_0014/config.json...
Gate structure: Qubits: 20
Aachen heavy-hex topology: 39 parameters
one_qubit=20, two_qubit=19
Using Gaussian Kernel (n_ops=512, n_qubits=20):
  - sigma=0.80329548
  - sigma=0.51134686
Expected sampled operator size:
  - p=5.392285, std=1.984552
  - p=8.522486, std=2.211526
  mean: 6.957386
  std: 2.619959
Baselines enabled: 

Training ensemble Model 0 (400 epochs)...
Training has not converged after 400 steps
Model 0 final loss: 0.053311
  [Step 0/9] train_MMD=0.0547 alpha_opt=1.0000 oracle_top1_TVD=0.9034

[Step 1] Training Model 1...
  lambda_dual: 0.6250
Training has not converged after 400 steps
  Weighting: frank_wolfe alpha = 0.3750
  [Step 1/9] train_MMD=0.0393 alpha_opt=0.3750 oracle_top2_TVD=0.8067
  [OK] MMD improved (delta=+0.015384)
  SNR (proxy): 7.36 (mean_norm=0.0763, std_norm=0.0104)

[Step 2] Training Model 2...
  lambda_dual: 0.7500
Training has not converged after 400 steps
  Weighting: frank_wolfe alpha = 0.2500
  [Step 2/9] train_MMD=0.0252 alpha_opt=0.2500 oracle_top3_TVD=0.7101
  [OK] MMD improved (delta=+0.014103)
  SNR (proxy): 23.56 (mean_norm=0.0734, std_norm=0.0031)

[Step 3] Training Model 3...
  lambda_dual: 0.8125
Training has not converged after 400 steps
  Weighting: frank_wolfe alpha = 0.1875
  [Step 3/9] train_MMD=0.0102 alpha_opt=0.1875 oracle_top4_TVD=0.6135
  [OK] MMD improved (delta=+0.015013)
  SNR (proxy): 5.97 (mean_norm=0.0243, std_norm=0.0041)

[Step 4] Training Model 4...
  lambda_dual: 0.8500
Training has not converged after 400 steps
  Weighting: frank_wolfe alpha = 0.1500
  [Step 4/9] train_MMD=0.0015 alpha_opt=0.1500 oracle_top5_TVD=0.6047
  [OK] MMD improved (delta=+0.008652)
  SNR (proxy): 5.46 (mean_norm=0.0091, std_norm=0.0017)

[Step 5] Training Model 5...
  lambda_dual: 0.8750
Training has not converged after 400 steps
  Weighting: frank_wolfe alpha = 0.1250
  [Step 5/9] train_MMD=0.0011 alpha_opt=0.1250 oracle_top6_TVD=0.5960
  [OK] MMD improved (delta=+0.000441)
  SNR (proxy): 3.35 (mean_norm=0.0101, std_norm=0.0030)

[Step 6] Training Model 6...
  lambda_dual: 0.8929
Training has not converged after 400 steps
  Weighting: frank_wolfe alpha = 0.1071
  [Step 6/9] train_MMD=0.0023 alpha_opt=0.1071 oracle_top7_TVD=0.5872
  [WARNING] MMD worsened but kept (diagnostic, delta=-0.001195)
  SNR (proxy): 7.42 (mean_norm=0.0152, std_norm=0.0021)

[Step 7] Training Model 7...
  lambda_dual: 0.9062
Training has not converged after 400 steps
  Weighting: frank_wolfe alpha = 0.0937
  [Step 7/9] train_MMD=0.0015 alpha_opt=0.0937 oracle_top8_TVD=0.5784
  [OK] MMD improved (delta=+0.000760)
  SNR (proxy): 5.03 (mean_norm=0.0134, std_norm=0.0027)

[Step 8] Training Model 8...
  lambda_dual: 0.9167
Training has not converged after 400 steps
  Weighting: frank_wolfe alpha = 0.0833
  [Step 8/9] train_MMD=0.0022 alpha_opt=0.0833 oracle_top9_TVD=0.5697
  [WARNING] MMD worsened but kept (diagnostic, delta=-0.000658)
  SNR (proxy): 10.47 (mean_norm=0.0212, std_norm=0.0020)

[Step 9] Training Model 9...
  lambda_dual: 0.9250
Training has not converged after 400 steps
  Weighting: frank_wolfe alpha = 0.0750
  [Step 9/9] train_MMD=0.0008 alpha_opt=0.0750 oracle_top10_TVD=0.5609
  [OK] MMD improved (delta=+0.001442)
  SNR (proxy): 7.22 (mean_norm=0.0079, std_norm=0.0011)

Final: 10 models, MMD=0.0006 (delta=+0.0541) F1=nan

[FCFW] Computing Fully Corrective Frank-Wolfe weights for final ensemble...
  Weighting: fully corrective QP weights = [0.1519, 0.0356, 0.1038, 0.1204, 0.1063, 0.1387, 0.1088, 0.0943, 0.0856, 0.0545]
  FCFW Sampled MMD^2: -0.000632
  FCFW Sampled TVD:   0.2803

FINAL MODEL COMPARISON (inc. FCFW)
Model      | MMD        | TVD        | TVD*       | Valid      | Cover      | F1        
----------------------------------------------------------------------------------------
Baseline   | 0.0547     | n/a        | n/a        | n/a        | n/a        | n/a       
Ensemble   | 0.0006     | 0.297      | 0.209      | n/a        | n/a        | n/a       
Model 0    | 0.0585     | 0.900      | 0.774      | n/a        | n/a        | n/a       
Model 1    | 0.2308     | 0.821      | 0.745      | n/a        | n/a        | n/a       
Model 2    | 0.4288     | 0.840      | 0.793      | n/a        | n/a        | n/a       
Model 3    | 0.3893     | 0.831      | 0.790      | n/a        | n/a        | n/a       
Model 4    | 0.5234     | 0.837      | 0.804      | n/a        | n/a        | n/a       
Model 5    | 0.1262     | 0.832      | 0.727      | n/a        | n/a        | n/a       
Model 6    | 0.1510     | 0.813      | 0.756      | n/a        | n/a        | n/a       
Model 7    | 0.1461     | 0.806      | 0.746      | n/a        | n/a        | n/a       
Model 8    | 0.4633     | 0.856      | 0.818      | n/a        | n/a        | n/a       
Model 9    | 0.4142     | 0.838      | 0.802      | n/a        | n/a        | n/a       
Ensemble (FCFW) | -0.0006    | 0.280      | 0.184      | n/a        | n/a        | n/a       
Saving results to out/hpo/hopfield_20q_p2_b20_20260605_193022/trials/trial_0014/results.csv...
Experiment: Boosting on Hopfield (20q, 2p)
Configuration:
  train_samples: 1000
  data_seed: 42
  n_samples: 400
  n_models: 10
  learning_rate: 0.022398116041653957
  epochs_per_step: 400
  caching_level: none
  ensemble_samples_coeff: 1.0
  init_baseline: covariance
  init_later: random
  lambda_dual: 1.0
  lambda_schedule: {'type': 'frank_wolfe', 'gamma': 0.25, 'tau': 1.0}
  n_ops: 512
  weight_strategy: frank_wolfe
  alpha_n_grid: 11
  alpha_objective_weight: 0.5
  baseline: none
  shots: 1000
  final_eval_sampling: True
  dataset_metrics: True
  exact_metrics: {'enabled': True, 'max_qubits': 20, 'phases': {'baseline': True, 'steps': False, 'final': True, 'per_model': True, 'fcfw': True}}
  keep_models_for_diagnosis: True
  stop_on_reject: False
  save_circuit_artifacts: False
  rng_seed: 42
  circuit_config: {'topology': 'aachen_heavy_hex', 'distance': 2, 'max_weight': 2, 'n_ancilla': 0}
  turbo: 10
  dynamic_is_within_shell: shell_uniform
  exact_sampling: True
  acceptance_metric: training_mmd
  skip_sampling: True
  report_fcfw: True
  dynamic_is: True
  dynamic_is_beta: 0.02348332687319343
  sigma: [0.5437166046951144, 0.3540092547621647]
  require_exact_sampling: True
================================================================================
Saving config to out/hpo/hopfield_20q_p2_b20_20260605_193022/trials/trial_0015/config.json...
Gate structure: Qubits: 20
Aachen heavy-hex topology: 39 parameters
one_qubit=20, two_qubit=19
Using Gaussian Kernel (n_ops=512, n_qubits=20):
  - sigma=0.54371660
  - sigma=0.35400925
Expected sampled operator size:
  - p=8.157232, std=2.197774
  - p=9.814948, std=2.235685
  mean: 8.986090
  std: 2.366697
Baselines enabled: 

Training ensemble Model 0 (400 epochs)...
Training has not converged after 400 steps
Model 0 final loss: 0.038555
  [Step 0/9] train_MMD=0.0360 alpha_opt=1.0000 oracle_top1_TVD=0.9034

[Step 1] Training Model 1...
  lambda_dual: 0.8750
Training has not converged after 400 steps
  Weighting: frank_wolfe alpha = 0.1250
  [Step 1/9] train_MMD=0.0248 alpha_opt=0.1250 oracle_top2_TVD=0.8067
  [OK] MMD improved (delta=+0.011177)
  SNR (proxy): 17.76 (mean_norm=0.0000, std_norm=0.0000)

[Step 2] Training Model 2...
  lambda_dual: 0.9167
Training has not converged after 400 steps
  Weighting: frank_wolfe alpha = 0.0833
  [Step 2/9] train_MMD=0.0197 alpha_opt=0.0833 oracle_top3_TVD=0.7101
  [OK] MMD improved (delta=+0.005149)
  SNR (proxy): 6.19 (mean_norm=0.0000, std_norm=0.0000)

[Step 3] Training Model 3...
  lambda_dual: 0.9375
Training has not converged after 400 steps
  Weighting: frank_wolfe alpha = 0.0625
  [Step 3/9] train_MMD=0.0172 alpha_opt=0.0625 oracle_top4_TVD=0.6135
  [OK] MMD improved (delta=+0.002497)
  SNR (proxy): 13.04 (mean_norm=0.0225, std_norm=0.0017)

[Step 4] Training Model 4...
  lambda_dual: 0.9500
Training has not converged after 400 steps
  Weighting: frank_wolfe alpha = 0.0500
  [Step 4/9] train_MMD=0.0093 alpha_opt=0.0500 oracle_top5_TVD=0.6047
  [OK] MMD improved (delta=+0.007885)
  SNR (proxy): 16.59 (mean_norm=0.0000, std_norm=0.0000)

[Step 5] Training Model 5...
  lambda_dual: 0.9583
Training has not converged after 400 steps
  Weighting: frank_wolfe alpha = 0.0417
  [Step 5/9] train_MMD=0.0097 alpha_opt=0.0417 oracle_top6_TVD=0.5960
  [WARNING] MMD worsened but kept (diagnostic, delta=-0.000426)
  SNR (proxy): 9.26 (mean_norm=0.0120, std_norm=0.0013)

[Step 6] Training Model 6...
  lambda_dual: 0.9643
Training has not converged after 400 steps
  Weighting: frank_wolfe alpha = 0.0357
  [Step 6/9] train_MMD=0.0098 alpha_opt=0.0357 oracle_top7_TVD=0.5872
  [WARNING] MMD worsened but kept (diagnostic, delta=-0.000142)
  SNR (proxy): 6.55 (mean_norm=0.0103, std_norm=0.0016)

[Step 7] Training Model 7...
  lambda_dual: 0.9688
Training has not converged after 400 steps
  Weighting: frank_wolfe alpha = 0.0312
  [Step 7/9] train_MMD=0.0110 alpha_opt=0.0312 oracle_top8_TVD=0.5784
  [WARNING] MMD worsened but kept (diagnostic, delta=-0.001186)
  SNR (proxy): 27.42 (mean_norm=0.0152, std_norm=0.0006)

[Step 8] Training Model 8...
  lambda_dual: 0.9722
Training has not converged after 400 steps
  Weighting: frank_wolfe alpha = 0.0278
  [Step 8/9] train_MMD=0.0106 alpha_opt=0.0278 oracle_top9_TVD=0.5697
  [OK] MMD improved (delta=+0.000420)
  SNR (proxy): 14.80 (mean_norm=0.0177, std_norm=0.0012)

[Step 9] Training Model 9...
  lambda_dual: 0.9750
Training has not converged after 400 steps
  Weighting: frank_wolfe alpha = 0.0250
  [Step 9/9] train_MMD=0.0072 alpha_opt=0.0250 oracle_top10_TVD=0.5609
  [OK] MMD improved (delta=+0.003409)
  SNR (proxy): 18.73 (mean_norm=0.0169, std_norm=0.0009)

Final: 10 models, MMD=0.0109 (delta=+0.0251) F1=nan

[FCFW] Computing Fully Corrective Frank-Wolfe weights for final ensemble...
  Weighting: fully corrective QP weights = [0.6374, 0.0658, 0.0658, 0.0540, 0.1095, 0.0000, 0.0000, 0.0000, 0.0480, 0.0196]
  FCFW Sampled MMD^2: 0.003906
  FCFW Sampled TVD:   0.5464

FINAL MODEL COMPARISON (inc. FCFW)
Model      | MMD        | TVD        | TVD*       | Valid      | Cover      | F1        
----------------------------------------------------------------------------------------
Baseline   | 0.0360     | n/a        | n/a        | n/a        | n/a        | n/a       
Ensemble   | 0.0109     | 0.618      | 0.552      | n/a        | n/a        | n/a       
Model 0    | 0.0379     | 0.842      | 0.786      | n/a        | n/a        | n/a       
Model 1    | 0.8436     | 0.903      | 0.903      | n/a        | n/a        | n/a       
Model 2    | 0.8442     | 0.903      | 0.903      | n/a        | n/a        | n/a       
Model 3    | 0.1138     | 0.824      | 0.775      | n/a        | n/a        | n/a       
Model 4    | 0.8166     | 0.903      | 0.903      | n/a        | n/a        | n/a       
Model 5    | 0.0474     | 1.000      | 0.986      | n/a        | n/a        | n/a       
Model 6    | 0.0475     | 1.000      | 0.997      | n/a        | n/a        | n/a       
Model 7    | 0.0472     | 1.000      | 0.992      | n/a        | n/a        | n/a       
Model 8    | 0.5027     | 0.884      | 0.870      | n/a        | n/a        | n/a       
Model 9    | 0.2525     | 0.863      | 0.834      | n/a        | n/a        | n/a       
Ensemble (FCFW) | 0.0039     | 0.546      | 0.486      | n/a        | n/a        | n/a       
Saving results to out/hpo/hopfield_20q_p2_b20_20260605_193022/trials/trial_0015/results.csv...
Experiment: Boosting on Hopfield (20q, 2p)
Configuration:
  train_samples: 1000
  data_seed: 42
  n_samples: 400
  n_models: 10
  learning_rate: 0.021136554655315935
  epochs_per_step: 400
  caching_level: none
  ensemble_samples_coeff: 1.0
  init_baseline: covariance
  init_later: random
  lambda_dual: 1.0
  lambda_schedule: {'type': 'frank_wolfe', 'gamma': 0.75, 'tau': 1.0}
  n_ops: 512
  weight_strategy: frank_wolfe
  alpha_n_grid: 11
  alpha_objective_weight: 0.5
  baseline: none
  shots: 1000
  final_eval_sampling: True
  dataset_metrics: True
  exact_metrics: {'enabled': True, 'max_qubits': 20, 'phases': {'baseline': True, 'steps': False, 'final': True, 'per_model': True, 'fcfw': True}}
  keep_models_for_diagnosis: True
  stop_on_reject: False
  save_circuit_artifacts: False
  rng_seed: 42
  circuit_config: {'topology': 'aachen_heavy_hex', 'distance': 2, 'max_weight': 2, 'n_ancilla': 0}
  turbo: 10
  dynamic_is_within_shell: shell_uniform
  exact_sampling: True
  acceptance_metric: training_mmd
  skip_sampling: True
  report_fcfw: True
  dynamic_is: True
  dynamic_is_beta: 0.026118555991798582
  sigma: [0.9027673143385362, 0.559513806645919]
  require_exact_sampling: True
================================================================================
Saving config to out/hpo/hopfield_20q_p2_b20_20260605_193022/trials/trial_0016/config.json...
Gate structure: Qubits: 20
Aachen heavy-hex topology: 39 parameters
one_qubit=20, two_qubit=19
Using Gaussian Kernel (n_ops=512, n_qubits=20):
  - sigma=0.90276731
  - sigma=0.55951381
Expected sampled operator size:
  - p=4.585504, std=1.879937
  - p=7.975293, std=2.189755
  mean: 6.280398
  std: 2.652784
Baselines enabled: 

Training ensemble Model 0 (400 epochs)...
Training has not converged after 400 steps
Model 0 final loss: 0.066239
  [Step 0/9] train_MMD=0.0626 alpha_opt=1.0000 oracle_top1_TVD=0.9034

[Step 1] Training Model 1...
  lambda_dual: 0.6250
Training has not converged after 400 steps
  Weighting: frank_wolfe alpha = 0.3750
  [Step 1/9] train_MMD=0.0454 alpha_opt=0.3750 oracle_top2_TVD=0.8067
  [OK] MMD improved (delta=+0.017203)
  SNR (proxy): 7.13 (mean_norm=0.0809, std_norm=0.0113)

[Step 2] Training Model 2...
  lambda_dual: 0.7500
Training has not converged after 400 steps
  Weighting: frank_wolfe alpha = 0.2500
  [Step 2/9] train_MMD=0.0295 alpha_opt=0.2500 oracle_top3_TVD=0.7101
  [OK] MMD improved (delta=+0.015875)
  SNR (proxy): 27.74 (mean_norm=0.0764, std_norm=0.0028)

[Step 3] Training Model 3...
  lambda_dual: 0.8125
Training has not converged after 400 steps
  Weighting: frank_wolfe alpha = 0.1875
  [Step 3/9] train_MMD=0.0124 alpha_opt=0.1875 oracle_top4_TVD=0.6135
  [OK] MMD improved (delta=+0.017083)
  SNR (proxy): 11.34 (mean_norm=0.0339, std_norm=0.0030)

[Step 4] Training Model 4...
  lambda_dual: 0.8500
Training has not converged after 400 steps
  Weighting: frank_wolfe alpha = 0.1500
  [Step 4/9] train_MMD=0.0025 alpha_opt=0.1500 oracle_top5_TVD=0.6047
  [OK] MMD improved (delta=+0.009878)
  SNR (proxy): 12.80 (mean_norm=0.0137, std_norm=0.0011)

[Step 5] Training Model 5...
  lambda_dual: 0.8750
Training has not converged after 400 steps
  Weighting: frank_wolfe alpha = 0.1250
  [Step 5/9] train_MMD=0.0017 alpha_opt=0.1250 oracle_top6_TVD=0.5960
  [OK] MMD improved (delta=+0.000859)
  SNR (proxy): 4.34 (mean_norm=0.0114, std_norm=0.0026)

[Step 6] Training Model 6...
  lambda_dual: 0.8929
Training has not converged after 400 steps
  Weighting: frank_wolfe alpha = 0.1071
  [Step 6/9] train_MMD=0.0023 alpha_opt=0.1071 oracle_top7_TVD=0.5872
  [WARNING] MMD worsened but kept (diagnostic, delta=-0.000676)
  SNR (proxy): 11.76 (mean_norm=0.0140, std_norm=0.0012)

[Step 7] Training Model 7...
  lambda_dual: 0.9062
Training has not converged after 400 steps
  Weighting: frank_wolfe alpha = 0.0937
  [Step 7/9] train_MMD=0.0019 alpha_opt=0.0937 oracle_top8_TVD=0.5784
  [OK] MMD improved (delta=+0.000424)
  SNR (proxy): 8.72 (mean_norm=0.0144, std_norm=0.0017)

[Step 8] Training Model 8...
  lambda_dual: 0.9167
Training has not converged after 400 steps
  Weighting: frank_wolfe alpha = 0.0833
  [Step 8/9] train_MMD=0.0030 alpha_opt=0.0833 oracle_top9_TVD=0.5697
  [WARNING] MMD worsened but kept (diagnostic, delta=-0.001132)
  SNR (proxy): 18.24 (mean_norm=0.0214, std_norm=0.0012)

[Step 9] Training Model 9...
  lambda_dual: 0.9250
Training has not converged after 400 steps
  Weighting: frank_wolfe alpha = 0.0750
  [Step 9/9] train_MMD=0.0014 alpha_opt=0.0750 oracle_top10_TVD=0.5609
  [OK] MMD improved (delta=+0.001679)
  SNR (proxy): 5.99 (mean_norm=0.0064, std_norm=0.0011)

Final: 10 models, MMD=0.0010 (delta=+0.0616) F1=nan

[FCFW] Computing Fully Corrective Frank-Wolfe weights for final ensemble...
  Weighting: fully corrective QP weights = [0.1504, 0.0505, 0.1169, 0.1224, 0.0517, 0.1243, 0.0866, 0.1097, 0.0717, 0.1158]
  FCFW Sampled MMD^2: -0.000115
  FCFW Sampled TVD:   0.2928

FINAL MODEL COMPARISON (inc. FCFW)
Model      | MMD        | TVD        | TVD*       | Valid      | Cover      | F1        
----------------------------------------------------------------------------------------
Baseline   | 0.0626     | n/a        | n/a        | n/a        | n/a        | n/a       
Ensemble   | 0.0010     | 0.323      | 0.220      | n/a        | n/a        | n/a       
Model 0    | 0.0669     | 0.930      | 0.801      | n/a        | n/a        | n/a       
Model 1    | 0.2223     | 0.813      | 0.740      | n/a        | n/a        | n/a       
Model 2    | 0.4164     | 0.838      | 0.794      | n/a        | n/a        | n/a       
Model 3    | 0.3806     | 0.827      | 0.792      | n/a        | n/a        | n/a       
Model 4    | 0.5934     | 0.860      | 0.841      | n/a        | n/a        | n/a       
Model 5    | 0.1589     | 0.829      | 0.731      | n/a        | n/a        | n/a       
Model 6    | 0.2200     | 0.818      | 0.760      | n/a        | n/a        | n/a       
Model 7    | 0.1460     | 0.800      | 0.735      | n/a        | n/a        | n/a       
Model 8    | 0.5601     | 0.845      | 0.815      | n/a        | n/a        | n/a       
Model 9    | 0.3921     | 0.847      | 0.814      | n/a        | n/a        | n/a       
Ensemble (FCFW) | -0.0001    | 0.293      | 0.185      | n/a        | n/a        | n/a       
Saving results to out/hpo/hopfield_20q_p2_b20_20260605_193022/trials/trial_0016/results.csv...
Experiment: Boosting on Hopfield (20q, 2p)
Configuration:
  train_samples: 1000
  data_seed: 42
  n_samples: 400
  n_models: 10
  learning_rate: 0.020026954210179
  epochs_per_step: 400
  caching_level: none
  ensemble_samples_coeff: 1.0
  init_baseline: covariance
  init_later: random
  lambda_dual: 1.0
  lambda_schedule: {'type': 'frank_wolfe', 'gamma': 0.75, 'tau': 1.0}
  n_ops: 512
  weight_strategy: frank_wolfe
  alpha_n_grid: 11
  alpha_objective_weight: 0.5
  baseline: none
  shots: 1000
  final_eval_sampling: True
  dataset_metrics: True
  exact_metrics: {'enabled': True, 'max_qubits': 20, 'phases': {'baseline': True, 'steps': False, 'final': True, 'per_model': True, 'fcfw': True}}
  keep_models_for_diagnosis: True
  stop_on_reject: False
  save_circuit_artifacts: False
  rng_seed: 42
  circuit_config: {'topology': 'aachen_heavy_hex', 'distance': 2, 'max_weight': 2, 'n_ancilla': 0}
  turbo: 10
  dynamic_is_within_shell: shell_uniform
  exact_sampling: True
  acceptance_metric: training_mmd
  skip_sampling: True
  report_fcfw: True
  dynamic_is: True
  dynamic_is_beta: 0.016659230215533456
  sigma: [0.8918834921341354, 0.5706593811012564]
  require_exact_sampling: True
================================================================================
Saving config to out/hpo/hopfield_20q_p2_b20_20260605_193022/trials/trial_0017/config.json...
Gate structure: Qubits: 20
Aachen heavy-hex topology: 39 parameters
one_qubit=20, two_qubit=19
Using Gaussian Kernel (n_ops=512, n_qubits=20):
  - sigma=0.89188349
  - sigma=0.57065938
Expected sampled operator size:
  - p=4.666461, std=1.891473
  - p=7.846263, std=2.183591
  mean: 6.256362
  std: 2.588562
Baselines enabled: 

Training ensemble Model 0 (400 epochs)...
Training has not converged after 400 steps
Model 0 final loss: 0.066278
  [Step 0/9] train_MMD=0.0613 alpha_opt=1.0000 oracle_top1_TVD=0.9034

[Step 1] Training Model 1...
  lambda_dual: 0.6250
Training has not converged after 400 steps
  Weighting: frank_wolfe alpha = 0.3750
  [Step 1/9] train_MMD=0.0470 alpha_opt=0.3750 oracle_top2_TVD=0.8067
  [OK] MMD improved (delta=+0.014225)
  SNR (proxy): 6.11 (mean_norm=0.0602, std_norm=0.0099)

[Step 2] Training Model 2...
  lambda_dual: 0.7500
Training has not converged after 400 steps
  Weighting: frank_wolfe alpha = 0.2500
  [Step 2/9] train_MMD=0.0285 alpha_opt=0.2500 oracle_top3_TVD=0.7101
  [OK] MMD improved (delta=+0.018576)
  SNR (proxy): 22.22 (mean_norm=0.0681, std_norm=0.0031)

[Step 3] Training Model 3...
  lambda_dual: 0.8125
Training has not converged after 400 steps
  Weighting: frank_wolfe alpha = 0.1875
  [Step 3/9] train_MMD=0.0115 alpha_opt=0.1875 oracle_top4_TVD=0.6135
  [OK] MMD improved (delta=+0.016942)
  SNR (proxy): 6.97 (mean_norm=0.0266, std_norm=0.0038)

[Step 4] Training Model 4...
  lambda_dual: 0.8500
Training has not converged after 400 steps
  Weighting: frank_wolfe alpha = 0.1500
  [Step 4/9] train_MMD=0.0021 alpha_opt=0.1500 oracle_top5_TVD=0.6047
  [OK] MMD improved (delta=+0.009446)
  SNR (proxy): 5.31 (mean_norm=0.0081, std_norm=0.0015)

[Step 5] Training Model 5...
  lambda_dual: 0.8750
Training has not converged after 400 steps
  Weighting: frank_wolfe alpha = 0.1250
  [Step 5/9] train_MMD=0.0020 alpha_opt=0.1250 oracle_top6_TVD=0.5960
  [OK] MMD improved (delta=+0.000063)
  SNR (proxy): 5.40 (mean_norm=0.0119, std_norm=0.0022)

[Step 6] Training Model 6...
  lambda_dual: 0.8929
Training has not converged after 400 steps
  Weighting: frank_wolfe alpha = 0.1071
  [Step 6/9] train_MMD=0.0027 alpha_opt=0.1071 oracle_top7_TVD=0.5872
  [WARNING] MMD worsened but kept (diagnostic, delta=-0.000728)
  SNR (proxy): 8.08 (mean_norm=0.0216, std_norm=0.0027)

[Step 7] Training Model 7...
  lambda_dual: 0.9062
Training has not converged after 400 steps
  Weighting: frank_wolfe alpha = 0.0937
  [Step 7/9] train_MMD=0.0023 alpha_opt=0.0937 oracle_top8_TVD=0.5784
  [OK] MMD improved (delta=+0.000430)
  SNR (proxy): 4.97 (mean_norm=0.0131, std_norm=0.0026)

[Step 8] Training Model 8...
  lambda_dual: 0.9167
Training has not converged after 400 steps
  Weighting: frank_wolfe alpha = 0.0833
  [Step 8/9] train_MMD=0.0034 alpha_opt=0.0833 oracle_top9_TVD=0.5697
  [WARNING] MMD worsened but kept (diagnostic, delta=-0.001074)
  SNR (proxy): 77.07 (mean_norm=0.0247, std_norm=0.0003)

[Step 9] Training Model 9...
  lambda_dual: 0.9250
Training has not converged after 400 steps
  Weighting: frank_wolfe alpha = 0.0750
  [Step 9/9] train_MMD=0.0014 alpha_opt=0.0750 oracle_top10_TVD=0.5609
  [OK] MMD improved (delta=+0.002015)
  SNR (proxy): 20.17 (mean_norm=0.0090, std_norm=0.0004)

Final: 10 models, MMD=0.0012 (delta=+0.0600) F1=nan

[FCFW] Computing Fully Corrective Frank-Wolfe weights for final ensemble...
  Weighting: fully corrective QP weights = [0.1720, 0.0000, 0.1269, 0.1118, 0.1092, 0.1662, 0.0924, 0.0864, 0.0886, 0.0466]
  FCFW Sampled MMD^2: -0.000500
  FCFW Sampled TVD:   0.2980

FINAL MODEL COMPARISON (inc. FCFW)
Model      | MMD        | TVD        | TVD*       | Valid      | Cover      | F1        
----------------------------------------------------------------------------------------
Baseline   | 0.0613     | n/a        | n/a        | n/a        | n/a        | n/a       
Ensemble   | 0.0012     | 0.318      | 0.221      | n/a        | n/a        | n/a       
Model 0    | 0.0660     | 0.920      | 0.797      | n/a        | n/a        | n/a       
Model 1    | 0.2453     | 0.811      | 0.746      | n/a        | n/a        | n/a       
Model 2    | 0.3709     | 0.827      | 0.790      | n/a        | n/a        | n/a       
Model 3    | 0.3608     | 0.827      | 0.786      | n/a        | n/a        | n/a       
Model 4    | 0.5737     | 0.858      | 0.833      | n/a        | n/a        | n/a       
Model 5    | 0.1337     | 0.810      | 0.716      | n/a        | n/a        | n/a       
Model 6    | 0.2618     | 0.819      | 0.767      | n/a        | n/a        | n/a       
Model 7    | 0.1550     | 0.810      | 0.748      | n/a        | n/a        | n/a       
Model 8    | 0.6914     | 0.868      | 0.853      | n/a        | n/a        | n/a       
Model 9    | 0.5155     | 0.849      | 0.831      | n/a        | n/a        | n/a       
Ensemble (FCFW) | -0.0005    | 0.298      | 0.188      | n/a        | n/a        | n/a       
Saving results to out/hpo/hopfield_20q_p2_b20_20260605_193022/trials/trial_0017/results.csv...
Experiment: Boosting on Hopfield (20q, 2p)
Configuration:
  train_samples: 1000
  data_seed: 42
  n_samples: 400
  n_models: 10
  learning_rate: 0.0274100396397404
  epochs_per_step: 400
  caching_level: none
  ensemble_samples_coeff: 1.0
  init_baseline: covariance
  init_later: random
  lambda_dual: 1.0
  lambda_schedule: {'type': 'frank_wolfe', 'gamma': 0.75, 'tau': 1.0}
  n_ops: 2048
  weight_strategy: frank_wolfe
  alpha_n_grid: 11
  alpha_objective_weight: 0.5
  baseline: none
  shots: 1000
  final_eval_sampling: True
  dataset_metrics: True
  exact_metrics: {'enabled': True, 'max_qubits': 20, 'phases': {'baseline': True, 'steps': False, 'final': True, 'per_model': True, 'fcfw': True}}
  keep_models_for_diagnosis: True
  stop_on_reject: False
  save_circuit_artifacts: False
  rng_seed: 42
  circuit_config: {'topology': 'aachen_heavy_hex', 'distance': 2, 'max_weight': 2, 'n_ancilla': 0}
  turbo: 10
  dynamic_is_within_shell: shell_uniform
  exact_sampling: True
  acceptance_metric: training_mmd
  skip_sampling: True
  report_fcfw: True
  dynamic_is: True
  dynamic_is_beta: 0.030025705462999097
  sigma: [0.6350605611350173, 0.3420283288422802]
  require_exact_sampling: True
================================================================================
Saving config to out/hpo/hopfield_20q_p2_b20_20260605_193022/trials/trial_0018/config.json...
Gate structure: Qubits: 20
Aachen heavy-hex topology: 39 parameters
one_qubit=20, two_qubit=19
Using Gaussian Kernel (n_ops=2048, n_qubits=20):
  - sigma=0.63506056
  - sigma=0.34202833
Expected sampled operator size:
  - p=7.105481, std=2.140348
  - p=9.860756, std=2.235851
  mean: 8.483118
  std: 2.586106
Baselines enabled: 

Training ensemble Model 0 (400 epochs)...
Training has not converged after 400 steps
Model 0 final loss: 0.038693
  [Step 0/9] train_MMD=0.0398 alpha_opt=1.0000 oracle_top1_TVD=0.9034

[Step 1] Training Model 1...
  lambda_dual: 0.6250
Training has not converged after 400 steps
  Weighting: frank_wolfe alpha = 0.3750
  [Step 1/9] train_MMD=0.0328 alpha_opt=0.3750 oracle_top2_TVD=0.8067
  [OK] MMD improved (delta=+0.006981)
  SNR (proxy): 7.25 (mean_norm=0.0943, std_norm=0.0130)

[Step 2] Training Model 2...
  lambda_dual: 0.7500
Training has not converged after 400 steps
  Weighting: frank_wolfe alpha = 0.2500
  [Step 2/9] train_MMD=0.0180 alpha_opt=0.2500 oracle_top3_TVD=0.7101
  [OK] MMD improved (delta=+0.014750)
  SNR (proxy): 2.80 (mean_norm=0.0213, std_norm=0.0076)

[Step 3] Training Model 3...
  lambda_dual: 0.8125
Training has not converged after 400 steps
  Weighting: frank_wolfe alpha = 0.1875
  [Step 3/9] train_MMD=0.0069 alpha_opt=0.1875 oracle_top4_TVD=0.6135
  [OK] MMD improved (delta=+0.011098)
  SNR (proxy): 1.43 (mean_norm=0.0115, std_norm=0.0080)

[Step 4] Training Model 4...
  lambda_dual: 0.8500
Training has not converged after 400 steps
  Weighting: frank_wolfe alpha = 0.1500
  [Step 4/9] train_MMD=0.0027 alpha_opt=0.1500 oracle_top5_TVD=0.6047
  [OK] MMD improved (delta=+0.004269)
  SNR (proxy): 11.48 (mean_norm=0.0276, std_norm=0.0024)

[Step 5] Training Model 5...
  lambda_dual: 0.8750
Training has not converged after 400 steps
  Weighting: frank_wolfe alpha = 0.1250
  [Step 5/9] train_MMD=0.0018 alpha_opt=0.1250 oracle_top6_TVD=0.5960
  [OK] MMD improved (delta=+0.000840)
  SNR (proxy): 2.16 (mean_norm=0.0065, std_norm=0.0030)

[Step 6] Training Model 6...
  lambda_dual: 0.8929
Training has not converged after 400 steps
  Weighting: frank_wolfe alpha = 0.1071
  [Step 6/9] train_MMD=0.0021 alpha_opt=0.1071 oracle_top7_TVD=0.5872
  [WARNING] MMD worsened but kept (diagnostic, delta=-0.000231)
  SNR (proxy): 7.41 (mean_norm=0.0280, std_norm=0.0038)

[Step 7] Training Model 7...
  lambda_dual: 0.9062
Training has not converged after 400 steps
  Weighting: frank_wolfe alpha = 0.0937
  [Step 7/9] train_MMD=0.0007 alpha_opt=0.0937 oracle_top8_TVD=0.5784
  [OK] MMD improved (delta=+0.001329)
  SNR (proxy): 2.33 (mean_norm=0.0093, std_norm=0.0040)

[Step 8] Training Model 8...
  lambda_dual: 0.9167
Training has not converged after 400 steps
  Weighting: frank_wolfe alpha = 0.0833
  [Step 8/9] train_MMD=0.0009 alpha_opt=0.0833 oracle_top9_TVD=0.5697
  [WARNING] MMD worsened but kept (diagnostic, delta=-0.000219)
  SNR (proxy): 8.45 (mean_norm=0.0108, std_norm=0.0013)

[Step 9] Training Model 9...
  lambda_dual: 0.9250
Training has not converged after 400 steps
  Weighting: frank_wolfe alpha = 0.0750
  [Step 9/9] train_MMD=0.0013 alpha_opt=0.0750 oracle_top10_TVD=0.5609
  [WARNING] MMD worsened but kept (diagnostic, delta=-0.000331)
  SNR (proxy): 12.19 (mean_norm=0.0048, std_norm=0.0004)

Final: 10 models, MMD=0.0010 (delta=+0.0387) F1=nan

[FCFW] Computing Fully Corrective Frank-Wolfe weights for final ensemble...
  Weighting: fully corrective QP weights = [0.1365, 0.1329, 0.0504, 0.1167, 0.1468, 0.1229, 0.0704, 0.0919, 0.0728, 0.0587]
  FCFW Sampled MMD^2: 0.000152
  FCFW Sampled TVD:   0.3215

FINAL MODEL COMPARISON (inc. FCFW)
Model      | MMD        | TVD        | TVD*       | Valid      | Cover      | F1        
----------------------------------------------------------------------------------------
Baseline   | 0.0398     | n/a        | n/a        | n/a        | n/a        | n/a       
Ensemble   | 0.0010     | 0.332      | 0.252      | n/a        | n/a        | n/a       
Model 0    | 0.0383     | 0.850      | 0.776      | n/a        | n/a        | n/a       
Model 1    | 0.2346     | 0.827      | 0.760      | n/a        | n/a        | n/a       
Model 2    | 0.2107     | 0.815      | 0.745      | n/a        | n/a        | n/a       
Model 3    | 0.2336     | 0.818      | 0.776      | n/a        | n/a        | n/a       
Model 4    | 0.4986     | 0.840      | 0.806      | n/a        | n/a        | n/a       
Model 5    | 0.1502     | 0.836      | 0.766      | n/a        | n/a        | n/a       
Model 6    | 0.2906     | 0.838      | 0.784      | n/a        | n/a        | n/a       
Model 7    | 0.1658     | 0.828      | 0.765      | n/a        | n/a        | n/a       
Model 8    | 0.2400     | 0.827      | 0.769      | n/a        | n/a        | n/a       
Model 9    | 0.0568     | 0.963      | 0.848      | n/a        | n/a        | n/a       
Ensemble (FCFW) | 0.0002     | 0.321      | 0.222      | n/a        | n/a        | n/a       
Saving results to out/hpo/hopfield_20q_p2_b20_20260605_193022/trials/trial_0018/results.csv...
Experiment: Boosting on Hopfield (20q, 2p)
Configuration:
  train_samples: 1000
  data_seed: 42
  n_samples: 400
  n_models: 10
  learning_rate: 0.007123498417990446
  epochs_per_step: 400
  caching_level: none
  ensemble_samples_coeff: 1.0
  init_baseline: covariance
  init_later: random
  lambda_dual: 1.0
  lambda_schedule: {'type': 'frank_wolfe', 'gamma': 0.25, 'tau': 1.0}
  n_ops: 1024
  weight_strategy: frank_wolfe
  alpha_n_grid: 11
  alpha_objective_weight: 0.5
  baseline: none
  shots: 1000
  final_eval_sampling: True
  dataset_metrics: True
  exact_metrics: {'enabled': True, 'max_qubits': 20, 'phases': {'baseline': True, 'steps': False, 'final': True, 'per_model': True, 'fcfw': True}}
  keep_models_for_diagnosis: True
  stop_on_reject: False
  save_circuit_artifacts: False
  rng_seed: 42
  circuit_config: {'topology': 'aachen_heavy_hex', 'distance': 2, 'max_weight': 2, 'n_ancilla': 0}
  turbo: 10
  dynamic_is_within_shell: shell_uniform
  exact_sampling: True
  acceptance_metric: training_mmd
  skip_sampling: True
  report_fcfw: True
  dynamic_is: True
  dynamic_is_beta: 0.01731752272762223
  sigma: [0.854815291716489, 0.6282094246889729]
  require_exact_sampling: True
================================================================================
Saving config to out/hpo/hopfield_20q_p2_b20_20260605_193022/trials/trial_0019/config.json...
Gate structure: Qubits: 20
Aachen heavy-hex topology: 39 parameters
one_qubit=20, two_qubit=19
Using Gaussian Kernel (n_ops=1024, n_qubits=20):
  - sigma=0.85481529
  - sigma=0.62820942
Expected sampled operator size:
  - p=4.955400, std=1.930700
  - p=7.183119, std=2.145521
  mean: 6.069259
  std: 2.325105
Baselines enabled: 

Training ensemble Model 0 (400 epochs)...
Training has not converged after 400 steps
Model 0 final loss: 0.064779
  [Step 0/9] train_MMD=0.0628 alpha_opt=1.0000 oracle_top1_TVD=0.9034

[Step 1] Training Model 1...
  lambda_dual: 0.8750
Training has not converged after 400 steps
  Weighting: frank_wolfe alpha = 0.1250
  [Step 1/9] train_MMD=0.0460 alpha_opt=0.1250 oracle_top2_TVD=0.8067
  [OK] MMD improved (delta=+0.016803)
  SNR (proxy): 21.91 (mean_norm=0.0000, std_norm=0.0000)

[Step 2] Training Model 2...
  lambda_dual: 0.9167
Training has not converged after 400 steps
  Weighting: frank_wolfe alpha = 0.0833
  [Step 2/9] train_MMD=0.0290 alpha_opt=0.0833 oracle_top3_TVD=0.7101
  [OK] MMD improved (delta=+0.016924)
  SNR (proxy): 23.21 (mean_norm=0.0000, std_norm=0.0000)

[Step 3] Training Model 3...
  lambda_dual: 0.9375
Training has not converged after 400 steps
  Weighting: frank_wolfe alpha = 0.0625
  [Step 3/9] train_MMD=0.0268 alpha_opt=0.0625 oracle_top4_TVD=0.6135
  [OK] MMD improved (delta=+0.002245)
  SNR (proxy): 27.47 (mean_norm=0.0000, std_norm=0.0000)

[Step 4] Training Model 4...
  lambda_dual: 0.9500
Training has not converged after 400 steps
  Weighting: frank_wolfe alpha = 0.0500
  [Step 4/9] train_MMD=0.0251 alpha_opt=0.0500 oracle_top5_TVD=0.6047
  [OK] MMD improved (delta=+0.001663)
  SNR (proxy): 8.80 (mean_norm=0.0132, std_norm=0.0015)

[Step 5] Training Model 5...
  lambda_dual: 0.9583
Training has not converged after 400 steps
  Weighting: frank_wolfe alpha = 0.0417
  [Step 5/9] train_MMD=0.0237 alpha_opt=0.0417 oracle_top6_TVD=0.5960
  [OK] MMD improved (delta=+0.001469)
  SNR (proxy): 11.17 (mean_norm=0.0087, std_norm=0.0008)

[Step 6] Training Model 6...
  lambda_dual: 0.9643
Training has not converged after 400 steps
  Weighting: frank_wolfe alpha = 0.0357
  [Step 6/9] train_MMD=0.0243 alpha_opt=0.0357 oracle_top7_TVD=0.5872
  [WARNING] MMD worsened but kept (diagnostic, delta=-0.000599)
  SNR (proxy): 11.17 (mean_norm=0.0108, std_norm=0.0010)

[Step 7] Training Model 7...
  lambda_dual: 0.9688
Training has not converged after 400 steps
  Weighting: frank_wolfe alpha = 0.0312
  [Step 7/9] train_MMD=0.0185 alpha_opt=0.0312 oracle_top8_TVD=0.5784
  [OK] MMD improved (delta=+0.005777)
  SNR (proxy): 31.87 (mean_norm=0.0000, std_norm=0.0000)

[Step 8] Training Model 8...
  lambda_dual: 0.9722
Training has not converged after 400 steps
  Weighting: frank_wolfe alpha = 0.0278
  [Step 8/9] train_MMD=0.0132 alpha_opt=0.0278 oracle_top9_TVD=0.5697
  [OK] MMD improved (delta=+0.005298)
  SNR (proxy): 20.78 (mean_norm=0.0000, std_norm=0.0000)

[Step 9] Training Model 9...
  lambda_dual: 0.9750
Training has not converged after 400 steps
  Weighting: frank_wolfe alpha = 0.0250
  [Step 9/9] train_MMD=0.0145 alpha_opt=0.0250 oracle_top10_TVD=0.5609
  [WARNING] MMD worsened but kept (diagnostic, delta=-0.001351)
  SNR (proxy): 12.17 (mean_norm=0.0102, std_norm=0.0008)

Final: 10 models, MMD=0.0147 (delta=+0.0481) F1=nan

[FCFW] Computing Fully Corrective Frank-Wolfe weights for final ensemble...
  Weighting: fully corrective QP weights = [0.5229, 0.0166, 0.0537, 0.0537, 0.0117, 0.0595, 0.0771, 0.0583, 0.0583, 0.0883]
  FCFW Sampled MMD^2: 0.010825
  FCFW Sampled TVD:   0.5118

FINAL MODEL COMPARISON (inc. FCFW)
Model      | MMD        | TVD        | TVD*       | Valid      | Cover      | F1        
----------------------------------------------------------------------------------------
Baseline   | 0.0628     | n/a        | n/a        | n/a        | n/a        | n/a       
Ensemble   | 0.0147     | 0.532      | 0.488      | n/a        | n/a        | n/a       
Model 0    | 0.0630     | 0.844      | 0.788      | n/a        | n/a        | n/a       
Model 1    | 0.8176     | 0.903      | 0.903      | n/a        | n/a        | n/a       
Model 2    | 0.8140     | 0.903      | 0.903      | n/a        | n/a        | n/a       
Model 3    | 0.8140     | 0.903      | 0.903      | n/a        | n/a        | n/a       
Model 4    | 0.1877     | 0.922      | 0.819      | n/a        | n/a        | n/a       
Model 5    | 0.2177     | 0.966      | 0.905      | n/a        | n/a        | n/a       
Model 6    | 0.2070     | 0.833      | 0.747      | n/a        | n/a        | n/a       
Model 7    | 0.8164     | 0.903      | 0.903      | n/a        | n/a        | n/a       
Model 8    | 0.8164     | 0.903      | 0.903      | n/a        | n/a        | n/a       
Model 9    | 0.5459     | 0.884      | 0.855      | n/a        | n/a        | n/a       
Ensemble (FCFW) | 0.0108     | 0.512      | 0.430      | n/a        | n/a        | n/a       
Saving results to out/hpo/hopfield_20q_p2_b20_20260605_193022/trials/trial_0019/results.csv...
Experiment: Boosting on Hopfield (20q, 2p)
Configuration:
  train_samples: 1000
  data_seed: 42
  n_samples: 400
  n_models: 10
  learning_rate: 0.01452020227616634
  epochs_per_step: 400
  caching_level: none
  ensemble_samples_coeff: 1.0
  init_baseline: covariance
  init_later: random
  lambda_dual: 1.0
  lambda_schedule: {'type': 'frank_wolfe', 'gamma': 0.75, 'tau': 1.0}
  n_ops: 512
  weight_strategy: frank_wolfe
  alpha_n_grid: 11
  alpha_objective_weight: 0.5
  baseline: none
  shots: 1000
  final_eval_sampling: True
  dataset_metrics: True
  exact_metrics: {'enabled': True, 'max_qubits': 20, 'phases': {'baseline': True, 'steps': False, 'final': True, 'per_model': True, 'fcfw': True}}
  keep_models_for_diagnosis: True
  stop_on_reject: False
  save_circuit_artifacts: False
  rng_seed: 42
  circuit_config: {'topology': 'aachen_heavy_hex', 'distance': 2, 'max_weight': 2, 'n_ancilla': 0}
  turbo: 10
  dynamic_is_within_shell: shell_uniform
  exact_sampling: True
  acceptance_metric: training_mmd
  skip_sampling: True
  report_fcfw: True
  dynamic_is: True
  dynamic_is_beta: 0.03615581608890234
  sigma: [1.1057452024400574, 0.6116059348009266, 0.33483556168343515]
  require_exact_sampling: True
================================================================================
Saving config to out/hpo/hopfield_20q_p2_b20_20260605_193022/trials/trial_0020/config.json...
Gate structure: Qubits: 20
Aachen heavy-hex topology: 39 parameters
one_qubit=20, two_qubit=19
Using Gaussian Kernel (n_ops=512, n_qubits=20):
  - sigma=1.10574520
  - sigma=0.61160593
  - sigma=0.33483556
Expected sampled operator size:
  - p=3.356461, std=1.671278
  - p=7.372829, std=2.157521
  - p=9.884343, std=2.235918
  mean: 6.871211
  std: 3.373003
Baselines enabled: 

Training ensemble Model 0 (400 epochs)...
Training has not converged after 400 steps
Model 0 final loss: 0.067179
  [Step 0/9] train_MMD=0.0646 alpha_opt=1.0000 oracle_top1_TVD=0.9034

[Step 1] Training Model 1...
  lambda_dual: 0.6250
Training has not converged after 400 steps
  Weighting: frank_wolfe alpha = 0.3750
  [Step 1/9] train_MMD=0.0440 alpha_opt=0.3750 oracle_top2_TVD=0.8067
  [OK] MMD improved (delta=+0.020596)
  SNR (proxy): 7.95 (mean_norm=0.0703, std_norm=0.0088)

[Step 2] Training Model 2...
  lambda_dual: 0.7500
Training has not converged after 400 steps
  Weighting: frank_wolfe alpha = 0.2500
  [Step 2/9] train_MMD=0.0276 alpha_opt=0.2500 oracle_top3_TVD=0.7101
  [OK] MMD improved (delta=+0.016385)
  SNR (proxy): 15.91 (mean_norm=0.0594, std_norm=0.0037)

[Step 3] Training Model 3...
  lambda_dual: 0.8125
Training has not converged after 400 steps
  Weighting: frank_wolfe alpha = 0.1875
  [Step 3/9] train_MMD=0.0124 alpha_opt=0.1875 oracle_top4_TVD=0.6135
  [OK] MMD improved (delta=+0.015157)
  SNR (proxy): 3.77 (mean_norm=0.0147, std_norm=0.0039)

[Step 4] Training Model 4...
  lambda_dual: 0.8500
Training has not converged after 400 steps
  Weighting: frank_wolfe alpha = 0.1500
  [Step 4/9] train_MMD=0.0024 alpha_opt=0.1500 oracle_top5_TVD=0.6047
  [OK] MMD improved (delta=+0.010041)
  SNR (proxy): 7.24 (mean_norm=0.0070, std_norm=0.0010)

[Step 5] Training Model 5...
  lambda_dual: 0.8750
Training has not converged after 400 steps
  Weighting: frank_wolfe alpha = 0.1250
  [Step 5/9] train_MMD=0.0025 alpha_opt=0.1250 oracle_top6_TVD=0.5960
  [WARNING] MMD worsened but kept (diagnostic, delta=-0.000119)
  SNR (proxy): 8.60 (mean_norm=0.0122, std_norm=0.0014)

[Step 6] Training Model 6...
  lambda_dual: 0.8929
Training has not converged after 400 steps
  Weighting: frank_wolfe alpha = 0.1071
  [Step 6/9] train_MMD=0.0031 alpha_opt=0.1071 oracle_top7_TVD=0.5872
  [WARNING] MMD worsened but kept (diagnostic, delta=-0.000561)
  SNR (proxy): 5.65 (mean_norm=0.0119, std_norm=0.0021)

[Step 7] Training Model 7...
  lambda_dual: 0.9062
Training has not converged after 400 steps
  Weighting: frank_wolfe alpha = 0.0937
  [Step 7/9] train_MMD=0.0020 alpha_opt=0.0937 oracle_top8_TVD=0.5784
  [OK] MMD improved (delta=+0.001086)
  SNR (proxy): 6.14 (mean_norm=0.0174, std_norm=0.0028)

[Step 8] Training Model 8...
  lambda_dual: 0.9167
Training has not converged after 400 steps
  Weighting: frank_wolfe alpha = 0.0833
  [Step 8/9] train_MMD=0.0033 alpha_opt=0.0833 oracle_top9_TVD=0.5697
  [WARNING] MMD worsened but kept (diagnostic, delta=-0.001288)
  SNR (proxy): 29.98 (mean_norm=0.0243, std_norm=0.0008)

[Step 9] Training Model 9...
  lambda_dual: 0.9250
Training has not converged after 400 steps
  Weighting: frank_wolfe alpha = 0.0750
  [Step 9/9] train_MMD=0.0010 alpha_opt=0.0750 oracle_top10_TVD=0.5609
  [OK] MMD improved (delta=+0.002231)
  SNR (proxy): 4.03 (mean_norm=0.0053, std_norm=0.0013)

Final: 10 models, MMD=0.0009 (delta=+0.0637) F1=nan

[FCFW] Computing Fully Corrective Frank-Wolfe weights for final ensemble...
  Weighting: fully corrective QP weights = [0.1593, 0.0085, 0.1198, 0.1191, 0.0675, 0.1337, 0.0883, 0.0985, 0.1085, 0.0969]
  FCFW Sampled MMD^2: -0.000467
  FCFW Sampled TVD:   0.2808

FINAL MODEL COMPARISON (inc. FCFW)
Model      | MMD        | TVD        | TVD*       | Valid      | Cover      | F1        
----------------------------------------------------------------------------------------
Baseline   | 0.0646     | n/a        | n/a        | n/a        | n/a        | n/a       
Ensemble   | 0.0009     | 0.311      | 0.227      | n/a        | n/a        | n/a       
Model 0    | 0.0657     | 0.917      | 0.823      | n/a        | n/a        | n/a       
Model 1    | 0.2530     | 0.816      | 0.753      | n/a        | n/a        | n/a       
Model 2    | 0.2873     | 0.814      | 0.779      | n/a        | n/a        | n/a       
Model 3    | 0.3189     | 0.813      | 0.776      | n/a        | n/a        | n/a       
Model 4    | 0.5637     | 0.858      | 0.828      | n/a        | n/a        | n/a       
Model 5    | 0.1503     | 0.806      | 0.732      | n/a        | n/a        | n/a       
Model 6    | 0.2426     | 0.820      | 0.765      | n/a        | n/a        | n/a       
Model 7    | 0.1943     | 0.818      | 0.759      | n/a        | n/a        | n/a       
Model 8    | 0.4762     | 0.851      | 0.803      | n/a        | n/a        | n/a       
Model 9    | 0.4323     | 0.838      | 0.818      | n/a        | n/a        | n/a       
Ensemble (FCFW) | -0.0005    | 0.281      | 0.197      | n/a        | n/a        | n/a       
Saving results to out/hpo/hopfield_20q_p2_b20_20260605_193022/trials/trial_0020/results.csv...
Experiment: Boosting on Hopfield (20q, 2p)
Configuration:
  train_samples: 1000
  data_seed: 42
  n_samples: 400
  n_models: 10
  learning_rate: 0.03096575673649167
  epochs_per_step: 400
  caching_level: none
  ensemble_samples_coeff: 1.0
  init_baseline: covariance
  init_later: random
  lambda_dual: 1.0
  lambda_schedule: {'type': 'frank_wolfe', 'gamma': 0.75, 'tau': 1.0}
  n_ops: 512
  weight_strategy: frank_wolfe
  alpha_n_grid: 11
  alpha_objective_weight: 0.5
  baseline: none
  shots: 1000
  final_eval_sampling: True
  dataset_metrics: True
  exact_metrics: {'enabled': True, 'max_qubits': 20, 'phases': {'baseline': True, 'steps': False, 'final': True, 'per_model': True, 'fcfw': True}}
  keep_models_for_diagnosis: True
  stop_on_reject: False
  save_circuit_artifacts: False
  rng_seed: 42
  circuit_config: {'topology': 'aachen_heavy_hex', 'distance': 2, 'max_weight': 2, 'n_ancilla': 0}
  turbo: 10
  dynamic_is_within_shell: shell_uniform
  exact_sampling: True
  acceptance_metric: training_mmd
  skip_sampling: True
  report_fcfw: True
  dynamic_is: True
  dynamic_is_beta: 0.026806687551831063
  sigma: [0.9305491111394085, 0.5265063748851915]
  require_exact_sampling: True
================================================================================
Saving config to out/hpo/hopfield_20q_p2_b20_20260605_193022/trials/trial_0021/config.json...
Gate structure: Qubits: 20
Aachen heavy-hex topology: 39 parameters
one_qubit=20, two_qubit=19
Using Gaussian Kernel (n_ops=512, n_qubits=20):
  - sigma=0.93054911
  - sigma=0.52650637
Expected sampled operator size:
  - p=4.386549, std=1.850529
  - p=8.353105, std=2.205536
  mean: 6.369827
  std: 2.842150
Baselines enabled: 

Training ensemble Model 0 (400 epochs)...
Training has not converged after 400 steps
Model 0 final loss: 0.065736
  [Step 0/9] train_MMD=0.0651 alpha_opt=1.0000 oracle_top1_TVD=0.9034

[Step 1] Training Model 1...
  lambda_dual: 0.6250
Training has not converged after 400 steps
  Weighting: frank_wolfe alpha = 0.3750
  [Step 1/9] train_MMD=0.0478 alpha_opt=0.3750 oracle_top2_TVD=0.8067
  [OK] MMD improved (delta=+0.017348)
  SNR (proxy): 7.29 (mean_norm=0.0810, std_norm=0.0111)

[Step 2] Training Model 2...
  lambda_dual: 0.7500
Training has not converged after 400 steps
  Weighting: frank_wolfe alpha = 0.2500
  [Step 2/9] train_MMD=0.0275 alpha_opt=0.2500 oracle_top3_TVD=0.7101
  [OK] MMD improved (delta=+0.020256)
  SNR (proxy): 11.25 (mean_norm=0.0504, std_norm=0.0045)

[Step 3] Training Model 3...
  lambda_dual: 0.8125
Training has not converged after 400 steps
  Weighting: frank_wolfe alpha = 0.1875
  [Step 3/9] train_MMD=0.0122 alpha_opt=0.1875 oracle_top4_TVD=0.6135
  [OK] MMD improved (delta=+0.015290)
  SNR (proxy): 3.22 (mean_norm=0.0168, std_norm=0.0052)

[Step 4] Training Model 4...
  lambda_dual: 0.8500
Training has not converged after 400 steps
  Weighting: frank_wolfe alpha = 0.1500
  [Step 4/9] train_MMD=0.0020 alpha_opt=0.1500 oracle_top5_TVD=0.6047
  [OK] MMD improved (delta=+0.010296)
  SNR (proxy): 2.46 (mean_norm=0.0053, std_norm=0.0022)

[Step 5] Training Model 5...
  lambda_dual: 0.8750
Training has not converged after 400 steps
  Weighting: frank_wolfe alpha = 0.1250
  [Step 5/9] train_MMD=0.0021 alpha_opt=0.1250 oracle_top6_TVD=0.5960
  [WARNING] MMD worsened but kept (diagnostic, delta=-0.000182)
  SNR (proxy): 9.26 (mean_norm=0.0089, std_norm=0.0010)

[Step 6] Training Model 6...
  lambda_dual: 0.8929
Training has not converged after 400 steps
  Weighting: frank_wolfe alpha = 0.1071
  [Step 6/9] train_MMD=0.0032 alpha_opt=0.1071 oracle_top7_TVD=0.5872
  [WARNING] MMD worsened but kept (diagnostic, delta=-0.001075)
  SNR (proxy): 9.65 (mean_norm=0.0204, std_norm=0.0021)

[Step 7] Training Model 7...
  lambda_dual: 0.9062
Training has not converged after 400 steps
  Weighting: frank_wolfe alpha = 0.0937
  [Step 7/9] train_MMD=0.0026 alpha_opt=0.0937 oracle_top8_TVD=0.5784
  [OK] MMD improved (delta=+0.000653)
  SNR (proxy): 7.54 (mean_norm=0.0133, std_norm=0.0018)

[Step 8] Training Model 8...
  lambda_dual: 0.9167
Training has not converged after 400 steps
  Weighting: frank_wolfe alpha = 0.0833
  [Step 8/9] train_MMD=0.0038 alpha_opt=0.0833 oracle_top9_TVD=0.5697
  [WARNING] MMD worsened but kept (diagnostic, delta=-0.001290)
  SNR (proxy): 48.25 (mean_norm=0.0327, std_norm=0.0007)

[Step 9] Training Model 9...
  lambda_dual: 0.9250
Training has not converged after 400 steps
  Weighting: frank_wolfe alpha = 0.0750
  [Step 9/9] train_MMD=0.0012 alpha_opt=0.0750 oracle_top10_TVD=0.5609
  [OK] MMD improved (delta=+0.002650)
  SNR (proxy): 20.74 (mean_norm=0.0134, std_norm=0.0006)

Final: 10 models, MMD=0.0017 (delta=+0.0635) F1=nan

[FCFW] Computing Fully Corrective Frank-Wolfe weights for final ensemble...
  Weighting: fully corrective QP weights = [0.1775, 0.0000, 0.1399, 0.1039, 0.1604, 0.1480, 0.0961, 0.0693, 0.1048, 0.0000]
  FCFW Sampled MMD^2: -0.000295
  FCFW Sampled TVD:   0.2747

FINAL MODEL COMPARISON (inc. FCFW)
Model      | MMD        | TVD        | TVD*       | Valid      | Cover      | F1        
----------------------------------------------------------------------------------------
Baseline   | 0.0651     | n/a        | n/a        | n/a        | n/a        | n/a       
Ensemble   | 0.0017     | 0.330      | 0.232      | n/a        | n/a        | n/a       
Model 0    | 0.0670     | 0.921      | 0.808      | n/a        | n/a        | n/a       
Model 1    | 0.2828     | 0.814      | 0.759      | n/a        | n/a        | n/a       
Model 2    | 0.3080     | 0.822      | 0.780      | n/a        | n/a        | n/a       
Model 3    | 0.3488     | 0.824      | 0.779      | n/a        | n/a        | n/a       
Model 4    | 0.5481     | 0.838      | 0.813      | n/a        | n/a        | n/a       
Model 5    | 0.1334     | 0.807      | 0.708      | n/a        | n/a        | n/a       
Model 6    | 0.2859     | 0.837      | 0.769      | n/a        | n/a        | n/a       
Model 7    | 0.1807     | 0.823      | 0.755      | n/a        | n/a        | n/a       
Model 8    | 0.6623     | 0.867      | 0.845      | n/a        | n/a        | n/a       
Model 9    | 0.5662     | 0.865      | 0.846      | n/a        | n/a        | n/a       
Ensemble (FCFW) | -0.0003    | 0.275      | 0.192      | n/a        | n/a        | n/a       
Saving results to out/hpo/hopfield_20q_p2_b20_20260605_193022/trials/trial_0021/results.csv...
Experiment: Boosting on Hopfield (20q, 2p)
Configuration:
  train_samples: 1000
  data_seed: 42
  n_samples: 400
  n_models: 10
  learning_rate: 0.015776596302582796
  epochs_per_step: 400
  caching_level: none
  ensemble_samples_coeff: 1.0
  init_baseline: covariance
  init_later: random
  lambda_dual: 1.0
  lambda_schedule: {'type': 'frank_wolfe', 'gamma': 0.75, 'tau': 1.0}
  n_ops: 512
  weight_strategy: frank_wolfe
  alpha_n_grid: 11
  alpha_objective_weight: 0.5
  baseline: none
  shots: 1000
  final_eval_sampling: True
  dataset_metrics: True
  exact_metrics: {'enabled': True, 'max_qubits': 20, 'phases': {'baseline': True, 'steps': False, 'final': True, 'per_model': True, 'fcfw': True}}
  keep_models_for_diagnosis: True
  stop_on_reject: False
  save_circuit_artifacts: False
  rng_seed: 42
  circuit_config: {'topology': 'aachen_heavy_hex', 'distance': 2, 'max_weight': 2, 'n_ancilla': 0}
  turbo: 10
  dynamic_is_within_shell: shell_uniform
  exact_sampling: True
  acceptance_metric: training_mmd
  skip_sampling: True
  report_fcfw: True
  dynamic_is: True
  dynamic_is_beta: 0.021080680734979
  sigma: [0.757895116055975, 0.5907341968402018]
  require_exact_sampling: True
================================================================================
Saving config to out/hpo/hopfield_20q_p2_b20_20260605_193022/trials/trial_0022/config.json...
Gate structure: Qubits: 20
Aachen heavy-hex topology: 39 parameters
one_qubit=20, two_qubit=19
Using Gaussian Kernel (n_ops=512, n_qubits=20):
  - sigma=0.75789512
  - sigma=0.59073420
Expected sampled operator size:
  - p=5.812436, std=2.030570
  - p=7.613604, std=2.171464
  mean: 6.713020
  std: 2.286982
Baselines enabled: 

Training ensemble Model 0 (400 epochs)...
Training has not converged after 400 steps
Model 0 final loss: 0.055475
  [Step 0/9] train_MMD=0.0549 alpha_opt=1.0000 oracle_top1_TVD=0.9034

[Step 1] Training Model 1...
  lambda_dual: 0.6250
Training has not converged after 400 steps
  Weighting: frank_wolfe alpha = 0.3750
  [Step 1/9] train_MMD=0.0403 alpha_opt=0.3750 oracle_top2_TVD=0.8067
  [OK] MMD improved (delta=+0.014552)
  SNR (proxy): 4.75 (mean_norm=0.0547, std_norm=0.0115)

[Step 2] Training Model 2...
  lambda_dual: 0.7500
Training has not converged after 400 steps
  Weighting: frank_wolfe alpha = 0.2500
  [Step 2/9] train_MMD=0.0305 alpha_opt=0.2500 oracle_top3_TVD=0.7101
  [OK] MMD improved (delta=+0.009844)
  SNR (proxy): 119.12 (mean_norm=0.1154, std_norm=0.0010)

[Step 3] Training Model 3...
  lambda_dual: 0.8125
Training has not converged after 400 steps
  Weighting: frank_wolfe alpha = 0.1875
  [Step 3/9] train_MMD=0.0116 alpha_opt=0.1875 oracle_top4_TVD=0.6135
  [OK] MMD improved (delta=+0.018882)
  SNR (proxy): 10.67 (mean_norm=0.0370, std_norm=0.0035)

[Step 4] Training Model 4...
  lambda_dual: 0.8500
Training has not converged after 400 steps
  Weighting: frank_wolfe alpha = 0.1500
  [Step 4/9] train_MMD=0.0030 alpha_opt=0.1500 oracle_top5_TVD=0.6047
  [OK] MMD improved (delta=+0.008617)
  SNR (proxy): 14.75 (mean_norm=0.0251, std_norm=0.0017)

[Step 5] Training Model 5...
  lambda_dual: 0.8750
Training has not converged after 400 steps
  Weighting: frank_wolfe alpha = 0.1250
  [Step 5/9] train_MMD=0.0011 alpha_opt=0.1250 oracle_top6_TVD=0.5960
  [OK] MMD improved (delta=+0.001872)
  SNR (proxy): 3.65 (mean_norm=0.0151, std_norm=0.0041)

[Step 6] Training Model 6...
  lambda_dual: 0.8929
Training has not converged after 400 steps
  Weighting: frank_wolfe alpha = 0.1071
  [Step 6/9] train_MMD=0.0021 alpha_opt=0.1071 oracle_top7_TVD=0.5872
  [WARNING] MMD worsened but kept (diagnostic, delta=-0.000984)
  SNR (proxy): 9.67 (mean_norm=0.0116, std_norm=0.0012)

[Step 7] Training Model 7...
  lambda_dual: 0.9062
Training has not converged after 400 steps
  Weighting: frank_wolfe alpha = 0.0937
  [Step 7/9] train_MMD=0.0013 alpha_opt=0.0937 oracle_top8_TVD=0.5784
  [OK] MMD improved (delta=+0.000804)
  SNR (proxy): 6.34 (mean_norm=0.0149, std_norm=0.0023)

[Step 8] Training Model 8...
  lambda_dual: 0.9167
Training has not converged after 400 steps
  Weighting: frank_wolfe alpha = 0.0833
  [Step 8/9] train_MMD=0.0022 alpha_opt=0.0833 oracle_top9_TVD=0.5697
  [WARNING] MMD worsened but kept (diagnostic, delta=-0.000917)
  SNR (proxy): 14.02 (mean_norm=0.0171, std_norm=0.0012)

[Step 9] Training Model 9...
  lambda_dual: 0.9250
Training has not converged after 400 steps
  Weighting: frank_wolfe alpha = 0.0750
  [Step 9/9] train_MMD=0.0008 alpha_opt=0.0750 oracle_top10_TVD=0.5609
  [OK] MMD improved (delta=+0.001381)
  SNR (proxy): 5.01 (mean_norm=0.0050, std_norm=0.0010)

Final: 10 models, MMD=0.0004 (delta=+0.0545) F1=nan

[FCFW] Computing Fully Corrective Frank-Wolfe weights for final ensemble...
  Weighting: fully corrective QP weights = [0.1375, 0.0879, 0.1045, 0.1063, 0.0728, 0.0875, 0.1161, 0.1152, 0.0717, 0.1005]
  FCFW Sampled MMD^2: -0.000518
  FCFW Sampled TVD:   0.2853

FINAL MODEL COMPARISON (inc. FCFW)
Model      | MMD        | TVD        | TVD*       | Valid      | Cover      | F1        
----------------------------------------------------------------------------------------
Baseline   | 0.0549     | n/a        | n/a        | n/a        | n/a        | n/a       
Ensemble   | 0.0004     | 0.281      | 0.214      | n/a        | n/a        | n/a       
Model 0    | 0.0575     | 0.881      | 0.780      | n/a        | n/a        | n/a       
Model 1    | 0.1597     | 0.812      | 0.751      | n/a        | n/a        | n/a       
Model 2    | 0.4679     | 0.835      | 0.803      | n/a        | n/a        | n/a       
Model 3    | 0.3905     | 0.824      | 0.793      | n/a        | n/a        | n/a       
Model 4    | 0.5724     | 0.849      | 0.835      | n/a        | n/a        | n/a       
Model 5    | 0.1799     | 0.820      | 0.733      | n/a        | n/a        | n/a       
Model 6    | 0.1329     | 0.809      | 0.748      | n/a        | n/a        | n/a       
Model 7    | 0.1458     | 0.806      | 0.746      | n/a        | n/a        | n/a       
Model 8    | 0.5056     | 0.837      | 0.791      | n/a        | n/a        | n/a       
Model 9    | 0.2818     | 0.833      | 0.808      | n/a        | n/a        | n/a       
Ensemble (FCFW) | -0.0005    | 0.285      | 0.175      | n/a        | n/a        | n/a       
Saving results to out/hpo/hopfield_20q_p2_b20_20260605_193022/trials/trial_0022/results.csv...
Experiment: Boosting on Hopfield (20q, 2p)
Configuration:
  train_samples: 1000
  data_seed: 42
  n_samples: 400
  n_models: 10
  learning_rate: 0.013108305676050539
  epochs_per_step: 400
  caching_level: none
  ensemble_samples_coeff: 1.0
  init_baseline: covariance
  init_later: random
  lambda_dual: 1.0
  lambda_schedule: {'type': 'frank_wolfe', 'gamma': 0.75, 'tau': 1.0}
  n_ops: 512
  weight_strategy: frank_wolfe
  alpha_n_grid: 11
  alpha_objective_weight: 0.5
  baseline: none
  shots: 1000
  final_eval_sampling: True
  dataset_metrics: True
  exact_metrics: {'enabled': True, 'max_qubits': 20, 'phases': {'baseline': True, 'steps': False, 'final': True, 'per_model': True, 'fcfw': True}}
  keep_models_for_diagnosis: True
  stop_on_reject: False
  save_circuit_artifacts: False
  rng_seed: 42
  circuit_config: {'topology': 'aachen_heavy_hex', 'distance': 2, 'max_weight': 2, 'n_ancilla': 0}
  turbo: 10
  dynamic_is_within_shell: shell_uniform
  exact_sampling: True
  acceptance_metric: training_mmd
  skip_sampling: True
  report_fcfw: True
  dynamic_is: True
  dynamic_is_beta: 0.020664311535666346
  sigma: [0.7727691239873679, 0.5912426132209567]
  require_exact_sampling: True
================================================================================
Saving config to out/hpo/hopfield_20q_p2_b20_20260605_193022/trials/trial_0023/config.json...
Gate structure: Qubits: 20
Aachen heavy-hex topology: 39 parameters
one_qubit=20, two_qubit=19
Using Gaussian Kernel (n_ops=512, n_qubits=20):
  - sigma=0.77276912
  - sigma=0.59124261
Expected sampled operator size:
  - p=5.671134, std=2.015700
  - p=7.607718, std=2.171140
  mean: 6.639426
  std: 2.307821
Baselines enabled: 

Training ensemble Model 0 (400 epochs)...
Training has not converged after 400 steps
Model 0 final loss: 0.056236
  [Step 0/9] train_MMD=0.0551 alpha_opt=1.0000 oracle_top1_TVD=0.9034

[Step 1] Training Model 1...
  lambda_dual: 0.6250
Training has not converged after 400 steps
  Weighting: frank_wolfe alpha = 0.3750
  [Step 1/9] train_MMD=0.0391 alpha_opt=0.3750 oracle_top2_TVD=0.8067
  [OK] MMD improved (delta=+0.016019)
  SNR (proxy): 7.72 (mean_norm=0.0613, std_norm=0.0079)

[Step 2] Training Model 2...
  lambda_dual: 0.7500
Training has not converged after 400 steps
  Weighting: frank_wolfe alpha = 0.2500
  [Step 2/9] train_MMD=0.0295 alpha_opt=0.2500 oracle_top3_TVD=0.7101
  [OK] MMD improved (delta=+0.009551)
  SNR (proxy): 54.47 (mean_norm=0.1153, std_norm=0.0021)

[Step 3] Training Model 3...
  lambda_dual: 0.8125
Training has not converged after 400 steps
  Weighting: frank_wolfe alpha = 0.1875
  [Step 3/9] train_MMD=0.0111 alpha_opt=0.1875 oracle_top4_TVD=0.6135
  [OK] MMD improved (delta=+0.018449)
  SNR (proxy): 9.17 (mean_norm=0.0342, std_norm=0.0037)

[Step 4] Training Model 4...
  lambda_dual: 0.8500
Training has not converged after 400 steps
  Weighting: frank_wolfe alpha = 0.1500
  [Step 4/9] train_MMD=0.0028 alpha_opt=0.1500 oracle_top5_TVD=0.6047
  [OK] MMD improved (delta=+0.008269)
  SNR (proxy): 13.49 (mean_norm=0.0227, std_norm=0.0017)

[Step 5] Training Model 5...
  lambda_dual: 0.8750
Training has not converged after 400 steps
  Weighting: frank_wolfe alpha = 0.1250
  [Step 5/9] train_MMD=0.0011 alpha_opt=0.1250 oracle_top6_TVD=0.5960
  [OK] MMD improved (delta=+0.001722)
  SNR (proxy): 3.76 (mean_norm=0.0149, std_norm=0.0040)

[Step 6] Training Model 6...
  lambda_dual: 0.8929
Training has not converged after 400 steps
  Weighting: frank_wolfe alpha = 0.1071
  [Step 6/9] train_MMD=0.0021 alpha_opt=0.1071 oracle_top7_TVD=0.5872
  [WARNING] MMD worsened but kept (diagnostic, delta=-0.001036)
  SNR (proxy): 12.33 (mean_norm=0.0168, std_norm=0.0014)

[Step 7] Training Model 7...
  lambda_dual: 0.9062
Training has not converged after 400 steps
  Weighting: frank_wolfe alpha = 0.0937
  [Step 7/9] train_MMD=0.0011 alpha_opt=0.0937 oracle_top8_TVD=0.5784
  [OK] MMD improved (delta=+0.001032)
  SNR (proxy): 5.21 (mean_norm=0.0129, std_norm=0.0025)

[Step 8] Training Model 8...
  lambda_dual: 0.9167
Training has not converged after 400 steps
  Weighting: frank_wolfe alpha = 0.0833
  [Step 8/9] train_MMD=0.0014 alpha_opt=0.0833 oracle_top9_TVD=0.5697
  [WARNING] MMD worsened but kept (diagnostic, delta=-0.000353)
  SNR (proxy): 19.69 (mean_norm=0.0191, std_norm=0.0010)

[Step 9] Training Model 9...
  lambda_dual: 0.9250
Training has not converged after 400 steps
  Weighting: frank_wolfe alpha = 0.0750
  [Step 9/9] train_MMD=0.0005 alpha_opt=0.0750 oracle_top10_TVD=0.5609
  [OK] MMD improved (delta=+0.000915)
  SNR (proxy): 6.65 (mean_norm=0.0068, std_norm=0.0010)

Final: 10 models, MMD=0.0006 (delta=+0.0545) F1=nan

[FCFW] Computing Fully Corrective Frank-Wolfe weights for final ensemble...
  Weighting: fully corrective QP weights = [0.1124, 0.1067, 0.1024, 0.1001, 0.0115, 0.0752, 0.1149, 0.1219, 0.1714, 0.0836]
  FCFW Sampled MMD^2: -0.000515
  FCFW Sampled TVD:   0.2852

FINAL MODEL COMPARISON (inc. FCFW)
Model      | MMD        | TVD        | TVD*       | Valid      | Cover      | F1        
----------------------------------------------------------------------------------------
Baseline   | 0.0551     | n/a        | n/a        | n/a        | n/a        | n/a       
Ensemble   | 0.0006     | 0.293      | 0.216      | n/a        | n/a        | n/a       
Model 0    | 0.0591     | 0.882      | 0.768      | n/a        | n/a        | n/a       
Model 1    | 0.1688     | 0.824      | 0.733      | n/a        | n/a        | n/a       
Model 2    | 0.4725     | 0.835      | 0.803      | n/a        | n/a        | n/a       
Model 3    | 0.4063     | 0.824      | 0.795      | n/a        | n/a        | n/a       
Model 4    | 0.5647     | 0.849      | 0.835      | n/a        | n/a        | n/a       
Model 5    | 0.2015     | 0.834      | 0.749      | n/a        | n/a        | n/a       
Model 6    | 0.1775     | 0.815      | 0.754      | n/a        | n/a        | n/a       
Model 7    | 0.1450     | 0.803      | 0.748      | n/a        | n/a        | n/a       
Model 8    | 0.3761     | 0.828      | 0.786      | n/a        | n/a        | n/a       
Model 9    | 0.2512     | 0.840      | 0.781      | n/a        | n/a        | n/a       
Ensemble (FCFW) | -0.0005    | 0.285      | 0.173      | n/a        | n/a        | n/a       
Saving results to out/hpo/hopfield_20q_p2_b20_20260605_193022/trials/trial_0023/results.csv...
Experiment: Boosting on Hopfield (20q, 2p)
Configuration:
  train_samples: 1000
  data_seed: 42
  n_samples: 400
  n_models: 10
  learning_rate: 0.007502327418742361
  epochs_per_step: 400
  caching_level: none
  ensemble_samples_coeff: 1.0
  init_baseline: covariance
  init_later: random
  lambda_dual: 1.0
  lambda_schedule: {'type': 'frank_wolfe', 'gamma': 0.75, 'tau': 1.0}
  n_ops: 512
  weight_strategy: frank_wolfe
  alpha_n_grid: 11
  alpha_objective_weight: 0.5
  baseline: none
  shots: 1000
  final_eval_sampling: True
  dataset_metrics: True
  exact_metrics: {'enabled': True, 'max_qubits': 20, 'phases': {'baseline': True, 'steps': False, 'final': True, 'per_model': True, 'fcfw': True}}
  keep_models_for_diagnosis: True
  stop_on_reject: False
  save_circuit_artifacts: False
  rng_seed: 42
  circuit_config: {'topology': 'aachen_heavy_hex', 'distance': 2, 'max_weight': 2, 'n_ancilla': 0}
  turbo: 10
  dynamic_is_within_shell: shell_uniform
  exact_sampling: True
  acceptance_metric: training_mmd
  skip_sampling: True
  report_fcfw: True
  dynamic_is: True
  dynamic_is_beta: 0.01637403630836618
  sigma: [0.5884299445277514, 0.450852836860942]
  require_exact_sampling: True
================================================================================
Saving config to out/hpo/hopfield_20q_p2_b20_20260605_193022/trials/trial_0024/config.json...
Gate structure: Qubits: 20
Aachen heavy-hex topology: 39 parameters
one_qubit=20, two_qubit=19
Using Gaussian Kernel (n_ops=512, n_qubits=20):
  - sigma=0.58842994
  - sigma=0.45085284
Expected sampled operator size:
  - p=7.640285, std=2.172921
  - p=9.145482, std=2.227889
  mean: 8.392884
  std: 2.325714
Baselines enabled: 

Training ensemble Model 0 (400 epochs)...
Training has not converged after 400 steps
Model 0 final loss: 0.041537
  [Step 0/9] train_MMD=0.0410 alpha_opt=1.0000 oracle_top1_TVD=0.9034

[Step 1] Training Model 1...
  lambda_dual: 0.6250
Training has not converged after 400 steps
  Weighting: frank_wolfe alpha = 0.3750
  [Step 1/9] train_MMD=0.0300 alpha_opt=0.3750 oracle_top2_TVD=0.8067
  [OK] MMD improved (delta=+0.011067)
  SNR (proxy): 4.30 (mean_norm=0.0437, std_norm=0.0102)

[Step 2] Training Model 2...
  lambda_dual: 0.7500
Training has not converged after 400 steps
  Weighting: frank_wolfe alpha = 0.2500
  [Step 2/9] train_MMD=0.0267 alpha_opt=0.2500 oracle_top3_TVD=0.7101
  [OK] MMD improved (delta=+0.003292)
  SNR (proxy): 45.46 (mean_norm=0.1310, std_norm=0.0029)

[Step 3] Training Model 3...
  lambda_dual: 0.8125
Training has not converged after 400 steps
  Weighting: frank_wolfe alpha = 0.1875
  [Step 3/9] train_MMD=0.0246 alpha_opt=0.1875 oracle_top4_TVD=0.6135
  [OK] MMD improved (delta=+0.002112)
  SNR (proxy): 8.75 (mean_norm=0.0111, std_norm=0.0013)

[Step 4] Training Model 4...
  lambda_dual: 0.8500
Training has not converged after 400 steps
  Weighting: frank_wolfe alpha = 0.1500
  [Step 4/9] train_MMD=0.0085 alpha_opt=0.1500 oracle_top5_TVD=0.6047
  [OK] MMD improved (delta=+0.016047)
  SNR (proxy): 7.69 (mean_norm=0.0091, std_norm=0.0012)

[Step 5] Training Model 5...
  lambda_dual: 0.8750
Training has not converged after 400 steps
  Weighting: frank_wolfe alpha = 0.1250
  [Step 5/9] train_MMD=0.0092 alpha_opt=0.1250 oracle_top6_TVD=0.5960
  [WARNING] MMD worsened but kept (diagnostic, delta=-0.000648)
  SNR (proxy): 5.55 (mean_norm=0.0098, std_norm=0.0018)

[Step 6] Training Model 6...
  lambda_dual: 0.8929
Training has not converged after 400 steps
  Weighting: frank_wolfe alpha = 0.1071
  [Step 6/9] train_MMD=0.0124 alpha_opt=0.1071 oracle_top7_TVD=0.5872
  [WARNING] MMD worsened but kept (diagnostic, delta=-0.003234)
  SNR (proxy): 10.76 (mean_norm=0.0119, std_norm=0.0011)

[Step 7] Training Model 7...
  lambda_dual: 0.9062
Training has not converged after 400 steps
  Weighting: frank_wolfe alpha = 0.0937
  [Step 7/9] train_MMD=0.0139 alpha_opt=0.0937 oracle_top8_TVD=0.5784
  [WARNING] MMD worsened but kept (diagnostic, delta=-0.001529)
  SNR (proxy): 6.49 (mean_norm=0.0140, std_norm=0.0022)

[Step 8] Training Model 8...
  lambda_dual: 0.9167
Training has not converged after 400 steps
  Weighting: frank_wolfe alpha = 0.0833
  [Step 8/9] train_MMD=0.0148 alpha_opt=0.0833 oracle_top9_TVD=0.5697
  [WARNING] MMD worsened but kept (diagnostic, delta=-0.000913)
  SNR (proxy): 8.78 (mean_norm=0.0112, std_norm=0.0013)

[Step 9] Training Model 9...
  lambda_dual: 0.9250
Training has not converged after 400 steps
  Weighting: frank_wolfe alpha = 0.0750
  [Step 9/9] train_MMD=0.0155 alpha_opt=0.0750 oracle_top10_TVD=0.5609
  [WARNING] MMD worsened but kept (diagnostic, delta=-0.000678)
  SNR (proxy): 21.79 (mean_norm=0.0469, std_norm=0.0022)

Final: 10 models, MMD=0.0178 (delta=+0.0232) F1=nan

[FCFW] Computing Fully Corrective Frank-Wolfe weights for final ensemble...
  Weighting: fully corrective QP weights = [0.4922, 0.2412, 0.1202, 0.0000, 0.1405, 0.0000, 0.0000, 0.0000, 0.0000, 0.0058]
  FCFW Sampled MMD^2: 0.006487
  FCFW Sampled TVD:   0.4925

FINAL MODEL COMPARISON (inc. FCFW)
Model      | MMD        | TVD        | TVD*       | Valid      | Cover      | F1        
----------------------------------------------------------------------------------------
Baseline   | 0.0410     | n/a        | n/a        | n/a        | n/a        | n/a       
Ensemble   | 0.0178     | 0.651      | 0.591      | n/a        | n/a        | n/a       
Model 0    | 0.0425     | 0.897      | 0.769      | n/a        | n/a        | n/a       
Model 1    | 0.1354     | 0.820      | 0.739      | n/a        | n/a        | n/a       
Model 2    | 0.5403     | 0.849      | 0.814      | n/a        | n/a        | n/a       
Model 3    | 0.0523     | 1.000      | 0.988      | n/a        | n/a        | n/a       
Model 4    | 0.5818     | 0.851      | 0.840      | n/a        | n/a        | n/a       
Model 5    | 0.0522     | 1.000      | 0.990      | n/a        | n/a        | n/a       
Model 6    | 0.0525     | 1.000      | 0.996      | n/a        | n/a        | n/a       
Model 7    | 0.0522     | 0.988      | 0.952      | n/a        | n/a        | n/a       
Model 8    | 0.0527     | 1.000      | 0.996      | n/a        | n/a        | n/a       
Model 9    | 0.6390     | 0.877      | 0.867      | n/a        | n/a        | n/a       
Ensemble (FCFW) | 0.0065     | 0.493      | 0.411      | n/a        | n/a        | n/a       
Saving results to out/hpo/hopfield_20q_p2_b20_20260605_193022/trials/trial_0024/results.csv...
Experiment: Boosting on Hopfield (20q, 2p)
Configuration:
  train_samples: 1000
  data_seed: 42
  n_samples: 400
  n_models: 10
  learning_rate: 0.01683723007707788
  epochs_per_step: 400
  caching_level: none
  ensemble_samples_coeff: 1.0
  init_baseline: covariance
  init_later: random
  lambda_dual: 1.0
  lambda_schedule: {'type': 'frank_wolfe', 'gamma': 0.75, 'tau': 1.0}
  n_ops: 512
  weight_strategy: frank_wolfe
  alpha_n_grid: 11
  alpha_objective_weight: 0.5
  baseline: none
  shots: 1000
  final_eval_sampling: True
  dataset_metrics: True
  exact_metrics: {'enabled': True, 'max_qubits': 20, 'phases': {'baseline': True, 'steps': False, 'final': True, 'per_model': True, 'fcfw': True}}
  keep_models_for_diagnosis: True
  stop_on_reject: False
  save_circuit_artifacts: False
  rng_seed: 42
  circuit_config: {'topology': 'aachen_heavy_hex', 'distance': 2, 'max_weight': 2, 'n_ancilla': 0}
  turbo: 10
  dynamic_is_within_shell: shell_uniform
  exact_sampling: True
  acceptance_metric: training_mmd
  skip_sampling: True
  report_fcfw: True
  dynamic_is: True
  dynamic_is_beta: 0.03462552055849809
  sigma: [1.1288767102894721, 0.5065622562449045]
  require_exact_sampling: True
================================================================================
Saving config to out/hpo/hopfield_20q_p2_b20_20260605_193022/trials/trial_0025/config.json...
Gate structure: Qubits: 20
Aachen heavy-hex topology: 39 parameters
one_qubit=20, two_qubit=19
Using Gaussian Kernel (n_ops=512, n_qubits=20):
  - sigma=1.12887671
  - sigma=0.50656226
Expected sampled operator size:
  - p=3.245344, std=1.648857
  - p=8.575149, std=2.213253
  mean: 5.910246
  std: 3.303077
Baselines enabled: 

Training ensemble Model 0 (400 epochs)...
Training has not converged after 400 steps
Model 0 final loss: 0.077808
  [Step 0/9] train_MMD=0.0730 alpha_opt=1.0000 oracle_top1_TVD=0.9034

[Step 1] Training Model 1...
  lambda_dual: 0.6250
Training has not converged after 400 steps
  Weighting: frank_wolfe alpha = 0.3750
  [Step 1/9] train_MMD=0.0469 alpha_opt=0.3750 oracle_top2_TVD=0.8067
  [OK] MMD improved (delta=+0.026157)
  SNR (proxy): 5.91 (mean_norm=0.0618, std_norm=0.0105)

[Step 2] Training Model 2...
  lambda_dual: 0.7500
Training has not converged after 400 steps
  Weighting: frank_wolfe alpha = 0.2500
  [Step 2/9] train_MMD=0.0301 alpha_opt=0.2500 oracle_top3_TVD=0.7101
  [OK] MMD improved (delta=+0.016800)
  SNR (proxy): 15.87 (mean_norm=0.0527, std_norm=0.0033)

[Step 3] Training Model 3...
  lambda_dual: 0.8125
Training has not converged after 400 steps
  Weighting: frank_wolfe alpha = 0.1875
  [Step 3/9] train_MMD=0.0150 alpha_opt=0.1875 oracle_top4_TVD=0.6135
  [OK] MMD improved (delta=+0.015056)
  SNR (proxy): 7.44 (mean_norm=0.0133, std_norm=0.0018)

[Step 4] Training Model 4...
  lambda_dual: 0.8500
Training has not converged after 400 steps
  Weighting: frank_wolfe alpha = 0.1500
  [Step 4/9] train_MMD=0.0032 alpha_opt=0.1500 oracle_top5_TVD=0.6047
  [OK] MMD improved (delta=+0.011809)
  SNR (proxy): 6.72 (mean_norm=0.0107, std_norm=0.0016)

[Step 5] Training Model 5...
  lambda_dual: 0.8750
Training has not converged after 400 steps
  Weighting: frank_wolfe alpha = 0.1250
  [Step 5/9] train_MMD=0.0028 alpha_opt=0.1250 oracle_top6_TVD=0.5960
  [OK] MMD improved (delta=+0.000408)
  SNR (proxy): 6.22 (mean_norm=0.0118, std_norm=0.0019)

[Step 6] Training Model 6...
  lambda_dual: 0.8929
Training has not converged after 400 steps
  Weighting: frank_wolfe alpha = 0.1071
  [Step 6/9] train_MMD=0.0045 alpha_opt=0.1071 oracle_top7_TVD=0.5872
  [WARNING] MMD worsened but kept (diagnostic, delta=-0.001735)
  SNR (proxy): 11.55 (mean_norm=0.0180, std_norm=0.0016)

[Step 7] Training Model 7...
  lambda_dual: 0.9062
Training has not converged after 400 steps
  Weighting: frank_wolfe alpha = 0.0937
  [Step 7/9] train_MMD=0.0025 alpha_opt=0.0937 oracle_top8_TVD=0.5784
  [OK] MMD improved (delta=+0.002022)
  SNR (proxy): 5.33 (mean_norm=0.0197, std_norm=0.0037)

[Step 8] Training Model 8...
  lambda_dual: 0.9167
Training has not converged after 400 steps
  Weighting: frank_wolfe alpha = 0.0833
  [Step 8/9] train_MMD=0.0022 alpha_opt=0.0833 oracle_top9_TVD=0.5697
  [OK] MMD improved (delta=+0.000326)
  SNR (proxy): 13.54 (mean_norm=0.0161, std_norm=0.0012)

[Step 9] Training Model 9...
  lambda_dual: 0.9250
Training has not converged after 400 steps
  Weighting: frank_wolfe alpha = 0.0750
  [Step 9/9] train_MMD=0.0010 alpha_opt=0.0750 oracle_top10_TVD=0.5609
  [OK] MMD improved (delta=+0.001164)
  SNR (proxy): 3.52 (mean_norm=0.0049, std_norm=0.0014)

Final: 10 models, MMD=0.0006 (delta=+0.0724) F1=nan

[FCFW] Computing Fully Corrective Frank-Wolfe weights for final ensemble...
  Weighting: fully corrective QP weights = [0.1093, 0.0495, 0.1180, 0.1109, 0.0000, 0.1103, 0.0976, 0.1134, 0.1867, 0.1044]
  FCFW Sampled MMD^2: -0.000374
  FCFW Sampled TVD:   0.2773

FINAL MODEL COMPARISON (inc. FCFW)
Model      | MMD        | TVD        | TVD*       | Valid      | Cover      | F1        
----------------------------------------------------------------------------------------
Baseline   | 0.0730     | n/a        | n/a        | n/a        | n/a        | n/a       
Ensemble   | 0.0006     | 0.312      | 0.227      | n/a        | n/a        | n/a       
Model 0    | 0.0755     | 0.938      | 0.830      | n/a        | n/a        | n/a       
Model 1    | 0.2400     | 0.812      | 0.751      | n/a        | n/a        | n/a       
Model 2    | 0.4458     | 0.826      | 0.784      | n/a        | n/a        | n/a       
Model 3    | 0.3710     | 0.837      | 0.785      | n/a        | n/a        | n/a       
Model 4    | 0.5748     | 0.838      | 0.809      | n/a        | n/a        | n/a       
Model 5    | 0.1808     | 0.805      | 0.726      | n/a        | n/a        | n/a       
Model 6    | 0.2644     | 0.820      | 0.757      | n/a        | n/a        | n/a       
Model 7    | 0.2596     | 0.818      | 0.765      | n/a        | n/a        | n/a       
Model 8    | 0.4361     | 0.830      | 0.788      | n/a        | n/a        | n/a       
Model 9    | 0.3871     | 0.872      | 0.835      | n/a        | n/a        | n/a       
Ensemble (FCFW) | -0.0004    | 0.277      | 0.188      | n/a        | n/a        | n/a       
Saving results to out/hpo/hopfield_20q_p2_b20_20260605_193022/trials/trial_0025/results.csv...
Experiment: Boosting on Hopfield (20q, 2p)
Configuration:
  train_samples: 1000
  data_seed: 42
  n_samples: 400
  n_models: 10
  learning_rate: 0.060501176706172194
  epochs_per_step: 400
  caching_level: none
  ensemble_samples_coeff: 1.0
  init_baseline: covariance
  init_later: random
  lambda_dual: 1.0
  lambda_schedule: {'type': 'frank_wolfe', 'gamma': 0.75, 'tau': 1.0}
  n_ops: 512
  weight_strategy: frank_wolfe
  alpha_n_grid: 11
  alpha_objective_weight: 0.5
  baseline: none
  shots: 1000
  final_eval_sampling: True
  dataset_metrics: True
  exact_metrics: {'enabled': True, 'max_qubits': 20, 'phases': {'baseline': True, 'steps': False, 'final': True, 'per_model': True, 'fcfw': True}}
  keep_models_for_diagnosis: True
  stop_on_reject: False
  save_circuit_artifacts: False
  rng_seed: 42
  circuit_config: {'topology': 'aachen_heavy_hex', 'distance': 2, 'max_weight': 2, 'n_ancilla': 0}
  turbo: 10
  dynamic_is_within_shell: shell_uniform
  exact_sampling: True
  acceptance_metric: training_mmd
  skip_sampling: True
  report_fcfw: True
  dynamic_is: True
  dynamic_is_beta: 0.045855043213483826
  sigma: [0.8051972364697919, 0.5758221760349647]
  require_exact_sampling: True
================================================================================
Saving config to out/hpo/hopfield_20q_p2_b20_20260605_193022/trials/trial_0026/config.json...
Gate structure: Qubits: 20
Aachen heavy-hex topology: 39 parameters
one_qubit=20, two_qubit=19
Using Gaussian Kernel (n_ops=512, n_qubits=20):
  - sigma=0.80519724
  - sigma=0.57582218
Expected sampled operator size:
  - p=5.375409, std=1.982589
  - p=7.786415, std=2.180597
  mean: 6.580912
  std: 2.407502
Baselines enabled: 

Training ensemble Model 0 (400 epochs)...
Training has not converged after 400 steps
Model 0 final loss: 0.060212
  [Step 0/9] train_MMD=0.0583 alpha_opt=1.0000 oracle_top1_TVD=0.9034

[Step 1] Training Model 1...
  lambda_dual: 0.6250
Training has not converged after 400 steps
  Weighting: frank_wolfe alpha = 0.3750
  [Step 1/9] train_MMD=0.0416 alpha_opt=0.3750 oracle_top2_TVD=0.8067
  [OK] MMD improved (delta=+0.016673)
  SNR (proxy): 6.94 (mean_norm=0.0957, std_norm=0.0138)

[Step 2] Training Model 2...
  lambda_dual: 0.7500
Training has not converged after 400 steps
  Weighting: frank_wolfe alpha = 0.2500
  [Step 2/9] train_MMD=0.0268 alpha_opt=0.2500 oracle_top3_TVD=0.7101
  [OK] MMD improved (delta=+0.014832)
  SNR (proxy): 22.39 (mean_norm=0.0724, std_norm=0.0032)

[Step 3] Training Model 3...
  lambda_dual: 0.8125
Training has not converged after 400 steps
  Weighting: frank_wolfe alpha = 0.1875
  [Step 3/9] train_MMD=0.0114 alpha_opt=0.1875 oracle_top4_TVD=0.6135
  [OK] MMD improved (delta=+0.015313)
  SNR (proxy): 6.73 (mean_norm=0.0257, std_norm=0.0038)

[Step 4] Training Model 4...
  lambda_dual: 0.8500
Training has not converged after 400 steps
  Weighting: frank_wolfe alpha = 0.1500
  [Step 4/9] train_MMD=0.0019 alpha_opt=0.1500 oracle_top5_TVD=0.6047
  [OK] MMD improved (delta=+0.009531)
  SNR (proxy): 4.82 (mean_norm=0.0082, std_norm=0.0017)

[Step 5] Training Model 5...
  lambda_dual: 0.8750
Training has not converged after 400 steps
  Weighting: frank_wolfe alpha = 0.1250
  [Step 5/9] train_MMD=0.0017 alpha_opt=0.1250 oracle_top6_TVD=0.5960
  [OK] MMD improved (delta=+0.000215)
  SNR (proxy): 5.25 (mean_norm=0.0129, std_norm=0.0025)

[Step 6] Training Model 6...
  lambda_dual: 0.8929
Training has not converged after 400 steps
  Weighting: frank_wolfe alpha = 0.1071
  [Step 6/9] train_MMD=0.0032 alpha_opt=0.1071 oracle_top7_TVD=0.5872
  [WARNING] MMD worsened but kept (diagnostic, delta=-0.001498)
  SNR (proxy): 10.47 (mean_norm=0.0165, std_norm=0.0016)

[Step 7] Training Model 7...
  lambda_dual: 0.9062
Training has not converged after 400 steps
  Weighting: frank_wolfe alpha = 0.0937
  [Step 7/9] train_MMD=0.0023 alpha_opt=0.0937 oracle_top8_TVD=0.5784
  [OK] MMD improved (delta=+0.000931)
  SNR (proxy): 9.73 (mean_norm=0.0153, std_norm=0.0016)

[Step 8] Training Model 8...
  lambda_dual: 0.9167
Training has not converged after 400 steps
  Weighting: frank_wolfe alpha = 0.0833
  [Step 8/9] train_MMD=0.0020 alpha_opt=0.0833 oracle_top9_TVD=0.5697
  [OK] MMD improved (delta=+0.000253)
  SNR (proxy): 19.14 (mean_norm=0.0141, std_norm=0.0007)

[Step 9] Training Model 9...
  lambda_dual: 0.9250
Training has not converged after 400 steps
  Weighting: frank_wolfe alpha = 0.0750
  [Step 9/9] train_MMD=0.0008 alpha_opt=0.0750 oracle_top10_TVD=0.5609
  [OK] MMD improved (delta=+0.001238)
  SNR (proxy): 11.38 (mean_norm=0.0077, std_norm=0.0007)

Final: 10 models, MMD=0.0014 (delta=+0.0569) F1=nan

[FCFW] Computing Fully Corrective Frank-Wolfe weights for final ensemble...
  Weighting: fully corrective QP weights = [0.1423, 0.0882, 0.1101, 0.1041, 0.1678, 0.1074, 0.0973, 0.1110, 0.0000, 0.0718]
  FCFW Sampled MMD^2: 0.000548
  FCFW Sampled TVD:   0.3036

FINAL MODEL COMPARISON (inc. FCFW)
Model      | MMD        | TVD        | TVD*       | Valid      | Cover      | F1        
----------------------------------------------------------------------------------------
Baseline   | 0.0583     | n/a        | n/a        | n/a        | n/a        | n/a       
Ensemble   | 0.0014     | 0.329      | 0.217      | n/a        | n/a        | n/a       
Model 0    | 0.0604     | 0.906      | 0.778      | n/a        | n/a        | n/a       
Model 1    | 0.2534     | 0.819      | 0.751      | n/a        | n/a        | n/a       
Model 2    | 0.3731     | 0.830      | 0.797      | n/a        | n/a        | n/a       
Model 3    | 0.3854     | 0.836      | 0.789      | n/a        | n/a        | n/a       
Model 4    | 0.5212     | 0.838      | 0.798      | n/a        | n/a        | n/a       
Model 5    | 0.1251     | 0.829      | 0.708      | n/a        | n/a        | n/a       
Model 6    | 0.2125     | 0.823      | 0.754      | n/a        | n/a        | n/a       
Model 7    | 0.1751     | 0.806      | 0.753      | n/a        | n/a        | n/a       
Model 8    | 0.6206     | 0.856      | 0.848      | n/a        | n/a        | n/a       
Model 9    | 0.3322     | 0.872      | 0.857      | n/a        | n/a        | n/a       
Ensemble (FCFW) | 0.0005     | 0.304      | 0.183      | n/a        | n/a        | n/a       
Saving results to out/hpo/hopfield_20q_p2_b20_20260605_193022/trials/trial_0026/results.csv...
Experiment: Boosting on Hopfield (20q, 2p)
Configuration:
  train_samples: 1000
  data_seed: 42
  n_samples: 400
  n_models: 10
  learning_rate: 0.03307559667171253
  epochs_per_step: 400
  caching_level: none
  ensemble_samples_coeff: 1.0
  init_baseline: covariance
  init_later: random
  lambda_dual: 1.0
  lambda_schedule: {'type': 'frank_wolfe', 'gamma': 1.0, 'tau': 1.0}
  n_ops: 512
  weight_strategy: frank_wolfe
  alpha_n_grid: 11
  alpha_objective_weight: 0.5
  baseline: none
  shots: 1000
  final_eval_sampling: True
  dataset_metrics: True
  exact_metrics: {'enabled': True, 'max_qubits': 20, 'phases': {'baseline': True, 'steps': False, 'final': True, 'per_model': True, 'fcfw': True}}
  keep_models_for_diagnosis: True
  stop_on_reject: False
  save_circuit_artifacts: False
  rng_seed: 42
  circuit_config: {'topology': 'aachen_heavy_hex', 'distance': 2, 'max_weight': 2, 'n_ancilla': 0}
  turbo: 10
  dynamic_is_within_shell: shell_uniform
  exact_sampling: True
  acceptance_metric: training_mmd
  skip_sampling: True
  report_fcfw: True
  dynamic_is: True
  dynamic_is_beta: 0.021624333684962586
  sigma: [0.8051070844228405, 0.600879998473529]
  require_exact_sampling: True
================================================================================
Saving config to out/hpo/hopfield_20q_p2_b20_20260605_193022/trials/trial_0027/config.json...
Gate structure: Qubits: 20
Aachen heavy-hex topology: 39 parameters
one_qubit=20, two_qubit=19
Using Gaussian Kernel (n_ops=512, n_qubits=20):
  - sigma=0.80510708
  - sigma=0.60088000
Expected sampled operator size:
  - p=5.376208, std=1.982682
  - p=7.496321, std=2.164851
  mean: 6.436264
  std: 2.330777
Baselines enabled: 

Training ensemble Model 0 (400 epochs)...
Training has not converged after 400 steps
Model 0 final loss: 0.059588
  [Step 0/9] train_MMD=0.0587 alpha_opt=1.0000 oracle_top1_TVD=0.9034

[Step 1] Training Model 1...
  lambda_dual: 0.5000
Training has not converged after 400 steps
  Weighting: frank_wolfe alpha = 0.5000
  [Step 1/9] train_MMD=0.0400 alpha_opt=0.5000 oracle_top2_TVD=0.8067
  [OK] MMD improved (delta=+0.018748)
  SNR (proxy): 6.46 (mean_norm=0.0459, std_norm=0.0071)

[Step 2] Training Model 2...
  lambda_dual: 0.6667
Training has not converged after 400 steps
  Weighting: frank_wolfe alpha = 0.3333
  [Step 2/9] train_MMD=0.0358 alpha_opt=0.3333 oracle_top3_TVD=0.7101
  [OK] MMD improved (delta=+0.004171)
  SNR (proxy): 19.23 (mean_norm=0.1105, std_norm=0.0057)

[Step 3] Training Model 3...
  lambda_dual: 0.7500
Training has not converged after 400 steps
  Weighting: frank_wolfe alpha = 0.2500
  [Step 3/9] train_MMD=0.0163 alpha_opt=0.2500 oracle_top4_TVD=0.6135
  [OK] MMD improved (delta=+0.019541)
  SNR (proxy): 6.10 (mean_norm=0.0317, std_norm=0.0052)

[Step 4] Training Model 4...
  lambda_dual: 0.8000
Training has not converged after 400 steps
  Weighting: frank_wolfe alpha = 0.2000
  [Step 4/9] train_MMD=0.0074 alpha_opt=0.2000 oracle_top5_TVD=0.6047
  [OK] MMD improved (delta=+0.008888)
  SNR (proxy): 35.10 (mean_norm=0.0627, std_norm=0.0018)

[Step 5] Training Model 5...
  lambda_dual: 0.8333
Training has not converged after 400 steps
  Weighting: frank_wolfe alpha = 0.1667
  [Step 5/9] train_MMD=0.0029 alpha_opt=0.1667 oracle_top6_TVD=0.5960
  [OK] MMD improved (delta=+0.004499)
  SNR (proxy): 5.40 (mean_norm=0.0211, std_norm=0.0039)

[Step 6] Training Model 6...
  lambda_dual: 0.8571
Training has not converged after 400 steps
  Weighting: frank_wolfe alpha = 0.1429
  [Step 6/9] train_MMD=0.0043 alpha_opt=0.1429 oracle_top7_TVD=0.5872
  [WARNING] MMD worsened but kept (diagnostic, delta=-0.001457)
  SNR (proxy): 11.62 (mean_norm=0.0314, std_norm=0.0027)

[Step 7] Training Model 7...
  lambda_dual: 0.8750
Training has not converged after 400 steps
  Weighting: frank_wolfe alpha = 0.1250
  [Step 7/9] train_MMD=0.0011 alpha_opt=0.1250 oracle_top8_TVD=0.5784
  [OK] MMD improved (delta=+0.003195)
  SNR (proxy): 17.86 (mean_norm=0.0108, std_norm=0.0006)

[Step 8] Training Model 8...
  lambda_dual: 0.8889
Training has not converged after 400 steps
  Weighting: frank_wolfe alpha = 0.1111
  [Step 8/9] train_MMD=0.0021 alpha_opt=0.1111 oracle_top9_TVD=0.5697
  [WARNING] MMD worsened but kept (diagnostic, delta=-0.000922)
  SNR (proxy): 10.13 (mean_norm=0.0164, std_norm=0.0016)

[Step 9] Training Model 9...
  lambda_dual: 0.9000
Training has not converged after 400 steps
  Weighting: frank_wolfe alpha = 0.1000
  [Step 9/9] train_MMD=0.0004 alpha_opt=0.1000 oracle_top10_TVD=0.5609
  [OK] MMD improved (delta=+0.001634)
  SNR (proxy): 6.07 (mean_norm=0.0072, std_norm=0.0012)

Final: 10 models, MMD=0.0014 (delta=+0.0573) F1=nan

[FCFW] Computing Fully Corrective Frank-Wolfe weights for final ensemble...
  Weighting: fully corrective QP weights = [0.0889, 0.0799, 0.1228, 0.1637, 0.0975, 0.1249, 0.0968, 0.0672, 0.0666, 0.0916]
  FCFW Sampled MMD^2: -0.000687
  FCFW Sampled TVD:   0.2668

FINAL MODEL COMPARISON (inc. FCFW)
Model      | MMD        | TVD        | TVD*       | Valid      | Cover      | F1        
----------------------------------------------------------------------------------------
Baseline   | 0.0587     | n/a        | n/a        | n/a        | n/a        | n/a       
Ensemble   | 0.0014     | 0.300      | 0.188      | n/a        | n/a        | n/a       
Model 0    | 0.0634     | 0.928      | 0.767      | n/a        | n/a        | n/a       
Model 1    | 0.1079     | 0.827      | 0.712      | n/a        | n/a        | n/a       
Model 2    | 0.2474     | 0.819      | 0.769      | n/a        | n/a        | n/a       
Model 3    | 0.2232     | 0.814      | 0.754      | n/a        | n/a        | n/a       
Model 4    | 0.5815     | 0.858      | 0.837      | n/a        | n/a        | n/a       
Model 5    | 0.2601     | 0.854      | 0.820      | n/a        | n/a        | n/a       
Model 6    | 0.2177     | 0.826      | 0.757      | n/a        | n/a        | n/a       
Model 7    | 0.2159     | 0.814      | 0.760      | n/a        | n/a        | n/a       
Model 8    | 0.2009     | 0.815      | 0.762      | n/a        | n/a        | n/a       
Model 9    | 0.2283     | 0.825      | 0.792      | n/a        | n/a        | n/a       
Ensemble (FCFW) | -0.0007    | 0.267      | 0.176      | n/a        | n/a        | n/a       
Saving results to out/hpo/hopfield_20q_p2_b20_20260605_193022/trials/trial_0027/results.csv...
Experiment: Boosting on Hopfield (20q, 2p)
Configuration:
  train_samples: 1000
  data_seed: 42
  n_samples: 400
  n_models: 10
  learning_rate: 0.033625445256599606
  epochs_per_step: 400
  caching_level: none
  ensemble_samples_coeff: 1.0
  init_baseline: covariance
  init_later: random
  lambda_dual: 1.0
  lambda_schedule: {'type': 'frank_wolfe', 'gamma': 1.0, 'tau': 1.0}
  n_ops: 2048
  weight_strategy: frank_wolfe
  alpha_n_grid: 11
  alpha_objective_weight: 0.5
  baseline: none
  shots: 1000
  final_eval_sampling: True
  dataset_metrics: True
  exact_metrics: {'enabled': True, 'max_qubits': 20, 'phases': {'baseline': True, 'steps': False, 'final': True, 'per_model': True, 'fcfw': True}}
  keep_models_for_diagnosis: True
  stop_on_reject: False
  save_circuit_artifacts: False
  rng_seed: 42
  circuit_config: {'topology': 'aachen_heavy_hex', 'distance': 2, 'max_weight': 2, 'n_ancilla': 0}
  turbo: 10
  dynamic_is_within_shell: shell_uniform
  exact_sampling: True
  acceptance_metric: training_mmd
  skip_sampling: True
  report_fcfw: True
  dynamic_is: True
  dynamic_is_beta: 0.013438921019958442
  sigma: [0.9290878139454131, 0.6737709273483679, 0.37146711869693727]
  require_exact_sampling: True
================================================================================
Saving config to out/hpo/hopfield_20q_p2_b20_20260605_193022/trials/trial_0028/config.json...
Gate structure: Qubits: 20
Aachen heavy-hex topology: 39 parameters
one_qubit=20, two_qubit=19
Using Gaussian Kernel (n_ops=2048, n_qubits=20):
  - sigma=0.92908781
  - sigma=0.67377093
  - sigma=0.37146712
Expected sampled operator size:
  - p=4.396744, std=1.852073
  - p=6.675949, std=2.108918
  - p=9.733111, std=2.235271
  mean: 6.935268
  std: 3.011834
Baselines enabled: 

Training ensemble Model 0 (400 epochs)...
Training has not converged after 400 steps
Model 0 final loss: 0.060291
  [Step 0/9] train_MMD=0.0579 alpha_opt=1.0000 oracle_top1_TVD=0.9034

[Step 1] Training Model 1...
  lambda_dual: 0.5000
Training has not converged after 400 steps
  Weighting: frank_wolfe alpha = 0.5000
  [Step 1/9] train_MMD=0.0444 alpha_opt=0.5000 oracle_top2_TVD=0.8067
  [OK] MMD improved (delta=+0.013432)
  SNR (proxy): 6.38 (mean_norm=0.0597, std_norm=0.0094)

[Step 2] Training Model 2...
  lambda_dual: 0.6667
Training has not converged after 400 steps
  Weighting: frank_wolfe alpha = 0.3333
  [Step 2/9] train_MMD=0.0333 alpha_opt=0.3333 oracle_top3_TVD=0.7101
  [OK] MMD improved (delta=+0.011104)
  SNR (proxy): 19.43 (mean_norm=0.0826, std_norm=0.0042)

[Step 3] Training Model 3...
  lambda_dual: 0.7500
Training has not converged after 400 steps
  Weighting: frank_wolfe alpha = 0.2500
  [Step 3/9] train_MMD=0.0145 alpha_opt=0.2500 oracle_top4_TVD=0.6135
  [OK] MMD improved (delta=+0.018815)
  SNR (proxy): 3.54 (mean_norm=0.0174, std_norm=0.0049)

[Step 4] Training Model 4...
  lambda_dual: 0.8000
Training has not converged after 400 steps
  Weighting: frank_wolfe alpha = 0.2000
  [Step 4/9] train_MMD=0.0044 alpha_opt=0.2000 oracle_top5_TVD=0.6047
  [OK] MMD improved (delta=+0.010129)
  SNR (proxy): 12.52 (mean_norm=0.0341, std_norm=0.0027)

[Step 5] Training Model 5...
  lambda_dual: 0.8333
Training has not converged after 400 steps
  Weighting: frank_wolfe alpha = 0.1667
  [Step 5/9] train_MMD=0.0025 alpha_opt=0.1667 oracle_top6_TVD=0.5960
  [OK] MMD improved (delta=+0.001893)
  SNR (proxy): 3.60 (mean_norm=0.0105, std_norm=0.0029)

[Step 6] Training Model 6...
  lambda_dual: 0.8571
Training has not converged after 400 steps
  Weighting: frank_wolfe alpha = 0.1429
  [Step 6/9] train_MMD=0.0038 alpha_opt=0.1429 oracle_top7_TVD=0.5872
  [WARNING] MMD worsened but kept (diagnostic, delta=-0.001316)
  SNR (proxy): 7.54 (mean_norm=0.0222, std_norm=0.0029)

[Step 7] Training Model 7...
  lambda_dual: 0.8750
Training has not converged after 400 steps
  Weighting: frank_wolfe alpha = 0.1250
  [Step 7/9] train_MMD=0.0022 alpha_opt=0.1250 oracle_top8_TVD=0.5784
  [OK] MMD improved (delta=+0.001655)
  SNR (proxy): 2.77 (mean_norm=0.0057, std_norm=0.0021)

[Step 8] Training Model 8...
  lambda_dual: 0.8889
Training has not converged after 400 steps
  Weighting: frank_wolfe alpha = 0.1111
  [Step 8/9] train_MMD=0.0036 alpha_opt=0.1111 oracle_top9_TVD=0.5697
  [WARNING] MMD worsened but kept (diagnostic, delta=-0.001456)
  SNR (proxy): 12.95 (mean_norm=0.0368, std_norm=0.0028)

[Step 9] Training Model 9...
  lambda_dual: 0.9000
Training has not converged after 400 steps
  Weighting: frank_wolfe alpha = 0.1000
  [Step 9/9] train_MMD=0.0009 alpha_opt=0.1000 oracle_top10_TVD=0.5609
  [OK] MMD improved (delta=+0.002705)
  SNR (proxy): 4.37 (mean_norm=0.0086, std_norm=0.0020)

Final: 10 models, MMD=0.0026 (delta=+0.0553) F1=nan

[FCFW] Computing Fully Corrective Frank-Wolfe weights for final ensemble...
  Weighting: fully corrective QP weights = [0.0912, 0.0804, 0.1096, 0.1398, 0.0835, 0.0744, 0.0886, 0.1294, 0.1001, 0.1030]
  FCFW Sampled MMD^2: -0.000626
  FCFW Sampled TVD:   0.2773

FINAL MODEL COMPARISON (inc. FCFW)
Model      | MMD        | TVD        | TVD*       | Valid      | Cover      | F1        
----------------------------------------------------------------------------------------
Baseline   | 0.0579     | n/a        | n/a        | n/a        | n/a        | n/a       
Ensemble   | 0.0026     | 0.324      | 0.214      | n/a        | n/a        | n/a       
Model 0    | 0.0642     | 0.968      | 0.799      | n/a        | n/a        | n/a       
Model 1    | 0.1275     | 0.808      | 0.728      | n/a        | n/a        | n/a       
Model 2    | 0.2218     | 0.821      | 0.757      | n/a        | n/a        | n/a       
Model 3    | 0.2212     | 0.814      | 0.752      | n/a        | n/a        | n/a       
Model 4    | 0.5077     | 0.833      | 0.802      | n/a        | n/a        | n/a       
Model 5    | 0.1694     | 0.842      | 0.775      | n/a        | n/a        | n/a       
Model 6    | 0.2405     | 0.817      | 0.766      | n/a        | n/a        | n/a       
Model 7    | 0.1767     | 0.810      | 0.748      | n/a        | n/a        | n/a       
Model 8    | 0.3841     | 0.829      | 0.787      | n/a        | n/a        | n/a       
Model 9    | 0.3132     | 0.837      | 0.805      | n/a        | n/a        | n/a       
Ensemble (FCFW) | -0.0006    | 0.277      | 0.190      | n/a        | n/a        | n/a       
Saving results to out/hpo/hopfield_20q_p2_b20_20260605_193022/trials/trial_0028/results.csv...
Experiment: Boosting on Hopfield (20q, 2p)
Configuration:
  train_samples: 1000
  data_seed: 42
  n_samples: 400
  n_models: 10
  learning_rate: 0.03748111891727052
  epochs_per_step: 400
  caching_level: none
  ensemble_samples_coeff: 1.0
  init_baseline: covariance
  init_later: random
  lambda_dual: 1.0
  lambda_schedule: {'type': 'frank_wolfe', 'gamma': 1.0, 'tau': 1.0}
  n_ops: 1024
  weight_strategy: frank_wolfe
  alpha_n_grid: 11
  alpha_objective_weight: 0.5
  baseline: none
  shots: 1000
  final_eval_sampling: True
  dataset_metrics: True
  exact_metrics: {'enabled': True, 'max_qubits': 20, 'phases': {'baseline': True, 'steps': False, 'final': True, 'per_model': True, 'fcfw': True}}
  keep_models_for_diagnosis: True
  stop_on_reject: False
  save_circuit_artifacts: False
  rng_seed: 42
  circuit_config: {'topology': 'aachen_heavy_hex', 'distance': 2, 'max_weight': 2, 'n_ancilla': 0}
  turbo: 10
  dynamic_is_within_shell: shell_uniform
  exact_sampling: True
  acceptance_metric: training_mmd
  skip_sampling: True
  report_fcfw: True
  dynamic_is: True
  dynamic_is_beta: 0.0800707178554473
  sigma: [1.6590015223707721, 0.4617059740855285]
  require_exact_sampling: True
================================================================================
Saving config to out/hpo/hopfield_20q_p2_b20_20260605_193022/trials/trial_0029/config.json...
Gate structure: Qubits: 20
Aachen heavy-hex topology: 39 parameters
one_qubit=20, two_qubit=19
Using Gaussian Kernel (n_ops=1024, n_qubits=20):
  - sigma=1.65900152
  - sigma=0.46170597
Expected sampled operator size:
  - p=1.661212, std=1.234192
  - p=9.042026, std=2.225784
  mean: 5.351619
  std: 4.105822
Baselines enabled: 

Training ensemble Model 0 (400 epochs)...
Training has not converged after 400 steps
Model 0 final loss: 0.078221
  [Step 0/9] train_MMD=0.0773 alpha_opt=1.0000 oracle_top1_TVD=0.9034

[Step 1] Training Model 1...
  lambda_dual: 0.5000
Training has not converged after 400 steps
  Weighting: frank_wolfe alpha = 0.5000
  [Step 1/9] train_MMD=0.0786 alpha_opt=0.5000 oracle_top2_TVD=0.8067
  [WARNING] MMD worsened but kept (diagnostic, delta=-0.001252)
  SNR (proxy): 9.38 (mean_norm=0.0704, std_norm=0.0075)

[Step 2] Training Model 2...
  lambda_dual: 0.6667
Training has not converged after 400 steps
  Weighting: frank_wolfe alpha = 0.3333
  [Step 2/9] train_MMD=0.0292 alpha_opt=0.3333 oracle_top3_TVD=0.7101
  [OK] MMD improved (delta=+0.049364)
  SNR (proxy): 6.67 (mean_norm=0.0256, std_norm=0.0038)

[Step 3] Training Model 3...
  lambda_dual: 0.7500
Training has not converged after 400 steps
  Weighting: frank_wolfe alpha = 0.2500
  [Step 3/9] train_MMD=0.0318 alpha_opt=0.2500 oracle_top4_TVD=0.6135
  [WARNING] MMD worsened but kept (diagnostic, delta=-0.002549)
  SNR (proxy): 28.70 (mean_norm=0.0853, std_norm=0.0030)

[Step 4] Training Model 4...
  lambda_dual: 0.8000
Training has not converged after 400 steps
  Weighting: frank_wolfe alpha = 0.2000
  [Step 4/9] train_MMD=0.0117 alpha_opt=0.2000 oracle_top5_TVD=0.6047
  [OK] MMD improved (delta=+0.020039)
  SNR (proxy): 7.28 (mean_norm=0.0268, std_norm=0.0037)

[Step 5] Training Model 5...
  lambda_dual: 0.8333
Training has not converged after 400 steps
  Weighting: frank_wolfe alpha = 0.1667
  [Step 5/9] train_MMD=0.0136 alpha_opt=0.1667 oracle_top6_TVD=0.5960
  [WARNING] MMD worsened but kept (diagnostic, delta=-0.001887)
  SNR (proxy): 33.67 (mean_norm=0.0491, std_norm=0.0015)

[Step 6] Training Model 6...
  lambda_dual: 0.8571
Training has not converged after 400 steps
  Weighting: frank_wolfe alpha = 0.1429
  [Step 6/9] train_MMD=0.0031 alpha_opt=0.1429 oracle_top7_TVD=0.5872
  [OK] MMD improved (delta=+0.010486)
  SNR (proxy): 8.16 (mean_norm=0.0195, std_norm=0.0024)

[Step 7] Training Model 7...
  lambda_dual: 0.8750
Training has not converged after 400 steps
  Weighting: frank_wolfe alpha = 0.1250
  [Step 7/9] train_MMD=0.0034 alpha_opt=0.1250 oracle_top8_TVD=0.5784
  [WARNING] MMD worsened but kept (diagnostic, delta=-0.000256)
  SNR (proxy): 7.52 (mean_norm=0.0079, std_norm=0.0010)

[Step 8] Training Model 8...
  lambda_dual: 0.8889
Training has not converged after 400 steps
  Weighting: frank_wolfe alpha = 0.1111
  [Step 8/9] train_MMD=0.0005 alpha_opt=0.1111 oracle_top9_TVD=0.5697
  [OK] MMD improved (delta=+0.002853)
  SNR (proxy): 6.96 (mean_norm=0.0054, std_norm=0.0008)

[Step 9] Training Model 9...
  lambda_dual: 0.9000
Training has not converged after 400 steps
  Weighting: frank_wolfe alpha = 0.1000
  [Step 9/9] train_MMD=0.0022 alpha_opt=0.1000 oracle_top10_TVD=0.5609
  [WARNING] MMD worsened but kept (diagnostic, delta=-0.001649)
  SNR (proxy): 6.62 (mean_norm=0.0072, std_norm=0.0011)

Final: 10 models, MMD=0.0001 (delta=+0.0772) F1=nan

[FCFW] Computing Fully Corrective Frank-Wolfe weights for final ensemble...
  Weighting: fully corrective QP weights = [0.0465, 0.1556, 0.0000, 0.1049, 0.1396, 0.1006, 0.1242, 0.0809, 0.1494, 0.0984]
  FCFW Sampled MMD^2: -0.000116
  FCFW Sampled TVD:   0.2827

FINAL MODEL COMPARISON (inc. FCFW)
Model      | MMD        | TVD        | TVD*       | Valid      | Cover      | F1        
----------------------------------------------------------------------------------------
Baseline   | 0.0773     | n/a        | n/a        | n/a        | n/a        | n/a       
Ensemble   | 0.0001     | 0.278      | 0.222      | n/a        | n/a        | n/a       
Model 0    | 0.0757     | 0.987      | 0.963      | n/a        | n/a        | n/a       
Model 1    | 0.1949     | 0.798      | 0.740      | n/a        | n/a        | n/a       
Model 2    | 0.1900     | 0.788      | 0.703      | n/a        | n/a        | n/a       
Model 3    | 0.5563     | 0.856      | 0.842      | n/a        | n/a        | n/a       
Model 4    | 0.4555     | 0.837      | 0.787      | n/a        | n/a        | n/a       
Model 5    | 0.5416     | 0.868      | 0.849      | n/a        | n/a        | n/a       
Model 6    | 0.4139     | 0.853      | 0.833      | n/a        | n/a        | n/a       
Model 7    | 0.2155     | 0.801      | 0.748      | n/a        | n/a        | n/a       
Model 8    | 0.1899     | 0.792      | 0.730      | n/a        | n/a        | n/a       
Model 9    | 0.1989     | 0.798      | 0.732      | n/a        | n/a        | n/a       
Ensemble (FCFW) | -0.0001    | 0.283      | 0.183      | n/a        | n/a        | n/a       
Saving results to out/hpo/hopfield_20q_p2_b20_20260605_193022/trials/trial_0029/results.csv...
Experiment: Boosting on Hopfield (20q, 2p)
Configuration:
  train_samples: 1000
  data_seed: 42
  n_samples: 400
  n_models: 10
  learning_rate: 0.0722616860355215
  epochs_per_step: 400
  caching_level: none
  ensemble_samples_coeff: 1.0
  init_baseline: covariance
  init_later: random
  lambda_dual: 1.0
  lambda_schedule: {'type': 'frank_wolfe', 'gamma': 1.0, 'tau': 1.0}
  n_ops: 1024
  weight_strategy: frank_wolfe
  alpha_n_grid: 11
  alpha_objective_weight: 0.5
  baseline: none
  shots: 1000
  final_eval_sampling: True
  dataset_metrics: True
  exact_metrics: {'enabled': True, 'max_qubits': 20, 'phases': {'baseline': True, 'steps': False, 'final': True, 'per_model': True, 'fcfw': True}}
  keep_models_for_diagnosis: True
  stop_on_reject: False
  save_circuit_artifacts: False
  rng_seed: 42
  circuit_config: {'topology': 'aachen_heavy_hex', 'distance': 2, 'max_weight': 2, 'n_ancilla': 0}
  turbo: 10
  dynamic_is_within_shell: shell_uniform
  exact_sampling: True
  acceptance_metric: training_mmd
  skip_sampling: True
  report_fcfw: True
  dynamic_is: True
  dynamic_is_beta: 0.043510527817179706
  sigma: [0.9380964032190366]
  require_exact_sampling: True
================================================================================
Saving config to out/hpo/hopfield_20q_p2_b20_20260605_193022/trials/trial_0030/config.json...
Gate structure: Qubits: 20
Aachen heavy-hex topology: 39 parameters
one_qubit=20, two_qubit=19
Using Gaussian Kernel (n_ops=1024, n_qubits=20):
  - sigma=0.93809640
Expected sampled operator size:
  - p=4.334363, std=1.842560
  mean: 4.334363
  std: 1.842560
Baselines enabled: 

Training ensemble Model 0 (400 epochs)...
Training has not converged after 400 steps
Model 0 final loss: 0.087098
  [Step 0/9] train_MMD=0.0813 alpha_opt=1.0000 oracle_top1_TVD=0.9034

[Step 1] Training Model 1...
  lambda_dual: 0.5000
Training has not converged after 400 steps
  Weighting: frank_wolfe alpha = 0.5000
  [Step 1/9] train_MMD=0.0448 alpha_opt=0.5000 oracle_top2_TVD=0.8067
  [OK] MMD improved (delta=+0.036519)
  SNR (proxy): 5.65 (mean_norm=0.0316, std_norm=0.0056)

[Step 2] Training Model 2...
  lambda_dual: 0.6667
Training has not converged after 400 steps
  Weighting: frank_wolfe alpha = 0.3333
  [Step 2/9] train_MMD=0.0639 alpha_opt=0.3333 oracle_top3_TVD=0.7101
  [WARNING] MMD worsened but kept (diagnostic, delta=-0.019187)
  SNR (proxy): 22.36 (mean_norm=0.1115, std_norm=0.0050)

[Step 3] Training Model 3...
  lambda_dual: 0.7500
Training has not converged after 400 steps
  Weighting: frank_wolfe alpha = 0.2500
  [Step 3/9] train_MMD=0.0338 alpha_opt=0.2500 oracle_top4_TVD=0.6135
  [OK] MMD improved (delta=+0.030135)
  SNR (proxy): 7.50 (mean_norm=0.0230, std_norm=0.0031)

[Step 4] Training Model 4...
  lambda_dual: 0.8000
Training has not converged after 400 steps
  Weighting: frank_wolfe alpha = 0.2000
  [Step 4/9] train_MMD=0.0279 alpha_opt=0.2000 oracle_top5_TVD=0.6047
  [OK] MMD improved (delta=+0.005872)
  SNR (proxy): 35.36 (mean_norm=0.0001, std_norm=0.0000)

[Step 5] Training Model 5...
  lambda_dual: 0.8333
Training has not converged after 400 steps
  Weighting: frank_wolfe alpha = 0.1667
  [Step 5/9] train_MMD=0.0074 alpha_opt=0.1667 oracle_top6_TVD=0.5960
  [OK] MMD improved (delta=+0.020495)
  SNR (proxy): 13.84 (mean_norm=0.0161, std_norm=0.0012)

[Step 6] Training Model 6...
  lambda_dual: 0.8571
Training has not converged after 400 steps
  Weighting: frank_wolfe alpha = 0.1429
  [Step 6/9] train_MMD=0.0101 alpha_opt=0.1429 oracle_top7_TVD=0.5872
  [WARNING] MMD worsened but kept (diagnostic, delta=-0.002611)
  SNR (proxy): 18.30 (mean_norm=0.0475, std_norm=0.0026)

[Step 7] Training Model 7...
  lambda_dual: 0.8750
Training has not converged after 400 steps
  Weighting: frank_wolfe alpha = 0.1250
  [Step 7/9] train_MMD=0.0025 alpha_opt=0.1250 oracle_top8_TVD=0.5784
  [OK] MMD improved (delta=+0.007561)
  SNR (proxy): 6.42 (mean_norm=0.0096, std_norm=0.0015)

[Step 8] Training Model 8...
  lambda_dual: 0.8889
Training has not converged after 400 steps
  Weighting: frank_wolfe alpha = 0.1111
  [Step 8/9] train_MMD=0.0017 alpha_opt=0.1111 oracle_top9_TVD=0.5697
  [OK] MMD improved (delta=+0.000818)
  SNR (proxy): 8.46 (mean_norm=0.0139, std_norm=0.0016)

[Step 9] Training Model 9...
  lambda_dual: 0.9000
Training has not converged after 400 steps
  Weighting: frank_wolfe alpha = 0.1000
  [Step 9/9] train_MMD=0.0003 alpha_opt=0.1000 oracle_top10_TVD=0.5609
  [OK] MMD improved (delta=+0.001349)
  SNR (proxy): 8.72 (mean_norm=0.0130, std_norm=0.0015)

Final: 10 models, MMD=0.0007 (delta=+0.0806) F1=nan

[FCFW] Computing Fully Corrective Frank-Wolfe weights for final ensemble...
  Weighting: fully corrective QP weights = [0.0369, 0.0647, 0.0583, 0.1140, 0.0980, 0.0844, 0.1577, 0.1226, 0.1345, 0.1289]
  FCFW Sampled MMD^2: -0.000537
  FCFW Sampled TVD:   0.2727

FINAL MODEL COMPARISON (inc. FCFW)
Model      | MMD        | TVD        | TVD*       | Valid      | Cover      | F1        
----------------------------------------------------------------------------------------
Baseline   | 0.0813     | n/a        | n/a        | n/a        | n/a        | n/a       
Ensemble   | 0.0007     | 0.334      | 0.225      | n/a        | n/a        | n/a       
Model 0    | 0.0862     | 0.934      | 0.811      | n/a        | n/a        | n/a       
Model 1    | 0.1289     | 0.820      | 0.754      | n/a        | n/a        | n/a       
Model 2    | 0.3374     | 0.870      | 0.832      | n/a        | n/a        | n/a       
Model 3    | 0.2157     | 0.815      | 0.755      | n/a        | n/a        | n/a       
Model 4    | 0.7910     | 0.903      | 0.903      | n/a        | n/a        | n/a       
Model 5    | 0.7282     | 0.882      | 0.877      | n/a        | n/a        | n/a       
Model 6    | 0.3192     | 0.822      | 0.766      | n/a        | n/a        | n/a       
Model 7    | 0.4990     | 0.829      | 0.814      | n/a        | n/a        | n/a       
Model 8    | 0.2637     | 0.808      | 0.748      | n/a        | n/a        | n/a       
Model 9    | 0.1429     | 0.862      | 0.719      | n/a        | n/a        | n/a       
Ensemble (FCFW) | -0.0005    | 0.273      | 0.201      | n/a        | n/a        | n/a       
Saving results to out/hpo/hopfield_20q_p2_b20_20260605_193022/trials/trial_0030/results.csv...
Experiment: Boosting on Hopfield (20q, 2p)
Configuration:
  train_samples: 1000
  data_seed: 42
  n_samples: 400
  n_models: 10
  learning_rate: 0.02575496181192708
  epochs_per_step: 400
  caching_level: none
  ensemble_samples_coeff: 1.0
  init_baseline: covariance
  init_later: random
  lambda_dual: 1.0
  lambda_schedule: {'type': 'frank_wolfe', 'gamma': 1.0, 'tau': 1.0}
  n_ops: 512
  weight_strategy: frank_wolfe
  alpha_n_grid: 11
  alpha_objective_weight: 0.5
  baseline: none
  shots: 1000
  final_eval_sampling: True
  dataset_metrics: True
  exact_metrics: {'enabled': True, 'max_qubits': 20, 'phases': {'baseline': True, 'steps': False, 'final': True, 'per_model': True, 'fcfw': True}}
  keep_models_for_diagnosis: True
  stop_on_reject: False
  save_circuit_artifacts: False
  rng_seed: 42
  circuit_config: {'topology': 'aachen_heavy_hex', 'distance': 2, 'max_weight': 2, 'n_ancilla': 0}
  turbo: 10
  dynamic_is_within_shell: shell_uniform
  exact_sampling: True
  acceptance_metric: training_mmd
  skip_sampling: True
  report_fcfw: True
  dynamic_is: True
  dynamic_is_beta: 0.02152453104844565
  sigma: [0.830744314080931, 0.6705896011362183]
  require_exact_sampling: True
================================================================================
Saving config to out/hpo/hopfield_20q_p2_b20_20260605_193022/trials/trial_0031/config.json...
Gate structure: Qubits: 20
Aachen heavy-hex topology: 39 parameters
one_qubit=20, two_qubit=19
Using Gaussian Kernel (n_ops=512, n_qubits=20):
  - sigma=0.83074431
  - sigma=0.67058960
Expected sampled operator size:
  - p=5.154307, std=1.956007
  - p=6.710587, std=2.111632
  mean: 5.932447
  std: 2.178986
Baselines enabled: 

Training ensemble Model 0 (400 epochs)...
Training has not converged after 400 steps
Model 0 final loss: 0.066935
  [Step 0/9] train_MMD=0.0645 alpha_opt=1.0000 oracle_top1_TVD=0.9034

[Step 1] Training Model 1...
  lambda_dual: 0.5000
Training has not converged after 400 steps
  Weighting: frank_wolfe alpha = 0.5000
  [Step 1/9] train_MMD=0.0496 alpha_opt=0.5000 oracle_top2_TVD=0.8067
  [OK] MMD improved (delta=+0.014883)
  SNR (proxy): 6.89 (mean_norm=0.0883, std_norm=0.0128)

[Step 2] Training Model 2...
  lambda_dual: 0.6667
Training has not converged after 400 steps
  Weighting: frank_wolfe alpha = 0.3333
  [Step 2/9] train_MMD=0.0330 alpha_opt=0.3333 oracle_top3_TVD=0.7101
  [OK] MMD improved (delta=+0.016570)
  SNR (proxy): 10.35 (mean_norm=0.0202, std_norm=0.0019)

[Step 3] Training Model 3...
  lambda_dual: 0.7500
Training has not converged after 400 steps
  Weighting: frank_wolfe alpha = 0.2500
  [Step 3/9] train_MMD=0.0153 alpha_opt=0.2500 oracle_top4_TVD=0.6135
  [OK] MMD improved (delta=+0.017712)
  SNR (proxy): 2.96 (mean_norm=0.0159, std_norm=0.0054)

[Step 4] Training Model 4...
  lambda_dual: 0.8000
Training has not converged after 400 steps
  Weighting: frank_wolfe alpha = 0.2000
  [Step 4/9] train_MMD=0.0069 alpha_opt=0.2000 oracle_top5_TVD=0.6047
  [OK] MMD improved (delta=+0.008417)
  SNR (proxy): 4.56 (mean_norm=0.0166, std_norm=0.0036)

[Step 5] Training Model 5...
  lambda_dual: 0.8333
Training has not converged after 400 steps
  Weighting: frank_wolfe alpha = 0.1667
  [Step 5/9] train_MMD=0.0071 alpha_opt=0.1667 oracle_top6_TVD=0.5960
  [WARNING] MMD worsened but kept (diagnostic, delta=-0.000185)
  SNR (proxy): 5.92 (mean_norm=0.0206, std_norm=0.0035)

[Step 6] Training Model 6...
  lambda_dual: 0.8571
Training has not converged after 400 steps
  Weighting: frank_wolfe alpha = 0.1429
  [Step 6/9] train_MMD=0.0051 alpha_opt=0.1429 oracle_top7_TVD=0.5872
  [OK] MMD improved (delta=+0.001964)
  SNR (proxy): 5.78 (mean_norm=0.0191, std_norm=0.0033)

[Step 7] Training Model 7...
  lambda_dual: 0.8750
Training has not converged after 400 steps
  Weighting: frank_wolfe alpha = 0.1250
  [Step 7/9] train_MMD=0.0027 alpha_opt=0.1250 oracle_top8_TVD=0.5784
  [OK] MMD improved (delta=+0.002372)
  SNR (proxy): 6.15 (mean_norm=0.0143, std_norm=0.0023)

[Step 8] Training Model 8...
  lambda_dual: 0.8889
Training has not converged after 400 steps
  Weighting: frank_wolfe alpha = 0.1111
  [Step 8/9] train_MMD=0.0023 alpha_opt=0.1111 oracle_top9_TVD=0.5697
  [OK] MMD improved (delta=+0.000413)
  SNR (proxy): 6.48 (mean_norm=0.0074, std_norm=0.0011)

[Step 9] Training Model 9...
  lambda_dual: 0.9000
Training has not converged after 400 steps
  Weighting: frank_wolfe alpha = 0.1000
  [Step 9/9] train_MMD=0.0019 alpha_opt=0.1000 oracle_top10_TVD=0.5609
  [OK] MMD improved (delta=+0.000373)
  SNR (proxy): 4.55 (mean_norm=0.0110, std_norm=0.0024)

Final: 10 models, MMD=0.0017 (delta=+0.0628) F1=nan

[FCFW] Computing Fully Corrective Frank-Wolfe weights for final ensemble...
  Weighting: fully corrective QP weights = [0.0198, 0.0394, 0.0316, 0.1051, 0.1357, 0.1997, 0.2203, 0.1411, 0.0756, 0.0317]
  FCFW Sampled MMD^2: -0.000137
  FCFW Sampled TVD:   0.3073

FINAL MODEL COMPARISON (inc. FCFW)
Model      | MMD        | TVD        | TVD*       | Valid      | Cover      | F1        
----------------------------------------------------------------------------------------
Baseline   | 0.0645     | n/a        | n/a        | n/a        | n/a        | n/a       
Ensemble   | 0.0017     | 0.337      | 0.224      | n/a        | n/a        | n/a       
Model 0    | 0.0692     | 0.964      | 0.779      | n/a        | n/a        | n/a       
Model 1    | 0.1499     | 0.795      | 0.720      | n/a        | n/a        | n/a       
Model 2    | 0.1805     | 0.842      | 0.788      | n/a        | n/a        | n/a       
Model 3    | 0.1997     | 0.808      | 0.736      | n/a        | n/a        | n/a       
Model 4    | 0.4532     | 0.830      | 0.780      | n/a        | n/a        | n/a       
Model 5    | 0.3023     | 0.831      | 0.761      | n/a        | n/a        | n/a       
Model 6    | 0.1671     | 0.818      | 0.745      | n/a        | n/a        | n/a       
Model 7    | 0.2517     | 0.821      | 0.764      | n/a        | n/a        | n/a       
Model 8    | 0.4060     | 0.830      | 0.786      | n/a        | n/a        | n/a       
Model 9    | 0.1498     | 0.797      | 0.722      | n/a        | n/a        | n/a       
Ensemble (FCFW) | -0.0001    | 0.307      | 0.195      | n/a        | n/a        | n/a       
Saving results to out/hpo/hopfield_20q_p2_b20_20260605_193022/trials/trial_0031/results.csv...
Experiment: Boosting on Hopfield (20q, 2p)
Configuration:
  train_samples: 1000
  data_seed: 42
  n_samples: 400
  n_models: 10
  learning_rate: 0.01681706448116149
  epochs_per_step: 400
  caching_level: none
  ensemble_samples_coeff: 1.0
  init_baseline: covariance
  init_later: random
  lambda_dual: 1.0
  lambda_schedule: {'type': 'frank_wolfe', 'gamma': 1.0, 'tau': 1.0}
  n_ops: 512
  weight_strategy: frank_wolfe
  alpha_n_grid: 11
  alpha_objective_weight: 0.5
  baseline: none
  shots: 1000
  final_eval_sampling: True
  dataset_metrics: True
  exact_metrics: {'enabled': True, 'max_qubits': 20, 'phases': {'baseline': True, 'steps': False, 'final': True, 'per_model': True, 'fcfw': True}}
  keep_models_for_diagnosis: True
  stop_on_reject: False
  save_circuit_artifacts: False
  rng_seed: 42
  circuit_config: {'topology': 'aachen_heavy_hex', 'distance': 2, 'max_weight': 2, 'n_ancilla': 0}
  turbo: 10
  dynamic_is_within_shell: shell_uniform
  exact_sampling: True
  acceptance_metric: training_mmd
  skip_sampling: True
  report_fcfw: True
  dynamic_is: True
  dynamic_is_beta: 0.02933832022442827
  sigma: [0.7610312944789627, 0.6058378851023026]
  require_exact_sampling: True
================================================================================
Saving config to out/hpo/hopfield_20q_p2_b20_20260605_193022/trials/trial_0032/config.json...
Gate structure: Qubits: 20
Aachen heavy-hex topology: 39 parameters
one_qubit=20, two_qubit=19
Using Gaussian Kernel (n_ops=512, n_qubits=20):
  - sigma=0.76103129
  - sigma=0.60583789
Expected sampled operator size:
  - p=5.782348, std=2.027454
  - p=7.439163, std=2.161505
  mean: 6.610755
  std: 2.253353
Baselines enabled: 

Training ensemble Model 0 (400 epochs)...
Training has not converged after 400 steps
Model 0 final loss: 0.059414
  [Step 0/9] train_MMD=0.0584 alpha_opt=1.0000 oracle_top1_TVD=0.9034

[Step 1] Training Model 1...
  lambda_dual: 0.5000
Training has not converged after 400 steps
  Weighting: frank_wolfe alpha = 0.5000
  [Step 1/9] train_MMD=0.0444 alpha_opt=0.5000 oracle_top2_TVD=0.8067
  [OK] MMD improved (delta=+0.014020)
  SNR (proxy): 10.82 (mean_norm=0.0537, std_norm=0.0050)

[Step 2] Training Model 2...
  lambda_dual: 0.6667
Training has not converged after 400 steps
  Weighting: frank_wolfe alpha = 0.3333
  [Step 2/9] train_MMD=0.0364 alpha_opt=0.3333 oracle_top3_TVD=0.7101
  [OK] MMD improved (delta=+0.008057)
  SNR (proxy): 22.03 (mean_norm=0.1248, std_norm=0.0057)

[Step 3] Training Model 3...
  lambda_dual: 0.7500
Training has not converged after 400 steps
  Weighting: frank_wolfe alpha = 0.2500
  [Step 3/9] train_MMD=0.0150 alpha_opt=0.2500 oracle_top4_TVD=0.6135
  [OK] MMD improved (delta=+0.021412)
  SNR (proxy): 11.35 (mean_norm=0.0411, std_norm=0.0036)

[Step 4] Training Model 4...
  lambda_dual: 0.8000
Training has not converged after 400 steps
  Weighting: frank_wolfe alpha = 0.2000
  [Step 4/9] train_MMD=0.0060 alpha_opt=0.2000 oracle_top5_TVD=0.6047
  [OK] MMD improved (delta=+0.008969)
  SNR (proxy): 32.24 (mean_norm=0.0652, std_norm=0.0020)

[Step 5] Training Model 5...
  lambda_dual: 0.8333
Training has not converged after 400 steps
  Weighting: frank_wolfe alpha = 0.1667
  [Step 5/9] train_MMD=0.0023 alpha_opt=0.1667 oracle_top6_TVD=0.5960
  [OK] MMD improved (delta=+0.003724)
  SNR (proxy): 6.01 (mean_norm=0.0126, std_norm=0.0021)

[Step 6] Training Model 6...
  lambda_dual: 0.8571
Training has not converged after 400 steps
  Weighting: frank_wolfe alpha = 0.1429
  [Step 6/9] train_MMD=0.0042 alpha_opt=0.1429 oracle_top7_TVD=0.5872
  [WARNING] MMD worsened but kept (diagnostic, delta=-0.001947)
  SNR (proxy): 5.63 (mean_norm=0.0291, std_norm=0.0052)

[Step 7] Training Model 7...
  lambda_dual: 0.8750
Training has not converged after 400 steps
  Weighting: frank_wolfe alpha = 0.1250
  [Step 7/9] train_MMD=0.0013 alpha_opt=0.1250 oracle_top8_TVD=0.5784
  [OK] MMD improved (delta=+0.002924)
  SNR (proxy): 3.65 (mean_norm=0.0083, std_norm=0.0023)

[Step 8] Training Model 8...
  lambda_dual: 0.8889
Training has not converged after 400 steps
  Weighting: frank_wolfe alpha = 0.1111
  [Step 8/9] train_MMD=0.0017 alpha_opt=0.1111 oracle_top9_TVD=0.5697
  [WARNING] MMD worsened but kept (diagnostic, delta=-0.000376)
  SNR (proxy): 8.59 (mean_norm=0.0129, std_norm=0.0015)

[Step 9] Training Model 9...
  lambda_dual: 0.9000
Training has not converged after 400 steps
  Weighting: frank_wolfe alpha = 0.1000
  [Step 9/9] train_MMD=0.0004 alpha_opt=0.1000 oracle_top10_TVD=0.5609
  [OK] MMD improved (delta=+0.001295)
  SNR (proxy): 4.57 (mean_norm=0.0069, std_norm=0.0015)

Final: 10 models, MMD=0.0010 (delta=+0.0575) F1=nan

[FCFW] Computing Fully Corrective Frank-Wolfe weights for final ensemble...
  Weighting: fully corrective QP weights = [0.0827, 0.0454, 0.1288, 0.1115, 0.0967, 0.1089, 0.0898, 0.1240, 0.1113, 0.1008]
  FCFW Sampled MMD^2: -0.000593
  FCFW Sampled TVD:   0.2689

FINAL MODEL COMPARISON (inc. FCFW)
Model      | MMD        | TVD        | TVD*       | Valid      | Cover      | F1        
----------------------------------------------------------------------------------------
Baseline   | 0.0584     | n/a        | n/a        | n/a        | n/a        | n/a       
Ensemble   | 0.0010     | 0.290      | 0.183      | n/a        | n/a        | n/a       
Model 0    | 0.0561     | 0.902      | 0.784      | n/a        | n/a        | n/a       
Model 1    | 0.1165     | 0.811      | 0.716      | n/a        | n/a        | n/a       
Model 2    | 0.3957     | 0.828      | 0.773      | n/a        | n/a        | n/a       
Model 3    | 0.2835     | 0.823      | 0.770      | n/a        | n/a        | n/a       
Model 4    | 0.5382     | 0.834      | 0.797      | n/a        | n/a        | n/a       
Model 5    | 0.2222     | 0.852      | 0.801      | n/a        | n/a        | n/a       
Model 6    | 0.2117     | 0.820      | 0.763      | n/a        | n/a        | n/a       
Model 7    | 0.2189     | 0.814      | 0.769      | n/a        | n/a        | n/a       
Model 8    | 0.2590     | 0.815      | 0.767      | n/a        | n/a        | n/a       
Model 9    | 0.1835     | 0.811      | 0.755      | n/a        | n/a        | n/a       
Ensemble (FCFW) | -0.0006    | 0.269      | 0.176      | n/a        | n/a        | n/a       
Saving results to out/hpo/hopfield_20q_p2_b20_20260605_193022/trials/trial_0032/results.csv...
Experiment: Boosting on Hopfield (20q, 2p)
Configuration:
  train_samples: 1000
  data_seed: 42
  n_samples: 400
  n_models: 10
  learning_rate: 0.008261207885050704
  epochs_per_step: 400
  caching_level: none
  ensemble_samples_coeff: 1.0
  init_baseline: covariance
  init_later: random
  lambda_dual: 1.0
  lambda_schedule: {'type': 'frank_wolfe', 'gamma': 1.0, 'tau': 1.0}
  n_ops: 512
  weight_strategy: frank_wolfe
  alpha_n_grid: 11
  alpha_objective_weight: 0.5
  baseline: none
  shots: 1000
  final_eval_sampling: True
  dataset_metrics: True
  exact_metrics: {'enabled': True, 'max_qubits': 20, 'phases': {'baseline': True, 'steps': False, 'final': True, 'per_model': True, 'fcfw': True}}
  keep_models_for_diagnosis: True
  stop_on_reject: False
  save_circuit_artifacts: False
  rng_seed: 42
  circuit_config: {'topology': 'aachen_heavy_hex', 'distance': 2, 'max_weight': 2, 'n_ancilla': 0}
  turbo: 10
  dynamic_is_within_shell: shell_uniform
  exact_sampling: True
  acceptance_metric: training_mmd
  skip_sampling: True
  report_fcfw: True
  dynamic_is: True
  dynamic_is_beta: 0.030473234489570525
  sigma: [0.7712427106894424, 0.5725127386652745]
  require_exact_sampling: True
================================================================================
Saving config to out/hpo/hopfield_20q_p2_b20_20260605_193022/trials/trial_0033/config.json...
Gate structure: Qubits: 20
Aachen heavy-hex topology: 39 parameters
one_qubit=20, two_qubit=19
Using Gaussian Kernel (n_ops=512, n_qubits=20):
  - sigma=0.77124271
  - sigma=0.57251274
Expected sampled operator size:
  - p=5.685472, std=2.017236
  - p=7.824782, std=2.182526
  mean: 6.755127
  std: 2.358070
Baselines enabled: 

Training ensemble Model 0 (400 epochs)...
Training has not converged after 400 steps
Model 0 final loss: 0.054260
  [Step 0/9] train_MMD=0.0535 alpha_opt=1.0000 oracle_top1_TVD=0.9034

[Step 1] Training Model 1...
  lambda_dual: 0.5000
Training has not converged after 400 steps
  Weighting: frank_wolfe alpha = 0.5000
  [Step 1/9] train_MMD=0.0401 alpha_opt=0.5000 oracle_top2_TVD=0.8067
  [OK] MMD improved (delta=+0.013417)
  SNR (proxy): 4.91 (mean_norm=0.0518, std_norm=0.0105)

[Step 2] Training Model 2...
  lambda_dual: 0.6667
Training has not converged after 400 steps
  Weighting: frank_wolfe alpha = 0.3333
  [Step 2/9] train_MMD=0.0345 alpha_opt=0.3333 oracle_top3_TVD=0.7101
  [OK] MMD improved (delta=+0.005577)
  SNR (proxy): 23.99 (mean_norm=0.1152, std_norm=0.0048)

[Step 3] Training Model 3...
  lambda_dual: 0.7500
Training has not converged after 400 steps
  Weighting: frank_wolfe alpha = 0.2500
  [Step 3/9] train_MMD=0.0145 alpha_opt=0.2500 oracle_top4_TVD=0.6135
  [OK] MMD improved (delta=+0.019941)
  SNR (proxy): 4.93 (mean_norm=0.0227, std_norm=0.0046)

[Step 4] Training Model 4...
  lambda_dual: 0.8000
Training has not converged after 400 steps
  Weighting: frank_wolfe alpha = 0.2000
  [Step 4/9] train_MMD=0.0056 alpha_opt=0.2000 oracle_top5_TVD=0.6047
  [OK] MMD improved (delta=+0.008945)
  SNR (proxy): 31.85 (mean_norm=0.0494, std_norm=0.0016)

[Step 5] Training Model 5...
  lambda_dual: 0.8333
Training has not converged after 400 steps
  Weighting: frank_wolfe alpha = 0.1667
  [Step 5/9] train_MMD=0.0023 alpha_opt=0.1667 oracle_top6_TVD=0.5960
  [OK] MMD improved (delta=+0.003319)
  SNR (proxy): 4.34 (mean_norm=0.0131, std_norm=0.0030)

[Step 6] Training Model 6...
  lambda_dual: 0.8571
Training has not converged after 400 steps
  Weighting: frank_wolfe alpha = 0.1429
  [Step 6/9] train_MMD=0.0028 alpha_opt=0.1429 oracle_top7_TVD=0.5872
  [WARNING] MMD worsened but kept (diagnostic, delta=-0.000574)
  SNR (proxy): 5.51 (mean_norm=0.0252, std_norm=0.0046)

[Step 7] Training Model 7...
  lambda_dual: 0.8750
Training has not converged after 400 steps
  Weighting: frank_wolfe alpha = 0.1250
  [Step 7/9] train_MMD=0.0014 alpha_opt=0.1250 oracle_top8_TVD=0.5784
  [OK] MMD improved (delta=+0.001476)
  SNR (proxy): 6.72 (mean_norm=0.0177, std_norm=0.0026)

[Step 8] Training Model 8...
  lambda_dual: 0.8889
Training has not converged after 400 steps
  Weighting: frank_wolfe alpha = 0.1111
  [Step 8/9] train_MMD=0.0031 alpha_opt=0.1111 oracle_top9_TVD=0.5697
  [WARNING] MMD worsened but kept (diagnostic, delta=-0.001734)
  SNR (proxy): 9.93 (mean_norm=0.0076, std_norm=0.0008)

[Step 9] Training Model 9...
  lambda_dual: 0.9000
Training has not converged after 400 steps
  Weighting: frank_wolfe alpha = 0.1000
  [Step 9/9] train_MMD=0.0042 alpha_opt=0.1000 oracle_top10_TVD=0.5609
  [WARNING] MMD worsened but kept (diagnostic, delta=-0.001120)
  SNR (proxy): 28.17 (mean_norm=0.0387, std_norm=0.0014)

Final: 10 models, MMD=0.0040 (delta=+0.0495) F1=nan

[FCFW] Computing Fully Corrective Frank-Wolfe weights for final ensemble...
  Weighting: fully corrective QP weights = [0.1232, 0.1355, 0.1613, 0.2031, 0.1580, 0.0737, 0.0270, 0.0614, 0.0000, 0.0567]
  FCFW Sampled MMD^2: 0.000384
  FCFW Sampled TVD:   0.2970

FINAL MODEL COMPARISON (inc. FCFW)
Model      | MMD        | TVD        | TVD*       | Valid      | Cover      | F1        
----------------------------------------------------------------------------------------
Baseline   | 0.0535     | n/a        | n/a        | n/a        | n/a        | n/a       
Ensemble   | 0.0040     | 0.365      | 0.275      | n/a        | n/a        | n/a       
Model 0    | 0.0565     | 0.917      | 0.767      | n/a        | n/a        | n/a       
Model 1    | 0.1004     | 0.829      | 0.727      | n/a        | n/a        | n/a       
Model 2    | 0.2178     | 0.826      | 0.764      | n/a        | n/a        | n/a       
Model 3    | 0.2207     | 0.816      | 0.749      | n/a        | n/a        | n/a       
Model 4    | 0.5573     | 0.849      | 0.808      | n/a        | n/a        | n/a       
Model 5    | 0.2007     | 0.829      | 0.787      | n/a        | n/a        | n/a       
Model 6    | 0.2192     | 0.815      | 0.768      | n/a        | n/a        | n/a       
Model 7    | 0.1603     | 0.809      | 0.744      | n/a        | n/a        | n/a       
Model 8    | 0.0707     | 0.999      | 0.963      | n/a        | n/a        | n/a       
Model 9    | 0.4272     | 0.840      | 0.809      | n/a        | n/a        | n/a       
Ensemble (FCFW) | 0.0004     | 0.297      | 0.203      | n/a        | n/a        | n/a       
Saving results to out/hpo/hopfield_20q_p2_b20_20260605_193022/trials/trial_0033/results.csv...
Experiment: Boosting on Hopfield (20q, 2p)
Configuration:
  train_samples: 1000
  data_seed: 42
  n_samples: 400
  n_models: 10
  learning_rate: 0.026178736681142435
  epochs_per_step: 400
  caching_level: none
  ensemble_samples_coeff: 1.0
  init_baseline: covariance
  init_later: random
  lambda_dual: 1.0
  lambda_schedule: {'type': 'frank_wolfe', 'gamma': 1.0, 'tau': 1.0}
  n_ops: 512
  weight_strategy: frank_wolfe
  alpha_n_grid: 11
  alpha_objective_weight: 0.5
  baseline: none
  shots: 1000
  final_eval_sampling: True
  dataset_metrics: True
  exact_metrics: {'enabled': True, 'max_qubits': 20, 'phases': {'baseline': True, 'steps': False, 'final': True, 'per_model': True, 'fcfw': True}}
  keep_models_for_diagnosis: True
  stop_on_reject: False
  save_circuit_artifacts: False
  rng_seed: 42
  circuit_config: {'topology': 'aachen_heavy_hex', 'distance': 2, 'max_weight': 2, 'n_ancilla': 0}
  turbo: 10
  dynamic_is_within_shell: shell_uniform
  exact_sampling: True
  acceptance_metric: training_mmd
  skip_sampling: True
  report_fcfw: True
  dynamic_is: True
  dynamic_is_beta: 0.025442351438441504
  sigma: [0.8628469274347409, 0.6867111596666808]
  require_exact_sampling: True
================================================================================
Saving config to out/hpo/hopfield_20q_p2_b20_20260605_193022/trials/trial_0034/config.json...
Gate structure: Qubits: 20
Aachen heavy-hex topology: 39 parameters
one_qubit=20, two_qubit=19
Using Gaussian Kernel (n_ops=512, n_qubits=20):
  - sigma=0.86284693
  - sigma=0.68671116
Expected sampled operator size:
  - p=4.891030, std=1.922218
  - p=6.536422, std=2.097661
  mean: 5.713726
  std: 2.173564
Baselines enabled: 

Training ensemble Model 0 (400 epochs)...
Training has not converged after 400 steps
Model 0 final loss: 0.071680
  [Step 0/9] train_MMD=0.0685 alpha_opt=1.0000 oracle_top1_TVD=0.9034

[Step 1] Training Model 1...
  lambda_dual: 0.5000
Training has not converged after 400 steps
  Weighting: frank_wolfe alpha = 0.5000
  [Step 1/9] train_MMD=0.0519 alpha_opt=0.5000 oracle_top2_TVD=0.8067
  [OK] MMD improved (delta=+0.016652)
  SNR (proxy): 8.86 (mean_norm=0.0681, std_norm=0.0077)

[Step 2] Training Model 2...
  lambda_dual: 0.6667
Training has not converged after 400 steps
  Weighting: frank_wolfe alpha = 0.3333
  [Step 2/9] train_MMD=0.0395 alpha_opt=0.3333 oracle_top3_TVD=0.7101
  [OK] MMD improved (delta=+0.012371)
  SNR (proxy): 25.46 (mean_norm=0.0925, std_norm=0.0036)

[Step 3] Training Model 3...
  lambda_dual: 0.7500
Training has not converged after 400 steps
  Weighting: frank_wolfe alpha = 0.2500
  [Step 3/9] train_MMD=0.0169 alpha_opt=0.2500 oracle_top4_TVD=0.6135
  [OK] MMD improved (delta=+0.022602)
  SNR (proxy): 4.96 (mean_norm=0.0211, std_norm=0.0042)

[Step 4] Training Model 4...
  lambda_dual: 0.8000
Training has not converged after 400 steps
  Weighting: frank_wolfe alpha = 0.2000
  [Step 4/9] train_MMD=0.0052 alpha_opt=0.2000 oracle_top5_TVD=0.6047
  [OK] MMD improved (delta=+0.011719)
  SNR (proxy): 13.42 (mean_norm=0.0273, std_norm=0.0020)

[Step 5] Training Model 5...
  lambda_dual: 0.8333
Training has not converged after 400 steps
  Weighting: frank_wolfe alpha = 0.1667
  [Step 5/9] train_MMD=0.0027 alpha_opt=0.1667 oracle_top6_TVD=0.5960
  [OK] MMD improved (delta=+0.002476)
  SNR (proxy): 4.73 (mean_norm=0.0169, std_norm=0.0036)

[Step 6] Training Model 6...
  lambda_dual: 0.8571
Training has not converged after 400 steps
  Weighting: frank_wolfe alpha = 0.1429
  [Step 6/9] train_MMD=0.0058 alpha_opt=0.1429 oracle_top7_TVD=0.5872
  [WARNING] MMD worsened but kept (diagnostic, delta=-0.003144)
  SNR (proxy): 9.71 (mean_norm=0.0302, std_norm=0.0031)

[Step 7] Training Model 7...
  lambda_dual: 0.8750
Training has not converged after 400 steps
  Weighting: frank_wolfe alpha = 0.1250
  [Step 7/9] train_MMD=0.0033 alpha_opt=0.1250 oracle_top8_TVD=0.5784
  [OK] MMD improved (delta=+0.002550)
  SNR (proxy): 7.60 (mean_norm=0.0100, std_norm=0.0013)

[Step 8] Training Model 8...
  lambda_dual: 0.8889
Training has not converged after 400 steps
  Weighting: frank_wolfe alpha = 0.1111
  [Step 8/9] train_MMD=0.0038 alpha_opt=0.1111 oracle_top9_TVD=0.5697
  [WARNING] MMD worsened but kept (diagnostic, delta=-0.000552)
  SNR (proxy): 17.54 (mean_norm=0.0204, std_norm=0.0012)

[Step 9] Training Model 9...
  lambda_dual: 0.9000
Training has not converged after 400 steps
  Weighting: frank_wolfe alpha = 0.1000
  [Step 9/9] train_MMD=0.0011 alpha_opt=0.1000 oracle_top10_TVD=0.5609
  [OK] MMD improved (delta=+0.002764)
  SNR (proxy): 9.09 (mean_norm=0.0107, std_norm=0.0012)

Final: 10 models, MMD=0.0029 (delta=+0.0656) F1=nan

[FCFW] Computing Fully Corrective Frank-Wolfe weights for final ensemble...
  Weighting: fully corrective QP weights = [0.0883, 0.1013, 0.1048, 0.1159, 0.0705, 0.0796, 0.1193, 0.1195, 0.0845, 0.1163]
  FCFW Sampled MMD^2: -0.000305
  FCFW Sampled TVD:   0.2970

FINAL MODEL COMPARISON (inc. FCFW)
Model      | MMD        | TVD        | TVD*       | Valid      | Cover      | F1        
----------------------------------------------------------------------------------------
Baseline   | 0.0685     | n/a        | n/a        | n/a        | n/a        | n/a       
Ensemble   | 0.0029     | 0.340      | 0.210      | n/a        | n/a        | n/a       
Model 0    | 0.0738     | 0.959      | 0.784      | n/a        | n/a        | n/a       
Model 1    | 0.1605     | 0.812      | 0.726      | n/a        | n/a        | n/a       
Model 2    | 0.2774     | 0.834      | 0.770      | n/a        | n/a        | n/a       
Model 3    | 0.2450     | 0.808      | 0.752      | n/a        | n/a        | n/a       
Model 4    | 0.5390     | 0.832      | 0.810      | n/a        | n/a        | n/a       
Model 5    | 0.1799     | 0.825      | 0.765      | n/a        | n/a        | n/a       
Model 6    | 0.2756     | 0.825      | 0.768      | n/a        | n/a        | n/a       
Model 7    | 0.2528     | 0.815      | 0.760      | n/a        | n/a        | n/a       
Model 8    | 0.4977     | 0.833      | 0.795      | n/a        | n/a        | n/a       
Model 9    | 0.4070     | 0.837      | 0.804      | n/a        | n/a        | n/a       
Ensemble (FCFW) | -0.0003    | 0.297      | 0.188      | n/a        | n/a        | n/a       
Saving results to out/hpo/hopfield_20q_p2_b20_20260605_193022/trials/trial_0034/results.csv...
Experiment: Boosting on Hopfield (20q, 2p)
Configuration:
  train_samples: 1000
  data_seed: 42
  n_samples: 400
  n_models: 10
  learning_rate: 0.018462541389535677
  epochs_per_step: 400
  caching_level: none
  ensemble_samples_coeff: 1.0
  init_baseline: covariance
  init_later: random
  lambda_dual: 1.0
  lambda_schedule: {'type': 'frank_wolfe', 'gamma': 1.0, 'tau': 1.0}
  n_ops: 512
  weight_strategy: frank_wolfe
  alpha_n_grid: 11
  alpha_objective_weight: 0.5
  baseline: none
  shots: 1000
  final_eval_sampling: True
  dataset_metrics: True
  exact_metrics: {'enabled': True, 'max_qubits': 20, 'phases': {'baseline': True, 'steps': False, 'final': True, 'per_model': True, 'fcfw': True}}
  keep_models_for_diagnosis: True
  stop_on_reject: False
  save_circuit_artifacts: False
  rng_seed: 42
  circuit_config: {'topology': 'aachen_heavy_hex', 'distance': 2, 'max_weight': 2, 'n_ancilla': 0}
  turbo: 10
  dynamic_is_within_shell: shell_uniform
  exact_sampling: True
  acceptance_metric: training_mmd
  skip_sampling: True
  report_fcfw: True
  dynamic_is: True
  dynamic_is_beta: 0.02873778238912869
  sigma: [2.5147944424073345, 0.914251129068637, 0.6871539038059062]
  require_exact_sampling: True
================================================================================
Saving config to out/hpo/hopfield_20q_p2_b20_20260605_193022/trials/trial_0035/config.json...
Gate structure: Qubits: 20
Aachen heavy-hex topology: 39 parameters
one_qubit=20, two_qubit=19
Using Gaussian Kernel (n_ops=512, n_qubits=20):
  - sigma=2.51479444
  - sigma=0.91425113
  - sigma=0.68715390
Expected sampled operator size:
  - p=0.760169, std=0.855147
  - p=4.501940, std=1.867771
  - p=6.531688, std=2.097270
  mean: 3.931266
  std: 2.930421
Baselines enabled: 

Training ensemble Model 0 (400 epochs)...
Training has not converged after 400 steps
Model 0 final loss: 0.081902
  [Step 0/9] train_MMD=0.0774 alpha_opt=1.0000 oracle_top1_TVD=0.9034

[Step 1] Training Model 1...
  lambda_dual: 0.5000
Training has not converged after 400 steps
  Weighting: frank_wolfe alpha = 0.5000
  [Step 1/9] train_MMD=0.0745 alpha_opt=0.5000 oracle_top2_TVD=0.8067
  [OK] MMD improved (delta=+0.002895)
  SNR (proxy): 13.05 (mean_norm=0.0527, std_norm=0.0040)

[Step 2] Training Model 2...
  lambda_dual: 0.6667
Training has not converged after 400 steps
  Weighting: frank_wolfe alpha = 0.3333
  [Step 2/9] train_MMD=0.0289 alpha_opt=0.3333 oracle_top3_TVD=0.7101
  [OK] MMD improved (delta=+0.045549)
  SNR (proxy): 7.41 (mean_norm=0.0252, std_norm=0.0034)

[Step 3] Training Model 3...
  lambda_dual: 0.7500
Training has not converged after 400 steps
  Weighting: frank_wolfe alpha = 0.2500
  [Step 3/9] train_MMD=0.0364 alpha_opt=0.2500 oracle_top4_TVD=0.6135
  [WARNING] MMD worsened but kept (diagnostic, delta=-0.007438)
  SNR (proxy): 38.17 (mean_norm=0.0793, std_norm=0.0021)

[Step 4] Training Model 4...
  lambda_dual: 0.8000
Training has not converged after 400 steps
  Weighting: frank_wolfe alpha = 0.2000
  [Step 4/9] train_MMD=0.0146 alpha_opt=0.2000 oracle_top5_TVD=0.6047
  [OK] MMD improved (delta=+0.021721)
  SNR (proxy): 12.63 (mean_norm=0.0218, std_norm=0.0017)

[Step 5] Training Model 5...
  lambda_dual: 0.8333
Training has not converged after 400 steps
  Weighting: frank_wolfe alpha = 0.1667
  [Step 5/9] train_MMD=0.0150 alpha_opt=0.1667 oracle_top6_TVD=0.5960
  [WARNING] MMD worsened but kept (diagnostic, delta=-0.000356)
  SNR (proxy): 50.15 (mean_norm=0.0269, std_norm=0.0005)

[Step 6] Training Model 6...
  lambda_dual: 0.8571
Training has not converged after 400 steps
  Weighting: frank_wolfe alpha = 0.1429
  [Step 6/9] train_MMD=0.0031 alpha_opt=0.1429 oracle_top7_TVD=0.5872
  [OK] MMD improved (delta=+0.011868)
  SNR (proxy): 31.00 (mean_norm=0.0170, std_norm=0.0005)

[Step 7] Training Model 7...
  lambda_dual: 0.8750
Training has not converged after 400 steps
  Weighting: frank_wolfe alpha = 0.1250
  [Step 7/9] train_MMD=0.0030 alpha_opt=0.1250 oracle_top8_TVD=0.5784
  [OK] MMD improved (delta=+0.000088)
  SNR (proxy): 8.01 (mean_norm=0.0082, std_norm=0.0010)

[Step 8] Training Model 8...
  lambda_dual: 0.8889
Training has not converged after 400 steps
  Weighting: frank_wolfe alpha = 0.1111
  [Step 8/9] train_MMD=0.0006 alpha_opt=0.1111 oracle_top9_TVD=0.5697
  [OK] MMD improved (delta=+0.002486)
  SNR (proxy): 6.88 (mean_norm=0.0054, std_norm=0.0008)

[Step 9] Training Model 9...
  lambda_dual: 0.9000
Training has not converged after 400 steps
  Weighting: frank_wolfe alpha = 0.1000
  [Step 9/9] train_MMD=0.0025 alpha_opt=0.1000 oracle_top10_TVD=0.5609
  [WARNING] MMD worsened but kept (diagnostic, delta=-0.001898)
  SNR (proxy): 7.50 (mean_norm=0.0094, std_norm=0.0012)

Final: 10 models, MMD=0.0002 (delta=+0.0772) F1=nan

[FCFW] Computing Fully Corrective Frank-Wolfe weights for final ensemble...
  Weighting: fully corrective QP weights = [0.0596, 0.1429, 0.0202, 0.1080, 0.1279, 0.1076, 0.1127, 0.0932, 0.1351, 0.0929]
  FCFW Sampled MMD^2: -0.000317
  FCFW Sampled TVD:   0.3017

FINAL MODEL COMPARISON (inc. FCFW)
Model      | MMD        | TVD        | TVD*       | Valid      | Cover      | F1        
----------------------------------------------------------------------------------------
Baseline   | 0.0774     | n/a        | n/a        | n/a        | n/a        | n/a       
Ensemble   | 0.0002     | 0.292      | 0.229      | n/a        | n/a        | n/a       
Model 0    | 0.0759     | 0.990      | 0.971      | n/a        | n/a        | n/a       
Model 1    | 0.1901     | 0.821      | 0.724      | n/a        | n/a        | n/a       
Model 2    | 0.1774     | 0.778      | 0.705      | n/a        | n/a        | n/a       
Model 3    | 0.5879     | 0.867      | 0.853      | n/a        | n/a        | n/a       
Model 4    | 0.4686     | 0.839      | 0.789      | n/a        | n/a        | n/a       
Model 5    | 0.6444     | 0.886      | 0.879      | n/a        | n/a        | n/a       
Model 6    | 0.5657     | 0.875      | 0.870      | n/a        | n/a        | n/a       
Model 7    | 0.2211     | 0.803      | 0.746      | n/a        | n/a        | n/a       
Model 8    | 0.1809     | 0.806      | 0.737      | n/a        | n/a        | n/a       
Model 9    | 0.1867     | 0.799      | 0.731      | n/a        | n/a        | n/a       
Ensemble (FCFW) | -0.0003    | 0.302      | 0.207      | n/a        | n/a        | n/a       
Saving results to out/hpo/hopfield_20q_p2_b20_20260605_193022/trials/trial_0035/results.csv...
Experiment: Boosting on Hopfield (20q, 2p)
Configuration:
  train_samples: 1000
  data_seed: 42
  n_samples: 400
  n_models: 10
  learning_rate: 0.010367540746381746
  epochs_per_step: 400
  caching_level: none
  ensemble_samples_coeff: 1.0
  init_baseline: covariance
  init_later: random
  lambda_dual: 1.0
  lambda_schedule: {'type': 'frank_wolfe', 'gamma': 1.0, 'tau': 1.0}
  n_ops: 1024
  weight_strategy: frank_wolfe
  alpha_n_grid: 11
  alpha_objective_weight: 0.5
  baseline: none
  shots: 1000
  final_eval_sampling: True
  dataset_metrics: True
  exact_metrics: {'enabled': True, 'max_qubits': 20, 'phases': {'baseline': True, 'steps': False, 'final': True, 'per_model': True, 'fcfw': True}}
  keep_models_for_diagnosis: True
  stop_on_reject: False
  save_circuit_artifacts: False
  rng_seed: 42
  circuit_config: {'topology': 'aachen_heavy_hex', 'distance': 2, 'max_weight': 2, 'n_ancilla': 0}
  turbo: 10
  dynamic_is_within_shell: shell_uniform
  exact_sampling: True
  acceptance_metric: training_mmd
  skip_sampling: True
  report_fcfw: True
  dynamic_is: True
  dynamic_is_beta: 0.03485932484427185
  sigma: [0.8555796004762338, 0.5204973944884084]
  require_exact_sampling: True
================================================================================
Saving config to out/hpo/hopfield_20q_p2_b20_20260605_193022/trials/trial_0036/config.json...
Gate structure: Qubits: 20
Aachen heavy-hex topology: 39 parameters
one_qubit=20, two_qubit=19
Using Gaussian Kernel (n_ops=1024, n_qubits=20):
  - sigma=0.85557960
  - sigma=0.52049739
Expected sampled operator size:
  - p=4.949232, std=1.929893
  - p=8.420663, std=2.208005
  mean: 6.684948
  std: 2.704181
Baselines enabled: 

Training ensemble Model 0 (400 epochs)...
Training has not converged after 400 steps
Model 0 final loss: 0.063374
  [Step 0/9] train_MMD=0.0571 alpha_opt=1.0000 oracle_top1_TVD=0.9034

[Step 1] Training Model 1...
  lambda_dual: 0.5000
Training has not converged after 400 steps
  Weighting: frank_wolfe alpha = 0.5000
  [Step 1/9] train_MMD=0.0432 alpha_opt=0.5000 oracle_top2_TVD=0.8067
  [OK] MMD improved (delta=+0.013942)
  SNR (proxy): 8.50 (mean_norm=0.0465, std_norm=0.0055)

[Step 2] Training Model 2...
  lambda_dual: 0.6667
Training has not converged after 400 steps
  Weighting: frank_wolfe alpha = 0.3333
  [Step 2/9] train_MMD=0.0342 alpha_opt=0.3333 oracle_top3_TVD=0.7101
  [OK] MMD improved (delta=+0.009021)
  SNR (proxy): 11.70 (mean_norm=0.1003, std_norm=0.0086)

[Step 3] Training Model 3...
  lambda_dual: 0.7500
Training has not converged after 400 steps
  Weighting: frank_wolfe alpha = 0.2500
  [Step 3/9] train_MMD=0.0143 alpha_opt=0.2500 oracle_top4_TVD=0.6135
  [OK] MMD improved (delta=+0.019845)
  SNR (proxy): 7.32 (mean_norm=0.0166, std_norm=0.0023)

[Step 4] Training Model 4...
  lambda_dual: 0.8000
Training has not converged after 400 steps
  Weighting: frank_wolfe alpha = 0.2000
  [Step 4/9] train_MMD=0.0052 alpha_opt=0.2000 oracle_top5_TVD=0.6047
  [OK] MMD improved (delta=+0.009079)
  SNR (proxy): 13.28 (mean_norm=0.0426, std_norm=0.0032)

[Step 5] Training Model 5...
  lambda_dual: 0.8333
Training has not converged after 400 steps
  Weighting: frank_wolfe alpha = 0.1667
  [Step 5/9] train_MMD=0.0022 alpha_opt=0.1667 oracle_top6_TVD=0.5960
  [OK] MMD improved (delta=+0.002984)
  SNR (proxy): 4.22 (mean_norm=0.0183, std_norm=0.0043)

[Step 6] Training Model 6...
  lambda_dual: 0.8571
Training has not converged after 400 steps
  Weighting: frank_wolfe alpha = 0.1429
  [Step 6/9] train_MMD=0.0043 alpha_opt=0.1429 oracle_top7_TVD=0.5872
  [WARNING] MMD worsened but kept (diagnostic, delta=-0.002091)
  SNR (proxy): 5.54 (mean_norm=0.0227, std_norm=0.0041)

[Step 7] Training Model 7...
  lambda_dual: 0.8750
Training has not converged after 400 steps
  Weighting: frank_wolfe alpha = 0.1250
  [Step 7/9] train_MMD=0.0023 alpha_opt=0.1250 oracle_top8_TVD=0.5784
  [OK] MMD improved (delta=+0.002060)
  SNR (proxy): 5.07 (mean_norm=0.0091, std_norm=0.0018)

[Step 8] Training Model 8...
  lambda_dual: 0.8889
Training has not converged after 400 steps
  Weighting: frank_wolfe alpha = 0.1111
  [Step 8/9] train_MMD=0.0028 alpha_opt=0.1111 oracle_top9_TVD=0.5697
  [WARNING] MMD worsened but kept (diagnostic, delta=-0.000523)
  SNR (proxy): 12.62 (mean_norm=0.0253, std_norm=0.0020)

[Step 9] Training Model 9...
  lambda_dual: 0.9000
Training has not converged after 400 steps
  Weighting: frank_wolfe alpha = 0.1000
  [Step 9/9] train_MMD=0.0009 alpha_opt=0.1000 oracle_top10_TVD=0.5609
  [OK] MMD improved (delta=+0.001933)
  SNR (proxy): 3.89 (mean_norm=0.0062, std_norm=0.0016)

Final: 10 models, MMD=0.0026 (delta=+0.0546) F1=nan

[FCFW] Computing Fully Corrective Frank-Wolfe weights for final ensemble...
  Weighting: fully corrective QP weights = [0.0880, 0.0718, 0.1072, 0.1026, 0.0435, 0.0012, 0.1183, 0.1403, 0.1477, 0.1794]
  FCFW Sampled MMD^2: -0.000139
  FCFW Sampled TVD:   0.2768

FINAL MODEL COMPARISON (inc. FCFW)
Model      | MMD        | TVD        | TVD*       | Valid      | Cover      | F1        
----------------------------------------------------------------------------------------
Baseline   | 0.0571     | n/a        | n/a        | n/a        | n/a        | n/a       
Ensemble   | 0.0026     | 0.314      | 0.204      | n/a        | n/a        | n/a       
Model 0    | 0.0596     | 0.899      | 0.789      | n/a        | n/a        | n/a       
Model 1    | 0.1204     | 0.814      | 0.721      | n/a        | n/a        | n/a       
Model 2    | 0.2225     | 0.831      | 0.760      | n/a        | n/a        | n/a       
Model 3    | 0.2322     | 0.814      | 0.756      | n/a        | n/a        | n/a       
Model 4    | 0.5346     | 0.835      | 0.804      | n/a        | n/a        | n/a       
Model 5    | 0.1872     | 0.823      | 0.778      | n/a        | n/a        | n/a       
Model 6    | 0.2387     | 0.821      | 0.764      | n/a        | n/a        | n/a       
Model 7    | 0.1934     | 0.811      | 0.747      | n/a        | n/a        | n/a       
Model 8    | 0.3668     | 0.827      | 0.785      | n/a        | n/a        | n/a       
Model 9    | 0.2624     | 0.824      | 0.761      | n/a        | n/a        | n/a       
Ensemble (FCFW) | -0.0001    | 0.277      | 0.172      | n/a        | n/a        | n/a       
Saving results to out/hpo/hopfield_20q_p2_b20_20260605_193022/trials/trial_0036/results.csv...
Experiment: Boosting on Hopfield (20q, 2p)
Configuration:
  train_samples: 1000
  data_seed: 42
  n_samples: 400
  n_models: 10
  learning_rate: 0.005266751295441569
  epochs_per_step: 400
  caching_level: none
  ensemble_samples_coeff: 1.0
  init_baseline: covariance
  init_later: random
  lambda_dual: 1.0
  lambda_schedule: {'type': 'frank_wolfe', 'gamma': 1.0, 'tau': 1.0}
  n_ops: 1024
  weight_strategy: frank_wolfe
  alpha_n_grid: 11
  alpha_objective_weight: 0.5
  baseline: none
  shots: 1000
  final_eval_sampling: True
  dataset_metrics: True
  exact_metrics: {'enabled': True, 'max_qubits': 20, 'phases': {'baseline': True, 'steps': False, 'final': True, 'per_model': True, 'fcfw': True}}
  keep_models_for_diagnosis: True
  stop_on_reject: False
  save_circuit_artifacts: False
  rng_seed: 42
  circuit_config: {'topology': 'aachen_heavy_hex', 'distance': 2, 'max_weight': 2, 'n_ancilla': 0}
  turbo: 10
  dynamic_is_within_shell: shell_uniform
  exact_sampling: True
  acceptance_metric: training_mmd
  skip_sampling: True
  report_fcfw: True
  dynamic_is: True
  dynamic_is_beta: 0.04124445571165127
  sigma: [0.8536806690710661, 0.5026379947729727]
  require_exact_sampling: True
================================================================================
Saving config to out/hpo/hopfield_20q_p2_b20_20260605_193022/trials/trial_0037/config.json...
Gate structure: Qubits: 20
Aachen heavy-hex topology: 39 parameters
one_qubit=20, two_qubit=19
Using Gaussian Kernel (n_ops=1024, n_qubits=20):
  - sigma=0.85368067
  - sigma=0.50263799
Expected sampled operator size:
  - p=4.964574, std=1.931896
  - p=8.618012, std=2.214612
  mean: 6.791293
  std: 2.766815
Baselines enabled: 

Training ensemble Model 0 (400 epochs)...
Training has not converged after 400 steps
Model 0 final loss: 0.060687
  [Step 0/9] train_MMD=0.0563 alpha_opt=1.0000 oracle_top1_TVD=0.9034

[Step 1] Training Model 1...
  lambda_dual: 0.5000
Training has not converged after 400 steps
  Weighting: frank_wolfe alpha = 0.5000
  [Step 1/9] train_MMD=0.0433 alpha_opt=0.5000 oracle_top2_TVD=0.8067
  [OK] MMD improved (delta=+0.012993)
  SNR (proxy): 5.44 (mean_norm=0.0485, std_norm=0.0089)

[Step 2] Training Model 2...
  lambda_dual: 0.6667
Training has not converged after 400 steps
  Weighting: frank_wolfe alpha = 0.3333
  [Step 2/9] train_MMD=0.0328 alpha_opt=0.3333 oracle_top3_TVD=0.7101
  [OK] MMD improved (delta=+0.010580)
  SNR (proxy): 9.31 (mean_norm=0.0877, std_norm=0.0094)

[Step 3] Training Model 3...
  lambda_dual: 0.7500
Training has not converged after 400 steps
  Weighting: frank_wolfe alpha = 0.2500
  [Step 3/9] train_MMD=0.0144 alpha_opt=0.2500 oracle_top4_TVD=0.6135
  [OK] MMD improved (delta=+0.018343)
  SNR (proxy): 3.33 (mean_norm=0.0168, std_norm=0.0051)

[Step 4] Training Model 4...
  lambda_dual: 0.8000
Training has not converged after 400 steps
  Weighting: frank_wolfe alpha = 0.2000
  [Step 4/9] train_MMD=0.0054 alpha_opt=0.2000 oracle_top5_TVD=0.6047
  [OK] MMD improved (delta=+0.009055)
  SNR (proxy): 14.13 (mean_norm=0.0438, std_norm=0.0031)

[Step 5] Training Model 5...
  lambda_dual: 0.8333
Training has not converged after 400 steps
  Weighting: frank_wolfe alpha = 0.1667
  [Step 5/9] train_MMD=0.0026 alpha_opt=0.1667 oracle_top6_TVD=0.5960
  [OK] MMD improved (delta=+0.002735)
  SNR (proxy): 2.94 (mean_norm=0.0165, std_norm=0.0056)

[Step 6] Training Model 6...
  lambda_dual: 0.8571
Training has not converged after 400 steps
  Weighting: frank_wolfe alpha = 0.1429
  [Step 6/9] train_MMD=0.0048 alpha_opt=0.1429 oracle_top7_TVD=0.5872
  [WARNING] MMD worsened but kept (diagnostic, delta=-0.002186)
  SNR (proxy): 6.48 (mean_norm=0.0289, std_norm=0.0045)

[Step 7] Training Model 7...
  lambda_dual: 0.8750
Training has not converged after 400 steps
  Weighting: frank_wolfe alpha = 0.1250
  [Step 7/9] train_MMD=0.0024 alpha_opt=0.1250 oracle_top8_TVD=0.5784
  [OK] MMD improved (delta=+0.002435)
  SNR (proxy): 6.22 (mean_norm=0.0097, std_norm=0.0016)

[Step 8] Training Model 8...
  lambda_dual: 0.8889
Training has not converged after 400 steps
  Weighting: frank_wolfe alpha = 0.1111
  [Step 8/9] train_MMD=0.0030 alpha_opt=0.1111 oracle_top9_TVD=0.5697
  [WARNING] MMD worsened but kept (diagnostic, delta=-0.000613)
  SNR (proxy): 9.50 (mean_norm=0.0271, std_norm=0.0028)

[Step 9] Training Model 9...
  lambda_dual: 0.9000
Training has not converged after 400 steps
  Weighting: frank_wolfe alpha = 0.1000
  [Step 9/9] train_MMD=0.0007 alpha_opt=0.1000 oracle_top10_TVD=0.5609
  [OK] MMD improved (delta=+0.002317)
  SNR (proxy): 4.37 (mean_norm=0.0068, std_norm=0.0015)

Final: 10 models, MMD=0.0019 (delta=+0.0544) F1=nan

[FCFW] Computing Fully Corrective Frank-Wolfe weights for final ensemble...
  Weighting: fully corrective QP weights = [0.0933, 0.0969, 0.0613, 0.1008, 0.0924, 0.0608, 0.1589, 0.1321, 0.1038, 0.0996]
  FCFW Sampled MMD^2: -0.000327
  FCFW Sampled TVD:   0.2888

FINAL MODEL COMPARISON (inc. FCFW)
Model      | MMD        | TVD        | TVD*       | Valid      | Cover      | F1        
----------------------------------------------------------------------------------------
Baseline   | 0.0563     | n/a        | n/a        | n/a        | n/a        | n/a       
Ensemble   | 0.0019     | 0.311      | 0.202      | n/a        | n/a        | n/a       
Model 0    | 0.0591     | 0.921      | 0.794      | n/a        | n/a        | n/a       
Model 1    | 0.1087     | 0.812      | 0.724      | n/a        | n/a        | n/a       
Model 2    | 0.2025     | 0.832      | 0.757      | n/a        | n/a        | n/a       
Model 3    | 0.2146     | 0.811      | 0.748      | n/a        | n/a        | n/a       
Model 4    | 0.5416     | 0.838      | 0.804      | n/a        | n/a        | n/a       
Model 5    | 0.1962     | 0.827      | 0.777      | n/a        | n/a        | n/a       
Model 6    | 0.2601     | 0.817      | 0.771      | n/a        | n/a        | n/a       
Model 7    | 0.2360     | 0.822      | 0.760      | n/a        | n/a        | n/a       
Model 8    | 0.3675     | 0.828      | 0.782      | n/a        | n/a        | n/a       
Model 9    | 0.2576     | 0.819      | 0.778      | n/a        | n/a        | n/a       
Ensemble (FCFW) | -0.0003    | 0.289      | 0.183      | n/a        | n/a        | n/a       
Saving results to out/hpo/hopfield_20q_p2_b20_20260605_193022/trials/trial_0037/results.csv...
Experiment: Boosting on Hopfield (20q, 2p)
Configuration:
  train_samples: 1000
  data_seed: 42
  n_samples: 400
  n_models: 10
  learning_rate: 0.004857806953250171
  epochs_per_step: 400
  caching_level: none
  ensemble_samples_coeff: 1.0
  init_baseline: covariance
  init_later: random
  lambda_dual: 1.0
  lambda_schedule: {'type': 'frank_wolfe', 'gamma': 1.0, 'tau': 1.0}
  n_ops: 1024
  weight_strategy: frank_wolfe
  alpha_n_grid: 11
  alpha_objective_weight: 0.5
  baseline: none
  shots: 1000
  final_eval_sampling: True
  dataset_metrics: True
  exact_metrics: {'enabled': True, 'max_qubits': 20, 'phases': {'baseline': True, 'steps': False, 'final': True, 'per_model': True, 'fcfw': True}}
  keep_models_for_diagnosis: True
  stop_on_reject: False
  save_circuit_artifacts: False
  rng_seed: 42
  circuit_config: {'topology': 'aachen_heavy_hex', 'distance': 2, 'max_weight': 2, 'n_ancilla': 0}
  turbo: 10
  dynamic_is_within_shell: shell_uniform
  exact_sampling: True
  acceptance_metric: training_mmd
  skip_sampling: True
  report_fcfw: True
  dynamic_is: False
  dynamic_is_beta: 0.054596450854469125
  sigma: [0.5336786504226623]
  require_exact_sampling: True
================================================================================
Saving config to out/hpo/hopfield_20q_p2_b20_20260605_193022/trials/trial_0038/config.json...
Gate structure: Qubits: 20
Aachen heavy-hex topology: 39 parameters
one_qubit=20, two_qubit=19
Using Gaussian Kernel (n_ops=1024, n_qubits=20):
  - sigma=0.53367865
Expected sampled operator size:
  - p=8.271858, std=2.202425
  mean: 8.271858
  std: 2.202425
Baselines enabled: 

Training ensemble Model 0 (400 epochs)...
Training has not converged after 400 steps
Model 0 final loss: 0.053154
  [Step 0/9] train_MMD=0.0474 alpha_opt=1.0000 oracle_top1_TVD=0.9034

[Step 1] Training Model 1...
  lambda_dual: 0.5000
Training has not converged after 400 steps
  Weighting: frank_wolfe alpha = 0.5000
  [Step 1/9] train_MMD=0.0477 alpha_opt=0.5000 oracle_top2_TVD=0.8067
  [WARNING] MMD worsened but kept (diagnostic, delta=-0.000307)
  SNR (proxy): 10.34 (mean_norm=0.0125, std_norm=0.0012)

[Step 2] Training Model 2...
  lambda_dual: 0.6667
Training has not converged after 400 steps
  Weighting: frank_wolfe alpha = 0.3333
  [Step 2/9] train_MMD=0.0476 alpha_opt=0.3333 oracle_top3_TVD=0.7101
  [OK] MMD improved (delta=+0.000116)
  SNR (proxy): 11.08 (mean_norm=0.0139, std_norm=0.0013)

[Step 3] Training Model 3...
  lambda_dual: 0.7500
Training has not converged after 400 steps
  Weighting: frank_wolfe alpha = 0.2500
  [Step 3/9] train_MMD=0.0349 alpha_opt=0.2500 oracle_top4_TVD=0.6135
  [OK] MMD improved (delta=+0.012648)
  SNR (proxy): 4.13 (mean_norm=0.0243, std_norm=0.0059)

[Step 4] Training Model 4...
  lambda_dual: 0.8000
Training has not converged after 400 steps
  Weighting: frank_wolfe alpha = 0.2000
  [Step 4/9] train_MMD=0.0232 alpha_opt=0.2000 oracle_top5_TVD=0.6047
  [OK] MMD improved (delta=+0.011767)
  SNR (proxy): 4.71 (mean_norm=0.0227, std_norm=0.0048)

[Step 5] Training Model 5...
  lambda_dual: 0.8333
Training has not converged after 400 steps
  Weighting: frank_wolfe alpha = 0.1667
  [Step 5/9] train_MMD=0.0242 alpha_opt=0.1667 oracle_top6_TVD=0.5960
  [WARNING] MMD worsened but kept (diagnostic, delta=-0.001089)
  SNR (proxy): 7.90 (mean_norm=0.0100, std_norm=0.0013)

[Step 6] Training Model 6...
  lambda_dual: 0.8571
Training has not converged after 400 steps
  Weighting: frank_wolfe alpha = 0.1429
  [Step 6/9] train_MMD=0.0239 alpha_opt=0.1429 oracle_top7_TVD=0.5872
  [OK] MMD improved (delta=+0.000382)
  SNR (proxy): 7.93 (mean_norm=0.0403, std_norm=0.0051)

[Step 7] Training Model 7...
  lambda_dual: 0.8750
Training has not converged after 400 steps
  Weighting: frank_wolfe alpha = 0.1250
  [Step 7/9] train_MMD=0.0256 alpha_opt=0.1250 oracle_top8_TVD=0.5784
  [WARNING] MMD worsened but kept (diagnostic, delta=-0.001779)
  SNR (proxy): 7.22 (mean_norm=0.0105, std_norm=0.0015)

[Step 8] Training Model 8...
  lambda_dual: 0.8889
Training has not converged after 400 steps
  Weighting: frank_wolfe alpha = 0.1111
  [Step 8/9] train_MMD=0.0272 alpha_opt=0.1111 oracle_top9_TVD=0.5697
  [WARNING] MMD worsened but kept (diagnostic, delta=-0.001579)
  SNR (proxy): 10.16 (mean_norm=0.0101, std_norm=0.0010)

[Step 9] Training Model 9...
  lambda_dual: 0.9000
Training has not converged after 400 steps
  Weighting: frank_wolfe alpha = 0.1000
  [Step 9/9] train_MMD=0.0287 alpha_opt=0.1000 oracle_top10_TVD=0.5609
  [WARNING] MMD worsened but kept (diagnostic, delta=-0.001449)
  SNR (proxy): 11.48 (mean_norm=0.0105, std_norm=0.0009)

Final: 10 models, MMD=0.0299 (delta=+0.0175) F1=nan

[FCFW] Computing Fully Corrective Frank-Wolfe weights for final ensemble...
  Weighting: fully corrective QP weights = [0.0000, 0.0000, 0.0000, 0.2458, 0.1969, 0.0000, 0.4167, 0.0000, 0.1406, 0.0000]
  FCFW Sampled MMD^2: 0.019585
  FCFW Sampled TVD:   0.5896

FINAL MODEL COMPARISON (inc. FCFW)
Model      | MMD        | TVD        | TVD*       | Valid      | Cover      | F1        
----------------------------------------------------------------------------------------
Baseline   | 0.0474     | n/a        | n/a        | n/a        | n/a        | n/a       
Ensemble   | 0.0299     | 0.777      | 0.768      | n/a        | n/a        | n/a       
Model 0    | 0.0497     | 0.987      | 0.968      | n/a        | n/a        | n/a       
Model 1    | 0.0528     | 1.000      | 0.988      | n/a        | n/a        | n/a       
Model 2    | 0.0529     | 1.000      | 0.991      | n/a        | n/a        | n/a       
Model 3    | 0.1580     | 0.822      | 0.762      | n/a        | n/a        | n/a       
Model 4    | 0.3273     | 0.826      | 0.765      | n/a        | n/a        | n/a       
Model 5    | 0.0529     | 1.000      | 0.995      | n/a        | n/a        | n/a       
Model 6    | 0.0508     | 0.934      | 0.874      | n/a        | n/a        | n/a       
Model 7    | 0.0528     | 1.000      | 0.996      | n/a        | n/a        | n/a       
Model 8    | 0.0530     | 1.000      | 0.995      | n/a        | n/a        | n/a       
Model 9    | 0.0529     | 1.000      | 0.995      | n/a        | n/a        | n/a       
Ensemble (FCFW) | 0.0196     | 0.590      | 0.542      | n/a        | n/a        | n/a       
Saving results to out/hpo/hopfield_20q_p2_b20_20260605_193022/trials/trial_0038/results.csv...
Experiment: Boosting on Hopfield (20q, 2p)
Configuration:
  train_samples: 1000
  data_seed: 42
  n_samples: 400
  n_models: 10
  learning_rate: 0.010021332470565266
  epochs_per_step: 400
  caching_level: none
  ensemble_samples_coeff: 1.0
  init_baseline: covariance
  init_later: random
  lambda_dual: 1.0
  lambda_schedule: {'type': 'frank_wolfe', 'gamma': 1.0, 'tau': 1.0}
  n_ops: 1024
  weight_strategy: frank_wolfe
  alpha_n_grid: 11
  alpha_objective_weight: 0.5
  baseline: none
  shots: 1000
  final_eval_sampling: True
  dataset_metrics: True
  exact_metrics: {'enabled': True, 'max_qubits': 20, 'phases': {'baseline': True, 'steps': False, 'final': True, 'per_model': True, 'fcfw': True}}
  keep_models_for_diagnosis: True
  stop_on_reject: False
  save_circuit_artifacts: False
  rng_seed: 42
  circuit_config: {'topology': 'aachen_heavy_hex', 'distance': 2, 'max_weight': 2, 'n_ancilla': 0}
  turbo: 10
  dynamic_is_within_shell: shell_uniform
  exact_sampling: True
  acceptance_metric: training_mmd
  skip_sampling: True
  report_fcfw: True
  dynamic_is: True
  dynamic_is_beta: 0.03982841078773659
  sigma: [0.8582591127547463, 0.43595665866119787]
  require_exact_sampling: True
================================================================================
Saving config to out/hpo/hopfield_20q_p2_b20_20260605_193022/trials/trial_0039/config.json...
Gate structure: Qubits: 20
Aachen heavy-hex topology: 39 parameters
one_qubit=20, two_qubit=19
Using Gaussian Kernel (n_ops=1024, n_qubits=20):
  - sigma=0.85825911
  - sigma=0.43595666
Expected sampled operator size:
  - p=4.927678, std=1.927065
  - p=9.279772, std=2.230261
  mean: 7.103725
  std: 3.013138
Baselines enabled: 

Training ensemble Model 0 (400 epochs)...
Training has not converged after 400 steps
Model 0 final loss: 0.058228
  [Step 0/9] train_MMD=0.0569 alpha_opt=1.0000 oracle_top1_TVD=0.9034

[Step 1] Training Model 1...
  lambda_dual: 0.5000
Training has not converged after 400 steps
  Weighting: frank_wolfe alpha = 0.5000
  [Step 1/9] train_MMD=0.0436 alpha_opt=0.5000 oracle_top2_TVD=0.8067
  [OK] MMD improved (delta=+0.013242)
  SNR (proxy): 5.39 (mean_norm=0.0629, std_norm=0.0117)

[Step 2] Training Model 2...
  lambda_dual: 0.6667
Training has not converged after 400 steps
  Weighting: frank_wolfe alpha = 0.3333
  [Step 2/9] train_MMD=0.0310 alpha_opt=0.3333 oracle_top3_TVD=0.7101
  [OK] MMD improved (delta=+0.012654)
  SNR (proxy): 6.20 (mean_norm=0.0697, std_norm=0.0112)

[Step 3] Training Model 3...
  lambda_dual: 0.7500
Training has not converged after 400 steps
  Weighting: frank_wolfe alpha = 0.2500
  [Step 3/9] train_MMD=0.0139 alpha_opt=0.2500 oracle_top4_TVD=0.6135
  [OK] MMD improved (delta=+0.017049)
  SNR (proxy): 3.53 (mean_norm=0.0156, std_norm=0.0044)

[Step 4] Training Model 4...
  lambda_dual: 0.8000
Training has not converged after 400 steps
  Weighting: frank_wolfe alpha = 0.2000
  [Step 4/9] train_MMD=0.0045 alpha_opt=0.2000 oracle_top5_TVD=0.6047
  [OK] MMD improved (delta=+0.009377)
  SNR (proxy): 7.88 (mean_norm=0.0398, std_norm=0.0051)

[Step 5] Training Model 5...
  lambda_dual: 0.8333
Training has not converged after 400 steps
  Weighting: frank_wolfe alpha = 0.1667
  [Step 5/9] train_MMD=0.0028 alpha_opt=0.1667 oracle_top6_TVD=0.5960
  [OK] MMD improved (delta=+0.001778)
  SNR (proxy): 2.95 (mean_norm=0.0188, std_norm=0.0064)

[Step 6] Training Model 6...
  lambda_dual: 0.8571
Training has not converged after 400 steps
  Weighting: frank_wolfe alpha = 0.1429
  [Step 6/9] train_MMD=0.0047 alpha_opt=0.1429 oracle_top7_TVD=0.5872
  [WARNING] MMD worsened but kept (diagnostic, delta=-0.001885)
  SNR (proxy): 9.35 (mean_norm=0.0369, std_norm=0.0039)

[Step 7] Training Model 7...
  lambda_dual: 0.8750
Training has not converged after 400 steps
  Weighting: frank_wolfe alpha = 0.1250
  [Step 7/9] train_MMD=0.0025 alpha_opt=0.1250 oracle_top8_TVD=0.5784
  [OK] MMD improved (delta=+0.002153)
  SNR (proxy): 4.36 (mean_norm=0.0084, std_norm=0.0019)

[Step 8] Training Model 8...
  lambda_dual: 0.8889
Training has not converged after 400 steps
  Weighting: frank_wolfe alpha = 0.1111
  [Step 8/9] train_MMD=0.0033 alpha_opt=0.1111 oracle_top9_TVD=0.5697
  [WARNING] MMD worsened but kept (diagnostic, delta=-0.000808)
  SNR (proxy): 18.67 (mean_norm=0.0335, std_norm=0.0018)

[Step 9] Training Model 9...
  lambda_dual: 0.9000
Training has not converged after 400 steps
  Weighting: frank_wolfe alpha = 0.1000
  [Step 9/9] train_MMD=0.0010 alpha_opt=0.1000 oracle_top10_TVD=0.5609
  [OK] MMD improved (delta=+0.002280)
  SNR (proxy): 5.70 (mean_norm=0.0096, std_norm=0.0017)

Final: 10 models, MMD=0.0024 (delta=+0.0545) F1=nan

[FCFW] Computing Fully Corrective Frank-Wolfe weights for final ensemble...
  Weighting: fully corrective QP weights = [0.0867, 0.0899, 0.1166, 0.0000, 0.1001, 0.0972, 0.1040, 0.2390, 0.0803, 0.0863]
  FCFW Sampled MMD^2: -0.000215
  FCFW Sampled TVD:   0.2987

FINAL MODEL COMPARISON (inc. FCFW)
Model      | MMD        | TVD        | TVD*       | Valid      | Cover      | F1        
----------------------------------------------------------------------------------------
Baseline   | 0.0569     | n/a        | n/a        | n/a        | n/a        | n/a       
Ensemble   | 0.0024     | 0.326      | 0.206      | n/a        | n/a        | n/a       
Model 0    | 0.0577     | 0.922      | 0.790      | n/a        | n/a        | n/a       
Model 1    | 0.1232     | 0.815      | 0.726      | n/a        | n/a        | n/a       
Model 2    | 0.1931     | 0.833      | 0.755      | n/a        | n/a        | n/a       
Model 3    | 0.2118     | 0.811      | 0.754      | n/a        | n/a        | n/a       
Model 4    | 0.5173     | 0.835      | 0.799      | n/a        | n/a        | n/a       
Model 5    | 0.1659     | 0.836      | 0.773      | n/a        | n/a        | n/a       
Model 6    | 0.2898     | 0.826      | 0.776      | n/a        | n/a        | n/a       
Model 7    | 0.2005     | 0.814      | 0.750      | n/a        | n/a        | n/a       
Model 8    | 0.4054     | 0.830      | 0.789      | n/a        | n/a        | n/a       
Model 9    | 0.3037     | 0.832      | 0.802      | n/a        | n/a        | n/a       
Ensemble (FCFW) | -0.0002    | 0.299      | 0.186      | n/a        | n/a        | n/a       
Saving results to out/hpo/hopfield_20q_p2_b20_20260605_193022/trials/trial_0039/results.csv...
Experiment: Boosting on Hopfield (20q, 2p)
Configuration:
  train_samples: 1000
  data_seed: 42
  n_samples: 400
  n_models: 10
  learning_rate: 0.002606823063108983
  epochs_per_step: 400
  caching_level: none
  ensemble_samples_coeff: 1.0
  init_baseline: covariance
  init_later: random
  lambda_dual: 1.0
  lambda_schedule: {'type': 'frank_wolfe', 'gamma': 0.5, 'tau': 1.0}
  n_ops: 1024
  weight_strategy: frank_wolfe
  alpha_n_grid: 11
  alpha_objective_weight: 0.5
  baseline: none
  shots: 1000
  final_eval_sampling: True
  dataset_metrics: True
  exact_metrics: {'enabled': True, 'max_qubits': 20, 'phases': {'baseline': True, 'steps': False, 'final': True, 'per_model': True, 'fcfw': True}}
  keep_models_for_diagnosis: True
  stop_on_reject: False
  save_circuit_artifacts: False
  rng_seed: 42
  circuit_config: {'topology': 'aachen_heavy_hex', 'distance': 2, 'max_weight': 2, 'n_ancilla': 0}
  turbo: 10
  dynamic_is_within_shell: shell_uniform
  exact_sampling: True
  acceptance_metric: training_mmd
  skip_sampling: True
  report_fcfw: True
  dynamic_is: False
  dynamic_is_beta: 0.07908963550715477
  sigma: [1.147205013526379, 0.6526998270115141, 0.500862987704371]
  require_exact_sampling: True
================================================================================
Saving config to out/hpo/hopfield_20q_p2_b20_20260605_193022/trials/trial_0040/config.json...
Gate structure: Qubits: 20
Aachen heavy-hex topology: 39 parameters
one_qubit=20, two_qubit=19
Using Gaussian Kernel (n_ops=1024, n_qubits=20):
  - sigma=1.14720501
  - sigma=0.65269983
  - sigma=0.50086299
Expected sampled operator size:
  - p=3.160814, std=1.631342
  - p=6.907675, std=2.126470
  - p=8.637296, std=2.215209
  mean: 6.235261
  std: 3.042173
Baselines enabled: 

Training ensemble Model 0 (400 epochs)...
Training has not converged after 400 steps
Model 0 final loss: 0.065457
  [Step 0/9] train_MMD=0.0664 alpha_opt=1.0000 oracle_top1_TVD=0.9034

[Step 1] Training Model 1...
  lambda_dual: 0.7500
Training has not converged after 400 steps
  Weighting: frank_wolfe alpha = 0.2500
  [Step 1/9] train_MMD=0.0414 alpha_opt=0.2500 oracle_top2_TVD=0.8067
  [OK] MMD improved (delta=+0.024962)
  SNR (proxy): 4.01 (mean_norm=0.0132, std_norm=0.0033)

[Step 2] Training Model 2...
  lambda_dual: 0.8333
Training has not converged after 400 steps
  Weighting: frank_wolfe alpha = 0.1667
  [Step 2/9] train_MMD=0.0250 alpha_opt=0.1667 oracle_top3_TVD=0.7101
  [OK] MMD improved (delta=+0.016448)
  SNR (proxy): 8.26 (mean_norm=0.0079, std_norm=0.0010)

[Step 3] Training Model 3...
  lambda_dual: 0.8750
Training has not converged after 400 steps
  Weighting: frank_wolfe alpha = 0.1250
  [Step 3/9] train_MMD=0.0180 alpha_opt=0.1250 oracle_top4_TVD=0.6135
  [OK] MMD improved (delta=+0.006918)
  SNR (proxy): 4.93 (mean_norm=0.0050, std_norm=0.0010)

[Step 4] Training Model 4...
  lambda_dual: 0.9000
Training has not converged after 400 steps
  Weighting: frank_wolfe alpha = 0.1000
  [Step 4/9] train_MMD=0.0163 alpha_opt=0.1000 oracle_top5_TVD=0.6047
  [OK] MMD improved (delta=+0.001715)
  SNR (proxy): 7.49 (mean_norm=0.0117, std_norm=0.0016)

[Step 5] Training Model 5...
  lambda_dual: 0.9167
Training has not converged after 400 steps
  Weighting: frank_wolfe alpha = 0.0833
  [Step 5/9] train_MMD=0.0153 alpha_opt=0.0833 oracle_top6_TVD=0.5960
  [OK] MMD improved (delta=+0.000978)
  SNR (proxy): 9.60 (mean_norm=0.0088, std_norm=0.0009)

[Step 6] Training Model 6...
  lambda_dual: 0.9286
Training has not converged after 400 steps
  Weighting: frank_wolfe alpha = 0.0714
  [Step 6/9] train_MMD=0.0161 alpha_opt=0.0714 oracle_top7_TVD=0.5872
  [WARNING] MMD worsened but kept (diagnostic, delta=-0.000790)
  SNR (proxy): 15.09 (mean_norm=0.0077, std_norm=0.0005)

[Step 7] Training Model 7...
  lambda_dual: 0.9375
Training has not converged after 400 steps
  Weighting: frank_wolfe alpha = 0.0625
  [Step 7/9] train_MMD=0.0066 alpha_opt=0.0625 oracle_top8_TVD=0.5784
  [OK] MMD improved (delta=+0.009539)
  SNR (proxy): 131.42 (mean_norm=0.0058, std_norm=0.0000)

[Step 8] Training Model 8...
  lambda_dual: 0.9444
Training has not converged after 400 steps
  Weighting: frank_wolfe alpha = 0.0556
  [Step 8/9] train_MMD=0.0046 alpha_opt=0.0556 oracle_top9_TVD=0.5697
  [OK] MMD improved (delta=+0.002032)
  SNR (proxy): 11.02 (mean_norm=0.0060, std_norm=0.0005)

[Step 9] Training Model 9...
  lambda_dual: 0.9500
Training has not converged after 400 steps
  Weighting: frank_wolfe alpha = 0.0500
  [Step 9/9] train_MMD=0.0051 alpha_opt=0.0500 oracle_top10_TVD=0.5609
  [WARNING] MMD worsened but kept (diagnostic, delta=-0.000513)
  SNR (proxy): 8.98 (mean_norm=0.0085, std_norm=0.0009)

Final: 10 models, MMD=0.0048 (delta=+0.0616) F1=nan

[FCFW] Computing Fully Corrective Frank-Wolfe weights for final ensemble...
  Weighting: fully corrective QP weights = [0.2325, 0.1033, 0.1190, 0.1505, 0.1577, 0.0745, 0.0000, 0.0000, 0.1474, 0.0152]
  FCFW Sampled MMD^2: 0.001102
  FCFW Sampled TVD:   0.3599

FINAL MODEL COMPARISON (inc. FCFW)
Model      | MMD        | TVD        | TVD*       | Valid      | Cover      | F1        
----------------------------------------------------------------------------------------
Baseline   | 0.0664     | n/a        | n/a        | n/a        | n/a        | n/a       
Ensemble   | 0.0048     | 0.422      | 0.326      | n/a        | n/a        | n/a       
Model 0    | 0.0686     | 0.894      | 0.814      | n/a        | n/a        | n/a       
Model 1    | 0.2186     | 0.814      | 0.758      | n/a        | n/a        | n/a       
Model 2    | 0.4945     | 0.839      | 0.797      | n/a        | n/a        | n/a       
Model 3    | 0.5432     | 0.862      | 0.853      | n/a        | n/a        | n/a       
Model 4    | 0.1975     | 0.827      | 0.747      | n/a        | n/a        | n/a       
Model 5    | 0.2342     | 0.840      | 0.755      | n/a        | n/a        | n/a       
Model 6    | 0.0874     | 0.900      | 0.742      | n/a        | n/a        | n/a       
Model 7    | 0.8107     | 0.903      | 0.902      | n/a        | n/a        | n/a       
Model 8    | 0.6877     | 0.875      | 0.858      | n/a        | n/a        | n/a       
Model 9    | 0.1735     | 0.824      | 0.751      | n/a        | n/a        | n/a       
Ensemble (FCFW) | 0.0011     | 0.360      | 0.286      | n/a        | n/a        | n/a       
Saving results to out/hpo/hopfield_20q_p2_b20_20260605_193022/trials/trial_0040/results.csv...
Experiment: Boosting on Hopfield (20q, 2p)
Configuration:
  train_samples: 1000
  data_seed: 42
  n_samples: 400
  n_models: 10
  learning_rate: 0.010407783217046562
  epochs_per_step: 400
  caching_level: none
  ensemble_samples_coeff: 1.0
  init_baseline: covariance
  init_later: random
  lambda_dual: 1.0
  lambda_schedule: {'type': 'frank_wolfe', 'gamma': 1.0, 'tau': 1.0}
  n_ops: 1024
  weight_strategy: frank_wolfe
  alpha_n_grid: 11
  alpha_objective_weight: 0.5
  baseline: none
  shots: 1000
  final_eval_sampling: True
  dataset_metrics: True
  exact_metrics: {'enabled': True, 'max_qubits': 20, 'phases': {'baseline': True, 'steps': False, 'final': True, 'per_model': True, 'fcfw': True}}
  keep_models_for_diagnosis: True
  stop_on_reject: False
  save_circuit_artifacts: False
  rng_seed: 42
  circuit_config: {'topology': 'aachen_heavy_hex', 'distance': 2, 'max_weight': 2, 'n_ancilla': 0}
  turbo: 10
  dynamic_is_within_shell: shell_uniform
  exact_sampling: True
  acceptance_metric: training_mmd
  skip_sampling: True
  report_fcfw: True
  dynamic_is: True
  dynamic_is_beta: 0.0402660497728114
  sigma: [0.8594405208453831, 0.4491974176875762]
  require_exact_sampling: True
================================================================================
Saving config to out/hpo/hopfield_20q_p2_b20_20260605_193022/trials/trial_0041/config.json...
Gate structure: Qubits: 20
Aachen heavy-hex topology: 39 parameters
one_qubit=20, two_qubit=19
Using Gaussian Kernel (n_ops=1024, n_qubits=20):
  - sigma=0.85944052
  - sigma=0.44919742
Expected sampled operator size:
  - p=4.918210, std=1.925817
  - p=9.160863, std=2.228181
  mean: 7.039537
  std: 2.972677
Baselines enabled: 

Training ensemble Model 0 (400 epochs)...
Training has not converged after 400 steps
Model 0 final loss: 0.058983
  [Step 0/9] train_MMD=0.0569 alpha_opt=1.0000 oracle_top1_TVD=0.9034

[Step 1] Training Model 1...
  lambda_dual: 0.5000
Training has not converged after 400 steps
  Weighting: frank_wolfe alpha = 0.5000
  [Step 1/9] train_MMD=0.0426 alpha_opt=0.5000 oracle_top2_TVD=0.8067
  [OK] MMD improved (delta=+0.014306)
  SNR (proxy): 6.01 (mean_norm=0.0501, std_norm=0.0083)

[Step 2] Training Model 2...
  lambda_dual: 0.6667
Training has not converged after 400 steps
  Weighting: frank_wolfe alpha = 0.3333
  [Step 2/9] train_MMD=0.0321 alpha_opt=0.3333 oracle_top3_TVD=0.7101
  [OK] MMD improved (delta=+0.010520)
  SNR (proxy): 13.81 (mean_norm=0.0790, std_norm=0.0057)

[Step 3] Training Model 3...
  lambda_dual: 0.7500
Training has not converged after 400 steps
  Weighting: frank_wolfe alpha = 0.2500
  [Step 3/9] train_MMD=0.0142 alpha_opt=0.2500 oracle_top4_TVD=0.6135
  [OK] MMD improved (delta=+0.017839)
  SNR (proxy): 4.09 (mean_norm=0.0153, std_norm=0.0038)

[Step 4] Training Model 4...
  lambda_dual: 0.8000
Training has not converged after 400 steps
  Weighting: frank_wolfe alpha = 0.2000
  [Step 4/9] train_MMD=0.0049 alpha_opt=0.2000 oracle_top5_TVD=0.6047
  [OK] MMD improved (delta=+0.009365)
  SNR (proxy): 12.05 (mean_norm=0.0415, std_norm=0.0034)

[Step 5] Training Model 5...
  lambda_dual: 0.8333
Training has not converged after 400 steps
  Weighting: frank_wolfe alpha = 0.1667
  [Step 5/9] train_MMD=0.0026 alpha_opt=0.1667 oracle_top6_TVD=0.5960
  [OK] MMD improved (delta=+0.002248)
  SNR (proxy): 3.99 (mean_norm=0.0198, std_norm=0.0049)

[Step 6] Training Model 6...
  lambda_dual: 0.8571
Training has not converged after 400 steps
  Weighting: frank_wolfe alpha = 0.1429
  [Step 6/9] train_MMD=0.0048 alpha_opt=0.1429 oracle_top7_TVD=0.5872
  [WARNING] MMD worsened but kept (diagnostic, delta=-0.002194)
  SNR (proxy): 8.10 (mean_norm=0.0321, std_norm=0.0040)

[Step 7] Training Model 7...
  lambda_dual: 0.8750
Training has not converged after 400 steps
  Weighting: frank_wolfe alpha = 0.1250
  [Step 7/9] train_MMD=0.0025 alpha_opt=0.1250 oracle_top8_TVD=0.5784
  [OK] MMD improved (delta=+0.002346)
  SNR (proxy): 5.58 (mean_norm=0.0085, std_norm=0.0015)

[Step 8] Training Model 8...
  lambda_dual: 0.8889
Training has not converged after 400 steps
  Weighting: frank_wolfe alpha = 0.1111
  [Step 8/9] train_MMD=0.0030 alpha_opt=0.1111 oracle_top9_TVD=0.5697
  [WARNING] MMD worsened but kept (diagnostic, delta=-0.000583)
  SNR (proxy): 8.62 (mean_norm=0.0249, std_norm=0.0029)

[Step 9] Training Model 9...
  lambda_dual: 0.9000
Training has not converged after 400 steps
  Weighting: frank_wolfe alpha = 0.1000
  [Step 9/9] train_MMD=0.0008 alpha_opt=0.1000 oracle_top10_TVD=0.5609
  [OK] MMD improved (delta=+0.002278)
  SNR (proxy): 4.70 (mean_norm=0.0056, std_norm=0.0012)

Final: 10 models, MMD=0.0017 (delta=+0.0552) F1=nan

[FCFW] Computing Fully Corrective Frank-Wolfe weights for final ensemble...
  Weighting: fully corrective QP weights = [0.0956, 0.1124, 0.0804, 0.0000, 0.0903, 0.0515, 0.1373, 0.2316, 0.0997, 0.1012]
  FCFW Sampled MMD^2: -0.000273
  FCFW Sampled TVD:   0.2954

FINAL MODEL COMPARISON (inc. FCFW)
Model      | MMD        | TVD        | TVD*       | Valid      | Cover      | F1        
----------------------------------------------------------------------------------------
Baseline   | 0.0569     | n/a        | n/a        | n/a        | n/a        | n/a       
Ensemble   | 0.0017     | 0.306      | 0.202      | n/a        | n/a        | n/a       
Model 0    | 0.0602     | 0.931      | 0.791      | n/a        | n/a        | n/a       
Model 1    | 0.1207     | 0.812      | 0.727      | n/a        | n/a        | n/a       
Model 2    | 0.2160     | 0.832      | 0.758      | n/a        | n/a        | n/a       
Model 3    | 0.2192     | 0.817      | 0.754      | n/a        | n/a        | n/a       
Model 4    | 0.5282     | 0.837      | 0.802      | n/a        | n/a        | n/a       
Model 5    | 0.1592     | 0.832      | 0.776      | n/a        | n/a        | n/a       
Model 6    | 0.2668     | 0.820      | 0.772      | n/a        | n/a        | n/a       
Model 7    | 0.2084     | 0.814      | 0.755      | n/a        | n/a        | n/a       
Model 8    | 0.3824     | 0.834      | 0.787      | n/a        | n/a        | n/a       
Model 9    | 0.2476     | 0.820      | 0.780      | n/a        | n/a        | n/a       
Ensemble (FCFW) | -0.0003    | 0.295      | 0.184      | n/a        | n/a        | n/a       
Saving results to out/hpo/hopfield_20q_p2_b20_20260605_193022/trials/trial_0041/results.csv...
Experiment: Boosting on Hopfield (20q, 2p)
Configuration:
  train_samples: 1000
  data_seed: 42
  n_samples: 400
  n_models: 10
  learning_rate: 0.005486441502060667
  epochs_per_step: 400
  caching_level: none
  ensemble_samples_coeff: 1.0
  init_baseline: covariance
  init_later: random
  lambda_dual: 1.0
  lambda_schedule: {'type': 'frank_wolfe', 'gamma': 1.0, 'tau': 1.0}
  n_ops: 1024
  weight_strategy: frank_wolfe
  alpha_n_grid: 11
  alpha_objective_weight: 0.5
  baseline: none
  shots: 1000
  final_eval_sampling: True
  dataset_metrics: True
  exact_metrics: {'enabled': True, 'max_qubits': 20, 'phases': {'baseline': True, 'steps': False, 'final': True, 'per_model': True, 'fcfw': True}}
  keep_models_for_diagnosis: True
  stop_on_reject: False
  save_circuit_artifacts: False
  rng_seed: 42
  circuit_config: {'topology': 'aachen_heavy_hex', 'distance': 2, 'max_weight': 2, 'n_ancilla': 0}
  turbo: 10
  dynamic_is_within_shell: shell_uniform
  exact_sampling: True
  acceptance_metric: training_mmd
  skip_sampling: True
  report_fcfw: True
  dynamic_is: True
  dynamic_is_beta: 0.05595593087495226
  sigma: [0.87928321423515, 0.45154546664925344]
  require_exact_sampling: True
================================================================================
Saving config to out/hpo/hopfield_20q_p2_b20_20260605_193022/trials/trial_0042/config.json...
Gate structure: Qubits: 20
Aachen heavy-hex topology: 39 parameters
one_qubit=20, two_qubit=19
Using Gaussian Kernel (n_ops=1024, n_qubits=20):
  - sigma=0.87928321
  - sigma=0.45154547
Expected sampled operator size:
  - p=4.762361, std=1.904825
  - p=9.139015, std=2.227765
  mean: 6.950688
  std: 3.014037
Baselines enabled: 

Training ensemble Model 0 (400 epochs)...
Training has not converged after 400 steps
Model 0 final loss: 0.060406
  [Step 0/9] train_MMD=0.0577 alpha_opt=1.0000 oracle_top1_TVD=0.9034

[Step 1] Training Model 1...
  lambda_dual: 0.5000
Training has not converged after 400 steps
  Weighting: frank_wolfe alpha = 0.5000
  [Step 1/9] train_MMD=0.0440 alpha_opt=0.5000 oracle_top2_TVD=0.8067
  [OK] MMD improved (delta=+0.013721)
  SNR (proxy): 8.14 (mean_norm=0.0586, std_norm=0.0072)

[Step 2] Training Model 2...
  lambda_dual: 0.6667
Training has not converged after 400 steps
  Weighting: frank_wolfe alpha = 0.3333
  [Step 2/9] train_MMD=0.0325 alpha_opt=0.3333 oracle_top3_TVD=0.7101
  [OK] MMD improved (delta=+0.011483)
  SNR (proxy): 11.78 (mean_norm=0.0746, std_norm=0.0063)

[Step 3] Training Model 3...
  lambda_dual: 0.7500
Training has not converged after 400 steps
  Weighting: frank_wolfe alpha = 0.2500
  [Step 3/9] train_MMD=0.0144 alpha_opt=0.2500 oracle_top4_TVD=0.6135
  [OK] MMD improved (delta=+0.018081)
  SNR (proxy): 2.68 (mean_norm=0.0185, std_norm=0.0069)

[Step 4] Training Model 4...
  lambda_dual: 0.8000
Training has not converged after 400 steps
  Weighting: frank_wolfe alpha = 0.2000
  [Step 4/9] train_MMD=0.0048 alpha_opt=0.2000 oracle_top5_TVD=0.6047
  [OK] MMD improved (delta=+0.009631)
  SNR (proxy): 6.79 (mean_norm=0.0333, std_norm=0.0049)

[Step 5] Training Model 5...
  lambda_dual: 0.8333
Training has not converged after 400 steps
  Weighting: frank_wolfe alpha = 0.1667
  [Step 5/9] train_MMD=0.0029 alpha_opt=0.1667 oracle_top6_TVD=0.5960
  [OK] MMD improved (delta=+0.001839)
  SNR (proxy): 4.78 (mean_norm=0.0229, std_norm=0.0048)

[Step 6] Training Model 6...
  lambda_dual: 0.8571
Training has not converged after 400 steps
  Weighting: frank_wolfe alpha = 0.1429
  [Step 6/9] train_MMD=0.0043 alpha_opt=0.1429 oracle_top7_TVD=0.5872
  [WARNING] MMD worsened but kept (diagnostic, delta=-0.001408)
  SNR (proxy): 9.71 (mean_norm=0.0307, std_norm=0.0032)

[Step 7] Training Model 7...
  lambda_dual: 0.8750
Training has not converged after 400 steps
  Weighting: frank_wolfe alpha = 0.1250
  [Step 7/9] train_MMD=0.0027 alpha_opt=0.1250 oracle_top8_TVD=0.5784
  [OK] MMD improved (delta=+0.001678)
  SNR (proxy): 7.66 (mean_norm=0.0083, std_norm=0.0011)

[Step 8] Training Model 8...
  lambda_dual: 0.8889
Training has not converged after 400 steps
  Weighting: frank_wolfe alpha = 0.1111
  [Step 8/9] train_MMD=0.0035 alpha_opt=0.1111 oracle_top9_TVD=0.5697
  [WARNING] MMD worsened but kept (diagnostic, delta=-0.000815)
  SNR (proxy): 14.39 (mean_norm=0.0294, std_norm=0.0020)

[Step 9] Training Model 9...
  lambda_dual: 0.9000
Training has not converged after 400 steps
  Weighting: frank_wolfe alpha = 0.1000
  [Step 9/9] train_MMD=0.0008 alpha_opt=0.1000 oracle_top10_TVD=0.5609
  [OK] MMD improved (delta=+0.002686)
  SNR (proxy): 3.67 (mean_norm=0.0063, std_norm=0.0017)

Final: 10 models, MMD=0.0022 (delta=+0.0555) F1=nan

[FCFW] Computing Fully Corrective Frank-Wolfe weights for final ensemble...
  Weighting: fully corrective QP weights = [0.0925, 0.0804, 0.0683, 0.1092, 0.1040, 0.0689, 0.1142, 0.1736, 0.1033, 0.0854]
  FCFW Sampled MMD^2: -0.000247
  FCFW Sampled TVD:   0.2893

FINAL MODEL COMPARISON (inc. FCFW)
Model      | MMD        | TVD        | TVD*       | Valid      | Cover      | F1        
----------------------------------------------------------------------------------------
Baseline   | 0.0577     | n/a        | n/a        | n/a        | n/a        | n/a       
Ensemble   | 0.0022     | 0.318      | 0.208      | n/a        | n/a        | n/a       
Model 0    | 0.0609     | 0.937      | 0.800      | n/a        | n/a        | n/a       
Model 1    | 0.1234     | 0.819      | 0.724      | n/a        | n/a        | n/a       
Model 2    | 0.1964     | 0.826      | 0.756      | n/a        | n/a        | n/a       
Model 3    | 0.2100     | 0.806      | 0.754      | n/a        | n/a        | n/a       
Model 4    | 0.4972     | 0.831      | 0.798      | n/a        | n/a        | n/a       
Model 5    | 0.1573     | 0.833      | 0.766      | n/a        | n/a        | n/a       
Model 6    | 0.2946     | 0.827      | 0.773      | n/a        | n/a        | n/a       
Model 7    | 0.1855     | 0.811      | 0.753      | n/a        | n/a        | n/a       
Model 8    | 0.4096     | 0.834      | 0.790      | n/a        | n/a        | n/a       
Model 9    | 0.2847     | 0.835      | 0.785      | n/a        | n/a        | n/a       
Ensemble (FCFW) | -0.0002    | 0.289      | 0.189      | n/a        | n/a        | n/a       
Saving results to out/hpo/hopfield_20q_p2_b20_20260605_193022/trials/trial_0042/results.csv...
Experiment: Boosting on Hopfield (20q, 2p)
Configuration:
  train_samples: 1000
  data_seed: 42
  n_samples: 400
  n_models: 10
  learning_rate: 0.012223751168602527
  epochs_per_step: 400
  caching_level: none
  ensemble_samples_coeff: 1.0
  init_baseline: covariance
  init_later: random
  lambda_dual: 1.0
  lambda_schedule: {'type': 'frank_wolfe', 'gamma': 1.0, 'tau': 1.0}
  n_ops: 1024
  weight_strategy: frank_wolfe
  alpha_n_grid: 11
  alpha_objective_weight: 0.5
  baseline: none
  shots: 1000
  final_eval_sampling: True
  dataset_metrics: True
  exact_metrics: {'enabled': True, 'max_qubits': 20, 'phases': {'baseline': True, 'steps': False, 'final': True, 'per_model': True, 'fcfw': True}}
  keep_models_for_diagnosis: True
  stop_on_reject: False
  save_circuit_artifacts: False
  rng_seed: 42
  circuit_config: {'topology': 'aachen_heavy_hex', 'distance': 2, 'max_weight': 2, 'n_ancilla': 0}
  turbo: 10
  dynamic_is_within_shell: shell_uniform
  exact_sampling: True
  acceptance_metric: training_mmd
  skip_sampling: True
  report_fcfw: True
  dynamic_is: True
  dynamic_is_beta: 0.034660939990718634
  sigma: [0.7981751051420666, 0.4864398858354103]
  require_exact_sampling: True
================================================================================
Saving config to out/hpo/hopfield_20q_p2_b20_20260605_193022/trials/trial_0043/config.json...
Gate structure: Qubits: 20
Aachen heavy-hex topology: 39 parameters
one_qubit=20, two_qubit=19
Using Gaussian Kernel (n_ops=1024, n_qubits=20):
  - sigma=0.79817511
  - sigma=0.48643989
Expected sampled operator size:
  - p=5.438011, std=1.989827
  - p=8.791323, std=2.219675
  mean: 7.114667
  std: 2.693392
Baselines enabled: 

Training ensemble Model 0 (400 epochs)...
Training has not converged after 400 steps
Model 0 final loss: 0.053772
  [Step 0/9] train_MMD=0.0518 alpha_opt=1.0000 oracle_top1_TVD=0.9034

[Step 1] Training Model 1...
  lambda_dual: 0.5000
Training has not converged after 400 steps
  Weighting: frank_wolfe alpha = 0.5000
  [Step 1/9] train_MMD=0.0398 alpha_opt=0.5000 oracle_top2_TVD=0.8067
  [OK] MMD improved (delta=+0.011935)
  SNR (proxy): 3.98 (mean_norm=0.0451, std_norm=0.0113)

[Step 2] Training Model 2...
  lambda_dual: 0.6667
Training has not converged after 400 steps
  Weighting: frank_wolfe alpha = 0.3333
  [Step 2/9] train_MMD=0.0318 alpha_opt=0.3333 oracle_top3_TVD=0.7101
  [OK] MMD improved (delta=+0.008058)
  SNR (proxy): 11.42 (mean_norm=0.0871, std_norm=0.0076)

[Step 3] Training Model 3...
  lambda_dual: 0.7500
Training has not converged after 400 steps
  Weighting: frank_wolfe alpha = 0.2500
  [Step 3/9] train_MMD=0.0142 alpha_opt=0.2500 oracle_top4_TVD=0.6135
  [OK] MMD improved (delta=+0.017564)
  SNR (proxy): 3.80 (mean_norm=0.0176, std_norm=0.0046)

[Step 4] Training Model 4...
  lambda_dual: 0.8000
Training has not converged after 400 steps
  Weighting: frank_wolfe alpha = 0.2000
  [Step 4/9] train_MMD=0.0055 alpha_opt=0.2000 oracle_top5_TVD=0.6047
  [OK] MMD improved (delta=+0.008740)
  SNR (proxy): 17.42 (mean_norm=0.0543, std_norm=0.0031)

[Step 5] Training Model 5...
  lambda_dual: 0.8333
Training has not converged after 400 steps
  Weighting: frank_wolfe alpha = 0.1667
  [Step 5/9] train_MMD=0.0021 alpha_opt=0.1667 oracle_top6_TVD=0.5960
  [OK] MMD improved (delta=+0.003364)
  SNR (proxy): 4.59 (mean_norm=0.0114, std_norm=0.0025)

[Step 6] Training Model 6...
  lambda_dual: 0.8571
Training has not converged after 400 steps
  Weighting: frank_wolfe alpha = 0.1429
  [Step 6/9] train_MMD=0.0036 alpha_opt=0.1429 oracle_top7_TVD=0.5872
  [WARNING] MMD worsened but kept (diagnostic, delta=-0.001437)
  SNR (proxy): 7.36 (mean_norm=0.0289, std_norm=0.0039)

[Step 7] Training Model 7...
  lambda_dual: 0.8750
Training has not converged after 400 steps
  Weighting: frank_wolfe alpha = 0.1250
  [Step 7/9] train_MMD=0.0017 alpha_opt=0.1250 oracle_top8_TVD=0.5784
  [OK] MMD improved (delta=+0.001820)
  SNR (proxy): 11.41 (mean_norm=0.0072, std_norm=0.0006)

[Step 8] Training Model 8...
  lambda_dual: 0.8889
Training has not converged after 400 steps
  Weighting: frank_wolfe alpha = 0.1111
  [Step 8/9] train_MMD=0.0026 alpha_opt=0.1111 oracle_top9_TVD=0.5697
  [WARNING] MMD worsened but kept (diagnostic, delta=-0.000824)
  SNR (proxy): 5.74 (mean_norm=0.0230, std_norm=0.0040)

[Step 9] Training Model 9...
  lambda_dual: 0.9000
Training has not converged after 400 steps
  Weighting: frank_wolfe alpha = 0.1000
  [Step 9/9] train_MMD=0.0008 alpha_opt=0.1000 oracle_top10_TVD=0.5609
  [OK] MMD improved (delta=+0.001748)
  SNR (proxy): 5.14 (mean_norm=0.0071, std_norm=0.0014)

Final: 10 models, MMD=0.0020 (delta=+0.0498) F1=nan

[FCFW] Computing Fully Corrective Frank-Wolfe weights for final ensemble...
  Weighting: fully corrective QP weights = [0.0758, 0.0754, 0.1467, 0.1767, 0.1037, 0.1000, 0.0774, 0.0629, 0.0923, 0.0890]
  FCFW Sampled MMD^2: -0.000528
  FCFW Sampled TVD:   0.2707

FINAL MODEL COMPARISON (inc. FCFW)
Model      | MMD        | TVD        | TVD*       | Valid      | Cover      | F1        
----------------------------------------------------------------------------------------
Baseline   | 0.0518     | n/a        | n/a        | n/a        | n/a        | n/a       
Ensemble   | 0.0020     | 0.317      | 0.204      | n/a        | n/a        | n/a       
Model 0    | 0.0533     | 0.905      | 0.783      | n/a        | n/a        | n/a       
Model 1    | 0.1133     | 0.829      | 0.725      | n/a        | n/a        | n/a       
Model 2    | 0.2544     | 0.831      | 0.764      | n/a        | n/a        | n/a       
Model 3    | 0.2168     | 0.817      | 0.752      | n/a        | n/a        | n/a       
Model 4    | 0.5265     | 0.837      | 0.806      | n/a        | n/a        | n/a       
Model 5    | 0.1999     | 0.843      | 0.787      | n/a        | n/a        | n/a       
Model 6    | 0.1953     | 0.815      | 0.759      | n/a        | n/a        | n/a       
Model 7    | 0.1800     | 0.810      | 0.752      | n/a        | n/a        | n/a       
Model 8    | 0.2912     | 0.821      | 0.776      | n/a        | n/a        | n/a       
Model 9    | 0.2368     | 0.821      | 0.779      | n/a        | n/a        | n/a       
Ensemble (FCFW) | -0.0005    | 0.271      | 0.184      | n/a        | n/a        | n/a       
Saving results to out/hpo/hopfield_20q_p2_b20_20260605_193022/trials/trial_0043/results.csv...
Experiment: Boosting on Hopfield (20q, 2p)
Configuration:
  train_samples: 1000
  data_seed: 42
  n_samples: 400
  n_models: 10
  learning_rate: 0.012811436739061582
  epochs_per_step: 400
  caching_level: none
  ensemble_samples_coeff: 1.0
  init_baseline: covariance
  init_later: random
  lambda_dual: 1.0
  lambda_schedule: {'type': 'frank_wolfe', 'gamma': 1.0, 'tau': 1.0}
  n_ops: 1024
  weight_strategy: frank_wolfe
  alpha_n_grid: 11
  alpha_objective_weight: 0.5
  baseline: none
  shots: 1000
  final_eval_sampling: True
  dataset_metrics: True
  exact_metrics: {'enabled': True, 'max_qubits': 20, 'phases': {'baseline': True, 'steps': False, 'final': True, 'per_model': True, 'fcfw': True}}
  keep_models_for_diagnosis: True
  stop_on_reject: False
  save_circuit_artifacts: False
  rng_seed: 42
  circuit_config: {'topology': 'aachen_heavy_hex', 'distance': 2, 'max_weight': 2, 'n_ancilla': 0}
  turbo: 10
  dynamic_is_within_shell: shell_uniform
  exact_sampling: True
  acceptance_metric: training_mmd
  skip_sampling: True
  report_fcfw: True
  dynamic_is: True
  dynamic_is_beta: 0.05153144283339413
  sigma: [0.4834268178165003]
  require_exact_sampling: True
================================================================================
Saving config to out/hpo/hopfield_20q_p2_b20_20260605_193022/trials/trial_0044/config.json...
Gate structure: Qubits: 20
Aachen heavy-hex topology: 39 parameters
one_qubit=20, two_qubit=19
Using Gaussian Kernel (n_ops=1024, n_qubits=20):
  - sigma=0.48342682
Expected sampled operator size:
  - p=8.822841, std=2.220521
  mean: 8.822841
  std: 2.220521
Baselines enabled: 

Training ensemble Model 0 (400 epochs)...
Training has not converged after 400 steps
Model 0 final loss: 0.035413
  [Step 0/9] train_MMD=0.0338 alpha_opt=1.0000 oracle_top1_TVD=0.9034

[Step 1] Training Model 1...
  lambda_dual: 0.5000
Training has not converged after 400 steps
  Weighting: frank_wolfe alpha = 0.5000
  [Step 1/9] train_MMD=0.0361 alpha_opt=0.5000 oracle_top2_TVD=0.8067
  [WARNING] MMD worsened but kept (diagnostic, delta=-0.002318)
  SNR (proxy): 6.50 (mean_norm=0.0149, std_norm=0.0023)

[Step 2] Training Model 2...
  lambda_dual: 0.6667
Training has not converged after 400 steps
  Weighting: frank_wolfe alpha = 0.3333
  [Step 2/9] train_MMD=0.0353 alpha_opt=0.3333 oracle_top3_TVD=0.7101
  [OK] MMD improved (delta=+0.000833)
  SNR (proxy): 7.56 (mean_norm=0.0929, std_norm=0.0123)

[Step 3] Training Model 3...
  lambda_dual: 0.7500
Training has not converged after 400 steps
  Weighting: frank_wolfe alpha = 0.2500
  [Step 3/9] train_MMD=0.0212 alpha_opt=0.2500 oracle_top4_TVD=0.6135
  [OK] MMD improved (delta=+0.014083)
  SNR (proxy): 16.54 (mean_norm=0.0594, std_norm=0.0036)

[Step 4] Training Model 4...
  lambda_dual: 0.8000
Training has not converged after 400 steps
  Weighting: frank_wolfe alpha = 0.2000
  [Step 4/9] train_MMD=0.0196 alpha_opt=0.2000 oracle_top5_TVD=0.6047
  [OK] MMD improved (delta=+0.001611)
  SNR (proxy): 8.51 (mean_norm=0.0119, std_norm=0.0014)

[Step 5] Training Model 5...
  lambda_dual: 0.8333
Training has not converged after 400 steps
  Weighting: frank_wolfe alpha = 0.1667
  [Step 5/9] train_MMD=0.0107 alpha_opt=0.1667 oracle_top6_TVD=0.5960
  [OK] MMD improved (delta=+0.008944)
  SNR (proxy): 6.79 (mean_norm=0.0130, std_norm=0.0019)

[Step 6] Training Model 6...
  lambda_dual: 0.8571
Training has not converged after 400 steps
  Weighting: frank_wolfe alpha = 0.1429
  [Step 6/9] train_MMD=0.0132 alpha_opt=0.1429 oracle_top7_TVD=0.5872
  [WARNING] MMD worsened but kept (diagnostic, delta=-0.002532)
  SNR (proxy): 7.71 (mean_norm=0.0087, std_norm=0.0011)

[Step 7] Training Model 7...
  lambda_dual: 0.8750
Training has not converged after 400 steps
  Weighting: frank_wolfe alpha = 0.1250
  [Step 7/9] train_MMD=0.0142 alpha_opt=0.1250 oracle_top8_TVD=0.5784
  [WARNING] MMD worsened but kept (diagnostic, delta=-0.001015)
  SNR (proxy): 7.85 (mean_norm=0.0104, std_norm=0.0013)

[Step 8] Training Model 8...
  lambda_dual: 0.8889
Training has not converged after 400 steps
  Weighting: frank_wolfe alpha = 0.1111
  [Step 8/9] train_MMD=0.0165 alpha_opt=0.1111 oracle_top9_TVD=0.5697
  [WARNING] MMD worsened but kept (diagnostic, delta=-0.002263)
  SNR (proxy): 6.03 (mean_norm=0.0393, std_norm=0.0065)

[Step 9] Training Model 9...
  lambda_dual: 0.9000
Training has not converged after 400 steps
  Weighting: frank_wolfe alpha = 0.1000
  [Step 9/9] train_MMD=0.0160 alpha_opt=0.1000 oracle_top10_TVD=0.5609
  [OK] MMD improved (delta=+0.000498)
  SNR (proxy): 25.76 (mean_norm=0.0485, std_norm=0.0019)

Final: 10 models, MMD=0.0159 (delta=+0.0180) F1=nan

[FCFW] Computing Fully Corrective Frank-Wolfe weights for final ensemble...
  Weighting: fully corrective QP weights = [0.5582, 0.0000, 0.0145, 0.1771, 0.0000, 0.1490, 0.0000, 0.0000, 0.0000, 0.1011]
  FCFW Sampled MMD^2: 0.004390
  FCFW Sampled TVD:   0.4772

FINAL MODEL COMPARISON (inc. FCFW)
Model      | MMD        | TVD        | TVD*       | Valid      | Cover      | F1        
----------------------------------------------------------------------------------------
Baseline   | 0.0338     | n/a        | n/a        | n/a        | n/a        | n/a       
Ensemble   | 0.0159     | 0.568      | 0.517      | n/a        | n/a        | n/a       
Model 0    | 0.0352     | 0.851      | 0.774      | n/a        | n/a        | n/a       
Model 1    | 0.0480     | 1.000      | 0.989      | n/a        | n/a        | n/a       
Model 2    | 0.3077     | 0.828      | 0.764      | n/a        | n/a        | n/a       
Model 3    | 0.2173     | 0.818      | 0.779      | n/a        | n/a        | n/a       
Model 4    | 0.0480     | 1.000      | 0.989      | n/a        | n/a        | n/a       
Model 5    | 0.3182     | 0.832      | 0.789      | n/a        | n/a        | n/a       
Model 6    | 0.0480     | 1.000      | 0.991      | n/a        | n/a        | n/a       
Model 7    | 0.0480     | 1.000      | 0.995      | n/a        | n/a        | n/a       
Model 8    | 0.2827     | 0.827      | 0.780      | n/a        | n/a        | n/a       
Model 9    | 0.7076     | 0.877      | 0.877      | n/a        | n/a        | n/a       
Ensemble (FCFW) | 0.0044     | 0.477      | 0.416      | n/a        | n/a        | n/a       
Saving results to out/hpo/hopfield_20q_p2_b20_20260605_193022/trials/trial_0044/results.csv...
Experiment: Boosting on Hopfield (20q, 2p)
Configuration:
  train_samples: 1000
  data_seed: 42
  n_samples: 400
  n_models: 10
  learning_rate: 0.0012578346033935803
  epochs_per_step: 400
  caching_level: none
  ensemble_samples_coeff: 1.0
  init_baseline: covariance
  init_later: random
  lambda_dual: 1.0
  lambda_schedule: {'type': 'frank_wolfe', 'gamma': 1.0, 'tau': 1.0}
  n_ops: 1024
  weight_strategy: frank_wolfe
  alpha_n_grid: 11
  alpha_objective_weight: 0.5
  baseline: none
  shots: 1000
  final_eval_sampling: True
  dataset_metrics: True
  exact_metrics: {'enabled': True, 'max_qubits': 20, 'phases': {'baseline': True, 'steps': False, 'final': True, 'per_model': True, 'fcfw': True}}
  keep_models_for_diagnosis: True
  stop_on_reject: False
  save_circuit_artifacts: False
  rng_seed: 42
  circuit_config: {'topology': 'aachen_heavy_hex', 'distance': 2, 'max_weight': 2, 'n_ancilla': 0}
  turbo: 10
  dynamic_is_within_shell: shell_uniform
  exact_sampling: True
  acceptance_metric: training_mmd
  skip_sampling: True
  report_fcfw: True
  dynamic_is: False
  dynamic_is_beta: 0.03954679841664629
  sigma: [0.8011105770679195, 0.4094608331622579]
  require_exact_sampling: True
================================================================================
Saving config to out/hpo/hopfield_20q_p2_b20_20260605_193022/trials/trial_0045/config.json...
Gate structure: Qubits: 20
Aachen heavy-hex topology: 39 parameters
one_qubit=20, two_qubit=19
Using Gaussian Kernel (n_ops=1024, n_qubits=20):
  - sigma=0.80111058
  - sigma=0.40946083
Expected sampled operator size:
  - p=5.411745, std=1.986805
  - p=9.493217, std=2.233195
  mean: 7.452481
  std: 2.938006
Baselines enabled: 

Training ensemble Model 0 (400 epochs)...
Training has not converged after 400 steps
Model 0 final loss: 0.061006
  [Step 0/9] train_MMD=0.0542 alpha_opt=1.0000 oracle_top1_TVD=0.9034

[Step 1] Training Model 1...
  lambda_dual: 0.5000
Training has not converged after 400 steps
  Weighting: frank_wolfe alpha = 0.5000
  [Step 1/9] train_MMD=0.0547 alpha_opt=0.5000 oracle_top2_TVD=0.8067
  [WARNING] MMD worsened but kept (diagnostic, delta=-0.000481)
  SNR (proxy): 8.56 (mean_norm=0.0133, std_norm=0.0016)

[Step 2] Training Model 2...
  lambda_dual: 0.6667
Training has not converged after 400 steps
  Weighting: frank_wolfe alpha = 0.3333
  [Step 2/9] train_MMD=0.0558 alpha_opt=0.3333 oracle_top3_TVD=0.7101
  [WARNING] MMD worsened but kept (diagnostic, delta=-0.001096)
  SNR (proxy): 11.59 (mean_norm=0.0101, std_norm=0.0009)

[Step 3] Training Model 3...
  lambda_dual: 0.7500
Training has not converged after 400 steps
  Weighting: frank_wolfe alpha = 0.2500
  [Step 3/9] train_MMD=0.0433 alpha_opt=0.2500 oracle_top4_TVD=0.6135
  [OK] MMD improved (delta=+0.012516)
  SNR (proxy): 3.33 (mean_norm=0.0271, std_norm=0.0082)

[Step 4] Training Model 4...
  lambda_dual: 0.8000
Training has not converged after 400 steps
  Weighting: frank_wolfe alpha = 0.2000
  [Step 4/9] train_MMD=0.0413 alpha_opt=0.2000 oracle_top5_TVD=0.6047
  [OK] MMD improved (delta=+0.002012)
  SNR (proxy): 13.24 (mean_norm=0.0203, std_norm=0.0015)

[Step 5] Training Model 5...
  lambda_dual: 0.8333
Training has not converged after 400 steps
  Weighting: frank_wolfe alpha = 0.1667
  [Step 5/9] train_MMD=0.0426 alpha_opt=0.1667 oracle_top6_TVD=0.5960
  [WARNING] MMD worsened but kept (diagnostic, delta=-0.001332)
  SNR (proxy): 8.70 (mean_norm=0.0093, std_norm=0.0011)

[Step 6] Training Model 6...
  lambda_dual: 0.8571
Training has not converged after 400 steps
  Weighting: frank_wolfe alpha = 0.1429
  [Step 6/9] train_MMD=0.0356 alpha_opt=0.1429 oracle_top7_TVD=0.5872
  [OK] MMD improved (delta=+0.007012)
  SNR (proxy): 25.09 (mean_norm=0.0806, std_norm=0.0032)

[Step 7] Training Model 7...
  lambda_dual: 0.8750
Training has not converged after 400 steps
  Weighting: frank_wolfe alpha = 0.1250
  [Step 7/9] train_MMD=0.0374 alpha_opt=0.1250 oracle_top8_TVD=0.5784
  [WARNING] MMD worsened but kept (diagnostic, delta=-0.001820)
  SNR (proxy): 12.35 (mean_norm=0.0079, std_norm=0.0006)

[Step 8] Training Model 8...
  lambda_dual: 0.8889
Training has not converged after 400 steps
  Weighting: frank_wolfe alpha = 0.1111
  [Step 8/9] train_MMD=0.0391 alpha_opt=0.1111 oracle_top9_TVD=0.5697
  [WARNING] MMD worsened but kept (diagnostic, delta=-0.001639)
  SNR (proxy): 11.99 (mean_norm=0.0082, std_norm=0.0007)

[Step 9] Training Model 9...
  lambda_dual: 0.9000
Training has not converged after 400 steps
  Weighting: frank_wolfe alpha = 0.1000
  [Step 9/9] train_MMD=0.0405 alpha_opt=0.1000 oracle_top10_TVD=0.5609
  [WARNING] MMD worsened but kept (diagnostic, delta=-0.001416)
  SNR (proxy): 7.21 (mean_norm=0.0087, std_norm=0.0012)

Final: 10 models, MMD=0.0470 (delta=+0.0073) F1=nan

[FCFW] Computing Fully Corrective Frank-Wolfe weights for final ensemble...
  Weighting: fully corrective QP weights = [0.0000, 0.0000, 0.0000, 0.2524, 0.5179, 0.0000, 0.2297, 0.0000, 0.0000, 0.0000]
  FCFW Sampled MMD^2: 0.032302
  FCFW Sampled TVD:   0.7303

FINAL MODEL COMPARISON (inc. FCFW)
Model      | MMD        | TVD        | TVD*       | Valid      | Cover      | F1        
----------------------------------------------------------------------------------------
Baseline   | 0.0542     | n/a        | n/a        | n/a        | n/a        | n/a       
Ensemble   | 0.0470     | 0.881      | 0.833      | n/a        | n/a        | n/a       
Model 0    | 0.0605     | 0.970      | 0.927      | n/a        | n/a        | n/a       
Model 1    | 0.0640     | 0.989      | 0.955      | n/a        | n/a        | n/a       
Model 2    | 0.0677     | 1.000      | 0.988      | n/a        | n/a        | n/a       
Model 3    | 0.1615     | 0.844      | 0.810      | n/a        | n/a        | n/a       
Model 4    | 0.0636     | 0.956      | 0.900      | n/a        | n/a        | n/a       
Model 5    | 0.0681     | 1.000      | 0.984      | n/a        | n/a        | n/a       
Model 6    | 0.1390     | 0.870      | 0.840      | n/a        | n/a        | n/a       
Model 7    | 0.0680     | 1.000      | 0.990      | n/a        | n/a        | n/a       
Model 8    | 0.0686     | 1.000      | 0.989      | n/a        | n/a        | n/a       
Model 9    | 0.0683     | 1.000      | 0.990      | n/a        | n/a        | n/a       
Ensemble (FCFW) | 0.0323     | 0.730      | 0.697      | n/a        | n/a        | n/a       
Saving results to out/hpo/hopfield_20q_p2_b20_20260605_193022/trials/trial_0045/results.csv...
Experiment: Boosting on Hopfield (20q, 2p)
Configuration:
  train_samples: 1000
  data_seed: 42
  n_samples: 400
  n_models: 10
  learning_rate: 0.0030016693303401196
  epochs_per_step: 400
  caching_level: none
  ensemble_samples_coeff: 1.0
  init_baseline: covariance
  init_later: random
  lambda_dual: 1.0
  lambda_schedule: {'type': 'frank_wolfe', 'gamma': 1.0, 'tau': 1.0}
  n_ops: 1024
  weight_strategy: frank_wolfe
  alpha_n_grid: 11
  alpha_objective_weight: 0.5
  baseline: none
  shots: 1000
  final_eval_sampling: True
  dataset_metrics: True
  exact_metrics: {'enabled': True, 'max_qubits': 20, 'phases': {'baseline': True, 'steps': False, 'final': True, 'per_model': True, 'fcfw': True}}
  keep_models_for_diagnosis: True
  stop_on_reject: False
  save_circuit_artifacts: False
  rng_seed: 42
  circuit_config: {'topology': 'aachen_heavy_hex', 'distance': 2, 'max_weight': 2, 'n_ancilla': 0}
  turbo: 10
  dynamic_is_within_shell: shell_uniform
  exact_sampling: True
  acceptance_metric: training_mmd
  skip_sampling: True
  report_fcfw: True
  dynamic_is: True
  dynamic_is_beta: 0.15311363556783777
  sigma: [1.880582858862119, 0.47241784507190004]
  require_exact_sampling: True
================================================================================
Saving config to out/hpo/hopfield_20q_p2_b20_20260605_193022/trials/trial_0046/config.json...
Gate structure: Qubits: 20
Aachen heavy-hex topology: 39 parameters
one_qubit=20, two_qubit=19
Using Gaussian Kernel (n_ops=1024, n_qubits=20):
  - sigma=1.88058286
  - sigma=0.47241785
Expected sampled operator size:
  - p=1.318398, std=1.109725
  - p=8.935796, std=2.223370
  mean: 5.127097
  std: 4.194475
Baselines enabled: 

Training ensemble Model 0 (400 epochs)...
Training has not converged after 400 steps
Model 0 final loss: 0.073860
  [Step 0/9] train_MMD=0.0595 alpha_opt=1.0000 oracle_top1_TVD=0.9034

[Step 1] Training Model 1...
  lambda_dual: 0.5000
Training has not converged after 400 steps
  Weighting: frank_wolfe alpha = 0.5000
  [Step 1/9] train_MMD=0.0733 alpha_opt=0.5000 oracle_top2_TVD=0.8067
  [WARNING] MMD worsened but kept (diagnostic, delta=-0.013842)
  SNR (proxy): 13.38 (mean_norm=0.0397, std_norm=0.0030)

[Step 2] Training Model 2...
  lambda_dual: 0.6667
Training has not converged after 400 steps
  Weighting: frank_wolfe alpha = 0.3333
  [Step 2/9] train_MMD=0.0288 alpha_opt=0.3333 oracle_top3_TVD=0.7101
  [OK] MMD improved (delta=+0.044490)
  SNR (proxy): 6.64 (mean_norm=0.0239, std_norm=0.0036)

[Step 3] Training Model 3...
  lambda_dual: 0.7500
Training has not converged after 400 steps
  Weighting: frank_wolfe alpha = 0.2500
  [Step 3/9] train_MMD=0.0301 alpha_opt=0.2500 oracle_top4_TVD=0.6135
  [WARNING] MMD worsened but kept (diagnostic, delta=-0.001232)
  SNR (proxy): 44.58 (mean_norm=0.0846, std_norm=0.0019)

[Step 4] Training Model 4...
  lambda_dual: 0.8000
Training has not converged after 400 steps
  Weighting: frank_wolfe alpha = 0.2000
  [Step 4/9] train_MMD=0.0103 alpha_opt=0.2000 oracle_top5_TVD=0.6047
  [OK] MMD improved (delta=+0.019750)
  SNR (proxy): 6.16 (mean_norm=0.0250, std_norm=0.0041)

[Step 5] Training Model 5...
  lambda_dual: 0.8333
Training has not converged after 400 steps
  Weighting: frank_wolfe alpha = 0.1667
  [Step 5/9] train_MMD=0.0106 alpha_opt=0.1667 oracle_top6_TVD=0.5960
  [WARNING] MMD worsened but kept (diagnostic, delta=-0.000258)
  SNR (proxy): 26.61 (mean_norm=0.0379, std_norm=0.0014)

[Step 6] Training Model 6...
  lambda_dual: 0.8571
Training has not converged after 400 steps
  Weighting: frank_wolfe alpha = 0.1429
  [Step 6/9] train_MMD=0.0025 alpha_opt=0.1429 oracle_top7_TVD=0.5872
  [OK] MMD improved (delta=+0.008017)
  SNR (proxy): 4.60 (mean_norm=0.0103, std_norm=0.0022)

[Step 7] Training Model 7...
  lambda_dual: 0.8750
Training has not converged after 400 steps
  Weighting: frank_wolfe alpha = 0.1250
  [Step 7/9] train_MMD=0.0042 alpha_opt=0.1250 oracle_top8_TVD=0.5784
  [WARNING] MMD worsened but kept (diagnostic, delta=-0.001673)
  SNR (proxy): 5.51 (mean_norm=0.0154, std_norm=0.0028)

[Step 8] Training Model 8...
  lambda_dual: 0.8889
Training has not converged after 400 steps
  Weighting: frank_wolfe alpha = 0.1111
  [Step 8/9] train_MMD=0.0008 alpha_opt=0.1111 oracle_top9_TVD=0.5697
  [OK] MMD improved (delta=+0.003434)
  SNR (proxy): 3.09 (mean_norm=0.0082, std_norm=0.0027)

[Step 9] Training Model 9...
  lambda_dual: 0.9000
Training has not converged after 400 steps
  Weighting: frank_wolfe alpha = 0.1000
  [Step 9/9] train_MMD=0.0022 alpha_opt=0.1000 oracle_top10_TVD=0.5609
  [WARNING] MMD worsened but kept (diagnostic, delta=-0.001401)
  SNR (proxy): 8.66 (mean_norm=0.0077, std_norm=0.0009)

Final: 10 models, MMD=0.0004 (delta=+0.0590) F1=nan

[FCFW] Computing Fully Corrective Frank-Wolfe weights for final ensemble...
  Weighting: fully corrective QP weights = [0.0339, 0.1487, 0.0149, 0.0933, 0.0957, 0.1133, 0.1239, 0.1405, 0.1273, 0.1086]
  FCFW Sampled MMD^2: 0.000016
  FCFW Sampled TVD:   0.2788

FINAL MODEL COMPARISON (inc. FCFW)
Model      | MMD        | TVD        | TVD*       | Valid      | Cover      | F1        
----------------------------------------------------------------------------------------
Baseline   | 0.0595     | n/a        | n/a        | n/a        | n/a        | n/a       
Ensemble   | 0.0004     | 0.307      | 0.219      | n/a        | n/a        | n/a       
Model 0    | 0.0732     | 1.000      | 0.973      | n/a        | n/a        | n/a       
Model 1    | 0.1798     | 0.774      | 0.701      | n/a        | n/a        | n/a       
Model 2    | 0.1829     | 0.785      | 0.725      | n/a        | n/a        | n/a       
Model 3    | 0.5010     | 0.866      | 0.835      | n/a        | n/a        | n/a       
Model 4    | 0.4848     | 0.834      | 0.795      | n/a        | n/a        | n/a       
Model 5    | 0.5134     | 0.851      | 0.821      | n/a        | n/a        | n/a       
Model 6    | 0.3318     | 0.844      | 0.807      | n/a        | n/a        | n/a       
Model 7    | 0.2360     | 0.806      | 0.745      | n/a        | n/a        | n/a       
Model 8    | 0.2897     | 0.825      | 0.765      | n/a        | n/a        | n/a       
Model 9    | 0.2309     | 0.805      | 0.741      | n/a        | n/a        | n/a       
Ensemble (FCFW) | 0.0000     | 0.279      | 0.190      | n/a        | n/a        | n/a       
Saving results to out/hpo/hopfield_20q_p2_b20_20260605_193022/trials/trial_0046/results.csv...
Experiment: Boosting on Hopfield (20q, 2p)
Configuration:
  train_samples: 1000
  data_seed: 42
  n_samples: 400
  n_models: 10
  learning_rate: 0.008457203966299103
  epochs_per_step: 400
  caching_level: none
  ensemble_samples_coeff: 1.0
  init_baseline: covariance
  init_later: random
  lambda_dual: 1.0
  lambda_schedule: {'type': 'frank_wolfe', 'gamma': 0.5, 'tau': 1.0}
  n_ops: 1024
  weight_strategy: frank_wolfe
  alpha_n_grid: 11
  alpha_objective_weight: 0.5
  baseline: none
  shots: 1000
  final_eval_sampling: True
  dataset_metrics: True
  exact_metrics: {'enabled': True, 'max_qubits': 20, 'phases': {'baseline': True, 'steps': False, 'final': True, 'per_model': True, 'fcfw': True}}
  keep_models_for_diagnosis: True
  stop_on_reject: False
  save_circuit_artifacts: False
  rng_seed: 42
  circuit_config: {'topology': 'aachen_heavy_hex', 'distance': 2, 'max_weight': 2, 'n_ancilla': 0}
  turbo: 10
  dynamic_is_within_shell: shell_uniform
  exact_sampling: True
  acceptance_metric: training_mmd
  skip_sampling: True
  report_fcfw: True
  dynamic_is: True
  dynamic_is_beta: 0.06796464015908335
  sigma: [1.000791537824955, 0.5508817974335914]
  require_exact_sampling: True
================================================================================
Saving config to out/hpo/hopfield_20q_p2_b20_20260605_193022/trials/trial_0047/config.json...
Gate structure: Qubits: 20
Aachen heavy-hex topology: 39 parameters
one_qubit=20, two_qubit=19
Using Gaussian Kernel (n_ops=1024, n_qubits=20):
  - sigma=1.00079154
  - sigma=0.55088180
Expected sampled operator size:
  - p=3.929896, std=1.776990
  - p=8.074896, std=2.194242
  mean: 6.002396
  std: 2.877751
Baselines enabled: 

Training ensemble Model 0 (400 epochs)...
Training has not converged after 400 steps
Model 0 final loss: 0.073566
  [Step 0/9] train_MMD=0.0686 alpha_opt=1.0000 oracle_top1_TVD=0.9034

[Step 1] Training Model 1...
  lambda_dual: 0.7500
Training has not converged after 400 steps
  Weighting: frank_wolfe alpha = 0.2500
  [Step 1/9] train_MMD=0.0482 alpha_opt=0.2500 oracle_top2_TVD=0.8067
  [OK] MMD improved (delta=+0.020442)
  SNR (proxy): 25.84 (mean_norm=0.0812, std_norm=0.0031)

[Step 2] Training Model 2...
  lambda_dual: 0.8333
Training has not converged after 400 steps
  Weighting: frank_wolfe alpha = 0.1667
  [Step 2/9] train_MMD=0.0261 alpha_opt=0.1667 oracle_top3_TVD=0.7101
  [OK] MMD improved (delta=+0.022080)
  SNR (proxy): 44.93 (mean_norm=0.0360, std_norm=0.0008)

[Step 3] Training Model 3...
  lambda_dual: 0.8750
Training has not converged after 400 steps
  Weighting: frank_wolfe alpha = 0.1250
  [Step 3/9] train_MMD=0.0248 alpha_opt=0.1250 oracle_top4_TVD=0.6135
  [OK] MMD improved (delta=+0.001283)
  SNR (proxy): 10.81 (mean_norm=0.0081, std_norm=0.0008)

[Step 4] Training Model 4...
  lambda_dual: 0.9000
Training has not converged after 400 steps
  Weighting: frank_wolfe alpha = 0.1000
  [Step 4/9] train_MMD=0.0148 alpha_opt=0.1000 oracle_top5_TVD=0.6047
  [OK] MMD improved (delta=+0.010052)
  SNR (proxy): 49.09 (mean_norm=0.0013, std_norm=0.0000)

[Step 5] Training Model 5...
  lambda_dual: 0.9167
Training has not converged after 400 steps
  Weighting: frank_wolfe alpha = 0.0833
  [Step 5/9] train_MMD=0.0041 alpha_opt=0.0833 oracle_top6_TVD=0.5960
  [OK] MMD improved (delta=+0.010696)
  SNR (proxy): 14.03 (mean_norm=0.0000, std_norm=0.0000)

[Step 6] Training Model 6...
  lambda_dual: 0.9286
Training has not converged after 400 steps
  Weighting: frank_wolfe alpha = 0.0714
  [Step 6/9] train_MMD=0.0048 alpha_opt=0.0714 oracle_top7_TVD=0.5872
  [WARNING] MMD worsened but kept (diagnostic, delta=-0.000734)
  SNR (proxy): 11.00 (mean_norm=0.0202, std_norm=0.0018)

[Step 7] Training Model 7...
  lambda_dual: 0.9375
Training has not converged after 400 steps
  Weighting: frank_wolfe alpha = 0.0625
  [Step 7/9] train_MMD=0.0031 alpha_opt=0.0625 oracle_top8_TVD=0.5784
  [OK] MMD improved (delta=+0.001704)
  SNR (proxy): 5.85 (mean_norm=0.0044, std_norm=0.0008)

[Step 8] Training Model 8...
  lambda_dual: 0.9444
Training has not converged after 400 steps
  Weighting: frank_wolfe alpha = 0.0556
  [Step 8/9] train_MMD=0.0033 alpha_opt=0.0556 oracle_top9_TVD=0.5697
  [WARNING] MMD worsened but kept (diagnostic, delta=-0.000175)
  SNR (proxy): 33.36 (mean_norm=0.0159, std_norm=0.0005)

[Step 9] Training Model 9...
  lambda_dual: 0.9500
Training has not converged after 400 steps
  Weighting: frank_wolfe alpha = 0.0500
  [Step 9/9] train_MMD=0.0038 alpha_opt=0.0500 oracle_top10_TVD=0.5609
  [WARNING] MMD worsened but kept (diagnostic, delta=-0.000522)
  SNR (proxy): 13.79 (mean_norm=0.0075, std_norm=0.0005)

Final: 10 models, MMD=0.0064 (delta=+0.0622) F1=nan

[FCFW] Computing Fully Corrective Frank-Wolfe weights for final ensemble...
  Weighting: fully corrective QP weights = [0.2409, 0.1621, 0.0946, 0.0755, 0.1267, 0.0126, 0.0587, 0.1708, 0.0000, 0.0580]
  FCFW Sampled MMD^2: 0.000655
  FCFW Sampled TVD:   0.3639

FINAL MODEL COMPARISON (inc. FCFW)
Model      | MMD        | TVD        | TVD*       | Valid      | Cover      | F1        
----------------------------------------------------------------------------------------
Baseline   | 0.0686     | n/a        | n/a        | n/a        | n/a        | n/a       
Ensemble   | 0.0064     | 0.408      | 0.315      | n/a        | n/a        | n/a       
Model 0    | 0.0688     | 0.882      | 0.808      | n/a        | n/a        | n/a       
Model 1    | 0.5211     | 0.840      | 0.814      | n/a        | n/a        | n/a       
Model 2    | 0.6831     | 0.858      | 0.825      | n/a        | n/a        | n/a       
Model 3    | 0.1134     | 0.921      | 0.849      | n/a        | n/a        | n/a       
Model 4    | 0.7845     | 0.903      | 0.902      | n/a        | n/a        | n/a       
Model 5    | 0.8113     | 0.903      | 0.903      | n/a        | n/a        | n/a       
Model 6    | 0.3099     | 0.826      | 0.777      | n/a        | n/a        | n/a       
Model 7    | 0.2979     | 0.827      | 0.788      | n/a        | n/a        | n/a       
Model 8    | 0.6247     | 0.860      | 0.844      | n/a        | n/a        | n/a       
Model 9    | 0.1013     | 0.887      | 0.744      | n/a        | n/a        | n/a       
Ensemble (FCFW) | 0.0007     | 0.364      | 0.269      | n/a        | n/a        | n/a       
Saving results to out/hpo/hopfield_20q_p2_b20_20260605_193022/trials/trial_0047/results.csv...
Experiment: Boosting on Hopfield (20q, 2p)
Configuration:
  train_samples: 1000
  data_seed: 42
  n_samples: 400
  n_models: 10
  learning_rate: 0.0017115867092075833
  epochs_per_step: 400
  caching_level: none
  ensemble_samples_coeff: 1.0
  init_baseline: covariance
  init_later: random
  lambda_dual: 1.0
  lambda_schedule: {'type': 'frank_wolfe', 'gamma': 1.0, 'tau': 1.0}
  n_ops: 1024
  weight_strategy: frank_wolfe
  alpha_n_grid: 11
  alpha_objective_weight: 0.5
  baseline: none
  shots: 1000
  final_eval_sampling: True
  dataset_metrics: True
  exact_metrics: {'enabled': True, 'max_qubits': 20, 'phases': {'baseline': True, 'steps': False, 'final': True, 'per_model': True, 'fcfw': True}}
  keep_models_for_diagnosis: True
  stop_on_reject: False
  save_circuit_artifacts: False
  rng_seed: 42
  circuit_config: {'topology': 'aachen_heavy_hex', 'distance': 2, 'max_weight': 2, 'n_ancilla': 0}
  turbo: 10
  dynamic_is_within_shell: shell_uniform
  exact_sampling: True
  acceptance_metric: training_mmd
  skip_sampling: True
  report_fcfw: True
  dynamic_is: False
  dynamic_is_beta: 0.03319249708033558
  sigma: [1.289468542206443, 0.33604796447694646]
  require_exact_sampling: True
================================================================================
Saving config to out/hpo/hopfield_20q_p2_b20_20260605_193022/trials/trial_0048/config.json...
Gate structure: Qubits: 20
Aachen heavy-hex topology: 39 parameters
one_qubit=20, two_qubit=19
Using Gaussian Kernel (n_ops=1024, n_qubits=20):
  - sigma=1.28946854
  - sigma=0.33604796
Expected sampled operator size:
  - p=2.597079, std=1.503276
  - p=9.880568, std=2.235908
  mean: 6.238823
  std: 4.109971
Baselines enabled: 

Training ensemble Model 0 (400 epochs)...
Training has not converged after 400 steps
Model 0 final loss: 0.081234
  [Step 0/9] train_MMD=0.0787 alpha_opt=1.0000 oracle_top1_TVD=0.9034

[Step 1] Training Model 1...
  lambda_dual: 0.5000
Training has not converged after 400 steps
  Weighting: frank_wolfe alpha = 0.5000
  [Step 1/9] train_MMD=0.0494 alpha_opt=0.5000 oracle_top2_TVD=0.8067
  [OK] MMD improved (delta=+0.029238)
  SNR (proxy): 11.17 (mean_norm=0.0236, std_norm=0.0021)

[Step 2] Training Model 2...
  lambda_dual: 0.6667
Training has not converged after 400 steps
  Weighting: frank_wolfe alpha = 0.3333
  [Step 2/9] train_MMD=0.0419 alpha_opt=0.3333 oracle_top3_TVD=0.7101
  [OK] MMD improved (delta=+0.007560)
  SNR (proxy): 8.22 (mean_norm=0.0380, std_norm=0.0046)

[Step 3] Training Model 3...
  lambda_dual: 0.7500
Training has not converged after 400 steps
  Weighting: frank_wolfe alpha = 0.2500
  [Step 3/9] train_MMD=0.0397 alpha_opt=0.2500 oracle_top4_TVD=0.6135
  [OK] MMD improved (delta=+0.002162)
  SNR (proxy): 11.74 (mean_norm=0.0416, std_norm=0.0035)

[Step 4] Training Model 4...
  lambda_dual: 0.8000
Training has not converged after 400 steps
  Weighting: frank_wolfe alpha = 0.2000
  [Step 4/9] train_MMD=0.0449 alpha_opt=0.2000 oracle_top5_TVD=0.6047
  [WARNING] MMD worsened but kept (diagnostic, delta=-0.005159)
  SNR (proxy): 10.84 (mean_norm=0.0146, std_norm=0.0013)

[Step 5] Training Model 5...
  lambda_dual: 0.8333
Training has not converged after 400 steps
  Weighting: frank_wolfe alpha = 0.1667
  [Step 5/9] train_MMD=0.0461 alpha_opt=0.1667 oracle_top6_TVD=0.5960
  [WARNING] MMD worsened but kept (diagnostic, delta=-0.001273)
  SNR (proxy): 15.74 (mean_norm=0.0306, std_norm=0.0019)

[Step 6] Training Model 6...
  lambda_dual: 0.8571
Training has not converged after 400 steps
  Weighting: frank_wolfe alpha = 0.1429
  [Step 6/9] train_MMD=0.0348 alpha_opt=0.1429 oracle_top7_TVD=0.5872
  [OK] MMD improved (delta=+0.011341)
  SNR (proxy): 21.85 (mean_norm=0.0695, std_norm=0.0032)

[Step 7] Training Model 7...
  lambda_dual: 0.8750
Training has not converged after 400 steps
  Weighting: frank_wolfe alpha = 0.1250
  [Step 7/9] train_MMD=0.0304 alpha_opt=0.1250 oracle_top8_TVD=0.5784
  [OK] MMD improved (delta=+0.004370)
  SNR (proxy): 19.66 (mean_norm=0.0650, std_norm=0.0033)

[Step 8] Training Model 8...
  lambda_dual: 0.8889
Training has not converged after 400 steps
  Weighting: frank_wolfe alpha = 0.1111
  [Step 8/9] train_MMD=0.0243 alpha_opt=0.1111 oracle_top9_TVD=0.5697
  [OK] MMD improved (delta=+0.006148)
  SNR (proxy): 7.79 (mean_norm=0.0400, std_norm=0.0051)

[Step 9] Training Model 9...
  lambda_dual: 0.9000
Training has not converged after 400 steps
  Weighting: frank_wolfe alpha = 0.1000
  [Step 9/9] train_MMD=0.0219 alpha_opt=0.1000 oracle_top10_TVD=0.5609
  [OK] MMD improved (delta=+0.002352)
  SNR (proxy): 9.73 (mean_norm=0.0426, std_norm=0.0044)

Final: 10 models, MMD=0.0234 (delta=+0.0552) F1=nan

[FCFW] Computing Fully Corrective Frank-Wolfe weights for final ensemble...
  Weighting: fully corrective QP weights = [0.0000, 0.2885, 0.0693, 0.0000, 0.0000, 0.0875, 0.1210, 0.2173, 0.1167, 0.0997]
  FCFW Sampled MMD^2: 0.014127
  FCFW Sampled TVD:   0.5796

FINAL MODEL COMPARISON (inc. FCFW)
Model      | MMD        | TVD        | TVD*       | Valid      | Cover      | F1        
----------------------------------------------------------------------------------------
Baseline   | 0.0787     | n/a        | n/a        | n/a        | n/a        | n/a       
Ensemble   | 0.0234     | 0.678      | 0.584      | n/a        | n/a        | n/a       
Model 0    | 0.0801     | 0.968      | 0.865      | n/a        | n/a        | n/a       
Model 1    | 0.1081     | 0.930      | 0.827      | n/a        | n/a        | n/a       
Model 2    | 0.1315     | 0.850      | 0.786      | n/a        | n/a        | n/a       
Model 3    | 0.1050     | 0.944      | 0.884      | n/a        | n/a        | n/a       
Model 4    | 0.0919     | 0.997      | 0.978      | n/a        | n/a        | n/a       
Model 5    | 0.0952     | 0.965      | 0.858      | n/a        | n/a        | n/a       
Model 6    | 0.2533     | 0.873      | 0.813      | n/a        | n/a        | n/a       
Model 7    | 0.2185     | 0.847      | 0.819      | n/a        | n/a        | n/a       
Model 8    | 0.4599     | 0.866      | 0.856      | n/a        | n/a        | n/a       
Model 9    | 0.3206     | 0.863      | 0.845      | n/a        | n/a        | n/a       
Ensemble (FCFW) | 0.0141     | 0.580      | 0.524      | n/a        | n/a        | n/a       
Saving results to out/hpo/hopfield_20q_p2_b20_20260605_193022/trials/trial_0048/results.csv...
Experiment: Boosting on Hopfield (20q, 2p)
Configuration:
  train_samples: 1000
  data_seed: 42
  n_samples: 400
  n_models: 10
  learning_rate: 0.006489833977635093
  epochs_per_step: 400
  caching_level: none
  ensemble_samples_coeff: 1.0
  init_baseline: covariance
  init_later: random
  lambda_dual: 1.0
  lambda_schedule: {'type': 'frank_wolfe', 'gamma': 0.25, 'tau': 1.0}
  n_ops: 2048
  weight_strategy: frank_wolfe
  alpha_n_grid: 11
  alpha_objective_weight: 0.5
  baseline: none
  shots: 1000
  final_eval_sampling: True
  dataset_metrics: True
  exact_metrics: {'enabled': True, 'max_qubits': 20, 'phases': {'baseline': True, 'steps': False, 'final': True, 'per_model': True, 'fcfw': True}}
  keep_models_for_diagnosis: True
  stop_on_reject: False
  save_circuit_artifacts: False
  rng_seed: 42
  circuit_config: {'topology': 'aachen_heavy_hex', 'distance': 2, 'max_weight': 2, 'n_ancilla': 0}
  turbo: 10
  dynamic_is_within_shell: shell_uniform
  exact_sampling: True
  acceptance_metric: training_mmd
  skip_sampling: True
  report_fcfw: True
  dynamic_is: True
  dynamic_is_beta: 0.05033726879425156
  sigma: [0.6427321589910642]
  require_exact_sampling: True
================================================================================
Saving config to out/hpo/hopfield_20q_p2_b20_20260605_193022/trials/trial_0049/config.json...
Gate structure: Qubits: 20
Aachen heavy-hex topology: 39 parameters
one_qubit=20, two_qubit=19
Using Gaussian Kernel (n_ops=2048, n_qubits=20):
  - sigma=0.64273216
Expected sampled operator size:
  - p=7.019062, std=2.134409
  mean: 7.019062
  std: 2.134409
Baselines enabled: 

Training ensemble Model 0 (400 epochs)...
Training has not converged after 400 steps
Model 0 final loss: 0.051505
  [Step 0/9] train_MMD=0.0505 alpha_opt=1.0000 oracle_top1_TVD=0.9034

[Step 1] Training Model 1...
  lambda_dual: 0.8750
Training has not converged after 400 steps
  Weighting: frank_wolfe alpha = 0.1250
  [Step 1/9] train_MMD=0.0355 alpha_opt=0.1250 oracle_top2_TVD=0.8067
  [OK] MMD improved (delta=+0.015002)
  SNR (proxy): 32.61 (mean_norm=0.0081, std_norm=0.0002)

[Step 2] Training Model 2...
  lambda_dual: 0.9167
Training has not converged after 400 steps
  Weighting: frank_wolfe alpha = 0.0833
  [Step 2/9] train_MMD=0.0237 alpha_opt=0.0833 oracle_top3_TVD=0.7101
  [OK] MMD improved (delta=+0.011855)
  SNR (proxy): 11.10 (mean_norm=0.0000, std_norm=0.0000)

[Step 3] Training Model 3...
  lambda_dual: 0.9375
Training has not converged after 400 steps
  Weighting: frank_wolfe alpha = 0.0625
  [Step 3/9] train_MMD=0.0214 alpha_opt=0.0625 oracle_top4_TVD=0.6135
  [OK] MMD improved (delta=+0.002316)
  SNR (proxy): 14.86 (mean_norm=0.0006, std_norm=0.0000)

[Step 4] Training Model 4...
  lambda_dual: 0.9500
Training has not converged after 400 steps
  Weighting: frank_wolfe alpha = 0.0500
  [Step 4/9] train_MMD=0.0203 alpha_opt=0.0500 oracle_top5_TVD=0.6047
  [OK] MMD improved (delta=+0.001098)
  SNR (proxy): 7.47 (mean_norm=0.0149, std_norm=0.0020)

[Step 5] Training Model 5...
  lambda_dual: 0.9583
Training has not converged after 400 steps
  Weighting: frank_wolfe alpha = 0.0417
  [Step 5/9] train_MMD=0.0121 alpha_opt=0.0417 oracle_top6_TVD=0.5960
  [OK] MMD improved (delta=+0.008144)
  SNR (proxy): 10.10 (mean_norm=0.0000, std_norm=0.0000)

[Step 6] Training Model 6...
  lambda_dual: 0.9643
Training has not converged after 400 steps
  Weighting: frank_wolfe alpha = 0.0357
  [Step 6/9] train_MMD=0.0115 alpha_opt=0.0357 oracle_top7_TVD=0.5872
  [OK] MMD improved (delta=+0.000655)
  SNR (proxy): 7.51 (mean_norm=0.0065, std_norm=0.0009)

[Step 7] Training Model 7...
  lambda_dual: 0.9688
Training has not converged after 400 steps
  Weighting: frank_wolfe alpha = 0.0312
  [Step 7/9] train_MMD=0.0091 alpha_opt=0.0312 oracle_top8_TVD=0.5784
  [OK] MMD improved (delta=+0.002396)
  SNR (proxy): 9.94 (mean_norm=0.0000, std_norm=0.0000)

[Step 8] Training Model 8...
  lambda_dual: 0.9722
Training has not converged after 400 steps
  Weighting: frank_wolfe alpha = 0.0278
  [Step 8/9] train_MMD=0.0076 alpha_opt=0.0278 oracle_top9_TVD=0.5697
  [OK] MMD improved (delta=+0.001444)
  SNR (proxy): 11.01 (mean_norm=0.0000, std_norm=0.0000)

[Step 9] Training Model 9...
  lambda_dual: 0.9750
Training has not converged after 400 steps
  Weighting: frank_wolfe alpha = 0.0250
  [Step 9/9] train_MMD=0.0090 alpha_opt=0.0250 oracle_top10_TVD=0.5609
  [WARNING] MMD worsened but kept (diagnostic, delta=-0.001338)
  SNR (proxy): 28.92 (mean_norm=0.0178, std_norm=0.0006)

Final: 10 models, MMD=0.0088 (delta=+0.0418) F1=nan

[FCFW] Computing Fully Corrective Frank-Wolfe weights for final ensemble...
  Weighting: fully corrective QP weights = [0.5719, 0.0939, 0.0479, 0.0479, 0.0302, 0.0370, 0.0610, 0.0370, 0.0370, 0.0360]
  FCFW Sampled MMD^2: 0.009056
  FCFW Sampled TVD:   0.5325

FINAL MODEL COMPARISON (inc. FCFW)
Model      | MMD        | TVD        | TVD*       | Valid      | Cover      | F1        
----------------------------------------------------------------------------------------
Baseline   | 0.0505     | n/a        | n/a        | n/a        | n/a        | n/a       
Ensemble   | 0.0088     | 0.538      | 0.476      | n/a        | n/a        | n/a       
Model 0    | 0.0505     | 0.839      | 0.778      | n/a        | n/a        | n/a       
Model 1    | 0.8114     | 0.895      | 0.895      | n/a        | n/a        | n/a       
Model 2    | 0.8253     | 0.903      | 0.903      | n/a        | n/a        | n/a       
Model 3    | 0.8253     | 0.903      | 0.903      | n/a        | n/a        | n/a       
Model 4    | 0.1313     | 0.935      | 0.816      | n/a        | n/a        | n/a       
Model 5    | 0.8271     | 0.903      | 0.903      | n/a        | n/a        | n/a       
Model 6    | 0.1355     | 0.821      | 0.752      | n/a        | n/a        | n/a       
Model 7    | 0.8271     | 0.903      | 0.903      | n/a        | n/a        | n/a       
Model 8    | 0.8271     | 0.903      | 0.903      | n/a        | n/a        | n/a       
Model 9    | 0.2574     | 0.863      | 0.852      | n/a        | n/a        | n/a       
Ensemble (FCFW) | 0.0091     | 0.532      | 0.464      | n/a        | n/a        | n/a       
Saving results to out/hpo/hopfield_20q_p2_b20_20260605_193022/trials/trial_0049/results.csv...
Experiment: Boosting on Hopfield (20q, 2p)
Configuration:
  train_samples: 1000
  data_seed: 42
  n_samples: 400
  n_models: 10
  learning_rate: 0.0038336656782652053
  epochs_per_step: 400
  caching_level: none
  ensemble_samples_coeff: 1.0
  init_baseline: covariance
  init_later: random
  lambda_dual: 1.0
  lambda_schedule: {'type': 'frank_wolfe', 'gamma': 1.0, 'tau': 1.0}
  n_ops: 1024
  weight_strategy: frank_wolfe
  alpha_n_grid: 11
  alpha_objective_weight: 0.5
  baseline: none
  shots: 1000
  final_eval_sampling: True
  dataset_metrics: True
  exact_metrics: {'enabled': True, 'max_qubits': 20, 'phases': {'baseline': True, 'steps': False, 'final': True, 'per_model': True, 'fcfw': True}}
  keep_models_for_diagnosis: True
  stop_on_reject: False
  save_circuit_artifacts: False
  rng_seed: 42
  circuit_config: {'topology': 'aachen_heavy_hex', 'distance': 2, 'max_weight': 2, 'n_ancilla': 0}
  turbo: 10
  dynamic_is_within_shell: shell_uniform
  exact_sampling: True
  acceptance_metric: training_mmd
  skip_sampling: True
  report_fcfw: True
  dynamic_is: True
  dynamic_is_beta: 0.03927043734285581
  sigma: [2.8896870455280275, 0.7325812879919947]
  require_exact_sampling: True
================================================================================
Saving config to out/hpo/hopfield_20q_p2_b20_20260605_193022/trials/trial_0050/config.json...
Gate structure: Qubits: 20
Aachen heavy-hex topology: 39 parameters
one_qubit=20, two_qubit=19
Using Gaussian Kernel (n_ops=1024, n_qubits=20):
  - sigma=2.88968705
  - sigma=0.73258129
Expected sampled operator size:
  - p=0.581207, std=0.751210
  - p=6.061015, std=2.055291
  mean: 3.321111
  std: 3.146640
Baselines enabled: 

Training ensemble Model 0 (400 epochs)...
Training has not converged after 400 steps
Model 0 final loss: 0.053717
  [Step 0/9] train_MMD=0.0522 alpha_opt=1.0000 oracle_top1_TVD=0.9034

[Step 1] Training Model 1...
  lambda_dual: 0.5000
Training has not converged after 400 steps
  Weighting: frank_wolfe alpha = 0.5000
  [Step 1/9] train_MMD=0.0670 alpha_opt=0.5000 oracle_top2_TVD=0.8067
  [WARNING] MMD worsened but kept (diagnostic, delta=-0.014776)
  SNR (proxy): 6.99 (mean_norm=0.0245, std_norm=0.0035)

[Step 2] Training Model 2...
  lambda_dual: 0.6667
Training has not converged after 400 steps
  Weighting: frank_wolfe alpha = 0.3333
  [Step 2/9] train_MMD=0.0252 alpha_opt=0.3333 oracle_top3_TVD=0.7101
  [OK] MMD improved (delta=+0.041747)
  SNR (proxy): 7.05 (mean_norm=0.0221, std_norm=0.0031)

[Step 3] Training Model 3...
  lambda_dual: 0.7500
Training has not converged after 400 steps
  Weighting: frank_wolfe alpha = 0.2500
  [Step 3/9] train_MMD=0.0281 alpha_opt=0.2500 oracle_top4_TVD=0.6135
  [WARNING] MMD worsened but kept (diagnostic, delta=-0.002830)
  SNR (proxy): 21.80 (mean_norm=0.0480, std_norm=0.0022)

[Step 4] Training Model 4...
  lambda_dual: 0.8000
Training has not converged after 400 steps
  Weighting: frank_wolfe alpha = 0.2000
  [Step 4/9] train_MMD=0.0118 alpha_opt=0.2000 oracle_top5_TVD=0.6047
  [OK] MMD improved (delta=+0.016208)
  SNR (proxy): 7.15 (mean_norm=0.0136, std_norm=0.0019)

[Step 5] Training Model 5...
  lambda_dual: 0.8333
Training has not converged after 400 steps
  Weighting: frank_wolfe alpha = 0.1667
  [Step 5/9] train_MMD=0.0111 alpha_opt=0.1667 oracle_top6_TVD=0.5960
  [OK] MMD improved (delta=+0.000727)
  SNR (proxy): 36.54 (mean_norm=0.0216, std_norm=0.0006)

[Step 6] Training Model 6...
  lambda_dual: 0.8571
Training has not converged after 400 steps
  Weighting: frank_wolfe alpha = 0.1429
  [Step 6/9] train_MMD=0.0026 alpha_opt=0.1429 oracle_top7_TVD=0.5872
  [OK] MMD improved (delta=+0.008558)
  SNR (proxy): 11.94 (mean_norm=0.0135, std_norm=0.0011)

[Step 7] Training Model 7...
  lambda_dual: 0.8750
Training has not converged after 400 steps
  Weighting: frank_wolfe alpha = 0.1250
  [Step 7/9] train_MMD=0.0048 alpha_opt=0.1250 oracle_top8_TVD=0.5784
  [WARNING] MMD worsened but kept (diagnostic, delta=-0.002238)
  SNR (proxy): 14.22 (mean_norm=0.0169, std_norm=0.0012)

[Step 8] Training Model 8...
  lambda_dual: 0.8889
Training has not converged after 400 steps
  Weighting: frank_wolfe alpha = 0.1111
  [Step 8/9] train_MMD=0.0011 alpha_opt=0.1111 oracle_top9_TVD=0.5697
  [OK] MMD improved (delta=+0.003695)
  SNR (proxy): 4.35 (mean_norm=0.0071, std_norm=0.0016)

[Step 9] Training Model 9...
  lambda_dual: 0.9000
Training has not converged after 400 steps
  Weighting: frank_wolfe alpha = 0.1000
  [Step 9/9] train_MMD=0.0026 alpha_opt=0.1000 oracle_top10_TVD=0.5609
  [WARNING] MMD worsened but kept (diagnostic, delta=-0.001541)
  SNR (proxy): 18.63 (mean_norm=0.0134, std_norm=0.0007)

Final: 10 models, MMD=0.0005 (delta=+0.0517) F1=nan

[FCFW] Computing Fully Corrective Frank-Wolfe weights for final ensemble...
  Weighting: fully corrective QP weights = [0.0543, 0.1541, 0.0367, 0.0779, 0.1224, 0.1176, 0.1086, 0.1514, 0.0816, 0.0954]
  FCFW Sampled MMD^2: 0.000438
  FCFW Sampled TVD:   0.2957

FINAL MODEL COMPARISON (inc. FCFW)
Model      | MMD        | TVD        | TVD*       | Valid      | Cover      | F1        
----------------------------------------------------------------------------------------
Baseline   | 0.0522     | n/a        | n/a        | n/a        | n/a        | n/a       
Ensemble   | 0.0005     | 0.297      | 0.230      | n/a        | n/a        | n/a       
Model 0    | 0.0595     | 1.000      | 0.974      | n/a        | n/a        | n/a       
Model 1    | 0.1584     | 0.825      | 0.737      | n/a        | n/a        | n/a       
Model 2    | 0.1823     | 0.793      | 0.716      | n/a        | n/a        | n/a       
Model 3    | 0.4556     | 0.862      | 0.849      | n/a        | n/a        | n/a       
Model 4    | 0.4091     | 0.832      | 0.786      | n/a        | n/a        | n/a       
Model 5    | 0.5601     | 0.895      | 0.882      | n/a        | n/a        | n/a       
Model 6    | 0.4011     | 0.865      | 0.845      | n/a        | n/a        | n/a       
Model 7    | 0.2302     | 0.807      | 0.748      | n/a        | n/a        | n/a       
Model 8    | 0.3062     | 0.824      | 0.772      | n/a        | n/a        | n/a       
Model 9    | 0.2138     | 0.805      | 0.741      | n/a        | n/a        | n/a       
Ensemble (FCFW) | 0.0004     | 0.296      | 0.212      | n/a        | n/a        | n/a       
Saving results to out/hpo/hopfield_20q_p2_b20_20260605_193022/trials/trial_0050/results.csv...
Experiment: Boosting on Hopfield (20q, 2p)
Configuration:
  train_samples: 1000
  data_seed: 42
  n_samples: 400
  n_models: 10
  learning_rate: 0.009802377271937546
  epochs_per_step: 400
  caching_level: none
  ensemble_samples_coeff: 1.0
  init_baseline: covariance
  init_later: random
  lambda_dual: 1.0
  lambda_schedule: {'type': 'frank_wolfe', 'gamma': 1.0, 'tau': 1.0}
  n_ops: 1024
  weight_strategy: frank_wolfe
  alpha_n_grid: 11
  alpha_objective_weight: 0.5
  baseline: none
  shots: 1000
  final_eval_sampling: True
  dataset_metrics: True
  exact_metrics: {'enabled': True, 'max_qubits': 20, 'phases': {'baseline': True, 'steps': False, 'final': True, 'per_model': True, 'fcfw': True}}
  keep_models_for_diagnosis: True
  stop_on_reject: False
  save_circuit_artifacts: False
  rng_seed: 42
  circuit_config: {'topology': 'aachen_heavy_hex', 'distance': 2, 'max_weight': 2, 'n_ancilla': 0}
  turbo: 10
  dynamic_is_within_shell: shell_uniform
  exact_sampling: True
  acceptance_metric: training_mmd
  skip_sampling: True
  report_fcfw: True
  dynamic_is: True
  dynamic_is_beta: 0.033384740803991814
  sigma: [0.8013729140484659, 0.5270999512854811]
  require_exact_sampling: True
================================================================================
Saving config to out/hpo/hopfield_20q_p2_b20_20260605_193022/trials/trial_0051/config.json...
Gate structure: Qubits: 20
Aachen heavy-hex topology: 39 parameters
one_qubit=20, two_qubit=19
Using Gaussian Kernel (n_ops=1024, n_qubits=20):
  - sigma=0.80137291
  - sigma=0.52709995
Expected sampled operator size:
  - p=5.409405, std=1.986535
  - p=8.346405, std=2.205285
  mean: 6.877905
  std: 2.561502
Baselines enabled: 

Training ensemble Model 0 (400 epochs)...
Training has not converged after 400 steps
Model 0 final loss: 0.057271
  [Step 0/9] train_MMD=0.0528 alpha_opt=1.0000 oracle_top1_TVD=0.9034

[Step 1] Training Model 1...
  lambda_dual: 0.5000
Training has not converged after 400 steps
  Weighting: frank_wolfe alpha = 0.5000
  [Step 1/9] train_MMD=0.0419 alpha_opt=0.5000 oracle_top2_TVD=0.8067
  [OK] MMD improved (delta=+0.010918)
  SNR (proxy): 5.81 (mean_norm=0.0524, std_norm=0.0090)

[Step 2] Training Model 2...
  lambda_dual: 0.6667
Training has not converged after 400 steps
  Weighting: frank_wolfe alpha = 0.3333
  [Step 2/9] train_MMD=0.0309 alpha_opt=0.3333 oracle_top3_TVD=0.7101
  [OK] MMD improved (delta=+0.011050)
  SNR (proxy): 14.42 (mean_norm=0.0929, std_norm=0.0064)

[Step 3] Training Model 3...
  lambda_dual: 0.7500
Training has not converged after 400 steps
  Weighting: frank_wolfe alpha = 0.2500
  [Step 3/9] train_MMD=0.0135 alpha_opt=0.2500 oracle_top4_TVD=0.6135
  [OK] MMD improved (delta=+0.017338)
  SNR (proxy): 4.53 (mean_norm=0.0189, std_norm=0.0042)

[Step 4] Training Model 4...
  lambda_dual: 0.8000
Training has not converged after 400 steps
  Weighting: frank_wolfe alpha = 0.2000
  [Step 4/9] train_MMD=0.0054 alpha_opt=0.2000 oracle_top5_TVD=0.6047
  [OK] MMD improved (delta=+0.008171)
  SNR (proxy): 13.05 (mean_norm=0.0483, std_norm=0.0037)

[Step 5] Training Model 5...
  lambda_dual: 0.8333
Training has not converged after 400 steps
  Weighting: frank_wolfe alpha = 0.1667
  [Step 5/9] train_MMD=0.0022 alpha_opt=0.1667 oracle_top6_TVD=0.5960
  [OK] MMD improved (delta=+0.003175)
  SNR (proxy): 4.28 (mean_norm=0.0135, std_norm=0.0032)

[Step 6] Training Model 6...
  lambda_dual: 0.8571
Training has not converged after 400 steps
  Weighting: frank_wolfe alpha = 0.1429
  [Step 6/9] train_MMD=0.0040 alpha_opt=0.1429 oracle_top7_TVD=0.5872
  [WARNING] MMD worsened but kept (diagnostic, delta=-0.001808)
  SNR (proxy): 7.25 (mean_norm=0.0321, std_norm=0.0044)

[Step 7] Training Model 7...
  lambda_dual: 0.8750
Training has not converged after 400 steps
  Weighting: frank_wolfe alpha = 0.1250
  [Step 7/9] train_MMD=0.0018 alpha_opt=0.1250 oracle_top8_TVD=0.5784
  [OK] MMD improved (delta=+0.002135)
  SNR (proxy): 4.46 (mean_norm=0.0080, std_norm=0.0018)

[Step 8] Training Model 8...
  lambda_dual: 0.8889
Training has not converged after 400 steps
  Weighting: frank_wolfe alpha = 0.1111
  [Step 8/9] train_MMD=0.0027 alpha_opt=0.1111 oracle_top9_TVD=0.5697
  [WARNING] MMD worsened but kept (diagnostic, delta=-0.000839)
  SNR (proxy): 14.43 (mean_norm=0.0250, std_norm=0.0017)

[Step 9] Training Model 9...
  lambda_dual: 0.9000
Training has not converged after 400 steps
  Weighting: frank_wolfe alpha = 0.1000
  [Step 9/9] train_MMD=0.0006 alpha_opt=0.1000 oracle_top10_TVD=0.5609
  [OK] MMD improved (delta=+0.002089)
  SNR (proxy): 4.06 (mean_norm=0.0068, std_norm=0.0017)

Final: 10 models, MMD=0.0019 (delta=+0.0510) F1=nan

[FCFW] Computing Fully Corrective Frank-Wolfe weights for final ensemble...
  Weighting: fully corrective QP weights = [0.0951, 0.0694, 0.1266, 0.0526, 0.0925, 0.0952, 0.0952, 0.1810, 0.0962, 0.0962]
  FCFW Sampled MMD^2: -0.000097
  FCFW Sampled TVD:   0.2986

FINAL MODEL COMPARISON (inc. FCFW)
Model      | MMD        | TVD        | TVD*       | Valid      | Cover      | F1        
----------------------------------------------------------------------------------------
Baseline   | 0.0528     | n/a        | n/a        | n/a        | n/a        | n/a       
Ensemble   | 0.0019     | 0.302      | 0.203      | n/a        | n/a        | n/a       
Model 0    | 0.0564     | 0.906      | 0.774      | n/a        | n/a        | n/a       
Model 1    | 0.1109     | 0.818      | 0.746      | n/a        | n/a        | n/a       
Model 2    | 0.2212     | 0.832      | 0.762      | n/a        | n/a        | n/a       
Model 3    | 0.2227     | 0.813      | 0.749      | n/a        | n/a        | n/a       
Model 4    | 0.5210     | 0.836      | 0.803      | n/a        | n/a        | n/a       
Model 5    | 0.2033     | 0.823      | 0.766      | n/a        | n/a        | n/a       
Model 6    | 0.2462     | 0.820      | 0.766      | n/a        | n/a        | n/a       
Model 7    | 0.2149     | 0.820      | 0.751      | n/a        | n/a        | n/a       
Model 8    | 0.3307     | 0.825      | 0.780      | n/a        | n/a        | n/a       
Model 9    | 0.2573     | 0.828      | 0.780      | n/a        | n/a        | n/a       
Ensemble (FCFW) | -0.0001    | 0.299      | 0.185      | n/a        | n/a        | n/a       
Saving results to out/hpo/hopfield_20q_p2_b20_20260605_193022/trials/trial_0051/results.csv...
Experiment: Boosting on Hopfield (20q, 2p)
Configuration:
  train_samples: 1000
  data_seed: 42
  n_samples: 400
  n_models: 10
  learning_rate: 0.011798836387465697
  epochs_per_step: 400
  caching_level: none
  ensemble_samples_coeff: 1.0
  init_baseline: covariance
  init_later: random
  lambda_dual: 1.0
  lambda_schedule: {'type': 'frank_wolfe', 'gamma': 1.0, 'tau': 1.0}
  n_ops: 1024
  weight_strategy: frank_wolfe
  alpha_n_grid: 11
  alpha_objective_weight: 0.5
  baseline: none
  shots: 1000
  final_eval_sampling: True
  dataset_metrics: True
  exact_metrics: {'enabled': True, 'max_qubits': 20, 'phases': {'baseline': True, 'steps': False, 'final': True, 'per_model': True, 'fcfw': True}}
  keep_models_for_diagnosis: True
  stop_on_reject: False
  save_circuit_artifacts: False
  rng_seed: 42
  circuit_config: {'topology': 'aachen_heavy_hex', 'distance': 2, 'max_weight': 2, 'n_ancilla': 0}
  turbo: 10
  dynamic_is_within_shell: shell_uniform
  exact_sampling: True
  acceptance_metric: training_mmd
  skip_sampling: True
  report_fcfw: True
  dynamic_is: True
  dynamic_is_beta: 0.031675165086634476
  sigma: [0.7955541866071826, 0.5578877290904417]
  require_exact_sampling: True
================================================================================
Saving config to out/hpo/hopfield_20q_p2_b20_20260605_193022/trials/trial_0052/config.json...
Gate structure: Qubits: 20
Aachen heavy-hex topology: 39 parameters
one_qubit=20, two_qubit=19
Using Gaussian Kernel (n_ops=1024, n_qubits=20):
  - sigma=0.79555419
  - sigma=0.55788773
Expected sampled operator size:
  - p=5.461580, std=1.992520
  - p=7.994083, std=2.190620
  mean: 6.727832
  std: 2.447012
Baselines enabled: 

Training ensemble Model 0 (400 epochs)...
Training has not converged after 400 steps
Model 0 final loss: 0.056919
  [Step 0/9] train_MMD=0.0536 alpha_opt=1.0000 oracle_top1_TVD=0.9034

[Step 1] Training Model 1...
  lambda_dual: 0.5000
Training has not converged after 400 steps
  Weighting: frank_wolfe alpha = 0.5000
  [Step 1/9] train_MMD=0.0417 alpha_opt=0.5000 oracle_top2_TVD=0.8067
  [OK] MMD improved (delta=+0.011863)
  SNR (proxy): 5.14 (mean_norm=0.0392, std_norm=0.0076)

[Step 2] Training Model 2...
  lambda_dual: 0.6667
Training has not converged after 400 steps
  Weighting: frank_wolfe alpha = 0.3333
  [Step 2/9] train_MMD=0.0330 alpha_opt=0.3333 oracle_top3_TVD=0.7101
  [OK] MMD improved (delta=+0.008676)
  SNR (proxy): 12.99 (mean_norm=0.0841, std_norm=0.0065)

[Step 3] Training Model 3...
  lambda_dual: 0.7500
Training has not converged after 400 steps
  Weighting: frank_wolfe alpha = 0.2500
  [Step 3/9] train_MMD=0.0142 alpha_opt=0.2500 oracle_top4_TVD=0.6135
  [OK] MMD improved (delta=+0.018781)
  SNR (proxy): 3.75 (mean_norm=0.0163, std_norm=0.0043)

[Step 4] Training Model 4...
  lambda_dual: 0.8000
Training has not converged after 400 steps
  Weighting: frank_wolfe alpha = 0.2000
  [Step 4/9] train_MMD=0.0058 alpha_opt=0.2000 oracle_top5_TVD=0.6047
  [OK] MMD improved (delta=+0.008455)
  SNR (proxy): 27.56 (mean_norm=0.0555, std_norm=0.0020)

[Step 5] Training Model 5...
  lambda_dual: 0.8333
Training has not converged after 400 steps
  Weighting: frank_wolfe alpha = 0.1667
  [Step 5/9] train_MMD=0.0024 alpha_opt=0.1667 oracle_top6_TVD=0.5960
  [OK] MMD improved (delta=+0.003398)
  SNR (proxy): 4.21 (mean_norm=0.0100, std_norm=0.0024)

[Step 6] Training Model 6...
  lambda_dual: 0.8571
Training has not converged after 400 steps
  Weighting: frank_wolfe alpha = 0.1429
  [Step 6/9] train_MMD=0.0042 alpha_opt=0.1429 oracle_top7_TVD=0.5872
  [WARNING] MMD worsened but kept (diagnostic, delta=-0.001864)
  SNR (proxy): 10.90 (mean_norm=0.0346, std_norm=0.0032)

[Step 7] Training Model 7...
  lambda_dual: 0.8750
Training has not converged after 400 steps
  Weighting: frank_wolfe alpha = 0.1250
  [Step 7/9] train_MMD=0.0017 alpha_opt=0.1250 oracle_top8_TVD=0.5784
  [OK] MMD improved (delta=+0.002541)
  SNR (proxy): 4.51 (mean_norm=0.0081, std_norm=0.0018)

[Step 8] Training Model 8...
  lambda_dual: 0.8889
Training has not converged after 400 steps
  Weighting: frank_wolfe alpha = 0.1111
  [Step 8/9] train_MMD=0.0026 alpha_opt=0.1111 oracle_top9_TVD=0.5697
  [WARNING] MMD worsened but kept (diagnostic, delta=-0.000867)
  SNR (proxy): 8.12 (mean_norm=0.0243, std_norm=0.0030)

[Step 9] Training Model 9...
  lambda_dual: 0.9000
Training has not converged after 400 steps
  Weighting: frank_wolfe alpha = 0.1000
  [Step 9/9] train_MMD=0.0006 alpha_opt=0.1000 oracle_top10_TVD=0.5609
  [OK] MMD improved (delta=+0.002001)
  SNR (proxy): 3.60 (mean_norm=0.0063, std_norm=0.0017)

Final: 10 models, MMD=0.0020 (delta=+0.0515) F1=nan

[FCFW] Computing Fully Corrective Frank-Wolfe weights for final ensemble...
  Weighting: fully corrective QP weights = [0.0901, 0.0803, 0.0925, 0.0696, 0.0950, 0.0975, 0.1279, 0.1632, 0.0888, 0.0951]
  FCFW Sampled MMD^2: 0.000060
  FCFW Sampled TVD:   0.2825

FINAL MODEL COMPARISON (inc. FCFW)
Model      | MMD        | TVD        | TVD*       | Valid      | Cover      | F1        
----------------------------------------------------------------------------------------
Baseline   | 0.0536     | n/a        | n/a        | n/a        | n/a        | n/a       
Ensemble   | 0.0020     | 0.306      | 0.195      | n/a        | n/a        | n/a       
Model 0    | 0.0569     | 0.901      | 0.779      | n/a        | n/a        | n/a       
Model 1    | 0.1206     | 0.806      | 0.725      | n/a        | n/a        | n/a       
Model 2    | 0.2146     | 0.827      | 0.760      | n/a        | n/a        | n/a       
Model 3    | 0.2268     | 0.811      | 0.750      | n/a        | n/a        | n/a       
Model 4    | 0.5495     | 0.840      | 0.809      | n/a        | n/a        | n/a       
Model 5    | 0.2117     | 0.851      | 0.799      | n/a        | n/a        | n/a       
Model 6    | 0.2264     | 0.817      | 0.769      | n/a        | n/a        | n/a       
Model 7    | 0.2332     | 0.818      | 0.754      | n/a        | n/a        | n/a       
Model 8    | 0.3088     | 0.830      | 0.775      | n/a        | n/a        | n/a       
Model 9    | 0.2507     | 0.822      | 0.774      | n/a        | n/a        | n/a       
Ensemble (FCFW) | 0.0001     | 0.283      | 0.182      | n/a        | n/a        | n/a       
Saving results to out/hpo/hopfield_20q_p2_b20_20260605_193022/trials/trial_0052/results.csv...
Experiment: Boosting on Hopfield (20q, 2p)
Configuration:
  train_samples: 1000
  data_seed: 42
  n_samples: 400
  n_models: 10
  learning_rate: 0.0058686300826733965
  epochs_per_step: 400
  caching_level: none
  ensemble_samples_coeff: 1.0
  init_baseline: covariance
  init_later: random
  lambda_dual: 1.0
  lambda_schedule: {'type': 'frank_wolfe', 'gamma': 1.0, 'tau': 1.0}
  n_ops: 1024
  weight_strategy: frank_wolfe
  alpha_n_grid: 11
  alpha_objective_weight: 0.5
  baseline: none
  shots: 1000
  final_eval_sampling: True
  dataset_metrics: True
  exact_metrics: {'enabled': True, 'max_qubits': 20, 'phases': {'baseline': True, 'steps': False, 'final': True, 'per_model': True, 'fcfw': True}}
  keep_models_for_diagnosis: True
  stop_on_reject: False
  save_circuit_artifacts: False
  rng_seed: 42
  circuit_config: {'topology': 'aachen_heavy_hex', 'distance': 2, 'max_weight': 2, 'n_ancilla': 0}
  turbo: 10
  dynamic_is_within_shell: shell_uniform
  exact_sampling: True
  acceptance_metric: training_mmd
  skip_sampling: True
  report_fcfw: True
  dynamic_is: True
  dynamic_is_beta: 0.024707093727763488
  sigma: [0.7386905341317113, 0.5644197309310147]
  require_exact_sampling: True
================================================================================
Saving config to out/hpo/hopfield_20q_p2_b20_20260605_193022/trials/trial_0053/config.json...
Gate structure: Qubits: 20
Aachen heavy-hex topology: 39 parameters
one_qubit=20, two_qubit=19
Using Gaussian Kernel (n_ops=1024, n_qubits=20):
  - sigma=0.73869053
  - sigma=0.56441973
Expected sampled operator size:
  - p=6.000098, std=2.049400
  - p=7.918540, std=2.187093
  mean: 6.959319
  std: 2.326330
Baselines enabled: 

Training ensemble Model 0 (400 epochs)...
Training has not converged after 400 steps
Model 0 final loss: 0.053880
  [Step 0/9] train_MMD=0.0506 alpha_opt=1.0000 oracle_top1_TVD=0.9034

[Step 1] Training Model 1...
  lambda_dual: 0.5000
Training has not converged after 400 steps
  Weighting: frank_wolfe alpha = 0.5000
  [Step 1/9] train_MMD=0.0412 alpha_opt=0.5000 oracle_top2_TVD=0.8067
  [OK] MMD improved (delta=+0.009424)
  SNR (proxy): 4.64 (mean_norm=0.0445, std_norm=0.0096)

[Step 2] Training Model 2...
  lambda_dual: 0.6667
Training has not converged after 400 steps
  Weighting: frank_wolfe alpha = 0.3333
  [Step 2/9] train_MMD=0.0320 alpha_opt=0.3333 oracle_top3_TVD=0.7101
  [OK] MMD improved (delta=+0.009144)
  SNR (proxy): 13.66 (mean_norm=0.1013, std_norm=0.0074)

[Step 3] Training Model 3...
  lambda_dual: 0.7500
Training has not converged after 400 steps
  Weighting: frank_wolfe alpha = 0.2500
  [Step 3/9] train_MMD=0.0129 alpha_opt=0.2500 oracle_top4_TVD=0.6135
  [OK] MMD improved (delta=+0.019176)
  SNR (proxy): 4.37 (mean_norm=0.0166, std_norm=0.0038)

[Step 4] Training Model 4...
  lambda_dual: 0.8000
Training has not converged after 400 steps
  Weighting: frank_wolfe alpha = 0.2000
  [Step 4/9] train_MMD=0.0046 alpha_opt=0.2000 oracle_top5_TVD=0.6047
  [OK] MMD improved (delta=+0.008295)
  SNR (proxy): 11.64 (mean_norm=0.0401, std_norm=0.0034)

[Step 5] Training Model 5...
  lambda_dual: 0.8333
Training has not converged after 400 steps
  Weighting: frank_wolfe alpha = 0.1667
  [Step 5/9] train_MMD=0.0020 alpha_opt=0.1667 oracle_top6_TVD=0.5960
  [OK] MMD improved (delta=+0.002530)
  SNR (proxy): 2.71 (mean_norm=0.0149, std_norm=0.0055)

[Step 6] Training Model 6...
  lambda_dual: 0.8571
Training has not converged after 400 steps
  Weighting: frank_wolfe alpha = 0.1429
  [Step 6/9] train_MMD=0.0030 alpha_opt=0.1429 oracle_top7_TVD=0.5872
  [WARNING] MMD worsened but kept (diagnostic, delta=-0.000978)
  SNR (proxy): 13.92 (mean_norm=0.0291, std_norm=0.0021)

[Step 7] Training Model 7...
  lambda_dual: 0.8750
Training has not converged after 400 steps
  Weighting: frank_wolfe alpha = 0.1250
  [Step 7/9] train_MMD=0.0018 alpha_opt=0.1250 oracle_top8_TVD=0.5784
  [OK] MMD improved (delta=+0.001242)
  SNR (proxy): 5.04 (mean_norm=0.0118, std_norm=0.0023)

[Step 8] Training Model 8...
  lambda_dual: 0.8889
Training has not converged after 400 steps
  Weighting: frank_wolfe alpha = 0.1111
  [Step 8/9] train_MMD=0.0035 alpha_opt=0.1111 oracle_top9_TVD=0.5697
  [WARNING] MMD worsened but kept (diagnostic, delta=-0.001701)
  SNR (proxy): 11.81 (mean_norm=0.0050, std_norm=0.0004)

[Step 9] Training Model 9...
  lambda_dual: 0.9000
Training has not converged after 400 steps
  Weighting: frank_wolfe alpha = 0.1000
  [Step 9/9] train_MMD=0.0045 alpha_opt=0.1000 oracle_top10_TVD=0.5609
  [WARNING] MMD worsened but kept (diagnostic, delta=-0.001009)
  SNR (proxy): 32.35 (mean_norm=0.0324, std_norm=0.0010)

Final: 10 models, MMD=0.0043 (delta=+0.0463) F1=nan

[FCFW] Computing Fully Corrective Frank-Wolfe weights for final ensemble...
  Weighting: fully corrective QP weights = [0.1054, 0.1034, 0.1429, 0.1242, 0.1689, 0.1116, 0.1043, 0.0878, 0.0000, 0.0514]
  FCFW Sampled MMD^2: 0.000289
  FCFW Sampled TVD:   0.3099

FINAL MODEL COMPARISON (inc. FCFW)
Model      | MMD        | TVD        | TVD*       | Valid      | Cover      | F1        
----------------------------------------------------------------------------------------
Baseline   | 0.0506     | n/a        | n/a        | n/a        | n/a        | n/a       
Ensemble   | 0.0043     | 0.374      | 0.280      | n/a        | n/a        | n/a       
Model 0    | 0.0510     | 0.868      | 0.774      | n/a        | n/a        | n/a       
Model 1    | 0.1081     | 0.823      | 0.727      | n/a        | n/a        | n/a       
Model 2    | 0.2159     | 0.829      | 0.760      | n/a        | n/a        | n/a       
Model 3    | 0.2174     | 0.814      | 0.752      | n/a        | n/a        | n/a       
Model 4    | 0.5074     | 0.832      | 0.798      | n/a        | n/a        | n/a       
Model 5    | 0.1645     | 0.844      | 0.777      | n/a        | n/a        | n/a       
Model 6    | 0.2239     | 0.823      | 0.757      | n/a        | n/a        | n/a       
Model 7    | 0.1463     | 0.812      | 0.751      | n/a        | n/a        | n/a       
Model 8    | 0.0692     | 1.000      | 0.989      | n/a        | n/a        | n/a       
Model 9    | 0.5368     | 0.847      | 0.818      | n/a        | n/a        | n/a       
Ensemble (FCFW) | 0.0003     | 0.310      | 0.199      | n/a        | n/a        | n/a       
Saving results to out/hpo/hopfield_20q_p2_b20_20260605_193022/trials/trial_0053/results.csv...
Experiment: Boosting on Hopfield (20q, 2p)
Configuration:
  train_samples: 1000
  data_seed: 42
  n_samples: 400
  n_models: 10
  learning_rate: 0.009113453377731569
  epochs_per_step: 400
  caching_level: none
  ensemble_samples_coeff: 1.0
  init_baseline: covariance
  init_later: random
  lambda_dual: 1.0
  lambda_schedule: {'type': 'frank_wolfe', 'gamma': 1.0, 'tau': 1.0}
  n_ops: 1024
  weight_strategy: frank_wolfe
  alpha_n_grid: 11
  alpha_objective_weight: 0.5
  baseline: none
  shots: 1000
  final_eval_sampling: True
  dataset_metrics: True
  exact_metrics: {'enabled': True, 'max_qubits': 20, 'phases': {'baseline': True, 'steps': False, 'final': True, 'per_model': True, 'fcfw': True}}
  keep_models_for_diagnosis: True
  stop_on_reject: False
  save_circuit_artifacts: False
  rng_seed: 42
  circuit_config: {'topology': 'aachen_heavy_hex', 'distance': 2, 'max_weight': 2, 'n_ancilla': 0}
  turbo: 10
  dynamic_is_within_shell: shell_uniform
  exact_sampling: True
  acceptance_metric: training_mmd
  skip_sampling: True
  report_fcfw: True
  dynamic_is: True
  dynamic_is_beta: 0.04281615050302739
  sigma: [0.6786948014847141, 0.538114719970268]
  require_exact_sampling: True
================================================================================
Saving config to out/hpo/hopfield_20q_p2_b20_20260605_193022/trials/trial_0054/config.json...
Gate structure: Qubits: 20
Aachen heavy-hex topology: 39 parameters
one_qubit=20, two_qubit=19
Using Gaussian Kernel (n_ops=1024, n_qubits=20):
  - sigma=0.67869480
  - sigma=0.53811472
Expected sampled operator size:
  - p=6.622596, std=2.104675
  - p=8.221320, std=2.200412
  mean: 7.421958
  std: 2.296675
Baselines enabled: 

Training ensemble Model 0 (400 epochs)...
Training has not converged after 400 steps
Model 0 final loss: 0.050250
  [Step 0/9] train_MMD=0.0441 alpha_opt=1.0000 oracle_top1_TVD=0.9034

[Step 1] Training Model 1...
  lambda_dual: 0.5000
Training has not converged after 400 steps
  Weighting: frank_wolfe alpha = 0.5000
  [Step 1/9] train_MMD=0.0367 alpha_opt=0.5000 oracle_top2_TVD=0.8067
  [OK] MMD improved (delta=+0.007396)
  SNR (proxy): 3.02 (mean_norm=0.0380, std_norm=0.0126)

[Step 2] Training Model 2...
  lambda_dual: 0.6667
Training has not converged after 400 steps
  Weighting: frank_wolfe alpha = 0.3333
  [Step 2/9] train_MMD=0.0305 alpha_opt=0.3333 oracle_top3_TVD=0.7101
  [OK] MMD improved (delta=+0.006257)
  SNR (proxy): 12.37 (mean_norm=0.0891, std_norm=0.0072)

[Step 3] Training Model 3...
  lambda_dual: 0.7500
Training has not converged after 400 steps
  Weighting: frank_wolfe alpha = 0.2500
  [Step 3/9] train_MMD=0.0124 alpha_opt=0.2500 oracle_top4_TVD=0.6135
  [OK] MMD improved (delta=+0.018042)
  SNR (proxy): 4.85 (mean_norm=0.0176, std_norm=0.0036)

[Step 4] Training Model 4...
  lambda_dual: 0.8000
Training has not converged after 400 steps
  Weighting: frank_wolfe alpha = 0.2000
  [Step 4/9] train_MMD=0.0052 alpha_opt=0.2000 oracle_top5_TVD=0.6047
  [OK] MMD improved (delta=+0.007286)
  SNR (proxy): 10.12 (mean_norm=0.0470, std_norm=0.0046)

[Step 5] Training Model 5...
  lambda_dual: 0.8333
Training has not converged after 400 steps
  Weighting: frank_wolfe alpha = 0.1667
  [Step 5/9] train_MMD=0.0016 alpha_opt=0.1667 oracle_top6_TVD=0.5960
  [OK] MMD improved (delta=+0.003550)
  SNR (proxy): 5.24 (mean_norm=0.0098, std_norm=0.0019)

[Step 6] Training Model 6...
  lambda_dual: 0.8571
Training has not converged after 400 steps
  Weighting: frank_wolfe alpha = 0.1429
  [Step 6/9] train_MMD=0.0036 alpha_opt=0.1429 oracle_top7_TVD=0.5872
  [WARNING] MMD worsened but kept (diagnostic, delta=-0.002022)
  SNR (proxy): 9.99 (mean_norm=0.0335, std_norm=0.0034)

[Step 7] Training Model 7...
  lambda_dual: 0.8750
Training has not converged after 400 steps
  Weighting: frank_wolfe alpha = 0.1250
  [Step 7/9] train_MMD=0.0015 alpha_opt=0.1250 oracle_top8_TVD=0.5784
  [OK] MMD improved (delta=+0.002126)
  SNR (proxy): 3.22 (mean_norm=0.0093, std_norm=0.0029)

[Step 8] Training Model 8...
  lambda_dual: 0.8889
Training has not converged after 400 steps
  Weighting: frank_wolfe alpha = 0.1111
  [Step 8/9] train_MMD=0.0029 alpha_opt=0.1111 oracle_top9_TVD=0.5697
  [WARNING] MMD worsened but kept (diagnostic, delta=-0.001409)
  SNR (proxy): 11.26 (mean_norm=0.0046, std_norm=0.0004)

[Step 9] Training Model 9...
  lambda_dual: 0.9000
Training has not converged after 400 steps
  Weighting: frank_wolfe alpha = 0.1000
  [Step 9/9] train_MMD=0.0037 alpha_opt=0.1000 oracle_top10_TVD=0.5609
  [WARNING] MMD worsened but kept (diagnostic, delta=-0.000825)
  SNR (proxy): 20.25 (mean_norm=0.0341, std_norm=0.0017)

Final: 10 models, MMD=0.0031 (delta=+0.0410) F1=nan

[FCFW] Computing Fully Corrective Frank-Wolfe weights for final ensemble...
  Weighting: fully corrective QP weights = [0.1153, 0.1179, 0.1479, 0.1866, 0.1639, 0.0983, 0.0732, 0.0437, 0.0000, 0.0531]
  FCFW Sampled MMD^2: 0.000248
  FCFW Sampled TVD:   0.3031

FINAL MODEL COMPARISON (inc. FCFW)
Model      | MMD        | TVD        | TVD*       | Valid      | Cover      | F1        
----------------------------------------------------------------------------------------
Baseline   | 0.0441     | n/a        | n/a        | n/a        | n/a        | n/a       
Ensemble   | 0.0031     | 0.369      | 0.276      | n/a        | n/a        | n/a       
Model 0    | 0.0459     | 0.869      | 0.779      | n/a        | n/a        | n/a       
Model 1    | 0.0928     | 0.828      | 0.724      | n/a        | n/a        | n/a       
Model 2    | 0.2048     | 0.821      | 0.763      | n/a        | n/a        | n/a       
Model 3    | 0.1989     | 0.817      | 0.753      | n/a        | n/a        | n/a       
Model 4    | 0.5106     | 0.837      | 0.800      | n/a        | n/a        | n/a       
Model 5    | 0.1856     | 0.837      | 0.787      | n/a        | n/a        | n/a       
Model 6    | 0.1795     | 0.826      | 0.757      | n/a        | n/a        | n/a       
Model 7    | 0.1678     | 0.818      | 0.745      | n/a        | n/a        | n/a       
Model 8    | 0.0617     | 0.991      | 0.988      | n/a        | n/a        | n/a       
Model 9    | 0.3920     | 0.834      | 0.802      | n/a        | n/a        | n/a       
Ensemble (FCFW) | 0.0002     | 0.303      | 0.201      | n/a        | n/a        | n/a       
Saving results to out/hpo/hopfield_20q_p2_b20_20260605_193022/trials/trial_0054/results.csv...
Experiment: Boosting on Hopfield (20q, 2p)
Configuration:
  train_samples: 1000
  data_seed: 42
  n_samples: 400
  n_models: 10
  learning_rate: 0.01118374561436199
  epochs_per_step: 400
  caching_level: none
  ensemble_samples_coeff: 1.0
  init_baseline: covariance
  init_later: random
  lambda_dual: 1.0
  lambda_schedule: {'type': 'frank_wolfe', 'gamma': 1.0, 'tau': 1.0}
  n_ops: 1024
  weight_strategy: frank_wolfe
  alpha_n_grid: 11
  alpha_objective_weight: 0.5
  baseline: none
  shots: 1000
  final_eval_sampling: True
  dataset_metrics: True
  exact_metrics: {'enabled': True, 'max_qubits': 20, 'phases': {'baseline': True, 'steps': False, 'final': True, 'per_model': True, 'fcfw': True}}
  keep_models_for_diagnosis: True
  stop_on_reject: False
  save_circuit_artifacts: False
  rng_seed: 42
  circuit_config: {'topology': 'aachen_heavy_hex', 'distance': 2, 'max_weight': 2, 'n_ancilla': 0}
  turbo: 10
  dynamic_is_within_shell: shell_uniform
  exact_sampling: True
  acceptance_metric: training_mmd
  skip_sampling: True
  report_fcfw: True
  dynamic_is: True
  dynamic_is_beta: 0.030856793368357203
  sigma: [0.9555597245969875, 0.6199955324708369]
  require_exact_sampling: True
================================================================================
Saving config to out/hpo/hopfield_20q_p2_b20_20260605_193022/trials/trial_0055/config.json...
Gate structure: Qubits: 20
Aachen heavy-hex topology: 39 parameters
one_qubit=20, two_qubit=19
Using Gaussian Kernel (n_ops=1024, n_qubits=20):
  - sigma=0.95555972
  - sigma=0.61999553
Expected sampled operator size:
  - p=4.216572, std=1.824171
  - p=7.276718, std=2.151554
  mean: 5.746645
  std: 2.513865
Baselines enabled: 

Training ensemble Model 0 (400 epochs)...
Training has not converged after 400 steps
Model 0 final loss: 0.069189
  [Step 0/9] train_MMD=0.0663 alpha_opt=1.0000 oracle_top1_TVD=0.9034

[Step 1] Training Model 1...
  lambda_dual: 0.5000
Training has not converged after 400 steps
  Weighting: frank_wolfe alpha = 0.5000
  [Step 1/9] train_MMD=0.0505 alpha_opt=0.5000 oracle_top2_TVD=0.8067
  [OK] MMD improved (delta=+0.015765)
  SNR (proxy): 6.66 (mean_norm=0.0579, std_norm=0.0087)

[Step 2] Training Model 2...
  lambda_dual: 0.6667
Training has not converged after 400 steps
  Weighting: frank_wolfe alpha = 0.3333
  [Step 2/9] train_MMD=0.0397 alpha_opt=0.3333 oracle_top3_TVD=0.7101
  [OK] MMD improved (delta=+0.010832)
  SNR (proxy): 15.64 (mean_norm=0.0853, std_norm=0.0055)

[Step 3] Training Model 3...
  lambda_dual: 0.7500
Training has not converged after 400 steps
  Weighting: frank_wolfe alpha = 0.2500
  [Step 3/9] train_MMD=0.0189 alpha_opt=0.2500 oracle_top4_TVD=0.6135
  [OK] MMD improved (delta=+0.020773)
  SNR (proxy): 4.06 (mean_norm=0.0153, std_norm=0.0038)

[Step 4] Training Model 4...
  lambda_dual: 0.8000
Training has not converged after 400 steps
  Weighting: frank_wolfe alpha = 0.2000
  [Step 4/9] train_MMD=0.0073 alpha_opt=0.2000 oracle_top5_TVD=0.6047
  [OK] MMD improved (delta=+0.011659)
  SNR (proxy): 29.41 (mean_norm=0.0380, std_norm=0.0013)

[Step 5] Training Model 5...
  lambda_dual: 0.8333
Training has not converged after 400 steps
  Weighting: frank_wolfe alpha = 0.1667
  [Step 5/9] train_MMD=0.0036 alpha_opt=0.1667 oracle_top6_TVD=0.5960
  [OK] MMD improved (delta=+0.003658)
  SNR (proxy): 4.90 (mean_norm=0.0241, std_norm=0.0049)

[Step 6] Training Model 6...
  lambda_dual: 0.8571
Training has not converged after 400 steps
  Weighting: frank_wolfe alpha = 0.1429
  [Step 6/9] train_MMD=0.0058 alpha_opt=0.1429 oracle_top7_TVD=0.5872
  [WARNING] MMD worsened but kept (diagnostic, delta=-0.002139)
  SNR (proxy): 8.47 (mean_norm=0.0341, std_norm=0.0040)

[Step 7] Training Model 7...
  lambda_dual: 0.8750
Training has not converged after 400 steps
  Weighting: frank_wolfe alpha = 0.1250
  [Step 7/9] train_MMD=0.0025 alpha_opt=0.1250 oracle_top8_TVD=0.5784
  [OK] MMD improved (delta=+0.003232)
  SNR (proxy): 5.23 (mean_norm=0.0062, std_norm=0.0012)

[Step 8] Training Model 8...
  lambda_dual: 0.8889
Training has not converged after 400 steps
  Weighting: frank_wolfe alpha = 0.1111
  [Step 8/9] train_MMD=0.0033 alpha_opt=0.1111 oracle_top9_TVD=0.5697
  [WARNING] MMD worsened but kept (diagnostic, delta=-0.000815)
  SNR (proxy): 12.93 (mean_norm=0.0254, std_norm=0.0020)

[Step 9] Training Model 9...
  lambda_dual: 0.9000
Training has not converged after 400 steps
  Weighting: frank_wolfe alpha = 0.1000
  [Step 9/9] train_MMD=0.0008 alpha_opt=0.1000 oracle_top10_TVD=0.5609
  [OK] MMD improved (delta=+0.002531)
  SNR (proxy): 6.13 (mean_norm=0.0068, std_norm=0.0011)

Final: 10 models, MMD=0.0024 (delta=+0.0639) F1=nan

[FCFW] Computing Fully Corrective Frank-Wolfe weights for final ensemble...
  Weighting: fully corrective QP weights = [0.0757, 0.0972, 0.0761, 0.0841, 0.0869, 0.0735, 0.1474, 0.1503, 0.0968, 0.1120]
  FCFW Sampled MMD^2: 0.000133
  FCFW Sampled TVD:   0.3027

FINAL MODEL COMPARISON (inc. FCFW)
Model      | MMD        | TVD        | TVD*       | Valid      | Cover      | F1        
----------------------------------------------------------------------------------------
Baseline   | 0.0663     | n/a        | n/a        | n/a        | n/a        | n/a       
Ensemble   | 0.0024     | 0.321      | 0.206      | n/a        | n/a        | n/a       
Model 0    | 0.0752     | 0.959      | 0.797      | n/a        | n/a        | n/a       
Model 1    | 0.1552     | 0.804      | 0.706      | n/a        | n/a        | n/a       
Model 2    | 0.2030     | 0.834      | 0.767      | n/a        | n/a        | n/a       
Model 3    | 0.2387     | 0.807      | 0.749      | n/a        | n/a        | n/a       
Model 4    | 0.6114     | 0.860      | 0.836      | n/a        | n/a        | n/a       
Model 5    | 0.2280     | 0.849      | 0.817      | n/a        | n/a        | n/a       
Model 6    | 0.3051     | 0.820      | 0.773      | n/a        | n/a        | n/a       
Model 7    | 0.2663     | 0.821      | 0.761      | n/a        | n/a        | n/a       
Model 8    | 0.3990     | 0.829      | 0.783      | n/a        | n/a        | n/a       
Model 9    | 0.2970     | 0.828      | 0.785      | n/a        | n/a        | n/a       
Ensemble (FCFW) | 0.0001     | 0.303      | 0.184      | n/a        | n/a        | n/a       
Saving results to out/hpo/hopfield_20q_p2_b20_20260605_193022/trials/trial_0055/results.csv...
Experiment: Boosting on Hopfield (20q, 2p)
Configuration:
  train_samples: 1000
  data_seed: 42
  n_samples: 400
  n_models: 10
  learning_rate: 0.004795819533603833
  epochs_per_step: 400
  caching_level: none
  ensemble_samples_coeff: 1.0
  init_baseline: covariance
  init_later: random
  lambda_dual: 1.0
  lambda_schedule: {'type': 'frank_wolfe', 'gamma': 0.5, 'tau': 1.0}
  n_ops: 2048
  weight_strategy: frank_wolfe
  alpha_n_grid: 11
  alpha_objective_weight: 0.5
  baseline: none
  shots: 1000
  final_eval_sampling: True
  dataset_metrics: True
  exact_metrics: {'enabled': True, 'max_qubits': 20, 'phases': {'baseline': True, 'steps': False, 'final': True, 'per_model': True, 'fcfw': True}}
  keep_models_for_diagnosis: True
  stop_on_reject: False
  save_circuit_artifacts: False
  rng_seed: 42
  circuit_config: {'topology': 'aachen_heavy_hex', 'distance': 2, 'max_weight': 2, 'n_ancilla': 0}
  turbo: 10
  dynamic_is_within_shell: shell_uniform
  exact_sampling: True
  acceptance_metric: training_mmd
  skip_sampling: True
  report_fcfw: True
  dynamic_is: True
  dynamic_is_beta: 0.02797270675155412
  sigma: [0.740765063019608, 0.42133078861265627]
  require_exact_sampling: True
================================================================================
Saving config to out/hpo/hopfield_20q_p2_b20_20260605_193022/trials/trial_0056/config.json...
Gate structure: Qubits: 20
Aachen heavy-hex topology: 39 parameters
one_qubit=20, two_qubit=19
Using Gaussian Kernel (n_ops=2048, n_qubits=20):
  - sigma=0.74076506
  - sigma=0.42133079
Expected sampled operator size:
  - p=5.979546, std=2.047388
  - p=9.401904, std=2.232065
  mean: 7.690725
  std: 2.741367
Baselines enabled: 

Training ensemble Model 0 (400 epochs)...
Training has not converged after 400 steps
Model 0 final loss: 0.047079
  [Step 0/9] train_MMD=0.0460 alpha_opt=1.0000 oracle_top1_TVD=0.9034

[Step 1] Training Model 1...
  lambda_dual: 0.7500
Training has not converged after 400 steps
  Weighting: frank_wolfe alpha = 0.2500
  [Step 1/9] train_MMD=0.0331 alpha_opt=0.2500 oracle_top2_TVD=0.8067
  [OK] MMD improved (delta=+0.012980)
  SNR (proxy): 5.10 (mean_norm=0.0442, std_norm=0.0087)

[Step 2] Training Model 2...
  lambda_dual: 0.8333
Training has not converged after 400 steps
  Weighting: frank_wolfe alpha = 0.1667
  [Step 2/9] train_MMD=0.0218 alpha_opt=0.1667 oracle_top3_TVD=0.7101
  [OK] MMD improved (delta=+0.011235)
  SNR (proxy): 18.51 (mean_norm=0.0158, std_norm=0.0009)

[Step 3] Training Model 3...
  lambda_dual: 0.8750
Training has not converged after 400 steps
  Weighting: frank_wolfe alpha = 0.1250
  [Step 3/9] train_MMD=0.0207 alpha_opt=0.1250 oracle_top4_TVD=0.6135
  [OK] MMD improved (delta=+0.001177)
  SNR (proxy): 6.76 (mean_norm=0.0081, std_norm=0.0012)

[Step 4] Training Model 4...
  lambda_dual: 0.9000
Training has not converged after 400 steps
  Weighting: frank_wolfe alpha = 0.1000
  [Step 4/9] train_MMD=0.0086 alpha_opt=0.1000 oracle_top5_TVD=0.6047
  [OK] MMD improved (delta=+0.012002)
  SNR (proxy): 14.85 (mean_norm=0.0001, std_norm=0.0000)

[Step 5] Training Model 5...
  lambda_dual: 0.9167
Training has not converged after 400 steps
  Weighting: frank_wolfe alpha = 0.0833
  [Step 5/9] train_MMD=0.0076 alpha_opt=0.0833 oracle_top6_TVD=0.5960
  [OK] MMD improved (delta=+0.001024)
  SNR (proxy): 3.60 (mean_norm=0.0095, std_norm=0.0026)

[Step 6] Training Model 6...
  lambda_dual: 0.9286
Training has not converged after 400 steps
  Weighting: frank_wolfe alpha = 0.0714
  [Step 6/9] train_MMD=0.0089 alpha_opt=0.0714 oracle_top7_TVD=0.5872
  [WARNING] MMD worsened but kept (diagnostic, delta=-0.001279)
  SNR (proxy): 30.99 (mean_norm=0.0236, std_norm=0.0008)

[Step 7] Training Model 7...
  lambda_dual: 0.9375
Training has not converged after 400 steps
  Weighting: frank_wolfe alpha = 0.0625
  [Step 7/9] train_MMD=0.0088 alpha_opt=0.0625 oracle_top8_TVD=0.5784
  [OK] MMD improved (delta=+0.000136)
  SNR (proxy): 7.04 (mean_norm=0.0077, std_norm=0.0011)

[Step 8] Training Model 8...
  lambda_dual: 0.9444
Training has not converged after 400 steps
  Weighting: frank_wolfe alpha = 0.0556
  [Step 8/9] train_MMD=0.0085 alpha_opt=0.0556 oracle_top9_TVD=0.5697
  [OK] MMD improved (delta=+0.000260)
  SNR (proxy): 6.18 (mean_norm=0.0081, std_norm=0.0013)

[Step 9] Training Model 9...
  lambda_dual: 0.9500
Training has not converged after 400 steps
  Weighting: frank_wolfe alpha = 0.0500
  [Step 9/9] train_MMD=0.0081 alpha_opt=0.0500 oracle_top10_TVD=0.5609
  [OK] MMD improved (delta=+0.000426)
  SNR (proxy): 6.93 (mean_norm=0.0084, std_norm=0.0012)

Final: 10 models, MMD=0.0101 (delta=+0.0359) F1=nan

[FCFW] Computing Fully Corrective Frank-Wolfe weights for final ensemble...
  Weighting: fully corrective QP weights = [0.5356, 0.1223, 0.0806, 0.0000, 0.0921, 0.0521, 0.0384, 0.0000, 0.0000, 0.0789]
  FCFW Sampled MMD^2: 0.007164
  FCFW Sampled TVD:   0.4649

FINAL MODEL COMPARISON (inc. FCFW)
Model      | MMD        | TVD        | TVD*       | Valid      | Cover      | F1        
----------------------------------------------------------------------------------------
Baseline   | 0.0460     | n/a        | n/a        | n/a        | n/a        | n/a       
Ensemble   | 0.0101     | 0.454      | 0.327      | n/a        | n/a        | n/a       
Model 0    | 0.0492     | 0.868      | 0.774      | n/a        | n/a        | n/a       
Model 1    | 0.3272     | 0.823      | 0.771      | n/a        | n/a        | n/a       
Model 2    | 0.8311     | 0.903      | 0.898      | n/a        | n/a        | n/a       
Model 3    | 0.0706     | 0.954      | 0.836      | n/a        | n/a        | n/a       
Model 4    | 0.8319     | 0.903      | 0.903      | n/a        | n/a        | n/a       
Model 5    | 0.1077     | 0.832      | 0.737      | n/a        | n/a        | n/a       
Model 6    | 0.7664     | 0.895      | 0.880      | n/a        | n/a        | n/a       
Model 7    | 0.0610     | 0.841      | 0.749      | n/a        | n/a        | n/a       
Model 8    | 0.0781     | 0.850      | 0.797      | n/a        | n/a        | n/a       
Model 9    | 0.1302     | 0.836      | 0.761      | n/a        | n/a        | n/a       
Ensemble (FCFW) | 0.0072     | 0.465      | 0.394      | n/a        | n/a        | n/a       
Saving results to out/hpo/hopfield_20q_p2_b20_20260605_193022/trials/trial_0056/results.csv...
Experiment: Boosting on Hopfield (20q, 2p)
Configuration:
  train_samples: 1000
  data_seed: 42
  n_samples: 400
  n_models: 10
  learning_rate: 0.013803498714609166
  epochs_per_step: 400
  caching_level: none
  ensemble_samples_coeff: 1.0
  init_baseline: covariance
  init_later: random
  lambda_dual: 1.0
  lambda_schedule: {'type': 'frank_wolfe', 'gamma': 0.25, 'tau': 1.0}
  n_ops: 1024
  weight_strategy: frank_wolfe
  alpha_n_grid: 11
  alpha_objective_weight: 0.5
  baseline: none
  shots: 1000
  final_eval_sampling: True
  dataset_metrics: True
  exact_metrics: {'enabled': True, 'max_qubits': 20, 'phases': {'baseline': True, 'steps': False, 'final': True, 'per_model': True, 'fcfw': True}}
  keep_models_for_diagnosis: True
  stop_on_reject: False
  save_circuit_artifacts: False
  rng_seed: 42
  circuit_config: {'topology': 'aachen_heavy_hex', 'distance': 2, 'max_weight': 2, 'n_ancilla': 0}
  turbo: 10
  dynamic_is_within_shell: shell_uniform
  exact_sampling: True
  acceptance_metric: training_mmd
  skip_sampling: True
  report_fcfw: True
  dynamic_is: True
  dynamic_is_beta: 0.018054771163474356
  sigma: [1.0227959934339537, 0.7193257850064853, 0.537228497011693]
  require_exact_sampling: True
================================================================================
Saving config to out/hpo/hopfield_20q_p2_b20_20260605_193022/trials/trial_0057/config.json...
Gate structure: Qubits: 20
Aachen heavy-hex topology: 39 parameters
one_qubit=20, two_qubit=19
Using Gaussian Kernel (n_ops=1024, n_qubits=20):
  - sigma=1.02279599
  - sigma=0.71932579
  - sigma=0.53722850
Expected sampled operator size:
  - p=3.799533, std=1.754340
  - p=6.195175, std=2.067889
  - p=8.231432, std=2.200820
  mean: 6.075380
  std: 2.710466
Baselines enabled: 

Training ensemble Model 0 (400 epochs)...
Training has not converged after 400 steps
Model 0 final loss: 0.070001
  [Step 0/9] train_MMD=0.0685 alpha_opt=1.0000 oracle_top1_TVD=0.9034

[Step 1] Training Model 1...
  lambda_dual: 0.8750
Training has not converged after 400 steps
  Weighting: frank_wolfe alpha = 0.1250
  [Step 1/9] train_MMD=0.0481 alpha_opt=0.1250 oracle_top2_TVD=0.8067
  [OK] MMD improved (delta=+0.020405)
  SNR (proxy): 5.75 (mean_norm=0.0000, std_norm=0.0000)

[Step 2] Training Model 2...
  lambda_dual: 0.9167
Training has not converged after 400 steps
  Weighting: frank_wolfe alpha = 0.0833
  [Step 2/9] train_MMD=0.0313 alpha_opt=0.0833 oracle_top3_TVD=0.7101
  [OK] MMD improved (delta=+0.016779)
  SNR (proxy): 14.70 (mean_norm=0.0000, std_norm=0.0000)

[Step 3] Training Model 3...
  lambda_dual: 0.9375
Training has not converged after 400 steps
  Weighting: frank_wolfe alpha = 0.0625
  [Step 3/9] train_MMD=0.0270 alpha_opt=0.0625 oracle_top4_TVD=0.6135
  [OK] MMD improved (delta=+0.004253)
  SNR (proxy): 44.14 (mean_norm=0.0215, std_norm=0.0005)

[Step 4] Training Model 4...
  lambda_dual: 0.9500
Training has not converged after 400 steps
  Weighting: frank_wolfe alpha = 0.0500
  [Step 4/9] train_MMD=0.0268 alpha_opt=0.0500 oracle_top5_TVD=0.6047
  [OK] MMD improved (delta=+0.000235)
  SNR (proxy): 9.78 (mean_norm=0.0068, std_norm=0.0007)

[Step 5] Training Model 5...
  lambda_dual: 0.9583
Training has not converged after 400 steps
  Weighting: frank_wolfe alpha = 0.0417
  [Step 5/9] train_MMD=0.0248 alpha_opt=0.0417 oracle_top6_TVD=0.5960
  [OK] MMD improved (delta=+0.001990)
  SNR (proxy): 15.56 (mean_norm=0.0109, std_norm=0.0007)

[Step 6] Training Model 6...
  lambda_dual: 0.9643
Training has not converged after 400 steps
  Weighting: frank_wolfe alpha = 0.0357
  [Step 6/9] train_MMD=0.0249 alpha_opt=0.0357 oracle_top7_TVD=0.5872
  [WARNING] MMD worsened but kept (diagnostic, delta=-0.000137)
  SNR (proxy): 8.35 (mean_norm=0.0061, std_norm=0.0007)

[Step 7] Training Model 7...
  lambda_dual: 0.9688
Training has not converged after 400 steps
  Weighting: frank_wolfe alpha = 0.0312
  [Step 7/9] train_MMD=0.0189 alpha_opt=0.0312 oracle_top8_TVD=0.5784
  [OK] MMD improved (delta=+0.006089)
  SNR (proxy): 19.52 (mean_norm=0.0000, std_norm=0.0000)

[Step 8] Training Model 8...
  lambda_dual: 0.9722
Training has not converged after 400 steps
  Weighting: frank_wolfe alpha = 0.0278
  [Step 8/9] train_MMD=0.0163 alpha_opt=0.0278 oracle_top9_TVD=0.5697
  [OK] MMD improved (delta=+0.002544)
  SNR (proxy): 26.64 (mean_norm=0.0000, std_norm=0.0000)

[Step 9] Training Model 9...
  lambda_dual: 0.9750
Training has not converged after 400 steps
  Weighting: frank_wolfe alpha = 0.0250
  [Step 9/9] train_MMD=0.0159 alpha_opt=0.0250 oracle_top10_TVD=0.5609
  [OK] MMD improved (delta=+0.000393)
  SNR (proxy): 18.61 (mean_norm=0.0189, std_norm=0.0010)

Final: 10 models, MMD=0.0167 (delta=+0.0518) F1=nan

[FCFW] Computing Fully Corrective Frank-Wolfe weights for final ensemble...
  Weighting: fully corrective QP weights = [0.5034, 0.0277, 0.0506, 0.0617, 0.0350, 0.0657, 0.0824, 0.0566, 0.0566, 0.0604]
  FCFW Sampled MMD^2: 0.012786
  FCFW Sampled TVD:   0.5160

FINAL MODEL COMPARISON (inc. FCFW)
Model      | MMD        | TVD        | TVD*       | Valid      | Cover      | F1        
----------------------------------------------------------------------------------------
Baseline   | 0.0685     | n/a        | n/a        | n/a        | n/a        | n/a       
Ensemble   | 0.0167     | 0.562      | 0.500      | n/a        | n/a        | n/a       
Model 0    | 0.0677     | 0.877      | 0.799      | n/a        | n/a        | n/a       
Model 1    | 0.8148     | 0.903      | 0.903      | n/a        | n/a        | n/a       
Model 2    | 0.8113     | 0.903      | 0.903      | n/a        | n/a        | n/a       
Model 3    | 0.6942     | 0.895      | 0.893      | n/a        | n/a        | n/a       
Model 4    | 0.2485     | 0.920      | 0.824      | n/a        | n/a        | n/a       
Model 5    | 0.1768     | 0.842      | 0.780      | n/a        | n/a        | n/a       
Model 6    | 0.1734     | 0.827      | 0.746      | n/a        | n/a        | n/a       
Model 7    | 0.8133     | 0.903      | 0.903      | n/a        | n/a        | n/a       
Model 8    | 0.8133     | 0.903      | 0.903      | n/a        | n/a        | n/a       
Model 9    | 0.5521     | 0.877      | 0.868      | n/a        | n/a        | n/a       
Ensemble (FCFW) | 0.0128     | 0.516      | 0.436      | n/a        | n/a        | n/a       
Saving results to out/hpo/hopfield_20q_p2_b20_20260605_193022/trials/trial_0057/results.csv...
Experiment: Boosting on Hopfield (20q, 2p)
Configuration:
  train_samples: 1000
  data_seed: 42
  n_samples: 400
  n_models: 10
  learning_rate: 0.042477771608010695
  epochs_per_step: 400
  caching_level: none
  ensemble_samples_coeff: 1.0
  init_baseline: covariance
  init_later: random
  lambda_dual: 1.0
  lambda_schedule: {'type': 'frank_wolfe', 'gamma': 1.0, 'tau': 1.0}
  n_ops: 1024
  weight_strategy: frank_wolfe
  alpha_n_grid: 11
  alpha_objective_weight: 0.5
  baseline: none
  shots: 1000
  final_eval_sampling: True
  dataset_metrics: True
  exact_metrics: {'enabled': True, 'max_qubits': 20, 'phases': {'baseline': True, 'steps': False, 'final': True, 'per_model': True, 'fcfw': True}}
  keep_models_for_diagnosis: True
  stop_on_reject: False
  save_circuit_artifacts: False
  rng_seed: 42
  circuit_config: {'topology': 'aachen_heavy_hex', 'distance': 2, 'max_weight': 2, 'n_ancilla': 0}
  turbo: 10
  dynamic_is_within_shell: shell_uniform
  exact_sampling: True
  acceptance_metric: training_mmd
  skip_sampling: True
  report_fcfw: True
  dynamic_is: True
  dynamic_is_beta: 0.024145955189091572
  sigma: [0.7838764864049175, 0.6332542527451882]
  require_exact_sampling: True
================================================================================
Saving config to out/hpo/hopfield_20q_p2_b20_20260605_193022/trials/trial_0058/config.json...
Gate structure: Qubits: 20
Aachen heavy-hex topology: 39 parameters
one_qubit=20, two_qubit=19
Using Gaussian Kernel (n_ops=1024, n_qubits=20):
  - sigma=0.78387649
  - sigma=0.63325425
Expected sampled operator size:
  - p=5.567935, std=2.004455
  - p=7.125909, std=2.141724
  mean: 6.346922
  std: 2.215678
Baselines enabled: 

Training ensemble Model 0 (400 epochs)...
Training has not converged after 400 steps
Model 0 final loss: 0.057593
  [Step 0/9] train_MMD=0.0577 alpha_opt=1.0000 oracle_top1_TVD=0.9034

[Step 1] Training Model 1...
  lambda_dual: 0.5000
Training has not converged after 400 steps
  Weighting: frank_wolfe alpha = 0.5000
  [Step 1/9] train_MMD=0.0492 alpha_opt=0.5000 oracle_top2_TVD=0.8067
  [OK] MMD improved (delta=+0.008459)
  SNR (proxy): 7.05 (mean_norm=0.0639, std_norm=0.0091)

[Step 2] Training Model 2...
  lambda_dual: 0.6667
Training has not converged after 400 steps
  Weighting: frank_wolfe alpha = 0.3333
  [Step 2/9] train_MMD=0.0336 alpha_opt=0.3333 oracle_top3_TVD=0.7101
  [OK] MMD improved (delta=+0.015648)
  SNR (proxy): 10.52 (mean_norm=0.0672, std_norm=0.0064)

[Step 3] Training Model 3...
  lambda_dual: 0.7500
Training has not converged after 400 steps
  Weighting: frank_wolfe alpha = 0.2500
  [Step 3/9] train_MMD=0.0148 alpha_opt=0.2500 oracle_top4_TVD=0.6135
  [OK] MMD improved (delta=+0.018793)
  SNR (proxy): 5.16 (mean_norm=0.0192, std_norm=0.0037)

[Step 4] Training Model 4...
  lambda_dual: 0.8000
Training has not converged after 400 steps
  Weighting: frank_wolfe alpha = 0.2000
  [Step 4/9] train_MMD=0.0043 alpha_opt=0.2000 oracle_top5_TVD=0.6047
  [OK] MMD improved (delta=+0.010430)
  SNR (proxy): 8.37 (mean_norm=0.0344, std_norm=0.0041)

[Step 5] Training Model 5...
  lambda_dual: 0.8333
Training has not converged after 400 steps
  Weighting: frank_wolfe alpha = 0.1667
  [Step 5/9] train_MMD=0.0030 alpha_opt=0.1667 oracle_top6_TVD=0.5960
  [OK] MMD improved (delta=+0.001351)
  SNR (proxy): 4.65 (mean_norm=0.0178, std_norm=0.0038)

[Step 6] Training Model 6...
  lambda_dual: 0.8571
Training has not converged after 400 steps
  Weighting: frank_wolfe alpha = 0.1429
  [Step 6/9] train_MMD=0.0047 alpha_opt=0.1429 oracle_top7_TVD=0.5872
  [WARNING] MMD worsened but kept (diagnostic, delta=-0.001730)
  SNR (proxy): 7.58 (mean_norm=0.0368, std_norm=0.0049)

[Step 7] Training Model 7...
  lambda_dual: 0.8750
Training has not converged after 400 steps
  Weighting: frank_wolfe alpha = 0.1250
  [Step 7/9] train_MMD=0.0026 alpha_opt=0.1250 oracle_top8_TVD=0.5784
  [OK] MMD improved (delta=+0.002155)
  SNR (proxy): 3.81 (mean_norm=0.0089, std_norm=0.0023)

[Step 8] Training Model 8...
  lambda_dual: 0.8889
Training has not converged after 400 steps
  Weighting: frank_wolfe alpha = 0.1111
  [Step 8/9] train_MMD=0.0029 alpha_opt=0.1111 oracle_top9_TVD=0.5697
  [WARNING] MMD worsened but kept (diagnostic, delta=-0.000302)
  SNR (proxy): 15.60 (mean_norm=0.0316, std_norm=0.0020)

[Step 9] Training Model 9...
  lambda_dual: 0.9000
Training has not converged after 400 steps
  Weighting: frank_wolfe alpha = 0.1000
  [Step 9/9] train_MMD=0.0008 alpha_opt=0.1000 oracle_top10_TVD=0.5609
  [OK] MMD improved (delta=+0.002024)
  SNR (proxy): 4.49 (mean_norm=0.0071, std_norm=0.0016)

Final: 10 models, MMD=0.0025 (delta=+0.0551) F1=nan

[FCFW] Computing Fully Corrective Frank-Wolfe weights for final ensemble...
  Weighting: fully corrective QP weights = [0.0999, 0.1061, 0.1234, 0.1484, 0.0367, 0.0329, 0.0784, 0.1117, 0.1438, 0.1186]
  FCFW Sampled MMD^2: -0.000369
  FCFW Sampled TVD:   0.2771

FINAL MODEL COMPARISON (inc. FCFW)
Model      | MMD        | TVD        | TVD*       | Valid      | Cover      | F1        
----------------------------------------------------------------------------------------
Baseline   | 0.0577     | n/a        | n/a        | n/a        | n/a        | n/a       
Ensemble   | 0.0025     | 0.329      | 0.215      | n/a        | n/a        | n/a       
Model 0    | 0.0630     | 0.931      | 0.786      | n/a        | n/a        | n/a       
Model 1    | 0.1376     | 0.810      | 0.718      | n/a        | n/a        | n/a       
Model 2    | 0.2421     | 0.829      | 0.760      | n/a        | n/a        | n/a       
Model 3    | 0.2353     | 0.820      | 0.750      | n/a        | n/a        | n/a       
Model 4    | 0.5050     | 0.829      | 0.796      | n/a        | n/a        | n/a       
Model 5    | 0.1508     | 0.838      | 0.784      | n/a        | n/a        | n/a       
Model 6    | 0.2815     | 0.824      | 0.776      | n/a        | n/a        | n/a       
Model 7    | 0.2200     | 0.815      | 0.755      | n/a        | n/a        | n/a       
Model 8    | 0.4656     | 0.842      | 0.797      | n/a        | n/a        | n/a       
Model 9    | 0.3142     | 0.832      | 0.778      | n/a        | n/a        | n/a       
Ensemble (FCFW) | -0.0004    | 0.277      | 0.191      | n/a        | n/a        | n/a       
Saving results to out/hpo/hopfield_20q_p2_b20_20260605_193022/trials/trial_0058/results.csv...
Experiment: Boosting on Hopfield (20q, 2p)
Configuration:
  train_samples: 1000
  data_seed: 42
  n_samples: 400
  n_models: 10
  learning_rate: 0.017333948277761503
  epochs_per_step: 400
  caching_level: none
  ensemble_samples_coeff: 1.0
  init_baseline: covariance
  init_later: random
  lambda_dual: 1.0
  lambda_schedule: {'type': 'frank_wolfe', 'gamma': 1.0, 'tau': 1.0}
  n_ops: 1024
  weight_strategy: frank_wolfe
  alpha_n_grid: 11
  alpha_objective_weight: 0.5
  baseline: none
  shots: 1000
  final_eval_sampling: True
  dataset_metrics: True
  exact_metrics: {'enabled': True, 'max_qubits': 20, 'phases': {'baseline': True, 'steps': False, 'final': True, 'per_model': True, 'fcfw': True}}
  keep_models_for_diagnosis: True
  stop_on_reject: False
  save_circuit_artifacts: False
  rng_seed: 42
  circuit_config: {'topology': 'aachen_heavy_hex', 'distance': 2, 'max_weight': 2, 'n_ancilla': 0}
  turbo: 10
  dynamic_is_within_shell: shell_uniform
  exact_sampling: True
  acceptance_metric: training_mmd
  skip_sampling: True
  report_fcfw: True
  dynamic_is: False
  dynamic_is_beta: 0.049257893621958794
  sigma: [0.7313702014601817, 0.5439152500990173]
  require_exact_sampling: True
================================================================================
Saving config to out/hpo/hopfield_20q_p2_b20_20260605_193022/trials/trial_0059/config.json...
Gate structure: Qubits: 20
Aachen heavy-hex topology: 39 parameters
one_qubit=20, two_qubit=19
Using Gaussian Kernel (n_ops=1024, n_qubits=20):
  - sigma=0.73137020
  - sigma=0.54391525
Expected sampled operator size:
  - p=6.073160, std=2.056452
  - p=8.154954, std=2.197678
  mean: 7.114057
  std: 2.369148
Baselines enabled: 

Training ensemble Model 0 (400 epochs)...
Training has not converged after 400 steps
Model 0 final loss: 0.052685
  [Step 0/9] train_MMD=0.0499 alpha_opt=1.0000 oracle_top1_TVD=0.9034

[Step 1] Training Model 1...
  lambda_dual: 0.5000
Training has not converged after 400 steps
  Weighting: frank_wolfe alpha = 0.5000
  [Step 1/9] train_MMD=0.0370 alpha_opt=0.5000 oracle_top2_TVD=0.8067
  [OK] MMD improved (delta=+0.012951)
  SNR (proxy): 5.36 (mean_norm=0.0187, std_norm=0.0035)

[Step 2] Training Model 2...
  lambda_dual: 0.6667
Training has not converged after 400 steps
  Weighting: frank_wolfe alpha = 0.3333
  [Step 2/9] train_MMD=0.0262 alpha_opt=0.3333 oracle_top3_TVD=0.7101
  [OK] MMD improved (delta=+0.010827)
  SNR (proxy): 3.14 (mean_norm=0.0178, std_norm=0.0057)

[Step 3] Training Model 3...
  lambda_dual: 0.7500
Training has not converged after 400 steps
  Weighting: frank_wolfe alpha = 0.2500
  [Step 3/9] train_MMD=0.0209 alpha_opt=0.2500 oracle_top4_TVD=0.6135
  [OK] MMD improved (delta=+0.005267)
  SNR (proxy): 2.67 (mean_norm=0.0228, std_norm=0.0086)

[Step 4] Training Model 4...
  lambda_dual: 0.8000
Training has not converged after 400 steps
  Weighting: frank_wolfe alpha = 0.2000
  [Step 4/9] train_MMD=0.0191 alpha_opt=0.2000 oracle_top5_TVD=0.6047
  [OK] MMD improved (delta=+0.001749)
  SNR (proxy): 6.05 (mean_norm=0.0138, std_norm=0.0023)

[Step 5] Training Model 5...
  lambda_dual: 0.8333
Training has not converged after 400 steps
  Weighting: frank_wolfe alpha = 0.1667
  [Step 5/9] train_MMD=0.0065 alpha_opt=0.1667 oracle_top6_TVD=0.5960
  [OK] MMD improved (delta=+0.012618)
  SNR (proxy): 4.88 (mean_norm=0.0097, std_norm=0.0020)

[Step 6] Training Model 6...
  lambda_dual: 0.8571
Training has not converged after 400 steps
  Weighting: frank_wolfe alpha = 0.1429
  [Step 6/9] train_MMD=0.0052 alpha_opt=0.1429 oracle_top7_TVD=0.5872
  [OK] MMD improved (delta=+0.001342)
  SNR (proxy): 4.41 (mean_norm=0.0169, std_norm=0.0038)

[Step 7] Training Model 7...
  lambda_dual: 0.8750
Training has not converged after 400 steps
  Weighting: frank_wolfe alpha = 0.1250
  [Step 7/9] train_MMD=0.0066 alpha_opt=0.1250 oracle_top8_TVD=0.5784
  [WARNING] MMD worsened but kept (diagnostic, delta=-0.001402)
  SNR (proxy): 8.97 (mean_norm=0.0123, std_norm=0.0014)

[Step 8] Training Model 8...
  lambda_dual: 0.8889
Training has not converged after 400 steps
  Weighting: frank_wolfe alpha = 0.1111
  [Step 8/9] train_MMD=0.0066 alpha_opt=0.1111 oracle_top9_TVD=0.5697
  [OK] MMD improved (delta=+0.000005)
  SNR (proxy): 4.70 (mean_norm=0.0151, std_norm=0.0032)

[Step 9] Training Model 9...
  lambda_dual: 0.9000
Training has not converged after 400 steps
  Weighting: frank_wolfe alpha = 0.1000
  [Step 9/9] train_MMD=0.0079 alpha_opt=0.1000 oracle_top10_TVD=0.5609
  [WARNING] MMD worsened but kept (diagnostic, delta=-0.001283)
  SNR (proxy): 10.01 (mean_norm=0.0145, std_norm=0.0014)

Final: 10 models, MMD=0.0080 (delta=+0.0419) F1=nan

[FCFW] Computing Fully Corrective Frank-Wolfe weights for final ensemble...
  Weighting: fully corrective QP weights = [0.0000, 0.0000, 0.0000, 0.3132, 0.0000, 0.1688, 0.2467, 0.0188, 0.2525, 0.0000]
  FCFW Sampled MMD^2: -0.000213
  FCFW Sampled TVD:   0.2916

FINAL MODEL COMPARISON (inc. FCFW)
Model      | MMD        | TVD        | TVD*       | Valid      | Cover      | F1        
----------------------------------------------------------------------------------------
Baseline   | 0.0499     | n/a        | n/a        | n/a        | n/a        | n/a       
Ensemble   | 0.0080     | 0.399      | 0.283      | n/a        | n/a        | n/a       
Model 0    | 0.0537     | 0.897      | 0.766      | n/a        | n/a        | n/a       
Model 1    | 0.0665     | 0.843      | 0.716      | n/a        | n/a        | n/a       
Model 2    | 0.1305     | 0.825      | 0.752      | n/a        | n/a        | n/a       
Model 3    | 0.1196     | 0.822      | 0.737      | n/a        | n/a        | n/a       
Model 4    | 0.1603     | 0.829      | 0.756      | n/a        | n/a        | n/a       
Model 5    | 0.3544     | 0.833      | 0.792      | n/a        | n/a        | n/a       
Model 6    | 0.1631     | 0.816      | 0.753      | n/a        | n/a        | n/a       
Model 7    | 0.0753     | 0.773      | 0.696      | n/a        | n/a        | n/a       
Model 8    | 0.2129     | 0.822      | 0.756      | n/a        | n/a        | n/a       
Model 9    | 0.0761     | 0.827      | 0.775      | n/a        | n/a        | n/a       
Ensemble (FCFW) | -0.0002    | 0.292      | 0.201      | n/a        | n/a        | n/a       
Saving results to out/hpo/hopfield_20q_p2_b20_20260605_193022/trials/trial_0059/results.csv...
