Experiment: Boosting on Hopfield (20q, 1p)
Configuration:
  train_samples: 1000
  data_seed: 42
  n_samples: 400
  n_models: 10
  learning_rate: 0.005611516415334507
  epochs_per_step: 400
  caching_level: none
  ensemble_samples_coeff: 1.0
  init_baseline: covariance
  init_later: random
  lambda_dual: 1.0
  lambda_schedule: {'type': 'frank_wolfe', 'gamma': 1.0, 'tau': 1.0}
  n_ops: 1024
  weight_strategy: frank_wolfe
  alpha_n_grid: 11
  alpha_objective_weight: 0.5
  baseline: none
  shots: 1000
  final_eval_sampling: True
  dataset_metrics: True
  exact_metrics: {'enabled': True, 'max_qubits': 20, 'phases': {'baseline': True, 'steps': False, 'final': True, 'per_model': True, 'fcfw': True}}
  keep_models_for_diagnosis: True
  stop_on_reject: False
  save_circuit_artifacts: False
  rng_seed: 42
  circuit_config: {'topology': 'aachen_heavy_hex', 'distance': 2, 'max_weight': 2, 'n_ancilla': 0}
  turbo: 10
  dynamic_is_within_shell: shell_uniform
  exact_sampling: True
  acceptance_metric: training_mmd
  skip_sampling: True
  report_fcfw: True
  dynamic_is: False
  dynamic_is_beta: 0.060099747183803134
  sigma: [1.4152450092509703]
  require_exact_sampling: True
================================================================================
Saving config to out/hpo/hopfield_20q_p1_b20_20260605_220450/trials/trial_0000/config.json...
Gate structure: Qubits: 20
Aachen heavy-hex topology: 39 parameters
one_qubit=20, two_qubit=19
Using Gaussian Kernel (n_ops=1024, n_qubits=20):
  - sigma=1.41524501
Expected sampled operator size:
  - p=2.209155, std=1.401833
  mean: 2.209155
  std: 1.401833
Baselines enabled: 

Training ensemble Model 0 (400 epochs)...
Training has not converged after 400 steps
Model 0 final loss: 0.218016
  [Step 0/9] train_MMD=0.2218 alpha_opt=1.0000 oracle_top1_TVD=0.6977

[Step 1] Training Model 1...
  lambda_dual: 0.5000
Training has not converged after 400 steps
  Weighting: frank_wolfe alpha = 0.5000
  [Step 1/9] train_MMD=0.0501 alpha_opt=0.5000 oracle_top2_TVD=0.3954
  [OK] MMD improved (delta=+0.171743)
  SNR (proxy): 8.72 (mean_norm=0.0156, std_norm=0.0018)

[Step 2] Training Model 2...
  lambda_dual: 0.6667
Training has not converged after 400 steps
  Weighting: frank_wolfe alpha = 0.3333
  [Step 2/9] train_MMD=0.0230 alpha_opt=0.3333 oracle_top3_TVD=0.3886
  [OK] MMD improved (delta=+0.027083)
  SNR (proxy): 20.32 (mean_norm=0.0251, std_norm=0.0012)

[Step 3] Training Model 3...
  lambda_dual: 0.7500
Training has not converged after 400 steps
  Weighting: frank_wolfe alpha = 0.2500
  [Step 3/9] train_MMD=0.0092 alpha_opt=0.2500 oracle_top4_TVD=0.3818
  [OK] MMD improved (delta=+0.013735)
  SNR (proxy): 25.07 (mean_norm=0.0359, std_norm=0.0014)

[Step 4] Training Model 4...
  lambda_dual: 0.8000
Training has not converged after 400 steps
  Weighting: frank_wolfe alpha = 0.2000
  [Step 4/9] train_MMD=0.0082 alpha_opt=0.2000 oracle_top5_TVD=0.3751
  [OK] MMD improved (delta=+0.001063)
  SNR (proxy): 18.12 (mean_norm=0.0388, std_norm=0.0021)

[Step 5] Training Model 5...
  lambda_dual: 0.8333
Training has not converged after 400 steps
  Weighting: frank_wolfe alpha = 0.1667
  [Step 5/9] train_MMD=0.0043 alpha_opt=0.1667 oracle_top6_TVD=0.3683
  [OK] MMD improved (delta=+0.003876)
  SNR (proxy): 24.85 (mean_norm=0.0321, std_norm=0.0013)

[Step 6] Training Model 6...
  lambda_dual: 0.8571
Training has not converged after 400 steps
  Weighting: frank_wolfe alpha = 0.1429
  [Step 6/9] train_MMD=0.0044 alpha_opt=0.1429 oracle_top7_TVD=0.3615
  [WARNING] MMD worsened but kept (diagnostic, delta=-0.000100)
  SNR (proxy): 13.21 (mean_norm=0.0307, std_norm=0.0023)

[Step 7] Training Model 7...
  lambda_dual: 0.8750
Training has not converged after 400 steps
  Weighting: frank_wolfe alpha = 0.1250
  [Step 7/9] train_MMD=0.0026 alpha_opt=0.1250 oracle_top8_TVD=0.3548
  [OK] MMD improved (delta=+0.001766)
  SNR (proxy): 14.85 (mean_norm=0.0268, std_norm=0.0018)

[Step 8] Training Model 8...
  lambda_dual: 0.8889
Training has not converged after 400 steps
  Weighting: frank_wolfe alpha = 0.1111
  [Step 8/9] train_MMD=0.0028 alpha_opt=0.1111 oracle_top9_TVD=0.3480
  [WARNING] MMD worsened but kept (diagnostic, delta=-0.000202)
  SNR (proxy): 16.57 (mean_norm=0.0268, std_norm=0.0016)

[Step 9] Training Model 9...
  lambda_dual: 0.9000
Training has not converged after 400 steps
  Weighting: frank_wolfe alpha = 0.1000
  [Step 9/9] train_MMD=0.0018 alpha_opt=0.1000 oracle_top10_TVD=0.3413
  [OK] MMD improved (delta=+0.001009)
  SNR (proxy): 10.77 (mean_norm=0.0215, std_norm=0.0020)

Final: 10 models, MMD=0.0008 (delta=+0.2210) F1=nan

[FCFW] Computing Fully Corrective Frank-Wolfe weights for final ensemble...
  Weighting: fully corrective QP weights = [0.0014, 0.0717, 0.0414, 0.0465, 0.0105, 0.0987, 0.2843, 0.1596, 0.1635, 0.1223]
  FCFW Sampled MMD^2: 0.000099
  FCFW Sampled TVD:   0.1974

FINAL MODEL COMPARISON (inc. FCFW)
Model      | MMD        | TVD        | TVD*       | Valid      | Cover      | F1        
----------------------------------------------------------------------------------------
Baseline   | 0.2218     | n/a        | n/a        | n/a        | n/a        | n/a       
Ensemble   | 0.0008     | 0.221      | 0.145      | n/a        | n/a        | n/a       
Model 0    | 0.2153     | 0.858      | 0.760      | n/a        | n/a        | n/a       
Model 1    | 0.3964     | 0.621      | 0.586      | n/a        | n/a        | n/a       
Model 2    | 0.4533     | 0.636      | 0.594      | n/a        | n/a        | n/a       
Model 3    | 0.3792     | 0.614      | 0.567      | n/a        | n/a        | n/a       
Model 4    | 0.4070     | 0.615      | 0.565      | n/a        | n/a        | n/a       
Model 5    | 0.4017     | 0.601      | 0.525      | n/a        | n/a        | n/a       
Model 6    | 0.3583     | 0.601      | 0.520      | n/a        | n/a        | n/a       
Model 7    | 0.3768     | 0.594      | 0.508      | n/a        | n/a        | n/a       
Model 8    | 0.4001     | 0.601      | 0.530      | n/a        | n/a        | n/a       
Model 9    | 0.4003     | 0.595      | 0.530      | n/a        | n/a        | n/a       
Ensemble (FCFW) | 0.0001     | 0.197      | 0.093      | n/a        | n/a        | n/a       
Saving results to out/hpo/hopfield_20q_p1_b20_20260605_220450/trials/trial_0000/results.csv...
Experiment: Boosting on Hopfield (20q, 1p)
Configuration:
  train_samples: 1000
  data_seed: 42
  n_samples: 400
  n_models: 10
  learning_rate: 0.002327067708383781
  epochs_per_step: 400
  caching_level: none
  ensemble_samples_coeff: 1.0
  init_baseline: covariance
  init_later: random
  lambda_dual: 1.0
  lambda_schedule: {'type': 'frank_wolfe', 'gamma': 0.5, 'tau': 1.0}
  n_ops: 2048
  weight_strategy: frank_wolfe
  alpha_n_grid: 11
  alpha_objective_weight: 0.5
  baseline: none
  shots: 1000
  final_eval_sampling: True
  dataset_metrics: True
  exact_metrics: {'enabled': True, 'max_qubits': 20, 'phases': {'baseline': True, 'steps': False, 'final': True, 'per_model': True, 'fcfw': True}}
  keep_models_for_diagnosis: True
  stop_on_reject: False
  save_circuit_artifacts: False
  rng_seed: 42
  circuit_config: {'topology': 'aachen_heavy_hex', 'distance': 2, 'max_weight': 2, 'n_ancilla': 0}
  turbo: 10
  dynamic_is_within_shell: shell_uniform
  exact_sampling: True
  acceptance_metric: training_mmd
  skip_sampling: True
  report_fcfw: True
  dynamic_is: True
  dynamic_is_beta: 0.03647316284911211
  sigma: [2.453128653193013, 1.1627726509434237, 0.6102602912911075]
  require_exact_sampling: True
================================================================================
Saving config to out/hpo/hopfield_20q_p1_b20_20260605_220450/trials/trial_0001/config.json...
Gate structure: Qubits: 20
Aachen heavy-hex topology: 39 parameters
one_qubit=20, two_qubit=19
Using Gaussian Kernel (n_ops=2048, n_qubits=20):
  - sigma=2.45312865
  - sigma=1.16277265
  - sigma=0.61026029
Expected sampled operator size:
  - p=0.797283, std=0.874928
  - p=3.091354, std=1.616642
  - p=7.388287, std=2.158460
  mean: 3.758975
  std: 3.184715
Baselines enabled: 

Training ensemble Model 0 (400 epochs)...
Training has not converged after 400 steps
Model 0 final loss: 0.193992
  [Step 0/9] train_MMD=0.1950 alpha_opt=1.0000 oracle_top1_TVD=0.6977

[Step 1] Training Model 1...
  lambda_dual: 0.7500
Training has not converged after 400 steps
  Weighting: frank_wolfe alpha = 0.2500
  [Step 1/9] train_MMD=0.0652 alpha_opt=0.2500 oracle_top2_TVD=0.3954
  [OK] MMD improved (delta=+0.129868)
  SNR (proxy): 22.23 (mean_norm=0.0440, std_norm=0.0020)

[Step 2] Training Model 2...
  lambda_dual: 0.8333
Training has not converged after 400 steps
  Weighting: frank_wolfe alpha = 0.1667
  [Step 2/9] train_MMD=0.0515 alpha_opt=0.1667 oracle_top3_TVD=0.3886
  [OK] MMD improved (delta=+0.013667)
  SNR (proxy): 17.74 (mean_norm=0.0046, std_norm=0.0003)

[Step 3] Training Model 3...
  lambda_dual: 0.8750
Training has not converged after 400 steps
  Weighting: frank_wolfe alpha = 0.1250
  [Step 3/9] train_MMD=0.0538 alpha_opt=0.1250 oracle_top4_TVD=0.3818
  [WARNING] MMD worsened but kept (diagnostic, delta=-0.002331)
  SNR (proxy): 10.21 (mean_norm=0.0306, std_norm=0.0030)

[Step 4] Training Model 4...
  lambda_dual: 0.9000
Training has not converged after 400 steps
  Weighting: frank_wolfe alpha = 0.1000
  [Step 4/9] train_MMD=0.0257 alpha_opt=0.1000 oracle_top5_TVD=0.3751
  [OK] MMD improved (delta=+0.028146)
  SNR (proxy): 42.85 (mean_norm=0.0241, std_norm=0.0006)

[Step 5] Training Model 5...
  lambda_dual: 0.9167
Training has not converged after 400 steps
  Weighting: frank_wolfe alpha = 0.0833
  [Step 5/9] train_MMD=0.0143 alpha_opt=0.0833 oracle_top6_TVD=0.3683
  [OK] MMD improved (delta=+0.011418)
  SNR (proxy): 33.77 (mean_norm=0.0035, std_norm=0.0001)

[Step 6] Training Model 6...
  lambda_dual: 0.9286
Training has not converged after 400 steps
  Weighting: frank_wolfe alpha = 0.0714
  [Step 6/9] train_MMD=0.0151 alpha_opt=0.0714 oracle_top7_TVD=0.3615
  [WARNING] MMD worsened but kept (diagnostic, delta=-0.000804)
  SNR (proxy): 14.02 (mean_norm=0.0017, std_norm=0.0001)

[Step 7] Training Model 7...
  lambda_dual: 0.9375
Training has not converged after 400 steps
  Weighting: frank_wolfe alpha = 0.0625
  [Step 7/9] train_MMD=0.0085 alpha_opt=0.0625 oracle_top8_TVD=0.3548
  [OK] MMD improved (delta=+0.006591)
  SNR (proxy): 48.17 (mean_norm=0.0258, std_norm=0.0005)

[Step 8] Training Model 8...
  lambda_dual: 0.9444
Training has not converged after 400 steps
  Weighting: frank_wolfe alpha = 0.0556
  [Step 8/9] train_MMD=0.0071 alpha_opt=0.0556 oracle_top9_TVD=0.3480
  [OK] MMD improved (delta=+0.001369)
  SNR (proxy): 24.22 (mean_norm=0.0062, std_norm=0.0003)

[Step 9] Training Model 9...
  lambda_dual: 0.9500
Training has not converged after 400 steps
  Weighting: frank_wolfe alpha = 0.0500
  [Step 9/9] train_MMD=0.0056 alpha_opt=0.0500 oracle_top10_TVD=0.3413
  [OK] MMD improved (delta=+0.001541)
  SNR (proxy): 47.10 (mean_norm=0.0040, std_norm=0.0001)

Final: 10 models, MMD=0.0049 (delta=+0.1901) F1=nan

[FCFW] Computing Fully Corrective Frank-Wolfe weights for final ensemble...
  Weighting: fully corrective QP weights = [0.2045, 0.2709, 0.0000, 0.1855, 0.0179, 0.0000, 0.0000, 0.3013, 0.0197, 0.0000]
  FCFW Sampled MMD^2: 0.001581
  FCFW Sampled TVD:   0.3079

FINAL MODEL COMPARISON (inc. FCFW)
Model      | MMD        | TVD        | TVD*       | Valid      | Cover      | F1        
----------------------------------------------------------------------------------------
Baseline   | 0.1950     | n/a        | n/a        | n/a        | n/a        | n/a       
Ensemble   | 0.0049     | 0.375      | 0.299      | n/a        | n/a        | n/a       
Model 0    | 0.1917     | 0.887      | 0.794      | n/a        | n/a        | n/a       
Model 1    | 0.4777     | 0.677      | 0.676      | n/a        | n/a        | n/a       
Model 2    | 0.4889     | 0.698      | 0.690      | n/a        | n/a        | n/a       
Model 3    | 0.2750     | 0.621      | 0.590      | n/a        | n/a        | n/a       
Model 4    | 0.4953     | 0.698      | 0.691      | n/a        | n/a        | n/a       
Model 5    | 0.4953     | 0.698      | 0.697      | n/a        | n/a        | n/a       
Model 6    | 0.4889     | 0.698      | 0.688      | n/a        | n/a        | n/a       
Model 7    | 0.4871     | 0.691      | 0.690      | n/a        | n/a        | n/a       
Model 8    | 0.4953     | 0.698      | 0.693      | n/a        | n/a        | n/a       
Model 9    | 0.4760     | 0.691      | 0.685      | n/a        | n/a        | n/a       
Ensemble (FCFW) | 0.0016     | 0.308      | 0.252      | n/a        | n/a        | n/a       
Saving results to out/hpo/hopfield_20q_p1_b20_20260605_220450/trials/trial_0001/results.csv...
Experiment: Boosting on Hopfield (20q, 1p)
Configuration:
  train_samples: 1000
  data_seed: 42
  n_samples: 400
  n_models: 10
  learning_rate: 0.0013492834268013251
  epochs_per_step: 400
  caching_level: none
  ensemble_samples_coeff: 1.0
  init_baseline: covariance
  init_later: random
  lambda_dual: 1.0
  lambda_schedule: {'type': 'frank_wolfe', 'gamma': 0.75, 'tau': 1.0}
  n_ops: 1024
  weight_strategy: frank_wolfe
  alpha_n_grid: 11
  alpha_objective_weight: 0.5
  baseline: none
  shots: 1000
  final_eval_sampling: True
  dataset_metrics: True
  exact_metrics: {'enabled': True, 'max_qubits': 20, 'phases': {'baseline': True, 'steps': False, 'final': True, 'per_model': True, 'fcfw': True}}
  keep_models_for_diagnosis: True
  stop_on_reject: False
  save_circuit_artifacts: False
  rng_seed: 42
  circuit_config: {'topology': 'aachen_heavy_hex', 'distance': 2, 'max_weight': 2, 'n_ancilla': 0}
  turbo: 10
  dynamic_is_within_shell: shell_uniform
  exact_sampling: True
  acceptance_metric: training_mmd
  skip_sampling: True
  report_fcfw: True
  dynamic_is: True
  dynamic_is_beta: 0.11265466963346032
  sigma: [1.0909802761316276]
  require_exact_sampling: True
================================================================================
Saving config to out/hpo/hopfield_20q_p1_b20_20260605_220450/trials/trial_0002/config.json...
Gate structure: Qubits: 20
Aachen heavy-hex topology: 39 parameters
one_qubit=20, two_qubit=19
Using Gaussian Kernel (n_ops=1024, n_qubits=20):
  - sigma=1.09098028
Expected sampled operator size:
  - p=3.430084, std=1.685767
  mean: 3.430084
  std: 1.685767
Baselines enabled: 

Training ensemble Model 0 (400 epochs)...
Training has not converged after 400 steps
Model 0 final loss: 0.194060
  [Step 0/9] train_MMD=0.2024 alpha_opt=1.0000 oracle_top1_TVD=0.6977

[Step 1] Training Model 1...
  lambda_dual: 0.6250
Training has not converged after 400 steps
  Weighting: frank_wolfe alpha = 0.3750
  [Step 1/9] train_MMD=0.1379 alpha_opt=0.3750 oracle_top2_TVD=0.3954
  [OK] MMD improved (delta=+0.064444)
  SNR (proxy): 11.68 (mean_norm=0.1565, std_norm=0.0134)

[Step 2] Training Model 2...
  lambda_dual: 0.7500
Training has not converged after 400 steps
  Weighting: frank_wolfe alpha = 0.2500
  [Step 2/9] train_MMD=0.0880 alpha_opt=0.2500 oracle_top3_TVD=0.3886
  [OK] MMD improved (delta=+0.049904)
  SNR (proxy): 18.64 (mean_norm=0.2324, std_norm=0.0125)

[Step 3] Training Model 3...
  lambda_dual: 0.8125
Training has not converged after 400 steps
  Weighting: frank_wolfe alpha = 0.1875
  [Step 3/9] train_MMD=0.0732 alpha_opt=0.1875 oracle_top4_TVD=0.3818
  [OK] MMD improved (delta=+0.014836)
  SNR (proxy): 8.60 (mean_norm=0.1556, std_norm=0.0181)

[Step 4] Training Model 4...
  lambda_dual: 0.8500
Training has not converged after 400 steps
  Weighting: frank_wolfe alpha = 0.1500
  [Step 4/9] train_MMD=0.0565 alpha_opt=0.1500 oracle_top5_TVD=0.3751
  [OK] MMD improved (delta=+0.016690)
  SNR (proxy): 19.00 (mean_norm=0.2178, std_norm=0.0115)

[Step 5] Training Model 5...
  lambda_dual: 0.8750
Training has not converged after 400 steps
  Weighting: frank_wolfe alpha = 0.1250
  [Step 5/9] train_MMD=0.0554 alpha_opt=0.1250 oracle_top6_TVD=0.3683
  [OK] MMD improved (delta=+0.001075)
  SNR (proxy): 19.91 (mean_norm=0.1551, std_norm=0.0078)

[Step 6] Training Model 6...
  lambda_dual: 0.8929
Training has not converged after 400 steps
  Weighting: frank_wolfe alpha = 0.1071
  [Step 6/9] train_MMD=0.0550 alpha_opt=0.1071 oracle_top7_TVD=0.3615
  [OK] MMD improved (delta=+0.000444)
  SNR (proxy): 18.30 (mean_norm=0.2037, std_norm=0.0111)

[Step 7] Training Model 7...
  lambda_dual: 0.9062
Training has not converged after 400 steps
  Weighting: frank_wolfe alpha = 0.0937
  [Step 7/9] train_MMD=0.0617 alpha_opt=0.0937 oracle_top8_TVD=0.3548
  [WARNING] MMD worsened but kept (diagnostic, delta=-0.006715)
  SNR (proxy): 11.60 (mean_norm=0.0236, std_norm=0.0020)

[Step 8] Training Model 8...
  lambda_dual: 0.9167
Training has not converged after 400 steps
  Weighting: frank_wolfe alpha = 0.0833
  [Step 8/9] train_MMD=0.0622 alpha_opt=0.0833 oracle_top9_TVD=0.3480
  [WARNING] MMD worsened but kept (diagnostic, delta=-0.000448)
  SNR (proxy): 14.88 (mean_norm=0.1367, std_norm=0.0092)

[Step 9] Training Model 9...
  lambda_dual: 0.9250
Training has not converged after 400 steps
  Weighting: frank_wolfe alpha = 0.0750
  [Step 9/9] train_MMD=0.0493 alpha_opt=0.0750 oracle_top10_TVD=0.3413
  [OK] MMD improved (delta=+0.012898)
  SNR (proxy): 38.50 (mean_norm=0.2112, std_norm=0.0055)

Final: 10 models, MMD=0.0466 (delta=+0.1558) F1=nan

[FCFW] Computing Fully Corrective Frank-Wolfe weights for final ensemble...
  Weighting: fully corrective QP weights = [0.0000, 0.0000, 0.0617, 0.2176, 0.0000, 0.0263, 0.1065, 0.0000, 0.3717, 0.2160]
  FCFW Sampled MMD^2: 0.006697
  FCFW Sampled TVD:   0.3582

FINAL MODEL COMPARISON (inc. FCFW)
Model      | MMD        | TVD        | TVD*       | Valid      | Cover      | F1        
----------------------------------------------------------------------------------------
Baseline   | 0.2024     | n/a        | n/a        | n/a        | n/a        | n/a       
Ensemble   | 0.0466     | 0.574      | 0.497      | n/a        | n/a        | n/a       
Model 0    | 0.1920     | 0.810      | 0.705      | n/a        | n/a        | n/a       
Model 1    | 0.2766     | 0.977      | 0.922      | n/a        | n/a        | n/a       
Model 2    | 0.3332     | 0.685      | 0.627      | n/a        | n/a        | n/a       
Model 3    | 0.3726     | 0.670      | 0.657      | n/a        | n/a        | n/a       
Model 4    | 0.2904     | 0.735      | 0.695      | n/a        | n/a        | n/a       
Model 5    | 0.3230     | 0.810      | 0.727      | n/a        | n/a        | n/a       
Model 6    | 0.2619     | 0.649      | 0.647      | n/a        | n/a        | n/a       
Model 7    | 0.3121     | 1.000      | 0.975      | n/a        | n/a        | n/a       
Model 8    | 0.4076     | 0.677      | 0.668      | n/a        | n/a        | n/a       
Model 9    | 0.3219     | 0.656      | 0.637      | n/a        | n/a        | n/a       
Ensemble (FCFW) | 0.0067     | 0.358      | 0.315      | n/a        | n/a        | n/a       
Saving results to out/hpo/hopfield_20q_p1_b20_20260605_220450/trials/trial_0002/results.csv...
Experiment: Boosting on Hopfield (20q, 1p)
Configuration:
  train_samples: 1000
  data_seed: 42
  n_samples: 400
  n_models: 10
  learning_rate: 0.010968217207529524
  epochs_per_step: 400
  caching_level: none
  ensemble_samples_coeff: 1.0
  init_baseline: covariance
  init_later: random
  lambda_dual: 1.0
  lambda_schedule: {'type': 'frank_wolfe', 'gamma': 0.5, 'tau': 1.0}
  n_ops: 512
  weight_strategy: frank_wolfe
  alpha_n_grid: 11
  alpha_objective_weight: 0.5
  baseline: none
  shots: 1000
  final_eval_sampling: True
  dataset_metrics: True
  exact_metrics: {'enabled': True, 'max_qubits': 20, 'phases': {'baseline': True, 'steps': False, 'final': True, 'per_model': True, 'fcfw': True}}
  keep_models_for_diagnosis: True
  stop_on_reject: False
  save_circuit_artifacts: False
  rng_seed: 42
  circuit_config: {'topology': 'aachen_heavy_hex', 'distance': 2, 'max_weight': 2, 'n_ancilla': 0}
  turbo: 10
  dynamic_is_within_shell: shell_uniform
  exact_sampling: True
  acceptance_metric: training_mmd
  skip_sampling: True
  report_fcfw: True
  dynamic_is: False
  dynamic_is_beta: 0.18258230439200238
  sigma: [1.4053344211184828, 0.9456040838047207, 0.4852384750495194]
  require_exact_sampling: True
================================================================================
Saving config to out/hpo/hopfield_20q_p1_b20_20260605_220450/trials/trial_0003/config.json...
Gate structure: Qubits: 20
Aachen heavy-hex topology: 39 parameters
one_qubit=20, two_qubit=19
Using Gaussian Kernel (n_ops=512, n_qubits=20):
  - sigma=1.40533442
  - sigma=0.94560408
  - sigma=0.48523848
Expected sampled operator size:
  - p=2.236634, std=1.409435
  - p=4.283221, std=1.834645
  - p=8.803920, std=2.220016
  mean: 5.107925
  std: 3.309870
Baselines enabled: 

Training ensemble Model 0 (400 epochs)...
Training has not converged after 400 steps
Model 0 final loss: 0.168162
  [Step 0/9] train_MMD=0.1696 alpha_opt=1.0000 oracle_top1_TVD=0.6977

[Step 1] Training Model 1...
  lambda_dual: 0.7500
Training has not converged after 400 steps
  Weighting: frank_wolfe alpha = 0.2500
  [Step 1/9] train_MMD=0.0335 alpha_opt=0.2500 oracle_top2_TVD=0.3954
  [OK] MMD improved (delta=+0.136130)
  SNR (proxy): 140.31 (mean_norm=0.0000, std_norm=0.0000)

[Step 2] Training Model 2...
  lambda_dual: 0.8333
Training has not converged after 400 steps
  Weighting: frank_wolfe alpha = 0.1667
  [Step 2/9] train_MMD=0.0225 alpha_opt=0.1667 oracle_top3_TVD=0.3886
  [OK] MMD improved (delta=+0.010985)
  SNR (proxy): 13.10 (mean_norm=0.0368, std_norm=0.0028)

[Step 3] Training Model 3...
  lambda_dual: 0.8750
Training has not converged after 400 steps
  Weighting: frank_wolfe alpha = 0.1250
  [Step 3/9] train_MMD=0.0273 alpha_opt=0.1250 oracle_top4_TVD=0.3818
  [WARNING] MMD worsened but kept (diagnostic, delta=-0.004768)
  SNR (proxy): 14.23 (mean_norm=0.0381, std_norm=0.0027)

[Step 4] Training Model 4...
  lambda_dual: 0.9000
Training has not converged after 400 steps
  Weighting: frank_wolfe alpha = 0.1000
  [Step 4/9] train_MMD=0.0105 alpha_opt=0.1000 oracle_top5_TVD=0.3751
  [OK] MMD improved (delta=+0.016737)
  SNR (proxy): 23.96 (mean_norm=0.0000, std_norm=0.0000)

[Step 5] Training Model 5...
  lambda_dual: 0.9167
Training has not converged after 400 steps
  Weighting: frank_wolfe alpha = 0.0833
  [Step 5/9] train_MMD=0.0125 alpha_opt=0.0833 oracle_top6_TVD=0.3683
  [WARNING] MMD worsened but kept (diagnostic, delta=-0.001931)
  SNR (proxy): 9.30 (mean_norm=0.0262, std_norm=0.0028)

[Step 6] Training Model 6...
  lambda_dual: 0.9286
Training has not converged after 400 steps
  Weighting: frank_wolfe alpha = 0.0714
  [Step 6/9] train_MMD=0.0055 alpha_opt=0.0714 oracle_top7_TVD=0.3615
  [OK] MMD improved (delta=+0.006953)
  SNR (proxy): 19.55 (mean_norm=0.0000, std_norm=0.0000)

[Step 7] Training Model 7...
  lambda_dual: 0.9375
Training has not converged after 400 steps
  Weighting: frank_wolfe alpha = 0.0625
  [Step 7/9] train_MMD=0.0065 alpha_opt=0.0625 oracle_top8_TVD=0.3548
  [WARNING] MMD worsened but kept (diagnostic, delta=-0.001020)
  SNR (proxy): 14.43 (mean_norm=0.0210, std_norm=0.0015)

[Step 8] Training Model 8...
  lambda_dual: 0.9444
Training has not converged after 400 steps
  Weighting: frank_wolfe alpha = 0.0556
  [Step 8/9] train_MMD=0.0089 alpha_opt=0.0556 oracle_top9_TVD=0.3480
  [WARNING] MMD worsened but kept (diagnostic, delta=-0.002363)
  SNR (proxy): 14.58 (mean_norm=0.0175, std_norm=0.0012)

[Step 9] Training Model 9...
  lambda_dual: 0.9500
Training has not converged after 400 steps
  Weighting: frank_wolfe alpha = 0.0500
  [Step 9/9] train_MMD=0.0041 alpha_opt=0.0500 oracle_top10_TVD=0.3413
  [OK] MMD improved (delta=+0.004821)
  SNR (proxy): 37.55 (mean_norm=0.0000, std_norm=0.0000)

Final: 10 models, MMD=0.0082 (delta=+0.1615) F1=nan

[FCFW] Computing Fully Corrective Frank-Wolfe weights for final ensemble...
  Weighting: fully corrective QP weights = [0.2241, 0.0629, 0.1425, 0.0959, 0.0960, 0.1067, 0.0960, 0.0799, 0.0000, 0.0960]
  FCFW Sampled MMD^2: 0.000019
  FCFW Sampled TVD:   0.2546

FINAL MODEL COMPARISON (inc. FCFW)
Model      | MMD        | TVD        | TVD*       | Valid      | Cover      | F1        
----------------------------------------------------------------------------------------
Baseline   | 0.1696     | n/a        | n/a        | n/a        | n/a        | n/a       
Ensemble   | 0.0082     | 0.330      | 0.233      | n/a        | n/a        | n/a       
Model 0    | 0.1726     | 0.735      | 0.652      | n/a        | n/a        | n/a       
Model 1    | 0.5389     | 0.698      | 0.698      | n/a        | n/a        | n/a       
Model 2    | 0.4038     | 0.643      | 0.601      | n/a        | n/a        | n/a       
Model 3    | 0.2008     | 0.630      | 0.547      | n/a        | n/a        | n/a       
Model 4    | 0.5278     | 0.698      | 0.698      | n/a        | n/a        | n/a       
Model 5    | 0.3121     | 0.629      | 0.550      | n/a        | n/a        | n/a       
Model 6    | 0.5278     | 0.698      | 0.698      | n/a        | n/a        | n/a       
Model 7    | 0.2786     | 0.615      | 0.565      | n/a        | n/a        | n/a       
Model 8    | 0.2057     | 0.676      | 0.536      | n/a        | n/a        | n/a       
Model 9    | 0.5278     | 0.698      | 0.698      | n/a        | n/a        | n/a       
Ensemble (FCFW) | 0.0000     | 0.255      | 0.199      | n/a        | n/a        | n/a       
Saving results to out/hpo/hopfield_20q_p1_b20_20260605_220450/trials/trial_0003/results.csv...
Experiment: Boosting on Hopfield (20q, 1p)
Configuration:
  train_samples: 1000
  data_seed: 42
  n_samples: 400
  n_models: 10
  learning_rate: 0.0036464395589807202
  epochs_per_step: 400
  caching_level: none
  ensemble_samples_coeff: 1.0
  init_baseline: covariance
  init_later: random
  lambda_dual: 1.0
  lambda_schedule: {'type': 'frank_wolfe', 'gamma': 0.5, 'tau': 1.0}
  n_ops: 1024
  weight_strategy: frank_wolfe
  alpha_n_grid: 11
  alpha_objective_weight: 0.5
  baseline: none
  shots: 1000
  final_eval_sampling: True
  dataset_metrics: True
  exact_metrics: {'enabled': True, 'max_qubits': 20, 'phases': {'baseline': True, 'steps': False, 'final': True, 'per_model': True, 'fcfw': True}}
  keep_models_for_diagnosis: True
  stop_on_reject: False
  save_circuit_artifacts: False
  rng_seed: 42
  circuit_config: {'topology': 'aachen_heavy_hex', 'distance': 2, 'max_weight': 2, 'n_ancilla': 0}
  turbo: 10
  dynamic_is_within_shell: shell_uniform
  exact_sampling: True
  acceptance_metric: training_mmd
  skip_sampling: True
  report_fcfw: True
  dynamic_is: False
  dynamic_is_beta: 0.11058146376563001
  sigma: [1.8100552196140227, 0.8703381952919746]
  require_exact_sampling: True
================================================================================
Saving config to out/hpo/hopfield_20q_p1_b20_20260605_220450/trials/trial_0004/config.json...
Gate structure: Qubits: 20
Aachen heavy-hex topology: 39 parameters
one_qubit=20, two_qubit=19
Using Gaussian Kernel (n_ops=1024, n_qubits=20):
  - sigma=1.81005522
  - sigma=0.87033820
Expected sampled operator size:
  - p=1.415366, std=1.146823
  - p=4.831879, std=1.914295
  mean: 3.123622
  std: 2.325512
Baselines enabled: 

Training ensemble Model 0 (400 epochs)...
Training has not converged after 400 steps
Model 0 final loss: 0.197981
  [Step 0/9] train_MMD=0.2055 alpha_opt=1.0000 oracle_top1_TVD=0.6977

[Step 1] Training Model 1...
  lambda_dual: 0.7500
Training has not converged after 400 steps
  Weighting: frank_wolfe alpha = 0.2500
  [Step 1/9] train_MMD=0.0520 alpha_opt=0.2500 oracle_top2_TVD=0.3954
  [OK] MMD improved (delta=+0.153491)
  SNR (proxy): 203.80 (mean_norm=0.0071, std_norm=0.0000)

[Step 2] Training Model 2...
  lambda_dual: 0.8333
Training has not converged after 400 steps
  Weighting: frank_wolfe alpha = 0.1667
  [Step 2/9] train_MMD=0.0326 alpha_opt=0.1667 oracle_top3_TVD=0.3886
  [OK] MMD improved (delta=+0.019442)
  SNR (proxy): 23.87 (mean_norm=0.0128, std_norm=0.0005)

[Step 3] Training Model 3...
  lambda_dual: 0.8750
Training has not converged after 400 steps
  Weighting: frank_wolfe alpha = 0.1250
  [Step 3/9] train_MMD=0.0373 alpha_opt=0.1250 oracle_top4_TVD=0.3818
  [WARNING] MMD worsened but kept (diagnostic, delta=-0.004752)
  SNR (proxy): 20.49 (mean_norm=0.0378, std_norm=0.0018)

[Step 4] Training Model 4...
  lambda_dual: 0.9000
Training has not converged after 400 steps
  Weighting: frank_wolfe alpha = 0.1000
  [Step 4/9] train_MMD=0.0173 alpha_opt=0.1000 oracle_top5_TVD=0.3751
  [OK] MMD improved (delta=+0.020065)
  SNR (proxy): 50.07 (mean_norm=0.0000, std_norm=0.0000)

[Step 5] Training Model 5...
  lambda_dual: 0.9167
Training has not converged after 400 steps
  Weighting: frank_wolfe alpha = 0.0833
  [Step 5/9] train_MMD=0.0197 alpha_opt=0.0833 oracle_top6_TVD=0.3683
  [WARNING] MMD worsened but kept (diagnostic, delta=-0.002430)
  SNR (proxy): 14.06 (mean_norm=0.0254, std_norm=0.0018)

[Step 6] Training Model 6...
  lambda_dual: 0.9286
Training has not converged after 400 steps
  Weighting: frank_wolfe alpha = 0.0714
  [Step 6/9] train_MMD=0.0102 alpha_opt=0.0714 oracle_top7_TVD=0.3615
  [OK] MMD improved (delta=+0.009459)
  SNR (proxy): 71.02 (mean_norm=0.0132, std_norm=0.0002)

[Step 7] Training Model 7...
  lambda_dual: 0.9375
Training has not converged after 400 steps
  Weighting: frank_wolfe alpha = 0.0625
  [Step 7/9] train_MMD=0.0119 alpha_opt=0.0625 oracle_top8_TVD=0.3548
  [WARNING] MMD worsened but kept (diagnostic, delta=-0.001670)
  SNR (proxy): 16.05 (mean_norm=0.0162, std_norm=0.0010)

[Step 8] Training Model 8...
  lambda_dual: 0.9444
Training has not converged after 400 steps
  Weighting: frank_wolfe alpha = 0.0556
  [Step 8/9] train_MMD=0.0065 alpha_opt=0.0556 oracle_top9_TVD=0.3480
  [OK] MMD improved (delta=+0.005375)
  SNR (proxy): 113.52 (mean_norm=0.0003, std_norm=0.0000)

[Step 9] Training Model 9...
  lambda_dual: 0.9500
Training has not converged after 400 steps
  Weighting: frank_wolfe alpha = 0.0500
  [Step 9/9] train_MMD=0.0077 alpha_opt=0.0500 oracle_top10_TVD=0.3413
  [WARNING] MMD worsened but kept (diagnostic, delta=-0.001216)
  SNR (proxy): 18.44 (mean_norm=0.0149, std_norm=0.0008)

Final: 10 models, MMD=0.0076 (delta=+0.1979) F1=nan

[FCFW] Computing Fully Corrective Frank-Wolfe weights for final ensemble...
  Weighting: fully corrective QP weights = [0.1806, 0.0684, 0.0000, 0.0270, 0.0000, 0.1773, 0.3371, 0.0961, 0.0000, 0.1135]
  FCFW Sampled MMD^2: -0.000194
  FCFW Sampled TVD:   0.2705

FINAL MODEL COMPARISON (inc. FCFW)
Model      | MMD        | TVD        | TVD*       | Valid      | Cover      | F1        
----------------------------------------------------------------------------------------
Baseline   | 0.2055     | n/a        | n/a        | n/a        | n/a        | n/a       
Ensemble   | 0.0076     | 0.362      | 0.288      | n/a        | n/a        | n/a       
Model 0    | 0.2016     | 0.781      | 0.731      | n/a        | n/a        | n/a       
Model 1    | 0.5037     | 0.698      | 0.696      | n/a        | n/a        | n/a       
Model 2    | 0.5001     | 0.691      | 0.678      | n/a        | n/a        | n/a       
Model 3    | 0.2644     | 0.604      | 0.554      | n/a        | n/a        | n/a       
Model 4    | 0.5071     | 0.698      | 0.698      | n/a        | n/a        | n/a       
Model 5    | 0.3865     | 0.635      | 0.557      | n/a        | n/a        | n/a       
Model 6    | 0.5006     | 0.691      | 0.691      | n/a        | n/a        | n/a       
Model 7    | 0.3777     | 0.629      | 0.585      | n/a        | n/a        | n/a       
Model 8    | 0.5071     | 0.698      | 0.698      | n/a        | n/a        | n/a       
Model 9    | 0.3402     | 0.649      | 0.563      | n/a        | n/a        | n/a       
Ensemble (FCFW) | -0.0002    | 0.271      | 0.201      | n/a        | n/a        | n/a       
Saving results to out/hpo/hopfield_20q_p1_b20_20260605_220450/trials/trial_0004/results.csv...
Experiment: Boosting on Hopfield (20q, 1p)
Configuration:
  train_samples: 1000
  data_seed: 42
  n_samples: 400
  n_models: 10
  learning_rate: 0.05323617594751501
  epochs_per_step: 400
  caching_level: none
  ensemble_samples_coeff: 1.0
  init_baseline: covariance
  init_later: random
  lambda_dual: 1.0
  lambda_schedule: {'type': 'frank_wolfe', 'gamma': 0.75, 'tau': 1.0}
  n_ops: 512
  weight_strategy: frank_wolfe
  alpha_n_grid: 11
  alpha_objective_weight: 0.5
  baseline: none
  shots: 1000
  final_eval_sampling: True
  dataset_metrics: True
  exact_metrics: {'enabled': True, 'max_qubits': 20, 'phases': {'baseline': True, 'steps': False, 'final': True, 'per_model': True, 'fcfw': True}}
  keep_models_for_diagnosis: True
  stop_on_reject: False
  save_circuit_artifacts: False
  rng_seed: 42
  circuit_config: {'topology': 'aachen_heavy_hex', 'distance': 2, 'max_weight': 2, 'n_ancilla': 0}
  turbo: 10
  dynamic_is_within_shell: shell_uniform
  exact_sampling: True
  acceptance_metric: training_mmd
  skip_sampling: True
  report_fcfw: True
  dynamic_is: False
  dynamic_is_beta: 0.012097379927033842
  sigma: [0.9284811401487101, 0.5495140309844374]
  require_exact_sampling: True
================================================================================
Saving config to out/hpo/hopfield_20q_p1_b20_20260605_220450/trials/trial_0005/config.json...
Gate structure: Qubits: 20
Aachen heavy-hex topology: 39 parameters
one_qubit=20, two_qubit=19
Using Gaussian Kernel (n_ops=512, n_qubits=20):
  - sigma=0.92848114
  - sigma=0.54951403
Expected sampled operator size:
  - p=4.400985, std=1.852715
  - p=8.090641, std=2.194930
  mean: 6.245813
  std: 2.743816
Baselines enabled: 

Training ensemble Model 0 (400 epochs)...
Training has not converged after 400 steps
Model 0 final loss: 0.145101
  [Step 0/9] train_MMD=0.1433 alpha_opt=1.0000 oracle_top1_TVD=0.6977

[Step 1] Training Model 1...
  lambda_dual: 0.6250
Training has not converged after 400 steps
  Weighting: frank_wolfe alpha = 0.3750
  [Step 1/9] train_MMD=0.0249 alpha_opt=0.3750 oracle_top2_TVD=0.3954
  [OK] MMD improved (delta=+0.118431)
  SNR (proxy): 10.61 (mean_norm=0.0115, std_norm=0.0011)

[Step 2] Training Model 2...
  lambda_dual: 0.7500
Training has not converged after 400 steps
  Weighting: frank_wolfe alpha = 0.2500
  [Step 2/9] train_MMD=0.0406 alpha_opt=0.2500 oracle_top3_TVD=0.3886
  [WARNING] MMD worsened but kept (diagnostic, delta=-0.015760)
  SNR (proxy): 11.32 (mean_norm=0.0748, std_norm=0.0066)

[Step 3] Training Model 3...
  lambda_dual: 0.8125
Training has not converged after 400 steps
  Weighting: frank_wolfe alpha = 0.1875
  [Step 3/9] train_MMD=0.0064 alpha_opt=0.1875 oracle_top4_TVD=0.3818
  [OK] MMD improved (delta=+0.034270)
  SNR (proxy): 10.22 (mean_norm=0.0000, std_norm=0.0000)

[Step 4] Training Model 4...
  lambda_dual: 0.8500
Training has not converged after 400 steps
  Weighting: frank_wolfe alpha = 0.1500
  [Step 4/9] train_MMD=0.0082 alpha_opt=0.1500 oracle_top5_TVD=0.3751
  [WARNING] MMD worsened but kept (diagnostic, delta=-0.001868)
  SNR (proxy): 12.79 (mean_norm=0.0599, std_norm=0.0047)

[Step 5] Training Model 5...
  lambda_dual: 0.8750
Training has not converged after 400 steps
  Weighting: frank_wolfe alpha = 0.1250
  [Step 5/9] train_MMD=0.0157 alpha_opt=0.1250 oracle_top6_TVD=0.3683
  [WARNING] MMD worsened but kept (diagnostic, delta=-0.007453)
  SNR (proxy): 15.06 (mean_norm=0.0564, std_norm=0.0037)

[Step 6] Training Model 6...
  lambda_dual: 0.8929
Training has not converged after 400 steps
  Weighting: frank_wolfe alpha = 0.1071
  [Step 6/9] train_MMD=0.0040 alpha_opt=0.1071 oracle_top7_TVD=0.3615
  [OK] MMD improved (delta=+0.011710)
  SNR (proxy): 10.62 (mean_norm=0.0000, std_norm=0.0000)

[Step 7] Training Model 7...
  lambda_dual: 0.9062
Training has not converged after 400 steps
  Weighting: frank_wolfe alpha = 0.0937
  [Step 7/9] train_MMD=0.0053 alpha_opt=0.0937 oracle_top8_TVD=0.3548
  [WARNING] MMD worsened but kept (diagnostic, delta=-0.001347)
  SNR (proxy): 11.60 (mean_norm=0.0362, std_norm=0.0031)

[Step 8] Training Model 8...
  lambda_dual: 0.9167
Training has not converged after 400 steps
  Weighting: frank_wolfe alpha = 0.0833
  [Step 8/9] train_MMD=0.0016 alpha_opt=0.0833 oracle_top9_TVD=0.3480
  [OK] MMD improved (delta=+0.003678)
  SNR (proxy): 14.80 (mean_norm=0.0000, std_norm=0.0000)

[Step 9] Training Model 9...
  lambda_dual: 0.9250
Training has not converged after 400 steps
  Weighting: frank_wolfe alpha = 0.0750
  [Step 9/9] train_MMD=0.0017 alpha_opt=0.0750 oracle_top10_TVD=0.3413
  [WARNING] MMD worsened but kept (diagnostic, delta=-0.000054)
  SNR (proxy): 13.83 (mean_norm=0.0234, std_norm=0.0017)

Final: 10 models, MMD=0.0004 (delta=+0.1429) F1=nan

[FCFW] Computing Fully Corrective Frank-Wolfe weights for final ensemble...
  Weighting: fully corrective QP weights = [0.0920, 0.2218, 0.1360, 0.0388, 0.1407, 0.0000, 0.0388, 0.1343, 0.0000, 0.1975]
  FCFW Sampled MMD^2: -0.000471
  FCFW Sampled TVD:   0.2028

FINAL MODEL COMPARISON (inc. FCFW)
Model      | MMD        | TVD        | TVD*       | Valid      | Cover      | F1        
----------------------------------------------------------------------------------------
Baseline   | 0.1433     | n/a        | n/a        | n/a        | n/a        | n/a       
Ensemble   | 0.0004     | 0.245      | 0.178      | n/a        | n/a        | n/a       
Model 0    | 0.1465     | 0.728      | 0.630      | n/a        | n/a        | n/a       
Model 1    | 0.4721     | 0.663      | 0.638      | n/a        | n/a        | n/a       
Model 2    | 0.1475     | 0.702      | 0.577      | n/a        | n/a        | n/a       
Model 3    | 0.5514     | 0.698      | 0.698      | n/a        | n/a        | n/a       
Model 4    | 0.2968     | 0.601      | 0.554      | n/a        | n/a        | n/a       
Model 5    | 0.1383     | 0.683      | 0.601      | n/a        | n/a        | n/a       
Model 6    | 0.5514     | 0.698      | 0.698      | n/a        | n/a        | n/a       
Model 7    | 0.2360     | 0.628      | 0.593      | n/a        | n/a        | n/a       
Model 8    | 0.5362     | 0.698      | 0.698      | n/a        | n/a        | n/a       
Model 9    | 0.2779     | 0.628      | 0.579      | n/a        | n/a        | n/a       
Ensemble (FCFW) | -0.0005    | 0.203      | 0.128      | n/a        | n/a        | n/a       
Saving results to out/hpo/hopfield_20q_p1_b20_20260605_220450/trials/trial_0005/results.csv...
Experiment: Boosting on Hopfield (20q, 1p)
Configuration:
  train_samples: 1000
  data_seed: 42
  n_samples: 400
  n_models: 10
  learning_rate: 0.011103647313054618
  epochs_per_step: 400
  caching_level: none
  ensemble_samples_coeff: 1.0
  init_baseline: covariance
  init_later: random
  lambda_dual: 1.0
  lambda_schedule: {'type': 'frank_wolfe', 'gamma': 0.5, 'tau': 1.0}
  n_ops: 512
  weight_strategy: frank_wolfe
  alpha_n_grid: 11
  alpha_objective_weight: 0.5
  baseline: none
  shots: 1000
  final_eval_sampling: True
  dataset_metrics: True
  exact_metrics: {'enabled': True, 'max_qubits': 20, 'phases': {'baseline': True, 'steps': False, 'final': True, 'per_model': True, 'fcfw': True}}
  keep_models_for_diagnosis: True
  stop_on_reject: False
  save_circuit_artifacts: False
  rng_seed: 42
  circuit_config: {'topology': 'aachen_heavy_hex', 'distance': 2, 'max_weight': 2, 'n_ancilla': 0}
  turbo: 10
  dynamic_is_within_shell: shell_uniform
  exact_sampling: True
  acceptance_metric: training_mmd
  skip_sampling: True
  report_fcfw: True
  dynamic_is: False
  dynamic_is_beta: 0.013815607382950859
  sigma: [1.1335151316674401]
  require_exact_sampling: True
================================================================================
Saving config to out/hpo/hopfield_20q_p1_b20_20260605_220450/trials/trial_0006/config.json...
Gate structure: Qubits: 20
Aachen heavy-hex topology: 39 parameters
one_qubit=20, two_qubit=19
Using Gaussian Kernel (n_ops=512, n_qubits=20):
  - sigma=1.13351513
Expected sampled operator size:
  - p=3.223664, std=1.644404
  mean: 3.223664
  std: 1.644404
Baselines enabled: 

Training ensemble Model 0 (400 epochs)...
Training has not converged after 400 steps
Model 0 final loss: 0.202697
  [Step 0/9] train_MMD=0.1879 alpha_opt=1.0000 oracle_top1_TVD=0.6977

[Step 1] Training Model 1...
  lambda_dual: 0.7500
Training has not converged after 400 steps
  Weighting: frank_wolfe alpha = 0.2500
  [Step 1/9] train_MMD=0.0476 alpha_opt=0.2500 oracle_top2_TVD=0.3954
  [OK] MMD improved (delta=+0.140259)
  SNR (proxy): 12.68 (mean_norm=0.0000, std_norm=0.0000)

[Step 2] Training Model 2...
  lambda_dual: 0.8333
Training has not converged after 400 steps
  Weighting: frank_wolfe alpha = 0.1667
  [Step 2/9] train_MMD=0.0309 alpha_opt=0.1667 oracle_top3_TVD=0.3886
  [OK] MMD improved (delta=+0.016714)
  SNR (proxy): 72.43 (mean_norm=0.0000, std_norm=0.0000)

[Step 3] Training Model 3...
  lambda_dual: 0.8750
Training has not converged after 400 steps
  Weighting: frank_wolfe alpha = 0.1250
  [Step 3/9] train_MMD=0.0369 alpha_opt=0.1250 oracle_top4_TVD=0.3818
  [WARNING] MMD worsened but kept (diagnostic, delta=-0.006014)
  SNR (proxy): 15.81 (mean_norm=0.0512, std_norm=0.0032)

[Step 4] Training Model 4...
  lambda_dual: 0.9000
Training has not converged after 400 steps
  Weighting: frank_wolfe alpha = 0.1000
  [Step 4/9] train_MMD=0.0163 alpha_opt=0.1000 oracle_top5_TVD=0.3751
  [OK] MMD improved (delta=+0.020640)
  SNR (proxy): 17.95 (mean_norm=0.0000, std_norm=0.0000)

[Step 5] Training Model 5...
  lambda_dual: 0.9167
Training has not converged after 400 steps
  Weighting: frank_wolfe alpha = 0.0833
  [Step 5/9] train_MMD=0.0193 alpha_opt=0.0833 oracle_top6_TVD=0.3683
  [WARNING] MMD worsened but kept (diagnostic, delta=-0.003044)
  SNR (proxy): 10.79 (mean_norm=0.0315, std_norm=0.0029)

[Step 6] Training Model 6...
  lambda_dual: 0.9286
Training has not converged after 400 steps
  Weighting: frank_wolfe alpha = 0.0714
  [Step 6/9] train_MMD=0.0242 alpha_opt=0.0714 oracle_top7_TVD=0.3615
  [WARNING] MMD worsened but kept (diagnostic, delta=-0.004875)
  SNR (proxy): 22.54 (mean_norm=0.0414, std_norm=0.0018)

[Step 7] Training Model 7...
  lambda_dual: 0.9375
Training has not converged after 400 steps
  Weighting: frank_wolfe alpha = 0.0625
  [Step 7/9] train_MMD=0.0134 alpha_opt=0.0625 oracle_top8_TVD=0.3548
  [OK] MMD improved (delta=+0.010830)
  SNR (proxy): 15.10 (mean_norm=0.0000, std_norm=0.0000)

[Step 8] Training Model 8...
  lambda_dual: 0.9444
Training has not converged after 400 steps
  Weighting: frank_wolfe alpha = 0.0556
  [Step 8/9] train_MMD=0.0084 alpha_opt=0.0556 oracle_top9_TVD=0.3480
  [OK] MMD improved (delta=+0.004974)
  SNR (proxy): 16.15 (mean_norm=0.0000, std_norm=0.0000)

[Step 9] Training Model 9...
  lambda_dual: 0.9500
Training has not converged after 400 steps
  Weighting: frank_wolfe alpha = 0.0500
  [Step 9/9] train_MMD=0.0085 alpha_opt=0.0500 oracle_top10_TVD=0.3413
  [WARNING] MMD worsened but kept (diagnostic, delta=-0.000091)
  SNR (proxy): 17.40 (mean_norm=0.0000, std_norm=0.0000)

Final: 10 models, MMD=0.0059 (delta=+0.1820) F1=nan

[FCFW] Computing Fully Corrective Frank-Wolfe weights for final ensemble...
  Weighting: fully corrective QP weights = [0.1736, 0.0657, 0.0657, 0.1364, 0.1128, 0.1376, 0.0168, 0.1128, 0.1128, 0.0657]
  FCFW Sampled MMD^2: -0.000030
  FCFW Sampled TVD:   0.2780

FINAL MODEL COMPARISON (inc. FCFW)
Model      | MMD        | TVD        | TVD*       | Valid      | Cover      | F1        
----------------------------------------------------------------------------------------
Baseline   | 0.1879     | n/a        | n/a        | n/a        | n/a        | n/a       
Ensemble   | 0.0059     | 0.349      | 0.258      | n/a        | n/a        | n/a       
Model 0    | 0.1979     | 0.749      | 0.673      | n/a        | n/a        | n/a       
Model 1    | 0.5144     | 0.698      | 0.698      | n/a        | n/a        | n/a       
Model 2    | 0.5144     | 0.698      | 0.698      | n/a        | n/a        | n/a       
Model 3    | 0.2673     | 0.600      | 0.530      | n/a        | n/a        | n/a       
Model 4    | 0.5177     | 0.698      | 0.698      | n/a        | n/a        | n/a       
Model 5    | 0.4113     | 0.630      | 0.543      | n/a        | n/a        | n/a       
Model 6    | 0.2016     | 0.846      | 0.735      | n/a        | n/a        | n/a       
Model 7    | 0.5177     | 0.698      | 0.698      | n/a        | n/a        | n/a       
Model 8    | 0.5177     | 0.698      | 0.698      | n/a        | n/a        | n/a       
Model 9    | 0.5144     | 0.698      | 0.698      | n/a        | n/a        | n/a       
Ensemble (FCFW) | -0.0000    | 0.278      | 0.199      | n/a        | n/a        | n/a       
Saving results to out/hpo/hopfield_20q_p1_b20_20260605_220450/trials/trial_0006/results.csv...
Experiment: Boosting on Hopfield (20q, 1p)
Configuration:
  train_samples: 1000
  data_seed: 42
  n_samples: 400
  n_models: 10
  learning_rate: 0.0021010799310103557
  epochs_per_step: 400
  caching_level: none
  ensemble_samples_coeff: 1.0
  init_baseline: covariance
  init_later: random
  lambda_dual: 1.0
  lambda_schedule: {'type': 'frank_wolfe', 'gamma': 1.0, 'tau': 1.0}
  n_ops: 2048
  weight_strategy: frank_wolfe
  alpha_n_grid: 11
  alpha_objective_weight: 0.5
  baseline: none
  shots: 1000
  final_eval_sampling: True
  dataset_metrics: True
  exact_metrics: {'enabled': True, 'max_qubits': 20, 'phases': {'baseline': True, 'steps': False, 'final': True, 'per_model': True, 'fcfw': True}}
  keep_models_for_diagnosis: True
  stop_on_reject: False
  save_circuit_artifacts: False
  rng_seed: 42
  circuit_config: {'topology': 'aachen_heavy_hex', 'distance': 2, 'max_weight': 2, 'n_ancilla': 0}
  turbo: 10
  dynamic_is_within_shell: shell_uniform
  exact_sampling: True
  acceptance_metric: training_mmd
  skip_sampling: True
  report_fcfw: True
  dynamic_is: False
  dynamic_is_beta: 0.06669254439997736
  sigma: [0.912465013808801]
  require_exact_sampling: True
================================================================================
Saving config to out/hpo/hopfield_20q_p1_b20_20260605_220450/trials/trial_0007/config.json...
Gate structure: Qubits: 20
Aachen heavy-hex topology: 39 parameters
one_qubit=20, two_qubit=19
Using Gaussian Kernel (n_ops=2048, n_qubits=20):
  - sigma=0.91246501
Expected sampled operator size:
  - p=4.514813, std=1.869662
  mean: 4.514813
  std: 1.869662
Baselines enabled: 

Training ensemble Model 0 (400 epochs)...
Training has not converged after 400 steps
Model 0 final loss: 0.166720
  [Step 0/9] train_MMD=0.1696 alpha_opt=1.0000 oracle_top1_TVD=0.6977

[Step 1] Training Model 1...
  lambda_dual: 0.5000
Training has not converged after 400 steps
  Weighting: frank_wolfe alpha = 0.5000
  [Step 1/9] train_MMD=0.0421 alpha_opt=0.5000 oracle_top2_TVD=0.3954
  [OK] MMD improved (delta=+0.127495)
  SNR (proxy): 4.05 (mean_norm=0.0382, std_norm=0.0094)

[Step 2] Training Model 2...
  lambda_dual: 0.6667
Training has not converged after 400 steps
  Weighting: frank_wolfe alpha = 0.3333
  [Step 2/9] train_MMD=0.0207 alpha_opt=0.3333 oracle_top3_TVD=0.3886
  [OK] MMD improved (delta=+0.021398)
  SNR (proxy): 8.44 (mean_norm=0.0574, std_norm=0.0068)

[Step 3] Training Model 3...
  lambda_dual: 0.7500
Training has not converged after 400 steps
  Weighting: frank_wolfe alpha = 0.2500
  [Step 3/9] train_MMD=0.0091 alpha_opt=0.2500 oracle_top4_TVD=0.3818
  [OK] MMD improved (delta=+0.011645)
  SNR (proxy): 13.24 (mean_norm=0.0702, std_norm=0.0053)

[Step 4] Training Model 4...
  lambda_dual: 0.8000
Training has not converged after 400 steps
  Weighting: frank_wolfe alpha = 0.2000
  [Step 4/9] train_MMD=0.0235 alpha_opt=0.2000 oracle_top5_TVD=0.3751
  [WARNING] MMD worsened but kept (diagnostic, delta=-0.014413)
  SNR (proxy): 9.78 (mean_norm=0.0730, std_norm=0.0075)

[Step 5] Training Model 5...
  lambda_dual: 0.8333
Training has not converged after 400 steps
  Weighting: frank_wolfe alpha = 0.1667
  [Step 5/9] train_MMD=0.0057 alpha_opt=0.1667 oracle_top6_TVD=0.3683
  [OK] MMD improved (delta=+0.017839)
  SNR (proxy): 10.64 (mean_norm=0.0566, std_norm=0.0053)

[Step 6] Training Model 6...
  lambda_dual: 0.8571
Training has not converged after 400 steps
  Weighting: frank_wolfe alpha = 0.1429
  [Step 6/9] train_MMD=0.0079 alpha_opt=0.1429 oracle_top7_TVD=0.3615
  [WARNING] MMD worsened but kept (diagnostic, delta=-0.002207)
  SNR (proxy): 11.83 (mean_norm=0.0492, std_norm=0.0042)

[Step 7] Training Model 7...
  lambda_dual: 0.8750
Training has not converged after 400 steps
  Weighting: frank_wolfe alpha = 0.1250
  [Step 7/9] train_MMD=0.0026 alpha_opt=0.1250 oracle_top8_TVD=0.3548
  [OK] MMD improved (delta=+0.005281)
  SNR (proxy): 12.24 (mean_norm=0.0300, std_norm=0.0024)

[Step 8] Training Model 8...
  lambda_dual: 0.8889
Training has not converged after 400 steps
  Weighting: frank_wolfe alpha = 0.1111
  [Step 8/9] train_MMD=0.0076 alpha_opt=0.1111 oracle_top9_TVD=0.3480
  [WARNING] MMD worsened but kept (diagnostic, delta=-0.004958)
  SNR (proxy): 9.97 (mean_norm=0.0512, std_norm=0.0051)

[Step 9] Training Model 9...
  lambda_dual: 0.9000
Training has not converged after 400 steps
  Weighting: frank_wolfe alpha = 0.1000
  [Step 9/9] train_MMD=0.0023 alpha_opt=0.1000 oracle_top10_TVD=0.3413
  [OK] MMD improved (delta=+0.005307)
  SNR (proxy): 7.61 (mean_norm=0.0404, std_norm=0.0053)

Final: 10 models, MMD=0.0017 (delta=+0.1679) F1=nan

[FCFW] Computing Fully Corrective Frank-Wolfe weights for final ensemble...
  Weighting: fully corrective QP weights = [0.0566, 0.0224, 0.0963, 0.0667, 0.0878, 0.1220, 0.1106, 0.1477, 0.0810, 0.2089]
  FCFW Sampled MMD^2: -0.000564
  FCFW Sampled TVD:   0.2581

FINAL MODEL COMPARISON (inc. FCFW)
Model      | MMD        | TVD        | TVD*       | Valid      | Cover      | F1        
----------------------------------------------------------------------------------------
Baseline   | 0.1696     | n/a        | n/a        | n/a        | n/a        | n/a       
Ensemble   | 0.0017     | 0.266      | 0.192      | n/a        | n/a        | n/a       
Model 0    | 0.1653     | 0.768      | 0.646      | n/a        | n/a        | n/a       
Model 1    | 0.2971     | 0.635      | 0.593      | n/a        | n/a        | n/a       
Model 2    | 0.3707     | 0.669      | 0.613      | n/a        | n/a        | n/a       
Model 3    | 0.3005     | 0.635      | 0.609      | n/a        | n/a        | n/a       
Model 4    | 0.1639     | 0.699      | 0.648      | n/a        | n/a        | n/a       
Model 5    | 0.4593     | 0.684      | 0.672      | n/a        | n/a        | n/a       
Model 6    | 0.2999     | 0.635      | 0.576      | n/a        | n/a        | n/a       
Model 7    | 0.4534     | 0.677      | 0.664      | n/a        | n/a        | n/a       
Model 8    | 0.1786     | 0.743      | 0.650      | n/a        | n/a        | n/a       
Model 9    | 0.4509     | 0.677      | 0.669      | n/a        | n/a        | n/a       
Ensemble (FCFW) | -0.0006    | 0.258      | 0.184      | n/a        | n/a        | n/a       
Saving results to out/hpo/hopfield_20q_p1_b20_20260605_220450/trials/trial_0007/results.csv...
Experiment: Boosting on Hopfield (20q, 1p)
Configuration:
  train_samples: 1000
  data_seed: 42
  n_samples: 400
  n_models: 10
  learning_rate: 0.04325432427964557
  epochs_per_step: 400
  caching_level: none
  ensemble_samples_coeff: 1.0
  init_baseline: covariance
  init_later: random
  lambda_dual: 1.0
  lambda_schedule: {'type': 'frank_wolfe', 'gamma': 0.25, 'tau': 1.0}
  n_ops: 512
  weight_strategy: frank_wolfe
  alpha_n_grid: 11
  alpha_objective_weight: 0.5
  baseline: none
  shots: 1000
  final_eval_sampling: True
  dataset_metrics: True
  exact_metrics: {'enabled': True, 'max_qubits': 20, 'phases': {'baseline': True, 'steps': False, 'final': True, 'per_model': True, 'fcfw': True}}
  keep_models_for_diagnosis: True
  stop_on_reject: False
  save_circuit_artifacts: False
  rng_seed: 42
  circuit_config: {'topology': 'aachen_heavy_hex', 'distance': 2, 'max_weight': 2, 'n_ancilla': 0}
  turbo: 10
  dynamic_is_within_shell: shell_uniform
  exact_sampling: True
  acceptance_metric: training_mmd
  skip_sampling: True
  report_fcfw: True
  dynamic_is: False
  dynamic_is_beta: 0.046184639800512954
  sigma: [1.4519699627297695, 0.8274317895485978, 0.3845924490840382]
  require_exact_sampling: True
================================================================================
Saving config to out/hpo/hopfield_20q_p1_b20_20260605_220450/trials/trial_0008/config.json...
Gate structure: Qubits: 20
Aachen heavy-hex topology: 39 parameters
one_qubit=20, two_qubit=19
Using Gaussian Kernel (n_ops=512, n_qubits=20):
  - sigma=1.45196996
  - sigma=0.82743179
  - sigma=0.38459245
Expected sampled operator size:
  - p=2.111407, std=1.374229
  - p=5.182390, std=1.959472
  - p=9.659663, std=2.234773
  mean: 5.651153
  std: 3.630424
Baselines enabled: 

Training ensemble Model 0 (400 epochs)...
Training has not converged after 400 steps
Model 0 final loss: 0.158988
  [Step 0/9] train_MMD=0.1646 alpha_opt=1.0000 oracle_top1_TVD=0.6977

[Step 1] Training Model 1...
  lambda_dual: 0.8750
Training has not converged after 400 steps
  Weighting: frank_wolfe alpha = 0.1250
  [Step 1/9] train_MMD=0.0796 alpha_opt=0.1250 oracle_top2_TVD=0.3954
  [OK] MMD improved (delta=+0.085040)
  SNR (proxy): 21.09 (mean_norm=0.0000, std_norm=0.0000)

[Step 2] Training Model 2...
  lambda_dual: 0.9167
Training has not converged after 400 steps
  Weighting: frank_wolfe alpha = 0.0833
  [Step 2/9] train_MMD=0.0475 alpha_opt=0.0833 oracle_top3_TVD=0.3886
  [OK] MMD improved (delta=+0.032112)
  SNR (proxy): 18.27 (mean_norm=0.0000, std_norm=0.0000)

[Step 3] Training Model 3...
  lambda_dual: 0.9375
Training has not converged after 400 steps
  Weighting: frank_wolfe alpha = 0.0625
  [Step 3/9] train_MMD=0.0329 alpha_opt=0.0625 oracle_top4_TVD=0.3818
  [OK] MMD improved (delta=+0.014600)
  SNR (proxy): 11.33 (mean_norm=0.0000, std_norm=0.0000)

[Step 4] Training Model 4...
  lambda_dual: 0.9500
Training has not converged after 400 steps
  Weighting: frank_wolfe alpha = 0.0500
  [Step 4/9] train_MMD=0.0259 alpha_opt=0.0500 oracle_top5_TVD=0.3751
  [OK] MMD improved (delta=+0.006952)
  SNR (proxy): 9.82 (mean_norm=0.0000, std_norm=0.0000)

[Step 5] Training Model 5...
  lambda_dual: 0.9583
Training has not converged after 400 steps
  Weighting: frank_wolfe alpha = 0.0417
  [Step 5/9] train_MMD=0.0229 alpha_opt=0.0417 oracle_top6_TVD=0.3683
  [OK] MMD improved (delta=+0.003074)
  SNR (proxy): 23.14 (mean_norm=0.0000, std_norm=0.0000)

[Step 6] Training Model 6...
  lambda_dual: 0.9643
Training has not converged after 400 steps
  Weighting: frank_wolfe alpha = 0.0357
  [Step 6/9] train_MMD=0.0219 alpha_opt=0.0357 oracle_top7_TVD=0.3615
  [OK] MMD improved (delta=+0.000948)
  SNR (proxy): 20.66 (mean_norm=0.0162, std_norm=0.0008)

[Step 7] Training Model 7...
  lambda_dual: 0.9688
Training has not converged after 400 steps
  Weighting: frank_wolfe alpha = 0.0312
  [Step 7/9] train_MMD=0.0218 alpha_opt=0.0312 oracle_top8_TVD=0.3548
  [OK] MMD improved (delta=+0.000074)
  SNR (proxy): 17.27 (mean_norm=0.0202, std_norm=0.0012)

[Step 8] Training Model 8...
  lambda_dual: 0.9722
Training has not converged after 400 steps
  Weighting: frank_wolfe alpha = 0.0278
  [Step 8/9] train_MMD=0.0222 alpha_opt=0.0278 oracle_top9_TVD=0.3480
  [WARNING] MMD worsened but kept (diagnostic, delta=-0.000331)
  SNR (proxy): 19.47 (mean_norm=0.0181, std_norm=0.0009)

[Step 9] Training Model 9...
  lambda_dual: 0.9750
Training has not converged after 400 steps
  Weighting: frank_wolfe alpha = 0.0250
  [Step 9/9] train_MMD=0.0226 alpha_opt=0.0250 oracle_top10_TVD=0.3413
  [WARNING] MMD worsened but kept (diagnostic, delta=-0.000399)
  SNR (proxy): 15.39 (mean_norm=0.0153, std_norm=0.0010)

Final: 10 models, MMD=0.0268 (delta=+0.1379) F1=nan

[FCFW] Computing Fully Corrective Frank-Wolfe weights for final ensemble...
  Weighting: fully corrective QP weights = [0.6433, 0.0571, 0.0571, 0.0571, 0.0571, 0.0571, 0.0478, 0.0128, 0.0000, 0.0107]
  FCFW Sampled MMD^2: 0.023608
  FCFW Sampled TVD:   0.4670

FINAL MODEL COMPARISON (inc. FCFW)
Model      | MMD        | TVD        | TVD*       | Valid      | Cover      | F1        
----------------------------------------------------------------------------------------
Baseline   | 0.1646     | n/a        | n/a        | n/a        | n/a        | n/a       
Ensemble   | 0.0268     | 0.463      | 0.437      | n/a        | n/a        | n/a       
Model 0    | 0.1648     | 0.713      | 0.671      | n/a        | n/a        | n/a       
Model 1    | 0.5451     | 0.698      | 0.698      | n/a        | n/a        | n/a       
Model 2    | 0.5451     | 0.698      | 0.698      | n/a        | n/a        | n/a       
Model 3    | 0.5451     | 0.698      | 0.698      | n/a        | n/a        | n/a       
Model 4    | 0.5451     | 0.698      | 0.698      | n/a        | n/a        | n/a       
Model 5    | 0.5451     | 0.698      | 0.698      | n/a        | n/a        | n/a       
Model 6    | 0.4302     | 0.664      | 0.632      | n/a        | n/a        | n/a       
Model 7    | 0.2588     | 0.663      | 0.633      | n/a        | n/a        | n/a       
Model 8    | 0.2414     | 0.680      | 0.612      | n/a        | n/a        | n/a       
Model 9    | 0.3031     | 0.775      | 0.686      | n/a        | n/a        | n/a       
Ensemble (FCFW) | 0.0236     | 0.467      | 0.450      | n/a        | n/a        | n/a       
Saving results to out/hpo/hopfield_20q_p1_b20_20260605_220450/trials/trial_0008/results.csv...
Experiment: Boosting on Hopfield (20q, 1p)
Configuration:
  train_samples: 1000
  data_seed: 42
  n_samples: 400
  n_models: 10
  learning_rate: 0.0039972068191218065
  epochs_per_step: 400
  caching_level: none
  ensemble_samples_coeff: 1.0
  init_baseline: covariance
  init_later: random
  lambda_dual: 1.0
  lambda_schedule: {'type': 'frank_wolfe', 'gamma': 1.0, 'tau': 1.0}
  n_ops: 2048
  weight_strategy: frank_wolfe
  alpha_n_grid: 11
  alpha_objective_weight: 0.5
  baseline: none
  shots: 1000
  final_eval_sampling: True
  dataset_metrics: True
  exact_metrics: {'enabled': True, 'max_qubits': 20, 'phases': {'baseline': True, 'steps': False, 'final': True, 'per_model': True, 'fcfw': True}}
  keep_models_for_diagnosis: True
  stop_on_reject: False
  save_circuit_artifacts: False
  rng_seed: 42
  circuit_config: {'topology': 'aachen_heavy_hex', 'distance': 2, 'max_weight': 2, 'n_ancilla': 0}
  turbo: 10
  dynamic_is_within_shell: shell_uniform
  exact_sampling: True
  acceptance_metric: training_mmd
  skip_sampling: True
  report_fcfw: True
  dynamic_is: False
  dynamic_is_beta: 0.062095693648805635
  sigma: [0.5867948950019003]
  require_exact_sampling: True
================================================================================
Saving config to out/hpo/hopfield_20q_p1_b20_20260605_220450/trials/trial_0009/config.json...
Gate structure: Qubits: 20
Aachen heavy-hex topology: 39 parameters
one_qubit=20, two_qubit=19
Using Gaussian Kernel (n_ops=2048, n_qubits=20):
  - sigma=0.58679490
Expected sampled operator size:
  - p=7.659224, std=2.173945
  mean: 7.659224
  std: 2.173945
Baselines enabled: 

Training ensemble Model 0 (400 epochs)...
Training has not converged after 400 steps
Model 0 final loss: 0.119493
  [Step 0/9] train_MMD=0.1201 alpha_opt=1.0000 oracle_top1_TVD=0.6977

[Step 1] Training Model 1...
  lambda_dual: 0.5000
Training has not converged after 400 steps
  Weighting: frank_wolfe alpha = 0.5000
  [Step 1/9] train_MMD=0.0289 alpha_opt=0.5000 oracle_top2_TVD=0.3954
  [OK] MMD improved (delta=+0.091151)
  SNR (proxy): 5.19 (mean_norm=0.0213, std_norm=0.0041)

[Step 2] Training Model 2...
  lambda_dual: 0.6667
Training has not converged after 400 steps
  Weighting: frank_wolfe alpha = 0.3333
  [Step 2/9] train_MMD=0.0612 alpha_opt=0.3333 oracle_top3_TVD=0.3886
  [WARNING] MMD worsened but kept (diagnostic, delta=-0.032293)
  SNR (proxy): 14.81 (mean_norm=0.0162, std_norm=0.0011)

[Step 3] Training Model 3...
  lambda_dual: 0.7500
Training has not converged after 400 steps
  Weighting: frank_wolfe alpha = 0.2500
  [Step 3/9] train_MMD=0.0896 alpha_opt=0.2500 oracle_top4_TVD=0.3818
  [WARNING] MMD worsened but kept (diagnostic, delta=-0.028350)
  SNR (proxy): 13.35 (mean_norm=0.0139, std_norm=0.0010)

[Step 4] Training Model 4...
  lambda_dual: 0.8000
Training has not converged after 400 steps
  Weighting: frank_wolfe alpha = 0.2000
  [Step 4/9] train_MMD=0.0708 alpha_opt=0.2000 oracle_top5_TVD=0.3751
  [OK] MMD improved (delta=+0.018801)
  SNR (proxy): 10.22 (mean_norm=0.0148, std_norm=0.0014)

[Step 5] Training Model 5...
  lambda_dual: 0.8333
Training has not converged after 400 steps
  Weighting: frank_wolfe alpha = 0.1667
  [Step 5/9] train_MMD=0.0797 alpha_opt=0.1667 oracle_top6_TVD=0.3683
  [WARNING] MMD worsened but kept (diagnostic, delta=-0.008960)
  SNR (proxy): 7.84 (mean_norm=0.0126, std_norm=0.0016)

[Step 6] Training Model 6...
  lambda_dual: 0.8571
Training has not converged after 400 steps
  Weighting: frank_wolfe alpha = 0.1429
  [Step 6/9] train_MMD=0.0901 alpha_opt=0.1429 oracle_top7_TVD=0.3615
  [WARNING] MMD worsened but kept (diagnostic, delta=-0.010342)
  SNR (proxy): 6.84 (mean_norm=0.0131, std_norm=0.0019)

[Step 7] Training Model 7...
  lambda_dual: 0.8750
Training has not converged after 400 steps
  Weighting: frank_wolfe alpha = 0.1250
  [Step 7/9] train_MMD=0.0999 alpha_opt=0.1250 oracle_top8_TVD=0.3548
  [WARNING] MMD worsened but kept (diagnostic, delta=-0.009831)
  SNR (proxy): 6.38 (mean_norm=0.0173, std_norm=0.0027)

[Step 8] Training Model 8...
  lambda_dual: 0.8889
Training has not converged after 400 steps
  Weighting: frank_wolfe alpha = 0.1111
  [Step 8/9] train_MMD=0.1089 alpha_opt=0.1111 oracle_top9_TVD=0.3480
  [WARNING] MMD worsened but kept (diagnostic, delta=-0.008981)
  SNR (proxy): 6.49 (mean_norm=0.0140, std_norm=0.0022)

[Step 9] Training Model 9...
  lambda_dual: 0.9000
Training has not converged after 400 steps
  Weighting: frank_wolfe alpha = 0.1000
  [Step 9/9] train_MMD=0.0697 alpha_opt=0.1000 oracle_top10_TVD=0.3413
  [OK] MMD improved (delta=+0.039211)
  SNR (proxy): 14.60 (mean_norm=0.1451, std_norm=0.0099)

Final: 10 models, MMD=0.0656 (delta=+0.0545) F1=nan

[FCFW] Computing Fully Corrective Frank-Wolfe weights for final ensemble...
  Weighting: fully corrective QP weights = [0.2894, 0.3862, 0.0000, 0.0000, 0.0789, 0.0000, 0.0000, 0.0000, 0.0000, 0.2455]
  FCFW Sampled MMD^2: -0.000114
  FCFW Sampled TVD:   0.2251

FINAL MODEL COMPARISON (inc. FCFW)
Model      | MMD        | TVD        | TVD*       | Valid      | Cover      | F1        
----------------------------------------------------------------------------------------
Baseline   | 0.1201     | n/a        | n/a        | n/a        | n/a        | n/a       
Ensemble   | 0.0656     | 0.643      | 0.607      | n/a        | n/a        | n/a       
Model 0    | 0.1178     | 0.685      | 0.538      | n/a        | n/a        | n/a       
Model 1    | 0.2325     | 0.568      | 0.516      | n/a        | n/a        | n/a       
Model 2    | 0.2216     | 0.993      | 0.963      | n/a        | n/a        | n/a       
Model 3    | 0.2247     | 1.000      | 0.988      | n/a        | n/a        | n/a       
Model 4    | 0.5379     | 0.691      | 0.687      | n/a        | n/a        | n/a       
Model 5    | 0.2245     | 1.000      | 0.990      | n/a        | n/a        | n/a       
Model 6    | 0.2243     | 1.000      | 0.973      | n/a        | n/a        | n/a       
Model 7    | 0.2215     | 0.993      | 0.969      | n/a        | n/a        | n/a       
Model 8    | 0.2244     | 1.000      | 0.991      | n/a        | n/a        | n/a       
Model 9    | 0.5319     | 0.690      | 0.675      | n/a        | n/a        | n/a       
Ensemble (FCFW) | -0.0001    | 0.225      | 0.142      | n/a        | n/a        | n/a       
Saving results to out/hpo/hopfield_20q_p1_b20_20260605_220450/trials/trial_0009/results.csv...
Experiment: Boosting on Hopfield (20q, 1p)
Configuration:
  train_samples: 1000
  data_seed: 42
  n_samples: 400
  n_models: 10
  learning_rate: 0.007270162352581428
  epochs_per_step: 400
  caching_level: none
  ensemble_samples_coeff: 1.0
  init_baseline: covariance
  init_later: random
  lambda_dual: 1.0
  lambda_schedule: {'type': 'frank_wolfe', 'gamma': 1.0, 'tau': 1.0}
  n_ops: 1024
  weight_strategy: frank_wolfe
  alpha_n_grid: 11
  alpha_objective_weight: 0.5
  baseline: none
  shots: 1000
  final_eval_sampling: True
  dataset_metrics: True
  exact_metrics: {'enabled': True, 'max_qubits': 20, 'phases': {'baseline': True, 'steps': False, 'final': True, 'per_model': True, 'fcfw': True}}
  keep_models_for_diagnosis: True
  stop_on_reject: False
  save_circuit_artifacts: False
  rng_seed: 42
  circuit_config: {'topology': 'aachen_heavy_hex', 'distance': 2, 'max_weight': 2, 'n_ancilla': 0}
  turbo: 10
  dynamic_is_within_shell: shell_uniform
  exact_sampling: True
  acceptance_metric: training_mmd
  skip_sampling: True
  report_fcfw: True
  dynamic_is: True
  dynamic_is_beta: 0.02513734458845407
  sigma: [2.7349729837899184]
  require_exact_sampling: True
================================================================================
Saving config to out/hpo/hopfield_20q_p1_b20_20260605_220450/trials/trial_0010/config.json...
Gate structure: Qubits: 20
Aachen heavy-hex topology: 39 parameters
one_qubit=20, two_qubit=19
Using Gaussian Kernel (n_ops=1024, n_qubits=20):
  - sigma=2.73497298
Expected sampled operator size:
  - p=0.646591, std=0.791004
  mean: 0.646591
  std: 0.791004
Baselines enabled: 

Training ensemble Model 0 (400 epochs)...
Training has not converged after 400 steps
Model 0 final loss: 0.087875
  [Step 0/9] train_MMD=0.0826 alpha_opt=1.0000 oracle_top1_TVD=0.6977

[Step 1] Training Model 1...
  lambda_dual: 0.5000
Training has not converged after 400 steps
  Weighting: frank_wolfe alpha = 0.5000
  [Step 1/9] train_MMD=0.1045 alpha_opt=0.5000 oracle_top2_TVD=0.3954
  [WARNING] MMD worsened but kept (diagnostic, delta=-0.021927)
  SNR (proxy): 36.63 (mean_norm=0.0002, std_norm=0.0000)

[Step 2] Training Model 2...
  lambda_dual: 0.6667
Training has not converged after 400 steps
  Weighting: frank_wolfe alpha = 0.3333
  [Step 2/9] train_MMD=0.0045 alpha_opt=0.3333 oracle_top3_TVD=0.3886
  [OK] MMD improved (delta=+0.100028)
  SNR (proxy): 66.87 (mean_norm=0.0029, std_norm=0.0000)

[Step 3] Training Model 3...
  lambda_dual: 0.7500
Training has not converged after 400 steps
  Weighting: frank_wolfe alpha = 0.2500
  [Step 3/9] train_MMD=0.0231 alpha_opt=0.2500 oracle_top4_TVD=0.3818
  [WARNING] MMD worsened but kept (diagnostic, delta=-0.018598)
  SNR (proxy): 9.26 (mean_norm=0.0000, std_norm=0.0000)

[Step 4] Training Model 4...
  lambda_dual: 0.8000
Training has not converged after 400 steps
  Weighting: frank_wolfe alpha = 0.2000
  [Step 4/9] train_MMD=0.0015 alpha_opt=0.2000 oracle_top5_TVD=0.3751
  [OK] MMD improved (delta=+0.021608)
  SNR (proxy): 35.96 (mean_norm=0.0075, std_norm=0.0002)

[Step 5] Training Model 5...
  lambda_dual: 0.8333
Training has not converged after 400 steps
  Weighting: frank_wolfe alpha = 0.1667
  [Step 5/9] train_MMD=0.0106 alpha_opt=0.1667 oracle_top6_TVD=0.3683
  [WARNING] MMD worsened but kept (diagnostic, delta=-0.009120)
  SNR (proxy): 46.03 (mean_norm=0.0001, std_norm=0.0000)

[Step 6] Training Model 6...
  lambda_dual: 0.8571
Training has not converged after 400 steps
  Weighting: frank_wolfe alpha = 0.1429
  [Step 6/9] train_MMD=0.0010 alpha_opt=0.1429 oracle_top7_TVD=0.3615
  [OK] MMD improved (delta=+0.009664)
  SNR (proxy): 18.88 (mean_norm=0.0053, std_norm=0.0003)

[Step 7] Training Model 7...
  lambda_dual: 0.8750
Training has not converged after 400 steps
  Weighting: frank_wolfe alpha = 0.1250
  [Step 7/9] train_MMD=0.0063 alpha_opt=0.1250 oracle_top8_TVD=0.3548
  [WARNING] MMD worsened but kept (diagnostic, delta=-0.005316)
  SNR (proxy): 19.58 (mean_norm=0.0130, std_norm=0.0007)

[Step 8] Training Model 8...
  lambda_dual: 0.8889
Training has not converged after 400 steps
  Weighting: frank_wolfe alpha = 0.1111
  [Step 8/9] train_MMD=0.0010 alpha_opt=0.1111 oracle_top9_TVD=0.3480
  [OK] MMD improved (delta=+0.005285)
  SNR (proxy): 7.44 (mean_norm=0.0085, std_norm=0.0011)

[Step 9] Training Model 9...
  lambda_dual: 0.9000
Training has not converged after 400 steps
  Weighting: frank_wolfe alpha = 0.1000
  [Step 9/9] train_MMD=0.0042 alpha_opt=0.1000 oracle_top10_TVD=0.3413
  [WARNING] MMD worsened but kept (diagnostic, delta=-0.003240)
  SNR (proxy): 26.54 (mean_norm=0.0126, std_norm=0.0005)

Final: 10 models, MMD=0.0003 (delta=+0.0823) F1=nan

[FCFW] Computing Fully Corrective Frank-Wolfe weights for final ensemble...
  Weighting: fully corrective QP weights = [0.0678, 0.0000, 0.0427, 0.0476, 0.3289, 0.0000, 0.1411, 0.1338, 0.1547, 0.0834]
  FCFW Sampled MMD^2: -0.000381
  FCFW Sampled TVD:   0.2928

FINAL MODEL COMPARISON (inc. FCFW)
Model      | MMD        | TVD        | TVD*       | Valid      | Cover      | F1        
----------------------------------------------------------------------------------------
Baseline   | 0.0826     | n/a        | n/a        | n/a        | n/a        | n/a       
Ensemble   | 0.0003     | 0.313      | 0.281      | n/a        | n/a        | n/a       
Model 0    | 0.0828     | 1.000      | 0.975      | n/a        | n/a        | n/a       
Model 1    | 0.3684     | 0.698      | 0.698      | n/a        | n/a        | n/a       
Model 2    | 0.3714     | 0.698      | 0.691      | n/a        | n/a        | n/a       
Model 3    | 0.3714     | 0.698      | 0.698      | n/a        | n/a        | n/a       
Model 4    | 0.3632     | 0.684      | 0.669      | n/a        | n/a        | n/a       
Model 5    | 0.3684     | 0.698      | 0.698      | n/a        | n/a        | n/a       
Model 6    | 0.3395     | 0.676      | 0.660      | n/a        | n/a        | n/a       
Model 7    | 0.3281     | 0.649      | 0.615      | n/a        | n/a        | n/a       
Model 8    | 0.3381     | 0.629      | 0.587      | n/a        | n/a        | n/a       
Model 9    | 0.3246     | 0.615      | 0.588      | n/a        | n/a        | n/a       
Ensemble (FCFW) | -0.0004    | 0.293      | 0.257      | n/a        | n/a        | n/a       
Saving results to out/hpo/hopfield_20q_p1_b20_20260605_220450/trials/trial_0010/results.csv...
Experiment: Boosting on Hopfield (20q, 1p)
Configuration:
  train_samples: 1000
  data_seed: 42
  n_samples: 400
  n_models: 10
  learning_rate: 0.08476636583426739
  epochs_per_step: 400
  caching_level: none
  ensemble_samples_coeff: 1.0
  init_baseline: covariance
  init_later: random
  lambda_dual: 1.0
  lambda_schedule: {'type': 'frank_wolfe', 'gamma': 0.75, 'tau': 1.0}
  n_ops: 1024
  weight_strategy: frank_wolfe
  alpha_n_grid: 11
  alpha_objective_weight: 0.5
  baseline: none
  shots: 1000
  final_eval_sampling: True
  dataset_metrics: True
  exact_metrics: {'enabled': True, 'max_qubits': 20, 'phases': {'baseline': True, 'steps': False, 'final': True, 'per_model': True, 'fcfw': True}}
  keep_models_for_diagnosis: True
  stop_on_reject: False
  save_circuit_artifacts: False
  rng_seed: 42
  circuit_config: {'topology': 'aachen_heavy_hex', 'distance': 2, 'max_weight': 2, 'n_ancilla': 0}
  turbo: 10
  dynamic_is_within_shell: shell_uniform
  exact_sampling: True
  acceptance_metric: training_mmd
  skip_sampling: True
  report_fcfw: True
  dynamic_is: False
  dynamic_is_beta: 0.010205667269915644
  sigma: [0.9421021804736786, 0.6515862023612748]
  require_exact_sampling: True
================================================================================
Saving config to out/hpo/hopfield_20q_p1_b20_20260605_220450/trials/trial_0011/config.json...
Gate structure: Qubits: 20
Aachen heavy-hex topology: 39 parameters
one_qubit=20, two_qubit=19
Using Gaussian Kernel (n_ops=1024, n_qubits=20):
  - sigma=0.94210218
  - sigma=0.65158620
Expected sampled operator size:
  - p=4.306981, std=1.838335
  - p=6.920067, std=2.127369
  mean: 5.613524
  std: 2.379000
Baselines enabled: 

Training ensemble Model 0 (400 epochs)...
Training has not converged after 400 steps
Model 0 final loss: 0.147540
  [Step 0/9] train_MMD=0.1532 alpha_opt=1.0000 oracle_top1_TVD=0.6977

[Step 1] Training Model 1...
  lambda_dual: 0.6250
Training has not converged after 400 steps
  Weighting: frank_wolfe alpha = 0.3750
  [Step 1/9] train_MMD=0.0167 alpha_opt=0.3750 oracle_top2_TVD=0.3954
  [OK] MMD improved (delta=+0.136412)
  SNR (proxy): 17.21 (mean_norm=0.0070, std_norm=0.0004)

[Step 2] Training Model 2...
  lambda_dual: 0.7500
Training has not converged after 400 steps
  Weighting: frank_wolfe alpha = 0.2500
  [Step 2/9] train_MMD=0.0326 alpha_opt=0.2500 oracle_top3_TVD=0.3886
  [WARNING] MMD worsened but kept (diagnostic, delta=-0.015908)
  SNR (proxy): 11.78 (mean_norm=0.0877, std_norm=0.0074)

[Step 3] Training Model 3...
  lambda_dual: 0.8125
Training has not converged after 400 steps
  Weighting: frank_wolfe alpha = 0.1875
  [Step 3/9] train_MMD=0.0061 alpha_opt=0.1875 oracle_top4_TVD=0.3818
  [OK] MMD improved (delta=+0.026570)
  SNR (proxy): 10.82 (mean_norm=0.0000, std_norm=0.0000)

[Step 4] Training Model 4...
  lambda_dual: 0.8500
Training has not converged after 400 steps
  Weighting: frank_wolfe alpha = 0.1500
  [Step 4/9] train_MMD=0.0063 alpha_opt=0.1500 oracle_top5_TVD=0.3751
  [WARNING] MMD worsened but kept (diagnostic, delta=-0.000182)
  SNR (proxy): 10.16 (mean_norm=0.0500, std_norm=0.0049)

[Step 5] Training Model 5...
  lambda_dual: 0.8750
Training has not converged after 400 steps
  Weighting: frank_wolfe alpha = 0.1250
  [Step 5/9] train_MMD=0.0024 alpha_opt=0.1250 oracle_top6_TVD=0.3683
  [OK] MMD improved (delta=+0.003818)
  SNR (proxy): 19.81 (mean_norm=0.0239, std_norm=0.0012)

[Step 6] Training Model 6...
  lambda_dual: 0.8929
Training has not converged after 400 steps
  Weighting: frank_wolfe alpha = 0.1071
  [Step 6/9] train_MMD=0.0017 alpha_opt=0.1071 oracle_top7_TVD=0.3615
  [OK] MMD improved (delta=+0.000707)
  SNR (proxy): 16.28 (mean_norm=0.0398, std_norm=0.0024)

[Step 7] Training Model 7...
  lambda_dual: 0.9062
Training has not converged after 400 steps
  Weighting: frank_wolfe alpha = 0.0937
  [Step 7/9] train_MMD=0.0014 alpha_opt=0.0937 oracle_top8_TVD=0.3548
  [OK] MMD improved (delta=+0.000362)
  SNR (proxy): 11.15 (mean_norm=0.0292, std_norm=0.0026)

[Step 8] Training Model 8...
  lambda_dual: 0.9167
Training has not converged after 400 steps
  Weighting: frank_wolfe alpha = 0.0833
  [Step 8/9] train_MMD=0.0010 alpha_opt=0.0833 oracle_top9_TVD=0.3480
  [OK] MMD improved (delta=+0.000398)
  SNR (proxy): 16.85 (mean_norm=0.0323, std_norm=0.0019)

[Step 9] Training Model 9...
  lambda_dual: 0.9250
Training has not converged after 400 steps
  Weighting: frank_wolfe alpha = 0.0750
  [Step 9/9] train_MMD=0.0009 alpha_opt=0.0750 oracle_top10_TVD=0.3413
  [OK] MMD improved (delta=+0.000114)
  SNR (proxy): 9.87 (mean_norm=0.0198, std_norm=0.0020)

Final: 10 models, MMD=-0.0004 (delta=+0.1535) F1=nan

[FCFW] Computing Fully Corrective Frank-Wolfe weights for final ensemble...
  Weighting: fully corrective QP weights = [0.0832, 0.1284, 0.0935, 0.0025, 0.1037, 0.0640, 0.0836, 0.1904, 0.0884, 0.1624]
  FCFW Sampled MMD^2: -0.000443
  FCFW Sampled TVD:   0.2017

FINAL MODEL COMPARISON (inc. FCFW)
Model      | MMD        | TVD        | TVD*       | Valid      | Cover      | F1        
----------------------------------------------------------------------------------------
Baseline   | 0.1532     | n/a        | n/a        | n/a        | n/a        | n/a       
Ensemble   | -0.0004    | 0.219      | 0.148      | n/a        | n/a        | n/a       
Model 0    | 0.1510     | 0.695      | 0.589      | n/a        | n/a        | n/a       
Model 1    | 0.4846     | 0.657      | 0.636      | n/a        | n/a        | n/a       
Model 2    | 0.1558     | 0.715      | 0.599      | n/a        | n/a        | n/a       
Model 3    | 0.5437     | 0.698      | 0.698      | n/a        | n/a        | n/a       
Model 4    | 0.3486     | 0.630      | 0.582      | n/a        | n/a        | n/a       
Model 5    | 0.4696     | 0.664      | 0.646      | n/a        | n/a        | n/a       
Model 6    | 0.3016     | 0.616      | 0.557      | n/a        | n/a        | n/a       
Model 7    | 0.2693     | 0.614      | 0.558      | n/a        | n/a        | n/a       
Model 8    | 0.3538     | 0.629      | 0.553      | n/a        | n/a        | n/a       
Model 9    | 0.2889     | 0.615      | 0.547      | n/a        | n/a        | n/a       
Ensemble (FCFW) | -0.0004    | 0.202      | 0.114      | n/a        | n/a        | n/a       
Saving results to out/hpo/hopfield_20q_p1_b20_20260605_220450/trials/trial_0011/results.csv...
Experiment: Boosting on Hopfield (20q, 1p)
Configuration:
  train_samples: 1000
  data_seed: 42
  n_samples: 400
  n_models: 10
  learning_rate: 0.02466040849332225
  epochs_per_step: 400
  caching_level: none
  ensemble_samples_coeff: 1.0
  init_baseline: covariance
  init_later: random
  lambda_dual: 1.0
  lambda_schedule: {'type': 'frank_wolfe', 'gamma': 0.75, 'tau': 1.0}
  n_ops: 1024
  weight_strategy: frank_wolfe
  alpha_n_grid: 11
  alpha_objective_weight: 0.5
  baseline: none
  shots: 1000
  final_eval_sampling: True
  dataset_metrics: True
  exact_metrics: {'enabled': True, 'max_qubits': 20, 'phases': {'baseline': True, 'steps': False, 'final': True, 'per_model': True, 'fcfw': True}}
  keep_models_for_diagnosis: True
  stop_on_reject: False
  save_circuit_artifacts: False
  rng_seed: 42
  circuit_config: {'topology': 'aachen_heavy_hex', 'distance': 2, 'max_weight': 2, 'n_ancilla': 0}
  turbo: 10
  dynamic_is_within_shell: shell_uniform
  exact_sampling: True
  acceptance_metric: training_mmd
  skip_sampling: True
  report_fcfw: True
  dynamic_is: False
  dynamic_is_beta: 0.0228796729364788
  sigma: [0.7440297315500644, 0.37034956768321353]
  require_exact_sampling: True
================================================================================
Saving config to out/hpo/hopfield_20q_p1_b20_20260605_220450/trials/trial_0012/config.json...
Gate structure: Qubits: 20
Aachen heavy-hex topology: 39 parameters
one_qubit=20, two_qubit=19
Using Gaussian Kernel (n_ops=1024, n_qubits=20):
  - sigma=0.74402973
  - sigma=0.37034957
Expected sampled operator size:
  - p=5.947339, std=2.044211
  - p=9.738893, std=2.235306
  mean: 7.843116
  std: 2.860361
Baselines enabled: 

Training ensemble Model 0 (400 epochs)...
Training has not converged after 400 steps
Model 0 final loss: 0.122190
  [Step 0/9] train_MMD=0.1219 alpha_opt=1.0000 oracle_top1_TVD=0.6977

[Step 1] Training Model 1...
  lambda_dual: 0.6250
Training has not converged after 400 steps
  Weighting: frank_wolfe alpha = 0.3750
  [Step 1/9] train_MMD=0.0167 alpha_opt=0.3750 oracle_top2_TVD=0.3954
  [OK] MMD improved (delta=+0.105190)
  SNR (proxy): 5.46 (mean_norm=0.0147, std_norm=0.0027)

[Step 2] Training Model 2...
  lambda_dual: 0.7500
Training has not converged after 400 steps
  Weighting: frank_wolfe alpha = 0.2500
  [Step 2/9] train_MMD=0.0308 alpha_opt=0.2500 oracle_top3_TVD=0.3886
  [WARNING] MMD worsened but kept (diagnostic, delta=-0.014101)
  SNR (proxy): 9.96 (mean_norm=0.0901, std_norm=0.0090)

[Step 3] Training Model 3...
  lambda_dual: 0.8125
Training has not converged after 400 steps
  Weighting: frank_wolfe alpha = 0.1875
  [Step 3/9] train_MMD=0.0048 alpha_opt=0.1875 oracle_top4_TVD=0.3818
  [OK] MMD improved (delta=+0.026008)
  SNR (proxy): 15.42 (mean_norm=0.0000, std_norm=0.0000)

[Step 4] Training Model 4...
  lambda_dual: 0.8500
Training has not converged after 400 steps
  Weighting: frank_wolfe alpha = 0.1500
  [Step 4/9] train_MMD=0.0042 alpha_opt=0.1500 oracle_top5_TVD=0.3751
  [OK] MMD improved (delta=+0.000570)
  SNR (proxy): 6.45 (mean_norm=0.0381, std_norm=0.0059)

[Step 5] Training Model 5...
  lambda_dual: 0.8750
Training has not converged after 400 steps
  Weighting: frank_wolfe alpha = 0.1250
  [Step 5/9] train_MMD=0.0096 alpha_opt=0.1250 oracle_top6_TVD=0.3683
  [WARNING] MMD worsened but kept (diagnostic, delta=-0.005390)
  SNR (proxy): 11.75 (mean_norm=0.0407, std_norm=0.0035)

[Step 6] Training Model 6...
  lambda_dual: 0.8929
Training has not converged after 400 steps
  Weighting: frank_wolfe alpha = 0.1071
  [Step 6/9] train_MMD=0.0016 alpha_opt=0.1071 oracle_top7_TVD=0.3615
  [OK] MMD improved (delta=+0.007953)
  SNR (proxy): 23.52 (mean_norm=0.0054, std_norm=0.0002)

[Step 7] Training Model 7...
  lambda_dual: 0.9062
Training has not converged after 400 steps
  Weighting: frank_wolfe alpha = 0.0937
  [Step 7/9] train_MMD=0.0037 alpha_opt=0.0937 oracle_top8_TVD=0.3548
  [WARNING] MMD worsened but kept (diagnostic, delta=-0.002086)
  SNR (proxy): 11.36 (mean_norm=0.0455, std_norm=0.0040)

[Step 8] Training Model 8...
  lambda_dual: 0.9167
Training has not converged after 400 steps
  Weighting: frank_wolfe alpha = 0.0833
  [Step 8/9] train_MMD=0.0011 alpha_opt=0.0833 oracle_top9_TVD=0.3480
  [OK] MMD improved (delta=+0.002664)
  SNR (proxy): 47.76 (mean_norm=0.0001, std_norm=0.0000)

[Step 9] Training Model 9...
  lambda_dual: 0.9250
Training has not converged after 400 steps
  Weighting: frank_wolfe alpha = 0.0750
  [Step 9/9] train_MMD=0.0007 alpha_opt=0.0750 oracle_top10_TVD=0.3413
  [OK] MMD improved (delta=+0.000310)
  SNR (proxy): 13.68 (mean_norm=0.0445, std_norm=0.0033)

Final: 10 models, MMD=0.0004 (delta=+0.1214) F1=nan

[FCFW] Computing Fully Corrective Frank-Wolfe weights for final ensemble...
  Weighting: fully corrective QP weights = [0.0291, 0.1470, 0.1632, 0.1336, 0.1961, 0.0000, 0.0000, 0.0740, 0.0000, 0.2572]
  FCFW Sampled MMD^2: -0.000612
  FCFW Sampled TVD:   0.1911

FINAL MODEL COMPARISON (inc. FCFW)
Model      | MMD        | TVD        | TVD*       | Valid      | Cover      | F1        
----------------------------------------------------------------------------------------
Baseline   | 0.1219     | n/a        | n/a        | n/a        | n/a        | n/a       
Ensemble   | 0.0004     | 0.256      | 0.146      | n/a        | n/a        | n/a       
Model 0    | 0.1230     | 0.684      | 0.551      | n/a        | n/a        | n/a       
Model 1    | 0.4166     | 0.643      | 0.592      | n/a        | n/a        | n/a       
Model 2    | 0.1169     | 0.671      | 0.546      | n/a        | n/a        | n/a       
Model 3    | 0.5706     | 0.698      | 0.698      | n/a        | n/a        | n/a       
Model 4    | 0.3693     | 0.623      | 0.534      | n/a        | n/a        | n/a       
Model 5    | 0.1205     | 0.735      | 0.578      | n/a        | n/a        | n/a       
Model 6    | 0.5706     | 0.698      | 0.692      | n/a        | n/a        | n/a       
Model 7    | 0.1356     | 0.605      | 0.540      | n/a        | n/a        | n/a       
Model 8    | 0.5484     | 0.698      | 0.698      | n/a        | n/a        | n/a       
Model 9    | 0.1782     | 0.620      | 0.515      | n/a        | n/a        | n/a       
Ensemble (FCFW) | -0.0006    | 0.191      | 0.092      | n/a        | n/a        | n/a       
Saving results to out/hpo/hopfield_20q_p1_b20_20260605_220450/trials/trial_0012/results.csv...
Experiment: Boosting on Hopfield (20q, 1p)
Configuration:
  train_samples: 1000
  data_seed: 42
  n_samples: 400
  n_models: 10
  learning_rate: 0.022575434418905856
  epochs_per_step: 400
  caching_level: none
  ensemble_samples_coeff: 1.0
  init_baseline: covariance
  init_later: random
  lambda_dual: 1.0
  lambda_schedule: {'type': 'frank_wolfe', 'gamma': 0.25, 'tau': 1.0}
  n_ops: 1024
  weight_strategy: frank_wolfe
  alpha_n_grid: 11
  alpha_objective_weight: 0.5
  baseline: none
  shots: 1000
  final_eval_sampling: True
  dataset_metrics: True
  exact_metrics: {'enabled': True, 'max_qubits': 20, 'phases': {'baseline': True, 'steps': False, 'final': True, 'per_model': True, 'fcfw': True}}
  keep_models_for_diagnosis: True
  stop_on_reject: False
  save_circuit_artifacts: False
  rng_seed: 42
  circuit_config: {'topology': 'aachen_heavy_hex', 'distance': 2, 'max_weight': 2, 'n_ancilla': 0}
  turbo: 10
  dynamic_is_within_shell: shell_uniform
  exact_sampling: True
  acceptance_metric: training_mmd
  skip_sampling: True
  report_fcfw: True
  dynamic_is: False
  dynamic_is_beta: 0.02093498152742811
  sigma: [0.8717045002312437, 0.33127731970854907]
  require_exact_sampling: True
================================================================================
Saving config to out/hpo/hopfield_20q_p1_b20_20260605_220450/trials/trial_0013/config.json...
Gate structure: Qubits: 20
Aachen heavy-hex topology: 39 parameters
one_qubit=20, two_qubit=19
Using Gaussian Kernel (n_ops=1024, n_qubits=20):
  - sigma=0.87170450
  - sigma=0.33127732
Expected sampled operator size:
  - p=4.821183, std=1.912849
  - p=9.894963, std=2.235945
  mean: 7.358073
  std: 3.281011
Baselines enabled: 

Training ensemble Model 0 (400 epochs)...
Training has not converged after 400 steps
Model 0 final loss: 0.132120
  [Step 0/9] train_MMD=0.1348 alpha_opt=1.0000 oracle_top1_TVD=0.6977

[Step 1] Training Model 1...
  lambda_dual: 0.8750
Training has not converged after 400 steps
  Weighting: frank_wolfe alpha = 0.1250
  [Step 1/9] train_MMD=0.0629 alpha_opt=0.1250 oracle_top2_TVD=0.3954
  [OK] MMD improved (delta=+0.071849)
  SNR (proxy): 13.27 (mean_norm=0.0000, std_norm=0.0000)

[Step 2] Training Model 2...
  lambda_dual: 0.9167
Training has not converged after 400 steps
  Weighting: frank_wolfe alpha = 0.0833
  [Step 2/9] train_MMD=0.0375 alpha_opt=0.0833 oracle_top3_TVD=0.3886
  [OK] MMD improved (delta=+0.025448)
  SNR (proxy): 15.88 (mean_norm=0.0000, std_norm=0.0000)

[Step 3] Training Model 3...
  lambda_dual: 0.9375
Training has not converged after 400 steps
  Weighting: frank_wolfe alpha = 0.0625
  [Step 3/9] train_MMD=0.0270 alpha_opt=0.0625 oracle_top4_TVD=0.3818
  [OK] MMD improved (delta=+0.010459)
  SNR (proxy): 23.19 (mean_norm=0.0000, std_norm=0.0000)

[Step 4] Training Model 4...
  lambda_dual: 0.9500
Training has not converged after 400 steps
  Weighting: frank_wolfe alpha = 0.0500
  [Step 4/9] train_MMD=0.0229 alpha_opt=0.0500 oracle_top5_TVD=0.3751
  [OK] MMD improved (delta=+0.004083)
  SNR (proxy): 10.74 (mean_norm=0.0000, std_norm=0.0000)

[Step 5] Training Model 5...
  lambda_dual: 0.9583
Training has not converged after 400 steps
  Weighting: frank_wolfe alpha = 0.0417
  [Step 5/9] train_MMD=0.0220 alpha_opt=0.0417 oracle_top6_TVD=0.3683
  [OK] MMD improved (delta=+0.000945)
  SNR (proxy): 48.56 (mean_norm=0.0000, std_norm=0.0000)

[Step 6] Training Model 6...
  lambda_dual: 0.9643
Training has not converged after 400 steps
  Weighting: frank_wolfe alpha = 0.0357
  [Step 6/9] train_MMD=0.0226 alpha_opt=0.0357 oracle_top7_TVD=0.3615
  [WARNING] MMD worsened but kept (diagnostic, delta=-0.000573)
  SNR (proxy): 12.45 (mean_norm=0.0198, std_norm=0.0016)

[Step 7] Training Model 7...
  lambda_dual: 0.9688
Training has not converged after 400 steps
  Weighting: frank_wolfe alpha = 0.0312
  [Step 7/9] train_MMD=0.0235 alpha_opt=0.0312 oracle_top8_TVD=0.3548
  [WARNING] MMD worsened but kept (diagnostic, delta=-0.000937)
  SNR (proxy): 9.93 (mean_norm=0.0199, std_norm=0.0020)

[Step 8] Training Model 8...
  lambda_dual: 0.9722
Training has not converged after 400 steps
  Weighting: frank_wolfe alpha = 0.0278
  [Step 8/9] train_MMD=0.0245 alpha_opt=0.0278 oracle_top9_TVD=0.3480
  [WARNING] MMD worsened but kept (diagnostic, delta=-0.000994)
  SNR (proxy): 17.22 (mean_norm=0.0196, std_norm=0.0011)

[Step 9] Training Model 9...
  lambda_dual: 0.9750
Training has not converged after 400 steps
  Weighting: frank_wolfe alpha = 0.0250
  [Step 9/9] train_MMD=0.0255 alpha_opt=0.0250 oracle_top10_TVD=0.3413
  [WARNING] MMD worsened but kept (diagnostic, delta=-0.001031)
  SNR (proxy): 19.90 (mean_norm=0.0202, std_norm=0.0010)

Final: 10 models, MMD=0.0220 (delta=+0.1128) F1=nan

[FCFW] Computing Fully Corrective Frank-Wolfe weights for final ensemble...
  Weighting: fully corrective QP weights = [0.6849, 0.0630, 0.0630, 0.0630, 0.0630, 0.0630, 0.0000, 0.0000, 0.0000, 0.0000]
  FCFW Sampled MMD^2: 0.022139
  FCFW Sampled TVD:   0.4507

FINAL MODEL COMPARISON (inc. FCFW)
Model      | MMD        | TVD        | TVD*       | Valid      | Cover      | F1        
----------------------------------------------------------------------------------------
Baseline   | 0.1348     | n/a        | n/a        | n/a        | n/a        | n/a       
Ensemble   | 0.0220     | 0.420      | 0.362      | n/a        | n/a        | n/a       
Model 0    | 0.1314     | 0.667      | 0.586      | n/a        | n/a        | n/a       
Model 1    | 0.5448     | 0.698      | 0.698      | n/a        | n/a        | n/a       
Model 2    | 0.5448     | 0.698      | 0.698      | n/a        | n/a        | n/a       
Model 3    | 0.5448     | 0.698      | 0.698      | n/a        | n/a        | n/a       
Model 4    | 0.5448     | 0.698      | 0.698      | n/a        | n/a        | n/a       
Model 5    | 0.5448     | 0.698      | 0.698      | n/a        | n/a        | n/a       
Model 6    | 0.2467     | 0.657      | 0.642      | n/a        | n/a        | n/a       
Model 7    | 0.1816     | 0.649      | 0.615      | n/a        | n/a        | n/a       
Model 8    | 0.1501     | 0.643      | 0.584      | n/a        | n/a        | n/a       
Model 9    | 0.1530     | 0.761      | 0.622      | n/a        | n/a        | n/a       
Ensemble (FCFW) | 0.0221     | 0.451      | 0.388      | n/a        | n/a        | n/a       
Saving results to out/hpo/hopfield_20q_p1_b20_20260605_220450/trials/trial_0013/results.csv...
Experiment: Boosting on Hopfield (20q, 1p)
Configuration:
  train_samples: 1000
  data_seed: 42
  n_samples: 400
  n_models: 10
  learning_rate: 0.02327791463886774
  epochs_per_step: 400
  caching_level: none
  ensemble_samples_coeff: 1.0
  init_baseline: covariance
  init_later: random
  lambda_dual: 1.0
  lambda_schedule: {'type': 'frank_wolfe', 'gamma': 0.75, 'tau': 1.0}
  n_ops: 1024
  weight_strategy: frank_wolfe
  alpha_n_grid: 11
  alpha_objective_weight: 0.5
  baseline: none
  shots: 1000
  final_eval_sampling: True
  dataset_metrics: True
  exact_metrics: {'enabled': True, 'max_qubits': 20, 'phases': {'baseline': True, 'steps': False, 'final': True, 'per_model': True, 'fcfw': True}}
  keep_models_for_diagnosis: True
  stop_on_reject: False
  save_circuit_artifacts: False
  rng_seed: 42
  circuit_config: {'topology': 'aachen_heavy_hex', 'distance': 2, 'max_weight': 2, 'n_ancilla': 0}
  turbo: 10
  dynamic_is_within_shell: shell_uniform
  exact_sampling: True
  acceptance_metric: training_mmd
  skip_sampling: True
  report_fcfw: True
  dynamic_is: True
  dynamic_is_beta: 0.02692117827601091
  sigma: [1.6061926957522055, 0.5364097468549033]
  require_exact_sampling: True
================================================================================
Saving config to out/hpo/hopfield_20q_p1_b20_20260605_220450/trials/trial_0014/config.json...
Gate structure: Qubits: 20
Aachen heavy-hex topology: 39 parameters
one_qubit=20, two_qubit=19
Using Gaussian Kernel (n_ops=1024, n_qubits=20):
  - sigma=1.60619270
  - sigma=0.53640975
Expected sampled operator size:
  - p=1.761850, std=1.267535
  - p=8.240768, std=2.201194
  mean: 5.001309
  std: 3.704057
Baselines enabled: 

Training ensemble Model 0 (400 epochs)...
Training has not converged after 400 steps
Model 0 final loss: 0.185030
  [Step 0/9] train_MMD=0.1823 alpha_opt=1.0000 oracle_top1_TVD=0.6977

[Step 1] Training Model 1...
  lambda_dual: 0.6250
Training has not converged after 400 steps
  Weighting: frank_wolfe alpha = 0.3750
  [Step 1/9] train_MMD=0.0351 alpha_opt=0.3750 oracle_top2_TVD=0.3954
  [OK] MMD improved (delta=+0.147279)
  SNR (proxy): 11.31 (mean_norm=0.0000, std_norm=0.0000)

[Step 2] Training Model 2...
  lambda_dual: 0.7500
Training has not converged after 400 steps
  Weighting: frank_wolfe alpha = 0.2500
  [Step 2/9] train_MMD=0.0205 alpha_opt=0.2500 oracle_top3_TVD=0.3886
  [OK] MMD improved (delta=+0.014519)
  SNR (proxy): 8.17 (mean_norm=0.0166, std_norm=0.0020)

[Step 3] Training Model 3...
  lambda_dual: 0.8125
Training has not converged after 400 steps
  Weighting: frank_wolfe alpha = 0.1875
  [Step 3/9] train_MMD=0.0049 alpha_opt=0.1875 oracle_top4_TVD=0.3818
  [OK] MMD improved (delta=+0.015684)
  SNR (proxy): 13.93 (mean_norm=0.0451, std_norm=0.0032)

[Step 4] Training Model 4...
  lambda_dual: 0.8500
Training has not converged after 400 steps
  Weighting: frank_wolfe alpha = 0.1500
  [Step 4/9] train_MMD=0.0099 alpha_opt=0.1500 oracle_top5_TVD=0.3751
  [WARNING] MMD worsened but kept (diagnostic, delta=-0.005002)
  SNR (proxy): 13.02 (mean_norm=0.0350, std_norm=0.0027)

[Step 5] Training Model 5...
  lambda_dual: 0.8750
Training has not converged after 400 steps
  Weighting: frank_wolfe alpha = 0.1250
  [Step 5/9] train_MMD=0.0027 alpha_opt=0.1250 oracle_top6_TVD=0.3683
  [OK] MMD improved (delta=+0.007105)
  SNR (proxy): 16.73 (mean_norm=0.0000, std_norm=0.0000)

[Step 6] Training Model 6...
  lambda_dual: 0.8929
Training has not converged after 400 steps
  Weighting: frank_wolfe alpha = 0.1071
  [Step 6/9] train_MMD=0.0034 alpha_opt=0.1071 oracle_top7_TVD=0.3615
  [WARNING] MMD worsened but kept (diagnostic, delta=-0.000669)
  SNR (proxy): 19.50 (mean_norm=0.0047, std_norm=0.0002)

[Step 7] Training Model 7...
  lambda_dual: 0.9062
Training has not converged after 400 steps
  Weighting: frank_wolfe alpha = 0.0937
  [Step 7/9] train_MMD=0.0012 alpha_opt=0.0937 oracle_top8_TVD=0.3548
  [OK] MMD improved (delta=+0.002232)
  SNR (proxy): 6.18 (mean_norm=0.0278, std_norm=0.0045)

[Step 8] Training Model 8...
  lambda_dual: 0.9167
Training has not converged after 400 steps
  Weighting: frank_wolfe alpha = 0.0833
  [Step 8/9] train_MMD=0.0018 alpha_opt=0.0833 oracle_top9_TVD=0.3480
  [WARNING] MMD worsened but kept (diagnostic, delta=-0.000586)
  SNR (proxy): 6.81 (mean_norm=0.0147, std_norm=0.0022)

[Step 9] Training Model 9...
  lambda_dual: 0.9250
Training has not converged after 400 steps
  Weighting: frank_wolfe alpha = 0.0750
  [Step 9/9] train_MMD=0.0010 alpha_opt=0.0750 oracle_top10_TVD=0.3413
  [OK] MMD improved (delta=+0.000785)
  SNR (proxy): 10.76 (mean_norm=0.0215, std_norm=0.0020)

Final: 10 models, MMD=0.0003 (delta=+0.1820) F1=nan

[FCFW] Computing Fully Corrective Frank-Wolfe weights for final ensemble...
  Weighting: fully corrective QP weights = [0.0563, 0.0010, 0.0098, 0.1289, 0.1015, 0.0251, 0.1893, 0.1769, 0.0835, 0.2278]
  FCFW Sampled MMD^2: -0.000594
  FCFW Sampled TVD:   0.2078

FINAL MODEL COMPARISON (inc. FCFW)
Model      | MMD        | TVD        | TVD*       | Valid      | Cover      | F1        
----------------------------------------------------------------------------------------
Baseline   | 0.1823     | n/a        | n/a        | n/a        | n/a        | n/a       
Ensemble   | 0.0003     | 0.249      | 0.171      | n/a        | n/a        | n/a       
Model 0    | 0.1814     | 0.786      | 0.732      | n/a        | n/a        | n/a       
Model 1    | 0.5351     | 0.698      | 0.698      | n/a        | n/a        | n/a       
Model 2    | 0.4918     | 0.664      | 0.644      | n/a        | n/a        | n/a       
Model 3    | 0.2868     | 0.580      | 0.549      | n/a        | n/a        | n/a       
Model 4    | 0.2081     | 0.744      | 0.640      | n/a        | n/a        | n/a       
Model 5    | 0.5241     | 0.698      | 0.698      | n/a        | n/a        | n/a       
Model 6    | 0.4502     | 0.664      | 0.639      | n/a        | n/a        | n/a       
Model 7    | 0.3467     | 0.642      | 0.612      | n/a        | n/a        | n/a       
Model 8    | 0.2759     | 0.614      | 0.558      | n/a        | n/a        | n/a       
Model 9    | 0.3029     | 0.609      | 0.562      | n/a        | n/a        | n/a       
Ensemble (FCFW) | -0.0006    | 0.208      | 0.119      | n/a        | n/a        | n/a       
Saving results to out/hpo/hopfield_20q_p1_b20_20260605_220450/trials/trial_0014/results.csv...
Experiment: Boosting on Hopfield (20q, 1p)
Configuration:
  train_samples: 1000
  data_seed: 42
  n_samples: 400
  n_models: 10
  learning_rate: 0.021644069993397262
  epochs_per_step: 400
  caching_level: none
  ensemble_samples_coeff: 1.0
  init_baseline: covariance
  init_later: random
  lambda_dual: 1.0
  lambda_schedule: {'type': 'frank_wolfe', 'gamma': 1.0, 'tau': 1.0}
  n_ops: 1024
  weight_strategy: frank_wolfe
  alpha_n_grid: 11
  alpha_objective_weight: 0.5
  baseline: none
  shots: 1000
  final_eval_sampling: True
  dataset_metrics: True
  exact_metrics: {'enabled': True, 'max_qubits': 20, 'phases': {'baseline': True, 'steps': False, 'final': True, 'per_model': True, 'fcfw': True}}
  keep_models_for_diagnosis: True
  stop_on_reject: False
  save_circuit_artifacts: False
  rng_seed: 42
  circuit_config: {'topology': 'aachen_heavy_hex', 'distance': 2, 'max_weight': 2, 'n_ancilla': 0}
  turbo: 10
  dynamic_is_within_shell: shell_uniform
  exact_sampling: True
  acceptance_metric: training_mmd
  skip_sampling: True
  report_fcfw: True
  dynamic_is: False
  dynamic_is_beta: 0.01706927894426413
  sigma: [0.6644619395832447]
  require_exact_sampling: True
================================================================================
Saving config to out/hpo/hopfield_20q_p1_b20_20260605_220450/trials/trial_0015/config.json...
Gate structure: Qubits: 20
Aachen heavy-hex topology: 39 parameters
one_qubit=20, two_qubit=19
Using Gaussian Kernel (n_ops=1024, n_qubits=20):
  - sigma=0.66446194
Expected sampled operator size:
  - p=6.777662, std=2.116796
  mean: 6.777662
  std: 2.116796
Baselines enabled: 

Training ensemble Model 0 (400 epochs)...
Training has not converged after 400 steps
Model 0 final loss: 0.125638
  [Step 0/9] train_MMD=0.1252 alpha_opt=1.0000 oracle_top1_TVD=0.6977

[Step 1] Training Model 1...
  lambda_dual: 0.5000
Training has not converged after 400 steps
  Weighting: frank_wolfe alpha = 0.5000
  [Step 1/9] train_MMD=0.0344 alpha_opt=0.5000 oracle_top2_TVD=0.3954
  [OK] MMD improved (delta=+0.090741)
  SNR (proxy): 3.93 (mean_norm=0.0305, std_norm=0.0078)

[Step 2] Training Model 2...
  lambda_dual: 0.6667
Training has not converged after 400 steps
  Weighting: frank_wolfe alpha = 0.3333
  [Step 2/9] train_MMD=0.0147 alpha_opt=0.3333 oracle_top3_TVD=0.3886
  [OK] MMD improved (delta=+0.019715)
  SNR (proxy): 2.75 (mean_norm=0.0493, std_norm=0.0179)

[Step 3] Training Model 3...
  lambda_dual: 0.7500
Training has not converged after 400 steps
  Weighting: frank_wolfe alpha = 0.2500
  [Step 3/9] train_MMD=0.0071 alpha_opt=0.2500 oracle_top4_TVD=0.3818
  [OK] MMD improved (delta=+0.007578)
  SNR (proxy): 5.79 (mean_norm=0.0579, std_norm=0.0100)

[Step 4] Training Model 4...
  lambda_dual: 0.8000
Training has not converged after 400 steps
  Weighting: frank_wolfe alpha = 0.2000
  [Step 4/9] train_MMD=0.0045 alpha_opt=0.2000 oracle_top5_TVD=0.3751
  [OK] MMD improved (delta=+0.002678)
  SNR (proxy): 5.90 (mean_norm=0.0734, std_norm=0.0124)

[Step 5] Training Model 5...
  lambda_dual: 0.8333
Training has not converged after 400 steps
  Weighting: frank_wolfe alpha = 0.1667
  [Step 5/9] train_MMD=0.0037 alpha_opt=0.1667 oracle_top6_TVD=0.3683
  [OK] MMD improved (delta=+0.000736)
  SNR (proxy): 6.85 (mean_norm=0.0559, std_norm=0.0082)

[Step 6] Training Model 6...
  lambda_dual: 0.8571
Training has not converged after 400 steps
  Weighting: frank_wolfe alpha = 0.1429
  [Step 6/9] train_MMD=0.0021 alpha_opt=0.1429 oracle_top7_TVD=0.3615
  [OK] MMD improved (delta=+0.001675)
  SNR (proxy): 7.14 (mean_norm=0.0501, std_norm=0.0070)

[Step 7] Training Model 7...
  lambda_dual: 0.8750
Training has not converged after 400 steps
  Weighting: frank_wolfe alpha = 0.1250
  [Step 7/9] train_MMD=0.0017 alpha_opt=0.1250 oracle_top8_TVD=0.3548
  [OK] MMD improved (delta=+0.000340)
  SNR (proxy): 6.84 (mean_norm=0.0397, std_norm=0.0058)

[Step 8] Training Model 8...
  lambda_dual: 0.8889
Training has not converged after 400 steps
  Weighting: frank_wolfe alpha = 0.1111
  [Step 8/9] train_MMD=0.0059 alpha_opt=0.1111 oracle_top9_TVD=0.3480
  [WARNING] MMD worsened but kept (diagnostic, delta=-0.004233)
  SNR (proxy): 10.57 (mean_norm=0.0417, std_norm=0.0039)

[Step 9] Training Model 9...
  lambda_dual: 0.9000
Training has not converged after 400 steps
  Weighting: frank_wolfe alpha = 0.1000
  [Step 9/9] train_MMD=0.0008 alpha_opt=0.1000 oracle_top10_TVD=0.3413
  [OK] MMD improved (delta=+0.005098)
  SNR (proxy): 24.17 (mean_norm=0.0000, std_norm=0.0000)

Final: 10 models, MMD=0.0000 (delta=+0.1251) F1=nan

[FCFW] Computing Fully Corrective Frank-Wolfe weights for final ensemble...
  Weighting: fully corrective QP weights = [0.0302, 0.0200, 0.0884, 0.0417, 0.1549, 0.2601, 0.1943, 0.1698, 0.0096, 0.0310]
  FCFW Sampled MMD^2: -0.000946
  FCFW Sampled TVD:   0.1581

FINAL MODEL COMPARISON (inc. FCFW)
Model      | MMD        | TVD        | TVD*       | Valid      | Cover      | F1        
----------------------------------------------------------------------------------------
Baseline   | 0.1252     | n/a        | n/a        | n/a        | n/a        | n/a       
Ensemble   | 0.0000     | 0.222      | 0.118      | n/a        | n/a        | n/a       
Model 0    | 0.1239     | 0.694      | 0.569      | n/a        | n/a        | n/a       
Model 1    | 0.2388     | 0.588      | 0.510      | n/a        | n/a        | n/a       
Model 2    | 0.2759     | 0.601      | 0.533      | n/a        | n/a        | n/a       
Model 3    | 0.2387     | 0.581      | 0.516      | n/a        | n/a        | n/a       
Model 4    | 0.2909     | 0.595      | 0.512      | n/a        | n/a        | n/a       
Model 5    | 0.2409     | 0.594      | 0.517      | n/a        | n/a        | n/a       
Model 6    | 0.2596     | 0.602      | 0.522      | n/a        | n/a        | n/a       
Model 7    | 0.2098     | 0.573      | 0.514      | n/a        | n/a        | n/a       
Model 8    | 0.1279     | 0.628      | 0.557      | n/a        | n/a        | n/a       
Model 9    | 0.5398     | 0.698      | 0.698      | n/a        | n/a        | n/a       
Ensemble (FCFW) | -0.0009    | 0.158      | 0.082      | n/a        | n/a        | n/a       
Saving results to out/hpo/hopfield_20q_p1_b20_20260605_220450/trials/trial_0015/results.csv...
Experiment: Boosting on Hopfield (20q, 1p)
Configuration:
  train_samples: 1000
  data_seed: 42
  n_samples: 400
  n_models: 10
  learning_rate: 0.007444093533757887
  epochs_per_step: 400
  caching_level: none
  ensemble_samples_coeff: 1.0
  init_baseline: covariance
  init_later: random
  lambda_dual: 1.0
  lambda_schedule: {'type': 'frank_wolfe', 'gamma': 1.0, 'tau': 1.0}
  n_ops: 1024
  weight_strategy: frank_wolfe
  alpha_n_grid: 11
  alpha_objective_weight: 0.5
  baseline: none
  shots: 1000
  final_eval_sampling: True
  dataset_metrics: True
  exact_metrics: {'enabled': True, 'max_qubits': 20, 'phases': {'baseline': True, 'steps': False, 'final': True, 'per_model': True, 'fcfw': True}}
  keep_models_for_diagnosis: True
  stop_on_reject: False
  save_circuit_artifacts: False
  rng_seed: 42
  circuit_config: {'topology': 'aachen_heavy_hex', 'distance': 2, 'max_weight': 2, 'n_ancilla': 0}
  turbo: 10
  dynamic_is_within_shell: shell_uniform
  exact_sampling: True
  acceptance_metric: training_mmd
  skip_sampling: True
  report_fcfw: True
  dynamic_is: False
  dynamic_is_beta: 0.07277037581026281
  sigma: [0.41260297136460633]
  require_exact_sampling: True
================================================================================
Saving config to out/hpo/hopfield_20q_p1_b20_20260605_220450/trials/trial_0016/config.json...
Gate structure: Qubits: 20
Aachen heavy-hex topology: 39 parameters
one_qubit=20, two_qubit=19
Using Gaussian Kernel (n_ops=1024, n_qubits=20):
  - sigma=0.41260297
Expected sampled operator size:
  - p=9.469759, std=2.232922
  mean: 9.469759
  std: 2.232922
Baselines enabled: 

Training ensemble Model 0 (400 epochs)...
Training has not converged after 400 steps
Model 0 final loss: 0.104650
  [Step 0/9] train_MMD=0.1077 alpha_opt=1.0000 oracle_top1_TVD=0.6977

[Step 1] Training Model 1...
  lambda_dual: 0.5000
Training has not converged after 400 steps
  Weighting: frank_wolfe alpha = 0.5000
  [Step 1/9] train_MMD=0.1349 alpha_opt=0.5000 oracle_top2_TVD=0.3954
  [WARNING] MMD worsened but kept (diagnostic, delta=-0.027180)
  SNR (proxy): 13.11 (mean_norm=0.0260, std_norm=0.0020)

[Step 2] Training Model 2...
  lambda_dual: 0.6667
Training has not converged after 400 steps
  Weighting: frank_wolfe alpha = 0.3333
  [Step 2/9] train_MMD=0.1515 alpha_opt=0.3333 oracle_top3_TVD=0.3886
  [WARNING] MMD worsened but kept (diagnostic, delta=-0.016554)
  SNR (proxy): 9.34 (mean_norm=0.0254, std_norm=0.0027)

[Step 3] Training Model 3...
  lambda_dual: 0.7500
Training has not converged after 400 steps
  Weighting: frank_wolfe alpha = 0.2500
  [Step 3/9] train_MMD=0.1621 alpha_opt=0.2500 oracle_top4_TVD=0.3818
  [WARNING] MMD worsened but kept (diagnostic, delta=-0.010661)
  SNR (proxy): 10.10 (mean_norm=0.0246, std_norm=0.0024)

[Step 4] Training Model 4...
  lambda_dual: 0.8000
Training has not converged after 400 steps
  Weighting: frank_wolfe alpha = 0.2000
  [Step 4/9] train_MMD=0.1684 alpha_opt=0.2000 oracle_top5_TVD=0.3751
  [WARNING] MMD worsened but kept (diagnostic, delta=-0.006270)
  SNR (proxy): 10.37 (mean_norm=0.0238, std_norm=0.0023)

[Step 5] Training Model 5...
  lambda_dual: 0.8333
Training has not converged after 400 steps
  Weighting: frank_wolfe alpha = 0.1667
  [Step 5/9] train_MMD=0.1725 alpha_opt=0.1667 oracle_top6_TVD=0.3683
  [WARNING] MMD worsened but kept (diagnostic, delta=-0.004137)
  SNR (proxy): 8.62 (mean_norm=0.0267, std_norm=0.0031)

[Step 6] Training Model 6...
  lambda_dual: 0.8571
Training has not converged after 400 steps
  Weighting: frank_wolfe alpha = 0.1429
  [Step 6/9] train_MMD=0.1755 alpha_opt=0.1429 oracle_top7_TVD=0.3615
  [WARNING] MMD worsened but kept (diagnostic, delta=-0.003008)
  SNR (proxy): 12.49 (mean_norm=0.0257, std_norm=0.0021)

[Step 7] Training Model 7...
  lambda_dual: 0.8750
Training has not converged after 400 steps
  Weighting: frank_wolfe alpha = 0.1250
  [Step 7/9] train_MMD=0.1782 alpha_opt=0.1250 oracle_top8_TVD=0.3548
  [WARNING] MMD worsened but kept (diagnostic, delta=-0.002658)
  SNR (proxy): 9.94 (mean_norm=0.0238, std_norm=0.0024)

[Step 8] Training Model 8...
  lambda_dual: 0.8889
Training has not converged after 400 steps
  Weighting: frank_wolfe alpha = 0.1111
  [Step 8/9] train_MMD=0.1804 alpha_opt=0.1111 oracle_top9_TVD=0.3480
  [WARNING] MMD worsened but kept (diagnostic, delta=-0.002161)
  SNR (proxy): 8.12 (mean_norm=0.0254, std_norm=0.0031)

[Step 9] Training Model 9...
  lambda_dual: 0.9000
Training has not converged after 400 steps
  Weighting: frank_wolfe alpha = 0.1000
  [Step 9/9] train_MMD=0.1821 alpha_opt=0.1000 oracle_top10_TVD=0.3413
  [WARNING] MMD worsened but kept (diagnostic, delta=-0.001740)
  SNR (proxy): 9.30 (mean_norm=0.0258, std_norm=0.0028)

Final: 10 models, MMD=0.1770 (delta=-0.0693) F1=nan

[FCFW] Computing Fully Corrective Frank-Wolfe weights for final ensemble...
  Weighting: fully corrective QP weights = [1.0000, 0.0000, 0.0000, 0.0000, 0.0000, 0.0000, 0.0000, 0.0000, 0.0000, 0.0000]
  FCFW Sampled MMD^2: 0.100842
  FCFW Sampled TVD:   0.5667

FINAL MODEL COMPARISON (inc. FCFW)
Model      | MMD        | TVD        | TVD*       | Valid      | Cover      | F1        
----------------------------------------------------------------------------------------
Baseline   | 0.1077     | n/a        | n/a        | n/a        | n/a        | n/a       
Ensemble   | 0.1770     | 0.951      | 0.911      | n/a        | n/a        | n/a       
Model 0    | 0.1045     | 0.682      | 0.531      | n/a        | n/a        | n/a       
Model 1    | 0.1903     | 1.000      | 0.984      | n/a        | n/a        | n/a       
Model 2    | 0.1903     | 1.000      | 0.992      | n/a        | n/a        | n/a       
Model 3    | 0.1903     | 1.000      | 0.992      | n/a        | n/a        | n/a       
Model 4    | 0.1903     | 1.000      | 0.990      | n/a        | n/a        | n/a       
Model 5    | 0.1903     | 1.000      | 0.993      | n/a        | n/a        | n/a       
Model 6    | 0.1903     | 1.000      | 0.988      | n/a        | n/a        | n/a       
Model 7    | 0.1903     | 1.000      | 0.992      | n/a        | n/a        | n/a       
Model 8    | 0.1903     | 1.000      | 0.995      | n/a        | n/a        | n/a       
Model 9    | 0.1908     | 1.000      | 0.996      | n/a        | n/a        | n/a       
Ensemble (FCFW) | 0.1008     | 0.567      | 0.531      | n/a        | n/a        | n/a       
Saving results to out/hpo/hopfield_20q_p1_b20_20260605_220450/trials/trial_0016/results.csv...
Experiment: Boosting on Hopfield (20q, 1p)
Configuration:
  train_samples: 1000
  data_seed: 42
  n_samples: 400
  n_models: 10
  learning_rate: 0.015529586201998655
  epochs_per_step: 400
  caching_level: none
  ensemble_samples_coeff: 1.0
  init_baseline: covariance
  init_later: random
  lambda_dual: 1.0
  lambda_schedule: {'type': 'frank_wolfe', 'gamma': 1.0, 'tau': 1.0}
  n_ops: 1024
  weight_strategy: frank_wolfe
  alpha_n_grid: 11
  alpha_objective_weight: 0.5
  baseline: none
  shots: 1000
  final_eval_sampling: True
  dataset_metrics: True
  exact_metrics: {'enabled': True, 'max_qubits': 20, 'phases': {'baseline': True, 'steps': False, 'final': True, 'per_model': True, 'fcfw': True}}
  keep_models_for_diagnosis: True
  stop_on_reject: False
  save_circuit_artifacts: False
  rng_seed: 42
  circuit_config: {'topology': 'aachen_heavy_hex', 'distance': 2, 'max_weight': 2, 'n_ancilla': 0}
  turbo: 10
  dynamic_is_within_shell: shell_uniform
  exact_sampling: True
  acceptance_metric: training_mmd
  skip_sampling: True
  report_fcfw: True
  dynamic_is: False
  dynamic_is_beta: 0.016747078687396073
  sigma: [0.8183636034289089]
  require_exact_sampling: True
================================================================================
Saving config to out/hpo/hopfield_20q_p1_b20_20260605_220450/trials/trial_0017/config.json...
Gate structure: Qubits: 20
Aachen heavy-hex topology: 39 parameters
one_qubit=20, two_qubit=19
Using Gaussian Kernel (n_ops=1024, n_qubits=20):
  - sigma=0.81836360
Expected sampled operator size:
  - p=5.260160, std=1.968933
  mean: 5.260160
  std: 1.968933
Baselines enabled: 

Training ensemble Model 0 (400 epochs)...
Training has not converged after 400 steps
Model 0 final loss: 0.158960
  [Step 0/9] train_MMD=0.1516 alpha_opt=1.0000 oracle_top1_TVD=0.6977

[Step 1] Training Model 1...
  lambda_dual: 0.5000
Training has not converged after 400 steps
  Weighting: frank_wolfe alpha = 0.5000
  [Step 1/9] train_MMD=0.0383 alpha_opt=0.5000 oracle_top2_TVD=0.3954
  [OK] MMD improved (delta=+0.113343)
  SNR (proxy): 9.91 (mean_norm=0.0342, std_norm=0.0034)

[Step 2] Training Model 2...
  lambda_dual: 0.6667
Training has not converged after 400 steps
  Weighting: frank_wolfe alpha = 0.3333
  [Step 2/9] train_MMD=0.0656 alpha_opt=0.3333 oracle_top3_TVD=0.3886
  [WARNING] MMD worsened but kept (diagnostic, delta=-0.027293)
  SNR (proxy): 13.27 (mean_norm=0.0957, std_norm=0.0072)

[Step 3] Training Model 3...
  lambda_dual: 0.7500
Training has not converged after 400 steps
  Weighting: frank_wolfe alpha = 0.2500
  [Step 3/9] train_MMD=0.0107 alpha_opt=0.2500 oracle_top4_TVD=0.3818
  [OK] MMD improved (delta=+0.054916)
  SNR (proxy): 16.35 (mean_norm=0.0000, std_norm=0.0000)

[Step 4] Training Model 4...
  lambda_dual: 0.8000
Training has not converged after 400 steps
  Weighting: frank_wolfe alpha = 0.2000
  [Step 4/9] train_MMD=0.0106 alpha_opt=0.2000 oracle_top5_TVD=0.3751
  [OK] MMD improved (delta=+0.000088)
  SNR (proxy): 6.74 (mean_norm=0.0587, std_norm=0.0087)

[Step 5] Training Model 5...
  lambda_dual: 0.8333
Training has not converged after 400 steps
  Weighting: frank_wolfe alpha = 0.1667
  [Step 5/9] train_MMD=0.0037 alpha_opt=0.1667 oracle_top6_TVD=0.3683
  [OK] MMD improved (delta=+0.006877)
  SNR (proxy): 7.07 (mean_norm=0.0419, std_norm=0.0059)

[Step 6] Training Model 6...
  lambda_dual: 0.8571
Training has not converged after 400 steps
  Weighting: frank_wolfe alpha = 0.1429
  [Step 6/9] train_MMD=0.0035 alpha_opt=0.1429 oracle_top7_TVD=0.3615
  [OK] MMD improved (delta=+0.000182)
  SNR (proxy): 14.01 (mean_norm=0.0457, std_norm=0.0033)

[Step 7] Training Model 7...
  lambda_dual: 0.8750
Training has not converged after 400 steps
  Weighting: frank_wolfe alpha = 0.1250
  [Step 7/9] train_MMD=0.0019 alpha_opt=0.1250 oracle_top8_TVD=0.3548
  [OK] MMD improved (delta=+0.001600)
  SNR (proxy): 17.73 (mean_norm=0.0395, std_norm=0.0022)

[Step 8] Training Model 8...
  lambda_dual: 0.8889
Training has not converged after 400 steps
  Weighting: frank_wolfe alpha = 0.1111
  [Step 8/9] train_MMD=0.0064 alpha_opt=0.1111 oracle_top9_TVD=0.3480
  [WARNING] MMD worsened but kept (diagnostic, delta=-0.004499)
  SNR (proxy): 20.52 (mean_norm=0.0423, std_norm=0.0021)

[Step 9] Training Model 9...
  lambda_dual: 0.9000
Training has not converged after 400 steps
  Weighting: frank_wolfe alpha = 0.1000
  [Step 9/9] train_MMD=0.0015 alpha_opt=0.1000 oracle_top10_TVD=0.3413
  [OK] MMD improved (delta=+0.004940)
  SNR (proxy): 15.36 (mean_norm=0.0000, std_norm=0.0000)

Final: 10 models, MMD=-0.0001 (delta=+0.1518) F1=nan

[FCFW] Computing Fully Corrective Frank-Wolfe weights for final ensemble...
  Weighting: fully corrective QP weights = [0.0085, 0.1180, 0.0330, 0.0731, 0.1489, 0.1279, 0.1439, 0.2016, 0.0944, 0.0507]
  FCFW Sampled MMD^2: -0.000777
  FCFW Sampled TVD:   0.1913

FINAL MODEL COMPARISON (inc. FCFW)
Model      | MMD        | TVD        | TVD*       | Valid      | Cover      | F1        
----------------------------------------------------------------------------------------
Baseline   | 0.1516     | n/a        | n/a        | n/a        | n/a        | n/a       
Ensemble   | -0.0001    | 0.214      | 0.128      | n/a        | n/a        | n/a       
Model 0    | 0.1501     | 0.720      | 0.600      | n/a        | n/a        | n/a       
Model 1    | 0.2865     | 0.601      | 0.522      | n/a        | n/a        | n/a       
Model 2    | 0.1505     | 0.755      | 0.605      | n/a        | n/a        | n/a       
Model 3    | 0.5392     | 0.698      | 0.698      | n/a        | n/a        | n/a       
Model 4    | 0.3482     | 0.608      | 0.533      | n/a        | n/a        | n/a       
Model 5    | 0.3761     | 0.616      | 0.591      | n/a        | n/a        | n/a       
Model 6    | 0.2790     | 0.594      | 0.533      | n/a        | n/a        | n/a       
Model 7    | 0.2666     | 0.581      | 0.512      | n/a        | n/a        | n/a       
Model 8    | 0.1549     | 0.687      | 0.641      | n/a        | n/a        | n/a       
Model 9    | 0.5282     | 0.698      | 0.698      | n/a        | n/a        | n/a       
Ensemble (FCFW) | -0.0008    | 0.191      | 0.082      | n/a        | n/a        | n/a       
Saving results to out/hpo/hopfield_20q_p1_b20_20260605_220450/trials/trial_0017/results.csv...
Experiment: Boosting on Hopfield (20q, 1p)
Configuration:
  train_samples: 1000
  data_seed: 42
  n_samples: 400
  n_models: 10
  learning_rate: 0.015503947256944607
  epochs_per_step: 400
  caching_level: none
  ensemble_samples_coeff: 1.0
  init_baseline: covariance
  init_later: random
  lambda_dual: 1.0
  lambda_schedule: {'type': 'frank_wolfe', 'gamma': 1.0, 'tau': 1.0}
  n_ops: 1024
  weight_strategy: frank_wolfe
  alpha_n_grid: 11
  alpha_objective_weight: 0.5
  baseline: none
  shots: 1000
  final_eval_sampling: True
  dataset_metrics: True
  exact_metrics: {'enabled': True, 'max_qubits': 20, 'phases': {'baseline': True, 'steps': False, 'final': True, 'per_model': True, 'fcfw': True}}
  keep_models_for_diagnosis: True
  stop_on_reject: False
  save_circuit_artifacts: False
  rng_seed: 42
  circuit_config: {'topology': 'aachen_heavy_hex', 'distance': 2, 'max_weight': 2, 'n_ancilla': 0}
  turbo: 10
  dynamic_is_within_shell: shell_uniform
  exact_sampling: True
  acceptance_metric: training_mmd
  skip_sampling: True
  report_fcfw: True
  dynamic_is: True
  dynamic_is_beta: 0.01670004506681234
  sigma: [0.822064527058967]
  require_exact_sampling: True
================================================================================
Saving config to out/hpo/hopfield_20q_p1_b20_20260605_220450/trials/trial_0018/config.json...
Gate structure: Qubits: 20
Aachen heavy-hex topology: 39 parameters
one_qubit=20, two_qubit=19
Using Gaussian Kernel (n_ops=1024, n_qubits=20):
  - sigma=0.82206453
Expected sampled operator size:
  - p=5.228263, std=1.965077
  mean: 5.228263
  std: 1.965077
Baselines enabled: 

Training ensemble Model 0 (400 epochs)...
Training has not converged after 400 steps
Model 0 final loss: 0.152901
  [Step 0/9] train_MMD=0.1554 alpha_opt=1.0000 oracle_top1_TVD=0.6977

[Step 1] Training Model 1...
  lambda_dual: 0.5000
Training has not converged after 400 steps
  Weighting: frank_wolfe alpha = 0.5000
  [Step 1/9] train_MMD=0.0336 alpha_opt=0.5000 oracle_top2_TVD=0.3954
  [OK] MMD improved (delta=+0.121803)
  SNR (proxy): 2.27 (mean_norm=0.0350, std_norm=0.0154)

[Step 2] Training Model 2...
  lambda_dual: 0.6667
Training has not converged after 400 steps
  Weighting: frank_wolfe alpha = 0.3333
  [Step 2/9] train_MMD=0.0617 alpha_opt=0.3333 oracle_top3_TVD=0.3886
  [WARNING] MMD worsened but kept (diagnostic, delta=-0.028041)
  SNR (proxy): 25.24 (mean_norm=0.1228, std_norm=0.0049)

[Step 3] Training Model 3...
  lambda_dual: 0.7500
Training has not converged after 400 steps
  Weighting: frank_wolfe alpha = 0.2500
  [Step 3/9] train_MMD=0.0136 alpha_opt=0.2500 oracle_top4_TVD=0.3818
  [OK] MMD improved (delta=+0.048086)
  SNR (proxy): 10.32 (mean_norm=0.0000, std_norm=0.0000)

[Step 4] Training Model 4...
  lambda_dual: 0.8000
Training has not converged after 400 steps
  Weighting: frank_wolfe alpha = 0.2000
  [Step 4/9] train_MMD=0.0120 alpha_opt=0.2000 oracle_top5_TVD=0.3751
  [OK] MMD improved (delta=+0.001551)
  SNR (proxy): 8.85 (mean_norm=0.0047, std_norm=0.0005)

[Step 5] Training Model 5...
  lambda_dual: 0.8333
Training has not converged after 400 steps
  Weighting: frank_wolfe alpha = 0.1667
  [Step 5/9] train_MMD=0.0016 alpha_opt=0.1667 oracle_top6_TVD=0.3683
  [OK] MMD improved (delta=+0.010409)
  SNR (proxy): 9.43 (mean_norm=0.0720, std_norm=0.0076)

[Step 6] Training Model 6...
  lambda_dual: 0.8571
Training has not converged after 400 steps
  Weighting: frank_wolfe alpha = 0.1429
  [Step 6/9] train_MMD=0.0102 alpha_opt=0.1429 oracle_top7_TVD=0.3615
  [WARNING] MMD worsened but kept (diagnostic, delta=-0.008535)
  SNR (proxy): 17.83 (mean_norm=0.0162, std_norm=0.0009)

[Step 7] Training Model 7...
  lambda_dual: 0.8750
Training has not converged after 400 steps
  Weighting: frank_wolfe alpha = 0.1250
  [Step 7/9] train_MMD=0.0003 alpha_opt=0.1250 oracle_top8_TVD=0.3548
  [OK] MMD improved (delta=+0.009888)
  SNR (proxy): 19.22 (mean_norm=0.0109, std_norm=0.0006)

[Step 8] Training Model 8...
  lambda_dual: 0.8889
Training has not converged after 400 steps
  Weighting: frank_wolfe alpha = 0.1111
  [Step 8/9] train_MMD=0.0018 alpha_opt=0.1111 oracle_top9_TVD=0.3480
  [WARNING] MMD worsened but kept (diagnostic, delta=-0.001545)
  SNR (proxy): 8.78 (mean_norm=0.0389, std_norm=0.0044)

[Step 9] Training Model 9...
  lambda_dual: 0.9000
Training has not converged after 400 steps
  Weighting: frank_wolfe alpha = 0.1000
  [Step 9/9] train_MMD=0.0007 alpha_opt=0.1000 oracle_top10_TVD=0.3413
  [OK] MMD improved (delta=+0.001123)
  SNR (proxy): 17.41 (mean_norm=0.0506, std_norm=0.0029)

Final: 10 models, MMD=-0.0002 (delta=+0.1556) F1=nan

[FCFW] Computing Fully Corrective Frank-Wolfe weights for final ensemble...
  Weighting: fully corrective QP weights = [0.0305, 0.0235, 0.0929, 0.0045, 0.0712, 0.2117, 0.1848, 0.1622, 0.0655, 0.1532]
  FCFW Sampled MMD^2: 0.000291
  FCFW Sampled TVD:   0.1874

FINAL MODEL COMPARISON (inc. FCFW)
Model      | MMD        | TVD        | TVD*       | Valid      | Cover      | F1        
----------------------------------------------------------------------------------------
Baseline   | 0.1554     | n/a        | n/a        | n/a        | n/a        | n/a       
Ensemble   | -0.0002    | 0.244      | 0.141      | n/a        | n/a        | n/a       
Model 0    | 0.1513     | 0.723      | 0.604      | n/a        | n/a        | n/a       
Model 1    | 0.3077     | 0.667      | 0.650      | n/a        | n/a        | n/a       
Model 2    | 0.1631     | 0.810      | 0.715      | n/a        | n/a        | n/a       
Model 3    | 0.5388     | 0.698      | 0.698      | n/a        | n/a        | n/a       
Model 4    | 0.5168     | 0.691      | 0.676      | n/a        | n/a        | n/a       
Model 5    | 0.3075     | 0.608      | 0.556      | n/a        | n/a        | n/a       
Model 6    | 0.3799     | 0.636      | 0.602      | n/a        | n/a        | n/a       
Model 7    | 0.4869     | 0.684      | 0.679      | n/a        | n/a        | n/a       
Model 8    | 0.1645     | 0.695      | 0.623      | n/a        | n/a        | n/a       
Model 9    | 0.2102     | 0.580      | 0.526      | n/a        | n/a        | n/a       
Ensemble (FCFW) | 0.0003     | 0.187      | 0.106      | n/a        | n/a        | n/a       
Saving results to out/hpo/hopfield_20q_p1_b20_20260605_220450/trials/trial_0018/results.csv...
Experiment: Boosting on Hopfield (20q, 1p)
Configuration:
  train_samples: 1000
  data_seed: 42
  n_samples: 400
  n_models: 10
  learning_rate: 0.031681986649881956
  epochs_per_step: 400
  caching_level: none
  ensemble_samples_coeff: 1.0
  init_baseline: covariance
  init_later: random
  lambda_dual: 1.0
  lambda_schedule: {'type': 'frank_wolfe', 'gamma': 1.0, 'tau': 1.0}
  n_ops: 2048
  weight_strategy: frank_wolfe
  alpha_n_grid: 11
  alpha_objective_weight: 0.5
  baseline: none
  shots: 1000
  final_eval_sampling: True
  dataset_metrics: True
  exact_metrics: {'enabled': True, 'max_qubits': 20, 'phases': {'baseline': True, 'steps': False, 'final': True, 'per_model': True, 'fcfw': True}}
  keep_models_for_diagnosis: True
  stop_on_reject: False
  save_circuit_artifacts: False
  rng_seed: 42
  circuit_config: {'topology': 'aachen_heavy_hex', 'distance': 2, 'max_weight': 2, 'n_ancilla': 0}
  turbo: 10
  dynamic_is_within_shell: shell_uniform
  exact_sampling: True
  acceptance_metric: training_mmd
  skip_sampling: True
  report_fcfw: True
  dynamic_is: False
  dynamic_is_beta: 0.03595670502639843
  sigma: [0.5008535571834271]
  require_exact_sampling: True
================================================================================
Saving config to out/hpo/hopfield_20q_p1_b20_20260605_220450/trials/trial_0019/config.json...
Gate structure: Qubits: 20
Aachen heavy-hex topology: 39 parameters
one_qubit=20, two_qubit=19
Using Gaussian Kernel (n_ops=2048, n_qubits=20):
  - sigma=0.50085356
Expected sampled operator size:
  - p=8.637398, std=2.215212
  mean: 8.637398
  std: 2.215212
Baselines enabled: 

Training ensemble Model 0 (400 epochs)...
Training has not converged after 400 steps
Model 0 final loss: 0.103168
  [Step 0/9] train_MMD=0.1015 alpha_opt=1.0000 oracle_top1_TVD=0.6977

[Step 1] Training Model 1...
  lambda_dual: 0.5000
Training has not converged after 400 steps
  Weighting: frank_wolfe alpha = 0.5000
  [Step 1/9] train_MMD=0.1294 alpha_opt=0.5000 oracle_top2_TVD=0.3954
  [WARNING] MMD worsened but kept (diagnostic, delta=-0.027891)
  SNR (proxy): 7.70 (mean_norm=0.0168, std_norm=0.0022)

[Step 2] Training Model 2...
  lambda_dual: 0.6667
Training has not converged after 400 steps
  Weighting: frank_wolfe alpha = 0.3333
  [Step 2/9] train_MMD=0.0992 alpha_opt=0.3333 oracle_top3_TVD=0.3886
  [OK] MMD improved (delta=+0.030165)
  SNR (proxy): 3.12 (mean_norm=0.0203, std_norm=0.0065)

[Step 3] Training Model 3...
  lambda_dual: 0.7500
Training has not converged after 400 steps
  Weighting: frank_wolfe alpha = 0.2500
  [Step 3/9] train_MMD=0.0089 alpha_opt=0.2500 oracle_top4_TVD=0.3818
  [OK] MMD improved (delta=+0.090368)
  SNR (proxy): 12.38 (mean_norm=0.0000, std_norm=0.0000)

[Step 4] Training Model 4...
  lambda_dual: 0.8000
Training has not converged after 400 steps
  Weighting: frank_wolfe alpha = 0.2000
  [Step 4/9] train_MMD=0.0138 alpha_opt=0.2000 oracle_top5_TVD=0.3751
  [WARNING] MMD worsened but kept (diagnostic, delta=-0.004902)
  SNR (proxy): 4.98 (mean_norm=0.0862, std_norm=0.0173)

[Step 5] Training Model 5...
  lambda_dual: 0.8333
Training has not converged after 400 steps
  Weighting: frank_wolfe alpha = 0.1667
  [Step 5/9] train_MMD=0.0260 alpha_opt=0.1667 oracle_top6_TVD=0.3683
  [WARNING] MMD worsened but kept (diagnostic, delta=-0.012218)
  SNR (proxy): 9.79 (mean_norm=0.0080, std_norm=0.0008)

[Step 6] Training Model 6...
  lambda_dual: 0.8571
Training has not converged after 400 steps
  Weighting: frank_wolfe alpha = 0.1429
  [Step 6/9] train_MMD=0.0393 alpha_opt=0.1429 oracle_top7_TVD=0.3615
  [WARNING] MMD worsened but kept (diagnostic, delta=-0.013266)
  SNR (proxy): 12.46 (mean_norm=0.0098, std_norm=0.0008)

[Step 7] Training Model 7...
  lambda_dual: 0.8750
Training has not converged after 400 steps
  Weighting: frank_wolfe alpha = 0.1250
  [Step 7/9] train_MMD=0.0358 alpha_opt=0.1250 oracle_top8_TVD=0.3548
  [OK] MMD improved (delta=+0.003500)
  SNR (proxy): 10.48 (mean_norm=0.0009, std_norm=0.0001)

[Step 8] Training Model 8...
  lambda_dual: 0.8889
Training has not converged after 400 steps
  Weighting: frank_wolfe alpha = 0.1111
  [Step 8/9] train_MMD=0.0106 alpha_opt=0.1111 oracle_top9_TVD=0.3480
  [OK] MMD improved (delta=+0.025191)
  SNR (proxy): 12.18 (mean_norm=0.0000, std_norm=0.0000)

[Step 9] Training Model 9...
  lambda_dual: 0.9000
Training has not converged after 400 steps
  Weighting: frank_wolfe alpha = 0.1000
  [Step 9/9] train_MMD=0.0180 alpha_opt=0.1000 oracle_top10_TVD=0.3413
  [WARNING] MMD worsened but kept (diagnostic, delta=-0.007403)
  SNR (proxy): 7.67 (mean_norm=0.0066, std_norm=0.0009)

Final: 10 models, MMD=0.0169 (delta=+0.0846) F1=nan

[FCFW] Computing Fully Corrective Frank-Wolfe weights for final ensemble...
  Weighting: fully corrective QP weights = [0.0000, 0.0000, 0.2555, 0.1559, 0.1824, 0.2109, 0.0000, 0.0395, 0.1559, 0.0000]
  FCFW Sampled MMD^2: 0.000333
  FCFW Sampled TVD:   0.2774

FINAL MODEL COMPARISON (inc. FCFW)
Model      | MMD        | TVD        | TVD*       | Valid      | Cover      | F1        
----------------------------------------------------------------------------------------
Baseline   | 0.1015     | n/a        | n/a        | n/a        | n/a        | n/a       
Ensemble   | 0.0169     | 0.472      | 0.433      | n/a        | n/a        | n/a       
Model 0    | 0.1014     | 0.664      | 0.556      | n/a        | n/a        | n/a       
Model 1    | 0.2053     | 1.000      | 0.990      | n/a        | n/a        | n/a       
Model 2    | 0.3216     | 0.629      | 0.565      | n/a        | n/a        | n/a       
Model 3    | 0.5800     | 0.698      | 0.698      | n/a        | n/a        | n/a       
Model 4    | 0.1724     | 0.607      | 0.542      | n/a        | n/a        | n/a       
Model 5    | 0.2053     | 1.000      | 0.990      | n/a        | n/a        | n/a       
Model 6    | 0.2053     | 1.000      | 0.989      | n/a        | n/a        | n/a       
Model 7    | 0.5545     | 0.698      | 0.698      | n/a        | n/a        | n/a       
Model 8    | 0.5800     | 0.698      | 0.698      | n/a        | n/a        | n/a       
Model 9    | 0.2053     | 1.000      | 0.985      | n/a        | n/a        | n/a       
Ensemble (FCFW) | 0.0003     | 0.277      | 0.252      | n/a        | n/a        | n/a       
Saving results to out/hpo/hopfield_20q_p1_b20_20260605_220450/trials/trial_0019/results.csv...
Experiment: Boosting on Hopfield (20q, 1p)
Configuration:
  train_samples: 1000
  data_seed: 42
  n_samples: 400
  n_models: 10
  learning_rate: 0.014846727487540602
  epochs_per_step: 400
  caching_level: none
  ensemble_samples_coeff: 1.0
  init_baseline: covariance
  init_later: random
  lambda_dual: 1.0
  lambda_schedule: {'type': 'frank_wolfe', 'gamma': 1.0, 'tau': 1.0}
  n_ops: 1024
  weight_strategy: frank_wolfe
  alpha_n_grid: 11
  alpha_objective_weight: 0.5
  baseline: none
  shots: 1000
  final_eval_sampling: True
  dataset_metrics: True
  exact_metrics: {'enabled': True, 'max_qubits': 20, 'phases': {'baseline': True, 'steps': False, 'final': True, 'per_model': True, 'fcfw': True}}
  keep_models_for_diagnosis: True
  stop_on_reject: False
  save_circuit_artifacts: False
  rng_seed: 42
  circuit_config: {'topology': 'aachen_heavy_hex', 'distance': 2, 'max_weight': 2, 'n_ancilla': 0}
  turbo: 10
  dynamic_is_within_shell: shell_uniform
  exact_sampling: True
  acceptance_metric: training_mmd
  skip_sampling: True
  report_fcfw: True
  dynamic_is: False
  dynamic_is_beta: 0.01721332249796681
  sigma: [0.7309710321942907]
  require_exact_sampling: True
================================================================================
Saving config to out/hpo/hopfield_20q_p1_b20_20260605_220450/trials/trial_0020/config.json...
Gate structure: Qubits: 20
Aachen heavy-hex topology: 39 parameters
one_qubit=20, two_qubit=19
Using Gaussian Kernel (n_ops=1024, n_qubits=20):
  - sigma=0.73097103
Expected sampled operator size:
  - p=6.077168, std=2.056835
  mean: 6.077168
  std: 2.056835
Baselines enabled: 

Training ensemble Model 0 (400 epochs)...
Training has not converged after 400 steps
Model 0 final loss: 0.141441
  [Step 0/9] train_MMD=0.1420 alpha_opt=1.0000 oracle_top1_TVD=0.6977

[Step 1] Training Model 1...
  lambda_dual: 0.5000
Training has not converged after 400 steps
  Weighting: frank_wolfe alpha = 0.5000
  [Step 1/9] train_MMD=0.0335 alpha_opt=0.5000 oracle_top2_TVD=0.3954
  [OK] MMD improved (delta=+0.108497)
  SNR (proxy): 3.58 (mean_norm=0.0287, std_norm=0.0080)

[Step 2] Training Model 2...
  lambda_dual: 0.6667
Training has not converged after 400 steps
  Weighting: frank_wolfe alpha = 0.3333
  [Step 2/9] train_MMD=0.0590 alpha_opt=0.3333 oracle_top3_TVD=0.3886
  [WARNING] MMD worsened but kept (diagnostic, delta=-0.025462)
  SNR (proxy): 12.45 (mean_norm=0.1078, std_norm=0.0087)

[Step 3] Training Model 3...
  lambda_dual: 0.7500
Training has not converged after 400 steps
  Weighting: frank_wolfe alpha = 0.2500
  [Step 3/9] train_MMD=0.0094 alpha_opt=0.2500 oracle_top4_TVD=0.3818
  [OK] MMD improved (delta=+0.049591)
  SNR (proxy): 51.35 (mean_norm=0.0000, std_norm=0.0000)

[Step 4] Training Model 4...
  lambda_dual: 0.8000
Training has not converged after 400 steps
  Weighting: frank_wolfe alpha = 0.2000
  [Step 4/9] train_MMD=0.0079 alpha_opt=0.2000 oracle_top5_TVD=0.3751
  [OK] MMD improved (delta=+0.001484)
  SNR (proxy): 5.96 (mean_norm=0.0646, std_norm=0.0108)

[Step 5] Training Model 5...
  lambda_dual: 0.8333
Training has not converged after 400 steps
  Weighting: frank_wolfe alpha = 0.1667
  [Step 5/9] train_MMD=0.0031 alpha_opt=0.1667 oracle_top6_TVD=0.3683
  [OK] MMD improved (delta=+0.004806)
  SNR (proxy): 6.81 (mean_norm=0.0639, std_norm=0.0094)

[Step 6] Training Model 6...
  lambda_dual: 0.8571
Training has not converged after 400 steps
  Weighting: frank_wolfe alpha = 0.1429
  [Step 6/9] train_MMD=0.0035 alpha_opt=0.1429 oracle_top7_TVD=0.3615
  [WARNING] MMD worsened but kept (diagnostic, delta=-0.000358)
  SNR (proxy): 15.20 (mean_norm=0.0572, std_norm=0.0038)

[Step 7] Training Model 7...
  lambda_dual: 0.8750
Training has not converged after 400 steps
  Weighting: frank_wolfe alpha = 0.1250
  [Step 7/9] train_MMD=0.0020 alpha_opt=0.1250 oracle_top8_TVD=0.3548
  [OK] MMD improved (delta=+0.001500)
  SNR (proxy): 9.69 (mean_norm=0.0466, std_norm=0.0048)

[Step 8] Training Model 8...
  lambda_dual: 0.8889
Training has not converged after 400 steps
  Weighting: frank_wolfe alpha = 0.1111
  [Step 8/9] train_MMD=0.0065 alpha_opt=0.1111 oracle_top9_TVD=0.3480
  [WARNING] MMD worsened but kept (diagnostic, delta=-0.004487)
  SNR (proxy): 12.08 (mean_norm=0.0449, std_norm=0.0037)

[Step 9] Training Model 9...
  lambda_dual: 0.9000
Training has not converged after 400 steps
  Weighting: frank_wolfe alpha = 0.1000
  [Step 9/9] train_MMD=0.0012 alpha_opt=0.1000 oracle_top10_TVD=0.3413
  [OK] MMD improved (delta=+0.005287)
  SNR (proxy): 20.39 (mean_norm=0.0000, std_norm=0.0000)

Final: 10 models, MMD=0.0001 (delta=+0.1419) F1=nan

[FCFW] Computing Fully Corrective Frank-Wolfe weights for final ensemble...
  Weighting: fully corrective QP weights = [0.0183, 0.1354, 0.0095, 0.0646, 0.2167, 0.1723, 0.1074, 0.1669, 0.0885, 0.0205]
  FCFW Sampled MMD^2: -0.000974
  FCFW Sampled TVD:   0.1775

FINAL MODEL COMPARISON (inc. FCFW)
Model      | MMD        | TVD        | TVD*       | Valid      | Cover      | F1        
----------------------------------------------------------------------------------------
Baseline   | 0.1420     | n/a        | n/a        | n/a        | n/a        | n/a       
Ensemble   | 0.0001     | 0.217      | 0.119      | n/a        | n/a        | n/a       
Model 0    | 0.1390     | 0.696      | 0.564      | n/a        | n/a        | n/a       
Model 1    | 0.2622     | 0.594      | 0.517      | n/a        | n/a        | n/a       
Model 2    | 0.1426     | 0.752      | 0.580      | n/a        | n/a        | n/a       
Model 3    | 0.5486     | 0.698      | 0.698      | n/a        | n/a        | n/a       
Model 4    | 0.3520     | 0.603      | 0.527      | n/a        | n/a        | n/a       
Model 5    | 0.2640     | 0.595      | 0.544      | n/a        | n/a        | n/a       
Model 6    | 0.2052     | 0.586      | 0.514      | n/a        | n/a        | n/a       
Model 7    | 0.2671     | 0.595      | 0.515      | n/a        | n/a        | n/a       
Model 8    | 0.1391     | 0.654      | 0.600      | n/a        | n/a        | n/a       
Model 9    | 0.5344     | 0.698      | 0.698      | n/a        | n/a        | n/a       
Ensemble (FCFW) | -0.0010    | 0.177      | 0.077      | n/a        | n/a        | n/a       
Saving results to out/hpo/hopfield_20q_p1_b20_20260605_220450/trials/trial_0020/results.csv...
Experiment: Boosting on Hopfield (20q, 1p)
Configuration:
  train_samples: 1000
  data_seed: 42
  n_samples: 400
  n_models: 10
  learning_rate: 0.01581512286521428
  epochs_per_step: 400
  caching_level: none
  ensemble_samples_coeff: 1.0
  init_baseline: covariance
  init_later: random
  lambda_dual: 1.0
  lambda_schedule: {'type': 'frank_wolfe', 'gamma': 1.0, 'tau': 1.0}
  n_ops: 1024
  weight_strategy: frank_wolfe
  alpha_n_grid: 11
  alpha_objective_weight: 0.5
  baseline: none
  shots: 1000
  final_eval_sampling: True
  dataset_metrics: True
  exact_metrics: {'enabled': True, 'max_qubits': 20, 'phases': {'baseline': True, 'steps': False, 'final': True, 'per_model': True, 'fcfw': True}}
  keep_models_for_diagnosis: True
  stop_on_reject: False
  save_circuit_artifacts: False
  rng_seed: 42
  circuit_config: {'topology': 'aachen_heavy_hex', 'distance': 2, 'max_weight': 2, 'n_ancilla': 0}
  turbo: 10
  dynamic_is_within_shell: shell_uniform
  exact_sampling: True
  acceptance_metric: training_mmd
  skip_sampling: True
  report_fcfw: True
  dynamic_is: False
  dynamic_is_beta: 0.017008507967129074
  sigma: [0.7364269377637984]
  require_exact_sampling: True
================================================================================
Saving config to out/hpo/hopfield_20q_p1_b20_20260605_220450/trials/trial_0021/config.json...
Gate structure: Qubits: 20
Aachen heavy-hex topology: 39 parameters
one_qubit=20, two_qubit=19
Using Gaussian Kernel (n_ops=1024, n_qubits=20):
  - sigma=0.73642694
Expected sampled operator size:
  - p=6.022601, std=2.051588
  mean: 6.022601
  std: 2.051588
Baselines enabled: 

Training ensemble Model 0 (400 epochs)...
Training has not converged after 400 steps
Model 0 final loss: 0.143297
  [Step 0/9] train_MMD=0.1433 alpha_opt=1.0000 oracle_top1_TVD=0.6977

[Step 1] Training Model 1...
  lambda_dual: 0.5000
Training has not converged after 400 steps
  Weighting: frank_wolfe alpha = 0.5000
  [Step 1/9] train_MMD=0.0338 alpha_opt=0.5000 oracle_top2_TVD=0.3954
  [OK] MMD improved (delta=+0.109518)
  SNR (proxy): 4.59 (mean_norm=0.0274, std_norm=0.0060)

[Step 2] Training Model 2...
  lambda_dual: 0.6667
Training has not converged after 400 steps
  Weighting: frank_wolfe alpha = 0.3333
  [Step 2/9] train_MMD=0.0590 alpha_opt=0.3333 oracle_top3_TVD=0.3886
  [WARNING] MMD worsened but kept (diagnostic, delta=-0.025252)
  SNR (proxy): 8.58 (mean_norm=0.1108, std_norm=0.0129)

[Step 3] Training Model 3...
  lambda_dual: 0.7500
Training has not converged after 400 steps
  Weighting: frank_wolfe alpha = 0.2500
  [Step 3/9] train_MMD=0.0092 alpha_opt=0.2500 oracle_top4_TVD=0.3818
  [OK] MMD improved (delta=+0.049819)
  SNR (proxy): 13.12 (mean_norm=0.0000, std_norm=0.0000)

[Step 4] Training Model 4...
  lambda_dual: 0.8000
Training has not converged after 400 steps
  Weighting: frank_wolfe alpha = 0.2000
  [Step 4/9] train_MMD=0.0080 alpha_opt=0.2000 oracle_top5_TVD=0.3751
  [OK] MMD improved (delta=+0.001202)
  SNR (proxy): 6.36 (mean_norm=0.0553, std_norm=0.0087)

[Step 5] Training Model 5...
  lambda_dual: 0.8333
Training has not converged after 400 steps
  Weighting: frank_wolfe alpha = 0.1667
  [Step 5/9] train_MMD=0.0028 alpha_opt=0.1667 oracle_top6_TVD=0.3683
  [OK] MMD improved (delta=+0.005245)
  SNR (proxy): 6.12 (mean_norm=0.0624, std_norm=0.0102)

[Step 6] Training Model 6...
  lambda_dual: 0.8571
Training has not converged after 400 steps
  Weighting: frank_wolfe alpha = 0.1429
  [Step 6/9] train_MMD=0.0035 alpha_opt=0.1429 oracle_top7_TVD=0.3615
  [WARNING] MMD worsened but kept (diagnostic, delta=-0.000701)
  SNR (proxy): 6.50 (mean_norm=0.0545, std_norm=0.0084)

[Step 7] Training Model 7...
  lambda_dual: 0.8750
Training has not converged after 400 steps
  Weighting: frank_wolfe alpha = 0.1250
  [Step 7/9] train_MMD=0.0017 alpha_opt=0.1250 oracle_top8_TVD=0.3548
  [OK] MMD improved (delta=+0.001816)
  SNR (proxy): 10.81 (mean_norm=0.0460, std_norm=0.0043)

[Step 8] Training Model 8...
  lambda_dual: 0.8889
Training has not converged after 400 steps
  Weighting: frank_wolfe alpha = 0.1111
  [Step 8/9] train_MMD=0.0060 alpha_opt=0.1111 oracle_top9_TVD=0.3480
  [WARNING] MMD worsened but kept (diagnostic, delta=-0.004314)
  SNR (proxy): 13.53 (mean_norm=0.0439, std_norm=0.0032)

[Step 9] Training Model 9...
  lambda_dual: 0.9000
Training has not converged after 400 steps
  Weighting: frank_wolfe alpha = 0.1000
  [Step 9/9] train_MMD=0.0011 alpha_opt=0.1000 oracle_top10_TVD=0.3413
  [OK] MMD improved (delta=+0.004844)
  SNR (proxy): 23.43 (mean_norm=0.0000, std_norm=0.0000)

Final: 10 models, MMD=-0.0002 (delta=+0.1435) F1=nan

[FCFW] Computing Fully Corrective Frank-Wolfe weights for final ensemble...
  Weighting: fully corrective QP weights = [0.0073, 0.0881, 0.0000, 0.0858, 0.1724, 0.1495, 0.2270, 0.1520, 0.1151, 0.0029]
  FCFW Sampled MMD^2: -0.000981
  FCFW Sampled TVD:   0.1612

FINAL MODEL COMPARISON (inc. FCFW)
Model      | MMD        | TVD        | TVD*       | Valid      | Cover      | F1        
----------------------------------------------------------------------------------------
Baseline   | 0.1433     | n/a        | n/a        | n/a        | n/a        | n/a       
Ensemble   | -0.0002    | 0.209      | 0.119      | n/a        | n/a        | n/a       
Model 0    | 0.1384     | 0.673      | 0.569      | n/a        | n/a        | n/a       
Model 1    | 0.2719     | 0.594      | 0.518      | n/a        | n/a        | n/a       
Model 2    | 0.1431     | 0.746      | 0.583      | n/a        | n/a        | n/a       
Model 3    | 0.5480     | 0.698      | 0.698      | n/a        | n/a        | n/a       
Model 4    | 0.3591     | 0.609      | 0.531      | n/a        | n/a        | n/a       
Model 5    | 0.2923     | 0.608      | 0.545      | n/a        | n/a        | n/a       
Model 6    | 0.2072     | 0.587      | 0.513      | n/a        | n/a        | n/a       
Model 7    | 0.2632     | 0.568      | 0.513      | n/a        | n/a        | n/a       
Model 8    | 0.1412     | 0.660      | 0.606      | n/a        | n/a        | n/a       
Model 9    | 0.5339     | 0.698      | 0.698      | n/a        | n/a        | n/a       
Ensemble (FCFW) | -0.0010    | 0.161      | 0.073      | n/a        | n/a        | n/a       
Saving results to out/hpo/hopfield_20q_p1_b20_20260605_220450/trials/trial_0021/results.csv...
Experiment: Boosting on Hopfield (20q, 1p)
Configuration:
  train_samples: 1000
  data_seed: 42
  n_samples: 400
  n_models: 10
  learning_rate: 0.01472400051366555
  epochs_per_step: 400
  caching_level: none
  ensemble_samples_coeff: 1.0
  init_baseline: covariance
  init_later: random
  lambda_dual: 1.0
  lambda_schedule: {'type': 'frank_wolfe', 'gamma': 1.0, 'tau': 1.0}
  n_ops: 1024
  weight_strategy: frank_wolfe
  alpha_n_grid: 11
  alpha_objective_weight: 0.5
  baseline: none
  shots: 1000
  final_eval_sampling: True
  dataset_metrics: True
  exact_metrics: {'enabled': True, 'max_qubits': 20, 'phases': {'baseline': True, 'steps': False, 'final': True, 'per_model': True, 'fcfw': True}}
  keep_models_for_diagnosis: True
  stop_on_reject: False
  save_circuit_artifacts: False
  rng_seed: 42
  circuit_config: {'topology': 'aachen_heavy_hex', 'distance': 2, 'max_weight': 2, 'n_ancilla': 0}
  turbo: 10
  dynamic_is_within_shell: shell_uniform
  exact_sampling: True
  acceptance_metric: training_mmd
  skip_sampling: True
  report_fcfw: True
  dynamic_is: False
  dynamic_is_beta: 0.01767352953899203
  sigma: [0.7061624783036645]
  require_exact_sampling: True
================================================================================
Saving config to out/hpo/hopfield_20q_p1_b20_20260605_220450/trials/trial_0022/config.json...
Gate structure: Qubits: 20
Aachen heavy-hex topology: 39 parameters
one_qubit=20, two_qubit=19
Using Gaussian Kernel (n_ops=1024, n_qubits=20):
  - sigma=0.70616248
Expected sampled operator size:
  - p=6.331038, std=2.080129
  mean: 6.331038
  std: 2.080129
Baselines enabled: 

Training ensemble Model 0 (400 epochs)...
Training has not converged after 400 steps
Model 0 final loss: 0.133070
  [Step 0/9] train_MMD=0.1327 alpha_opt=1.0000 oracle_top1_TVD=0.6977

[Step 1] Training Model 1...
  lambda_dual: 0.5000
Training has not converged after 400 steps
  Weighting: frank_wolfe alpha = 0.5000
  [Step 1/9] train_MMD=0.0359 alpha_opt=0.5000 oracle_top2_TVD=0.3954
  [OK] MMD improved (delta=+0.096828)
  SNR (proxy): 4.89 (mean_norm=0.0275, std_norm=0.0056)

[Step 2] Training Model 2...
  lambda_dual: 0.6667
Training has not converged after 400 steps
  Weighting: frank_wolfe alpha = 0.3333
  [Step 2/9] train_MMD=0.0145 alpha_opt=0.3333 oracle_top3_TVD=0.3886
  [OK] MMD improved (delta=+0.021370)
  SNR (proxy): 8.49 (mean_norm=0.0384, std_norm=0.0045)

[Step 3] Training Model 3...
  lambda_dual: 0.7500
Training has not converged after 400 steps
  Weighting: frank_wolfe alpha = 0.2500
  [Step 3/9] train_MMD=0.0065 alpha_opt=0.2500 oracle_top4_TVD=0.3818
  [OK] MMD improved (delta=+0.008054)
  SNR (proxy): 10.05 (mean_norm=0.0728, std_norm=0.0073)

[Step 4] Training Model 4...
  lambda_dual: 0.8000
Training has not converged after 400 steps
  Weighting: frank_wolfe alpha = 0.2000
  [Step 4/9] train_MMD=0.0053 alpha_opt=0.2000 oracle_top5_TVD=0.3751
  [OK] MMD improved (delta=+0.001141)
  SNR (proxy): 5.61 (mean_norm=0.0654, std_norm=0.0117)

[Step 5] Training Model 5...
  lambda_dual: 0.8333
Training has not converged after 400 steps
  Weighting: frank_wolfe alpha = 0.1667
  [Step 5/9] train_MMD=0.0031 alpha_opt=0.1667 oracle_top6_TVD=0.3683
  [OK] MMD improved (delta=+0.002266)
  SNR (proxy): 11.82 (mean_norm=0.0647, std_norm=0.0055)

[Step 6] Training Model 6...
  lambda_dual: 0.8571
Training has not converged after 400 steps
  Weighting: frank_wolfe alpha = 0.1429
  [Step 6/9] train_MMD=0.0027 alpha_opt=0.1429 oracle_top7_TVD=0.3615
  [OK] MMD improved (delta=+0.000398)
  SNR (proxy): 7.75 (mean_norm=0.0618, std_norm=0.0080)

[Step 7] Training Model 7...
  lambda_dual: 0.8750
Training has not converged after 400 steps
  Weighting: frank_wolfe alpha = 0.1250
  [Step 7/9] train_MMD=0.0020 alpha_opt=0.1250 oracle_top8_TVD=0.3548
  [OK] MMD improved (delta=+0.000715)
  SNR (proxy): 9.06 (mean_norm=0.0446, std_norm=0.0049)

[Step 8] Training Model 8...
  lambda_dual: 0.8889
Training has not converged after 400 steps
  Weighting: frank_wolfe alpha = 0.1111
  [Step 8/9] train_MMD=0.0014 alpha_opt=0.1111 oracle_top9_TVD=0.3480
  [OK] MMD improved (delta=+0.000572)
  SNR (proxy): 7.04 (mean_norm=0.0478, std_norm=0.0068)

[Step 9] Training Model 9...
  lambda_dual: 0.9000
Training has not converged after 400 steps
  Weighting: frank_wolfe alpha = 0.1000
  [Step 9/9] train_MMD=0.0012 alpha_opt=0.1000 oracle_top10_TVD=0.3413
  [OK] MMD improved (delta=+0.000239)
  SNR (proxy): 13.19 (mean_norm=0.0447, std_norm=0.0034)

Final: 10 models, MMD=-0.0001 (delta=+0.1329) F1=nan

[FCFW] Computing Fully Corrective Frank-Wolfe weights for final ensemble...
  Weighting: fully corrective QP weights = [0.0105, 0.1333, 0.1025, 0.0821, 0.1654, 0.1402, 0.0000, 0.0736, 0.2199, 0.0724]
  FCFW Sampled MMD^2: -0.000517
  FCFW Sampled TVD:   0.1773

FINAL MODEL COMPARISON (inc. FCFW)
Model      | MMD        | TVD        | TVD*       | Valid      | Cover      | F1        
----------------------------------------------------------------------------------------
Baseline   | 0.1327     | n/a        | n/a        | n/a        | n/a        | n/a       
Ensemble   | -0.0001    | 0.195      | 0.106      | n/a        | n/a        | n/a       
Model 0    | 0.1281     | 0.675      | 0.574      | n/a        | n/a        | n/a       
Model 1    | 0.2647     | 0.581      | 0.508      | n/a        | n/a        | n/a       
Model 2    | 0.3260     | 0.602      | 0.546      | n/a        | n/a        | n/a       
Model 3    | 0.2406     | 0.580      | 0.513      | n/a        | n/a        | n/a       
Model 4    | 0.3088     | 0.588      | 0.509      | n/a        | n/a        | n/a       
Model 5    | 0.2608     | 0.594      | 0.512      | n/a        | n/a        | n/a       
Model 6    | 0.1992     | 0.606      | 0.516      | n/a        | n/a        | n/a       
Model 7    | 0.2427     | 0.588      | 0.515      | n/a        | n/a        | n/a       
Model 8    | 0.2998     | 0.614      | 0.514      | n/a        | n/a        | n/a       
Model 9    | 0.2117     | 0.592      | 0.506      | n/a        | n/a        | n/a       
Ensemble (FCFW) | -0.0005    | 0.177      | 0.075      | n/a        | n/a        | n/a       
Saving results to out/hpo/hopfield_20q_p1_b20_20260605_220450/trials/trial_0022/results.csv...
Experiment: Boosting on Hopfield (20q, 1p)
Configuration:
  train_samples: 1000
  data_seed: 42
  n_samples: 400
  n_models: 10
  learning_rate: 0.039781528498215334
  epochs_per_step: 400
  caching_level: none
  ensemble_samples_coeff: 1.0
  init_baseline: covariance
  init_later: random
  lambda_dual: 1.0
  lambda_schedule: {'type': 'frank_wolfe', 'gamma': 1.0, 'tau': 1.0}
  n_ops: 1024
  weight_strategy: frank_wolfe
  alpha_n_grid: 11
  alpha_objective_weight: 0.5
  baseline: none
  shots: 1000
  final_eval_sampling: True
  dataset_metrics: True
  exact_metrics: {'enabled': True, 'max_qubits': 20, 'phases': {'baseline': True, 'steps': False, 'final': True, 'per_model': True, 'fcfw': True}}
  keep_models_for_diagnosis: True
  stop_on_reject: False
  save_circuit_artifacts: False
  rng_seed: 42
  circuit_config: {'topology': 'aachen_heavy_hex', 'distance': 2, 'max_weight': 2, 'n_ancilla': 0}
  turbo: 10
  dynamic_is_within_shell: shell_uniform
  exact_sampling: True
  acceptance_metric: training_mmd
  skip_sampling: True
  report_fcfw: True
  dynamic_is: False
  dynamic_is_beta: 0.029622072231014072
  sigma: [0.6518238408467972]
  require_exact_sampling: True
================================================================================
Saving config to out/hpo/hopfield_20q_p1_b20_20260605_220450/trials/trial_0023/config.json...
Gate structure: Qubits: 20
Aachen heavy-hex topology: 39 parameters
one_qubit=20, two_qubit=19
Using Gaussian Kernel (n_ops=1024, n_qubits=20):
  - sigma=0.65182384
Expected sampled operator size:
  - p=6.917421, std=2.127178
  mean: 6.917421
  std: 2.127178
Baselines enabled: 

Training ensemble Model 0 (400 epochs)...
Training has not converged after 400 steps
Model 0 final loss: 0.121940
  [Step 0/9] train_MMD=0.1236 alpha_opt=1.0000 oracle_top1_TVD=0.6977

[Step 1] Training Model 1...
  lambda_dual: 0.5000
Training has not converged after 400 steps
  Weighting: frank_wolfe alpha = 0.5000
  [Step 1/9] train_MMD=0.0325 alpha_opt=0.5000 oracle_top2_TVD=0.3954
  [OK] MMD improved (delta=+0.091099)
  SNR (proxy): 7.03 (mean_norm=0.0297, std_norm=0.0042)

[Step 2] Training Model 2...
  lambda_dual: 0.6667
Training has not converged after 400 steps
  Weighting: frank_wolfe alpha = 0.3333
  [Step 2/9] train_MMD=0.0118 alpha_opt=0.3333 oracle_top3_TVD=0.3886
  [OK] MMD improved (delta=+0.020745)
  SNR (proxy): 3.65 (mean_norm=0.0572, std_norm=0.0157)

[Step 3] Training Model 3...
  lambda_dual: 0.7500
Training has not converged after 400 steps
  Weighting: frank_wolfe alpha = 0.2500
  [Step 3/9] train_MMD=0.0070 alpha_opt=0.2500 oracle_top4_TVD=0.3818
  [OK] MMD improved (delta=+0.004783)
  SNR (proxy): 7.33 (mean_norm=0.0686, std_norm=0.0094)

[Step 4] Training Model 4...
  lambda_dual: 0.8000
Training has not converged after 400 steps
  Weighting: frank_wolfe alpha = 0.2000
  [Step 4/9] train_MMD=0.0049 alpha_opt=0.2000 oracle_top5_TVD=0.3751
  [OK] MMD improved (delta=+0.002125)
  SNR (proxy): 10.78 (mean_norm=0.0798, std_norm=0.0074)

[Step 5] Training Model 5...
  lambda_dual: 0.8333
Training has not converged after 400 steps
  Weighting: frank_wolfe alpha = 0.1667
  [Step 5/9] train_MMD=0.0039 alpha_opt=0.1667 oracle_top6_TVD=0.3683
  [OK] MMD improved (delta=+0.000975)
  SNR (proxy): 8.97 (mean_norm=0.0514, std_norm=0.0057)

[Step 6] Training Model 6...
  lambda_dual: 0.8571
Training has not converged after 400 steps
  Weighting: frank_wolfe alpha = 0.1429
  [Step 6/9] train_MMD=0.0020 alpha_opt=0.1429 oracle_top7_TVD=0.3615
  [OK] MMD improved (delta=+0.001936)
  SNR (proxy): 7.62 (mean_norm=0.0563, std_norm=0.0074)

[Step 7] Training Model 7...
  lambda_dual: 0.8750
Training has not converged after 400 steps
  Weighting: frank_wolfe alpha = 0.1250
  [Step 7/9] train_MMD=0.0019 alpha_opt=0.1250 oracle_top8_TVD=0.3548
  [OK] MMD improved (delta=+0.000101)
  SNR (proxy): 7.34 (mean_norm=0.0503, std_norm=0.0069)

[Step 8] Training Model 8...
  lambda_dual: 0.8889
Training has not converged after 400 steps
  Weighting: frank_wolfe alpha = 0.1111
  [Step 8/9] train_MMD=0.0062 alpha_opt=0.1111 oracle_top9_TVD=0.3480
  [WARNING] MMD worsened but kept (diagnostic, delta=-0.004275)
  SNR (proxy): 9.83 (mean_norm=0.0453, std_norm=0.0046)

[Step 9] Training Model 9...
  lambda_dual: 0.9000
Training has not converged after 400 steps
  Weighting: frank_wolfe alpha = 0.1000
  [Step 9/9] train_MMD=0.0014 alpha_opt=0.1000 oracle_top10_TVD=0.3413
  [OK] MMD improved (delta=+0.004779)
  SNR (proxy): 11.82 (mean_norm=0.0000, std_norm=0.0000)

Final: 10 models, MMD=-0.0002 (delta=+0.1238) F1=nan

[FCFW] Computing Fully Corrective Frank-Wolfe weights for final ensemble...
  Weighting: fully corrective QP weights = [0.0348, 0.0879, 0.1133, 0.1441, 0.1529, 0.1807, 0.1507, 0.0820, 0.0063, 0.0473]
  FCFW Sampled MMD^2: -0.000869
  FCFW Sampled TVD:   0.1723

FINAL MODEL COMPARISON (inc. FCFW)
Model      | MMD        | TVD        | TVD*       | Valid      | Cover      | F1        
----------------------------------------------------------------------------------------
Baseline   | 0.1236     | n/a        | n/a        | n/a        | n/a        | n/a       
Ensemble   | -0.0002    | 0.210      | 0.122      | n/a        | n/a        | n/a       
Model 0    | 0.1204     | 0.665      | 0.539      | n/a        | n/a        | n/a       
Model 1    | 0.2717     | 0.588      | 0.524      | n/a        | n/a        | n/a       
Model 2    | 0.2519     | 0.609      | 0.535      | n/a        | n/a        | n/a       
Model 3    | 0.2238     | 0.588      | 0.514      | n/a        | n/a        | n/a       
Model 4    | 0.2673     | 0.608      | 0.521      | n/a        | n/a        | n/a       
Model 5    | 0.2654     | 0.594      | 0.527      | n/a        | n/a        | n/a       
Model 6    | 0.2369     | 0.614      | 0.535      | n/a        | n/a        | n/a       
Model 7    | 0.1918     | 0.580      | 0.516      | n/a        | n/a        | n/a       
Model 8    | 0.1279     | 0.653      | 0.599      | n/a        | n/a        | n/a       
Model 9    | 0.5409     | 0.698      | 0.698      | n/a        | n/a        | n/a       
Ensemble (FCFW) | -0.0009    | 0.172      | 0.082      | n/a        | n/a        | n/a       
Saving results to out/hpo/hopfield_20q_p1_b20_20260605_220450/trials/trial_0023/results.csv...
Experiment: Boosting on Hopfield (20q, 1p)
Configuration:
  train_samples: 1000
  data_seed: 42
  n_samples: 400
  n_models: 10
  learning_rate: 0.07281155130807129
  epochs_per_step: 400
  caching_level: none
  ensemble_samples_coeff: 1.0
  init_baseline: covariance
  init_later: random
  lambda_dual: 1.0
  lambda_schedule: {'type': 'frank_wolfe', 'gamma': 0.25, 'tau': 1.0}
  n_ops: 1024
  weight_strategy: frank_wolfe
  alpha_n_grid: 11
  alpha_objective_weight: 0.5
  baseline: none
  shots: 1000
  final_eval_sampling: True
  dataset_metrics: True
  exact_metrics: {'enabled': True, 'max_qubits': 20, 'phases': {'baseline': True, 'steps': False, 'final': True, 'per_model': True, 'fcfw': True}}
  keep_models_for_diagnosis: True
  stop_on_reject: False
  save_circuit_artifacts: False
  rng_seed: 42
  circuit_config: {'topology': 'aachen_heavy_hex', 'distance': 2, 'max_weight': 2, 'n_ancilla': 0}
  turbo: 10
  dynamic_is_within_shell: shell_uniform
  exact_sampling: True
  acceptance_metric: training_mmd
  skip_sampling: True
  report_fcfw: True
  dynamic_is: False
  dynamic_is_beta: 0.012928033110909076
  sigma: [0.9084478360010012]
  require_exact_sampling: True
================================================================================
Saving config to out/hpo/hopfield_20q_p1_b20_20260605_220450/trials/trial_0024/config.json...
Gate structure: Qubits: 20
Aachen heavy-hex topology: 39 parameters
one_qubit=20, two_qubit=19
Using Gaussian Kernel (n_ops=1024, n_qubits=20):
  - sigma=0.90844784
Expected sampled operator size:
  - p=4.543933, std=1.873917
  mean: 4.543933
  std: 1.873917
Baselines enabled: 

Training ensemble Model 0 (400 epochs)...
Training has not converged after 400 steps
Model 0 final loss: 0.166460
  [Step 0/9] train_MMD=0.1683 alpha_opt=1.0000 oracle_top1_TVD=0.6977

[Step 1] Training Model 1...
  lambda_dual: 0.8750
Training has not converged after 400 steps
  Weighting: frank_wolfe alpha = 0.1250
  [Step 1/9] train_MMD=0.0848 alpha_opt=0.1250 oracle_top2_TVD=0.3954
  [OK] MMD improved (delta=+0.083501)
  SNR (proxy): 11.57 (mean_norm=0.0000, std_norm=0.0000)

[Step 2] Training Model 2...
  lambda_dual: 0.9167
Training has not converged after 400 steps
  Weighting: frank_wolfe alpha = 0.0833
  [Step 2/9] train_MMD=0.0532 alpha_opt=0.0833 oracle_top3_TVD=0.3886
  [OK] MMD improved (delta=+0.031582)
  SNR (proxy): 16.19 (mean_norm=0.0000, std_norm=0.0000)

[Step 3] Training Model 3...
  lambda_dual: 0.9375
Training has not converged after 400 steps
  Weighting: frank_wolfe alpha = 0.0625
  [Step 3/9] train_MMD=0.0388 alpha_opt=0.0625 oracle_top4_TVD=0.3818
  [OK] MMD improved (delta=+0.014393)
  SNR (proxy): 12.03 (mean_norm=0.0000, std_norm=0.0000)

[Step 4] Training Model 4...
  lambda_dual: 0.9500
Training has not converged after 400 steps
  Weighting: frank_wolfe alpha = 0.0500
  [Step 4/9] train_MMD=0.0319 alpha_opt=0.0500 oracle_top5_TVD=0.3751
  [OK] MMD improved (delta=+0.006881)
  SNR (proxy): 10.85 (mean_norm=0.0000, std_norm=0.0000)

[Step 5] Training Model 5...
  lambda_dual: 0.9583
Training has not converged after 400 steps
  Weighting: frank_wolfe alpha = 0.0417
  [Step 5/9] train_MMD=0.0289 alpha_opt=0.0417 oracle_top6_TVD=0.3683
  [OK] MMD improved (delta=+0.003069)
  SNR (proxy): 13.68 (mean_norm=0.0000, std_norm=0.0000)

[Step 6] Training Model 6...
  lambda_dual: 0.9643
Training has not converged after 400 steps
  Weighting: frank_wolfe alpha = 0.0357
  [Step 6/9] train_MMD=0.0279 alpha_opt=0.0357 oracle_top7_TVD=0.3615
  [OK] MMD improved (delta=+0.000948)
  SNR (proxy): 17.83 (mean_norm=0.0000, std_norm=0.0000)

[Step 7] Training Model 7...
  lambda_dual: 0.9688
Training has not converged after 400 steps
  Weighting: frank_wolfe alpha = 0.0312
  [Step 7/9] train_MMD=0.0282 alpha_opt=0.0312 oracle_top8_TVD=0.3548
  [WARNING] MMD worsened but kept (diagnostic, delta=-0.000305)
  SNR (proxy): 6.44 (mean_norm=0.0037, std_norm=0.0006)

[Step 8] Training Model 8...
  lambda_dual: 0.9722
Training has not converged after 400 steps
  Weighting: frank_wolfe alpha = 0.0278
  [Step 8/9] train_MMD=0.0293 alpha_opt=0.0278 oracle_top9_TVD=0.3480
  [WARNING] MMD worsened but kept (diagnostic, delta=-0.001041)
  SNR (proxy): 14.35 (mean_norm=0.0089, std_norm=0.0006)

[Step 9] Training Model 9...
  lambda_dual: 0.9750
Training has not converged after 400 steps
  Weighting: frank_wolfe alpha = 0.0250
  [Step 9/9] train_MMD=0.0304 alpha_opt=0.0250 oracle_top10_TVD=0.3413
  [WARNING] MMD worsened but kept (diagnostic, delta=-0.001177)
  SNR (proxy): 12.79 (mean_norm=0.0141, std_norm=0.0011)

Final: 10 models, MMD=0.0284 (delta=+0.1399) F1=nan

[FCFW] Computing Fully Corrective Frank-Wolfe weights for final ensemble...
  Weighting: fully corrective QP weights = [0.6553, 0.0575, 0.0575, 0.0575, 0.0575, 0.0575, 0.0575, 0.0000, 0.0000, 0.0000]
  FCFW Sampled MMD^2: 0.027263
  FCFW Sampled TVD:   0.4742

FINAL MODEL COMPARISON (inc. FCFW)
Model      | MMD        | TVD        | TVD*       | Valid      | Cover      | F1        
----------------------------------------------------------------------------------------
Baseline   | 0.1683     | n/a        | n/a        | n/a        | n/a        | n/a       
Ensemble   | 0.0284     | 0.489      | 0.450      | n/a        | n/a        | n/a       
Model 0    | 0.1684     | 0.708      | 0.663      | n/a        | n/a        | n/a       
Model 1    | 0.5231     | 0.698      | 0.698      | n/a        | n/a        | n/a       
Model 2    | 0.5231     | 0.698      | 0.698      | n/a        | n/a        | n/a       
Model 3    | 0.5231     | 0.698      | 0.698      | n/a        | n/a        | n/a       
Model 4    | 0.5231     | 0.698      | 0.698      | n/a        | n/a        | n/a       
Model 5    | 0.5231     | 0.698      | 0.698      | n/a        | n/a        | n/a       
Model 6    | 0.5231     | 0.698      | 0.698      | n/a        | n/a        | n/a       
Model 7    | 0.5231     | 0.698      | 0.693      | n/a        | n/a        | n/a       
Model 8    | 0.4698     | 0.684      | 0.667      | n/a        | n/a        | n/a       
Model 9    | 0.2678     | 0.781      | 0.634      | n/a        | n/a        | n/a       
Ensemble (FCFW) | 0.0273     | 0.474      | 0.453      | n/a        | n/a        | n/a       
Saving results to out/hpo/hopfield_20q_p1_b20_20260605_220450/trials/trial_0024/results.csv...
Experiment: Boosting on Hopfield (20q, 1p)
Configuration:
  train_samples: 1000
  data_seed: 42
  n_samples: 400
  n_models: 10
  learning_rate: 0.017263251203375383
  epochs_per_step: 400
  caching_level: none
  ensemble_samples_coeff: 1.0
  init_baseline: covariance
  init_later: random
  lambda_dual: 1.0
  lambda_schedule: {'type': 'frank_wolfe', 'gamma': 1.0, 'tau': 1.0}
  n_ops: 1024
  weight_strategy: frank_wolfe
  alpha_n_grid: 11
  alpha_objective_weight: 0.5
  baseline: none
  shots: 1000
  final_eval_sampling: True
  dataset_metrics: True
  exact_metrics: {'enabled': True, 'max_qubits': 20, 'phases': {'baseline': True, 'steps': False, 'final': True, 'per_model': True, 'fcfw': True}}
  keep_models_for_diagnosis: True
  stop_on_reject: False
  save_circuit_artifacts: False
  rng_seed: 42
  circuit_config: {'topology': 'aachen_heavy_hex', 'distance': 2, 'max_weight': 2, 'n_ancilla': 0}
  turbo: 10
  dynamic_is_within_shell: shell_uniform
  exact_sampling: True
  acceptance_metric: training_mmd
  skip_sampling: True
  report_fcfw: True
  dynamic_is: False
  dynamic_is_beta: 0.020453562601485027
  sigma: [2.4910433528425435, 0.6356505802126705, 0.3873231797282523]
  require_exact_sampling: True
================================================================================
Saving config to out/hpo/hopfield_20q_p1_b20_20260605_220450/trials/trial_0025/config.json...
Gate structure: Qubits: 20
Aachen heavy-hex topology: 39 parameters
one_qubit=20, two_qubit=19
Using Gaussian Kernel (n_ops=1024, n_qubits=20):
  - sigma=2.49104335
  - sigma=0.63565058
  - sigma=0.38732318
Expected sampled operator size:
  - p=0.774155, std=0.862664
  - p=7.098814, std=2.139896
  - p=9.643107, std=2.234643
  mean: 5.838692
  std: 4.164453
Baselines enabled: 

Training ensemble Model 0 (400 epochs)...
Training has not converged after 400 steps
Model 0 final loss: 0.171321
  [Step 0/9] train_MMD=0.1745 alpha_opt=1.0000 oracle_top1_TVD=0.6977

[Step 1] Training Model 1...
  lambda_dual: 0.5000
Training has not converged after 400 steps
  Weighting: frank_wolfe alpha = 0.5000
  [Step 1/9] train_MMD=0.1043 alpha_opt=0.5000 oracle_top2_TVD=0.3954
  [OK] MMD improved (delta=+0.070152)
  SNR (proxy): 3.27 (mean_norm=0.0195, std_norm=0.0060)

[Step 2] Training Model 2...
  lambda_dual: 0.6667
Training has not converged after 400 steps
  Weighting: frank_wolfe alpha = 0.3333
  [Step 2/9] train_MMD=0.0142 alpha_opt=0.3333 oracle_top3_TVD=0.3886
  [OK] MMD improved (delta=+0.090146)
  SNR (proxy): 9.30 (mean_norm=0.0042, std_norm=0.0004)

[Step 3] Training Model 3...
  lambda_dual: 0.7500
Training has not converged after 400 steps
  Weighting: frank_wolfe alpha = 0.2500
  [Step 3/9] train_MMD=0.0134 alpha_opt=0.2500 oracle_top4_TVD=0.3818
  [OK] MMD improved (delta=+0.000808)
  SNR (proxy): 7.51 (mean_norm=0.0483, std_norm=0.0064)

[Step 4] Training Model 4...
  lambda_dual: 0.8000
Training has not converged after 400 steps
  Weighting: frank_wolfe alpha = 0.2000
  [Step 4/9] train_MMD=0.0048 alpha_opt=0.2000 oracle_top5_TVD=0.3751
  [OK] MMD improved (delta=+0.008540)
  SNR (proxy): 7.19 (mean_norm=0.0403, std_norm=0.0056)

[Step 5] Training Model 5...
  lambda_dual: 0.8333
Training has not converged after 400 steps
  Weighting: frank_wolfe alpha = 0.1667
  [Step 5/9] train_MMD=0.0058 alpha_opt=0.1667 oracle_top6_TVD=0.3683
  [WARNING] MMD worsened but kept (diagnostic, delta=-0.001010)
  SNR (proxy): 5.59 (mean_norm=0.0404, std_norm=0.0072)

[Step 6] Training Model 6...
  lambda_dual: 0.8571
Training has not converged after 400 steps
  Weighting: frank_wolfe alpha = 0.1429
  [Step 6/9] train_MMD=0.0023 alpha_opt=0.1429 oracle_top7_TVD=0.3615
  [OK] MMD improved (delta=+0.003538)
  SNR (proxy): 20.17 (mean_norm=0.0346, std_norm=0.0017)

[Step 7] Training Model 7...
  lambda_dual: 0.8750
Training has not converged after 400 steps
  Weighting: frank_wolfe alpha = 0.1250
  [Step 7/9] train_MMD=0.0033 alpha_opt=0.1250 oracle_top8_TVD=0.3548
  [WARNING] MMD worsened but kept (diagnostic, delta=-0.000991)
  SNR (proxy): 8.59 (mean_norm=0.0428, std_norm=0.0050)

[Step 8] Training Model 8...
  lambda_dual: 0.8889
Training has not converged after 400 steps
  Weighting: frank_wolfe alpha = 0.1111
  [Step 8/9] train_MMD=0.0016 alpha_opt=0.1111 oracle_top9_TVD=0.3480
  [OK] MMD improved (delta=+0.001673)
  SNR (proxy): 7.82 (mean_norm=0.0310, std_norm=0.0040)

[Step 9] Training Model 9...
  lambda_dual: 0.9000
Training has not converged after 400 steps
  Weighting: frank_wolfe alpha = 0.1000
  [Step 9/9] train_MMD=0.0021 alpha_opt=0.1000 oracle_top10_TVD=0.3413
  [WARNING] MMD worsened but kept (diagnostic, delta=-0.000479)
  SNR (proxy): 8.88 (mean_norm=0.0340, std_norm=0.0038)

Final: 10 models, MMD=0.0014 (delta=+0.1731) F1=nan

[FCFW] Computing Fully Corrective Frank-Wolfe weights for final ensemble...
  Weighting: fully corrective QP weights = [0.0171, 0.0000, 0.0113, 0.2405, 0.1153, 0.1950, 0.2106, 0.0392, 0.1531, 0.0179]
  FCFW Sampled MMD^2: -0.000593
  FCFW Sampled TVD:   0.1857

FINAL MODEL COMPARISON (inc. FCFW)
Model      | MMD        | TVD        | TVD*       | Valid      | Cover      | F1        
----------------------------------------------------------------------------------------
Baseline   | 0.1745     | n/a        | n/a        | n/a        | n/a        | n/a       
Ensemble   | 0.0014     | 0.225      | 0.148      | n/a        | n/a        | n/a       
Model 0    | 0.1767     | 1.000      | 0.975      | n/a        | n/a        | n/a       
Model 1    | 0.2438     | 0.640      | 0.567      | n/a        | n/a        | n/a       
Model 2    | 0.4601     | 0.671      | 0.639      | n/a        | n/a        | n/a       
Model 3    | 0.2501     | 0.601      | 0.526      | n/a        | n/a        | n/a       
Model 4    | 0.2813     | 0.608      | 0.530      | n/a        | n/a        | n/a       
Model 5    | 0.3020     | 0.616      | 0.521      | n/a        | n/a        | n/a       
Model 6    | 0.2378     | 0.594      | 0.511      | n/a        | n/a        | n/a       
Model 7    | 0.2463     | 0.595      | 0.514      | n/a        | n/a        | n/a       
Model 8    | 0.2926     | 0.582      | 0.513      | n/a        | n/a        | n/a       
Model 9    | 0.2333     | 0.581      | 0.515      | n/a        | n/a        | n/a       
Ensemble (FCFW) | -0.0006    | 0.186      | 0.092      | n/a        | n/a        | n/a       
Saving results to out/hpo/hopfield_20q_p1_b20_20260605_220450/trials/trial_0025/results.csv...
Experiment: Boosting on Hopfield (20q, 1p)
Configuration:
  train_samples: 1000
  data_seed: 42
  n_samples: 400
  n_models: 10
  learning_rate: 0.008761208459523193
  epochs_per_step: 400
  caching_level: none
  ensemble_samples_coeff: 1.0
  init_baseline: covariance
  init_later: random
  lambda_dual: 1.0
  lambda_schedule: {'type': 'frank_wolfe', 'gamma': 1.0, 'tau': 1.0}
  n_ops: 1024
  weight_strategy: frank_wolfe
  alpha_n_grid: 11
  alpha_objective_weight: 0.5
  baseline: none
  shots: 1000
  final_eval_sampling: True
  dataset_metrics: True
  exact_metrics: {'enabled': True, 'max_qubits': 20, 'phases': {'baseline': True, 'steps': False, 'final': True, 'per_model': True, 'fcfw': True}}
  keep_models_for_diagnosis: True
  stop_on_reject: False
  save_circuit_artifacts: False
  rng_seed: 42
  circuit_config: {'topology': 'aachen_heavy_hex', 'distance': 2, 'max_weight': 2, 'n_ancilla': 0}
  turbo: 10
  dynamic_is_within_shell: shell_uniform
  exact_sampling: True
  acceptance_metric: training_mmd
  skip_sampling: True
  report_fcfw: True
  dynamic_is: True
  dynamic_is_beta: 0.010563910643501657
  sigma: [0.6656528113717578]
  require_exact_sampling: True
================================================================================
Saving config to out/hpo/hopfield_20q_p1_b20_20260605_220450/trials/trial_0026/config.json...
Gate structure: Qubits: 20
Aachen heavy-hex topology: 39 parameters
one_qubit=20, two_qubit=19
Using Gaussian Kernel (n_ops=1024, n_qubits=20):
  - sigma=0.66565281
Expected sampled operator size:
  - p=6.764590, std=2.115799
  mean: 6.764590
  std: 2.115799
Baselines enabled: 

Training ensemble Model 0 (400 epochs)...
Training has not converged after 400 steps
Model 0 final loss: 0.131743
  [Step 0/9] train_MMD=0.1276 alpha_opt=1.0000 oracle_top1_TVD=0.6977

[Step 1] Training Model 1...
  lambda_dual: 0.5000
Training has not converged after 400 steps
  Weighting: frank_wolfe alpha = 0.5000
  [Step 1/9] train_MMD=0.0260 alpha_opt=0.5000 oracle_top2_TVD=0.3954
  [OK] MMD improved (delta=+0.101556)
  SNR (proxy): 4.09 (mean_norm=0.0333, std_norm=0.0081)

[Step 2] Training Model 2...
  lambda_dual: 0.6667
Training has not converged after 400 steps
  Weighting: frank_wolfe alpha = 0.3333
  [Step 2/9] train_MMD=0.0537 alpha_opt=0.3333 oracle_top3_TVD=0.3886
  [WARNING] MMD worsened but kept (diagnostic, delta=-0.027694)
  SNR (proxy): 6.27 (mean_norm=0.0801, std_norm=0.0128)

[Step 3] Training Model 3...
  lambda_dual: 0.7500
Training has not converged after 400 steps
  Weighting: frank_wolfe alpha = 0.2500
  [Step 3/9] train_MMD=0.0048 alpha_opt=0.2500 oracle_top4_TVD=0.3818
  [OK] MMD improved (delta=+0.048889)
  SNR (proxy): 13.97 (mean_norm=0.0216, std_norm=0.0015)

[Step 4] Training Model 4...
  lambda_dual: 0.8000
Training has not converged after 400 steps
  Weighting: frank_wolfe alpha = 0.2000
  [Step 4/9] train_MMD=0.0078 alpha_opt=0.2000 oracle_top5_TVD=0.3751
  [WARNING] MMD worsened but kept (diagnostic, delta=-0.003010)
  SNR (proxy): 4.61 (mean_norm=0.0417, std_norm=0.0090)

[Step 5] Training Model 5...
  lambda_dual: 0.8333
Training has not converged after 400 steps
  Weighting: frank_wolfe alpha = 0.1667
  [Step 5/9] train_MMD=0.0019 alpha_opt=0.1667 oracle_top6_TVD=0.3683
  [OK] MMD improved (delta=+0.005908)
  SNR (proxy): 10.31 (mean_norm=0.0866, std_norm=0.0084)

[Step 6] Training Model 6...
  lambda_dual: 0.8571
Training has not converged after 400 steps
  Weighting: frank_wolfe alpha = 0.1429
  [Step 6/9] train_MMD=0.0087 alpha_opt=0.1429 oracle_top7_TVD=0.3615
  [WARNING] MMD worsened but kept (diagnostic, delta=-0.006837)
  SNR (proxy): 4.66 (mean_norm=0.0185, std_norm=0.0040)

[Step 7] Training Model 7...
  lambda_dual: 0.8750
Training has not converged after 400 steps
  Weighting: frank_wolfe alpha = 0.1250
  [Step 7/9] train_MMD=-0.0000 alpha_opt=0.1250 oracle_top8_TVD=0.3548
  [OK] MMD improved (delta=+0.008766)
  SNR (proxy): 8.35 (mean_norm=0.0322, std_norm=0.0038)

[Step 8] Training Model 8...
  lambda_dual: 0.8889
Training has not converged after 400 steps
  Weighting: frank_wolfe alpha = 0.1111
  [Step 8/9] train_MMD=0.0023 alpha_opt=0.1111 oracle_top9_TVD=0.3480
  [WARNING] MMD worsened but kept (diagnostic, delta=-0.002292)
  SNR (proxy): 5.31 (mean_norm=0.0330, std_norm=0.0062)

[Step 9] Training Model 9...
  lambda_dual: 0.9000
Training has not converged after 400 steps
  Weighting: frank_wolfe alpha = 0.1000
  [Step 9/9] train_MMD=0.0003 alpha_opt=0.1000 oracle_top10_TVD=0.3413
  [OK] MMD improved (delta=+0.002003)
  SNR (proxy): 7.91 (mean_norm=0.0562, std_norm=0.0071)

Final: 10 models, MMD=-0.0005 (delta=+0.1281) F1=nan

[FCFW] Computing Fully Corrective Frank-Wolfe weights for final ensemble...
  Weighting: fully corrective QP weights = [0.0112, 0.0207, 0.0911, 0.0776, 0.1611, 0.0683, 0.1639, 0.1290, 0.1820, 0.0951]
  FCFW Sampled MMD^2: -0.000034
  FCFW Sampled TVD:   0.1640

FINAL MODEL COMPARISON (inc. FCFW)
Model      | MMD        | TVD        | TVD*       | Valid      | Cover      | F1        
----------------------------------------------------------------------------------------
Baseline   | 0.1276     | n/a        | n/a        | n/a        | n/a        | n/a       
Ensemble   | -0.0005    | 0.201      | 0.095      | n/a        | n/a        | n/a       
Model 0    | 0.1282     | 0.690      | 0.544      | n/a        | n/a        | n/a       
Model 1    | 0.2284     | 0.647      | 0.597      | n/a        | n/a        | n/a       
Model 2    | 0.1330     | 0.644      | 0.501      | n/a        | n/a        | n/a       
Model 3    | 0.4611     | 0.664      | 0.651      | n/a        | n/a        | n/a       
Model 4    | 0.3070     | 0.595      | 0.522      | n/a        | n/a        | n/a       
Model 5    | 0.2452     | 0.594      | 0.526      | n/a        | n/a        | n/a       
Model 6    | 0.2306     | 0.588      | 0.528      | n/a        | n/a        | n/a       
Model 7    | 0.4301     | 0.657      | 0.639      | n/a        | n/a        | n/a       
Model 8    | 0.1937     | 0.579      | 0.516      | n/a        | n/a        | n/a       
Model 9    | 0.2160     | 0.608      | 0.532      | n/a        | n/a        | n/a       
Ensemble (FCFW) | -0.0000    | 0.164      | 0.066      | n/a        | n/a        | n/a       
Saving results to out/hpo/hopfield_20q_p1_b20_20260605_220450/trials/trial_0026/results.csv...
Experiment: Boosting on Hopfield (20q, 1p)
Configuration:
  train_samples: 1000
  data_seed: 42
  n_samples: 400
  n_models: 10
  learning_rate: 0.00844563693954118
  epochs_per_step: 400
  caching_level: none
  ensemble_samples_coeff: 1.0
  init_baseline: covariance
  init_later: random
  lambda_dual: 1.0
  lambda_schedule: {'type': 'frank_wolfe', 'gamma': 1.0, 'tau': 1.0}
  n_ops: 1024
  weight_strategy: frank_wolfe
  alpha_n_grid: 11
  alpha_objective_weight: 0.5
  baseline: none
  shots: 1000
  final_eval_sampling: True
  dataset_metrics: True
  exact_metrics: {'enabled': True, 'max_qubits': 20, 'phases': {'baseline': True, 'steps': False, 'final': True, 'per_model': True, 'fcfw': True}}
  keep_models_for_diagnosis: True
  stop_on_reject: False
  save_circuit_artifacts: False
  rng_seed: 42
  circuit_config: {'topology': 'aachen_heavy_hex', 'distance': 2, 'max_weight': 2, 'n_ancilla': 0}
  turbo: 10
  dynamic_is_within_shell: shell_uniform
  exact_sampling: True
  acceptance_metric: training_mmd
  skip_sampling: True
  report_fcfw: True
  dynamic_is: True
  dynamic_is_beta: 0.010071202645752586
  sigma: [0.6571298597547727]
  require_exact_sampling: True
================================================================================
Saving config to out/hpo/hopfield_20q_p1_b20_20260605_220450/trials/trial_0027/config.json...
Gate structure: Qubits: 20
Aachen heavy-hex topology: 39 parameters
one_qubit=20, two_qubit=19
Using Gaussian Kernel (n_ops=1024, n_qubits=20):
  - sigma=0.65712986
Expected sampled operator size:
  - p=6.858519, std=2.122865
  mean: 6.858519
  std: 2.122865
Baselines enabled: 

Training ensemble Model 0 (400 epochs)...
Training has not converged after 400 steps
Model 0 final loss: 0.131495
  [Step 0/9] train_MMD=0.1278 alpha_opt=1.0000 oracle_top1_TVD=0.6977

[Step 1] Training Model 1...
  lambda_dual: 0.5000
Training has not converged after 400 steps
  Weighting: frank_wolfe alpha = 0.5000
  [Step 1/9] train_MMD=0.0276 alpha_opt=0.5000 oracle_top2_TVD=0.3954
  [OK] MMD improved (delta=+0.100150)
  SNR (proxy): 2.34 (mean_norm=0.0513, std_norm=0.0219)

[Step 2] Training Model 2...
  lambda_dual: 0.6667
Training has not converged after 400 steps
  Weighting: frank_wolfe alpha = 0.3333
  [Step 2/9] train_MMD=0.0551 alpha_opt=0.3333 oracle_top3_TVD=0.3886
  [WARNING] MMD worsened but kept (diagnostic, delta=-0.027542)
  SNR (proxy): 6.75 (mean_norm=0.0713, std_norm=0.0106)

[Step 3] Training Model 3...
  lambda_dual: 0.7500
Training has not converged after 400 steps
  Weighting: frank_wolfe alpha = 0.2500
  [Step 3/9] train_MMD=0.0040 alpha_opt=0.2500 oracle_top4_TVD=0.3818
  [OK] MMD improved (delta=+0.051156)
  SNR (proxy): 8.98 (mean_norm=0.0387, std_norm=0.0043)

[Step 4] Training Model 4...
  lambda_dual: 0.8000
Training has not converged after 400 steps
  Weighting: frank_wolfe alpha = 0.2000
  [Step 4/9] train_MMD=0.0101 alpha_opt=0.2000 oracle_top5_TVD=0.3751
  [WARNING] MMD worsened but kept (diagnostic, delta=-0.006120)
  SNR (proxy): 4.54 (mean_norm=0.0185, std_norm=0.0041)

[Step 5] Training Model 5...
  lambda_dual: 0.8333
Training has not converged after 400 steps
  Weighting: frank_wolfe alpha = 0.1667
  [Step 5/9] train_MMD=0.0006 alpha_opt=0.1667 oracle_top6_TVD=0.3683
  [OK] MMD improved (delta=+0.009543)
  SNR (proxy): 11.37 (mean_norm=0.0730, std_norm=0.0064)

[Step 6] Training Model 6...
  lambda_dual: 0.8571
Training has not converged after 400 steps
  Weighting: frank_wolfe alpha = 0.1429
  [Step 6/9] train_MMD=0.0068 alpha_opt=0.1429 oracle_top7_TVD=0.3615
  [WARNING] MMD worsened but kept (diagnostic, delta=-0.006251)
  SNR (proxy): 8.38 (mean_norm=0.0134, std_norm=0.0016)

[Step 7] Training Model 7...
  lambda_dual: 0.8750
Training has not converged after 400 steps
  Weighting: frank_wolfe alpha = 0.1250
  [Step 7/9] train_MMD=0.0102 alpha_opt=0.1250 oracle_top8_TVD=0.3548
  [WARNING] MMD worsened but kept (diagnostic, delta=-0.003363)
  SNR (proxy): 18.87 (mean_norm=0.0165, std_norm=0.0009)

[Step 8] Training Model 8...
  lambda_dual: 0.8889
Training has not converged after 400 steps
  Weighting: frank_wolfe alpha = 0.1111
  [Step 8/9] train_MMD=0.0166 alpha_opt=0.1111 oracle_top9_TVD=0.3480
  [WARNING] MMD worsened but kept (diagnostic, delta=-0.006444)
  SNR (proxy): 13.05 (mean_norm=0.0427, std_norm=0.0033)

[Step 9] Training Model 9...
  lambda_dual: 0.9000
Training has not converged after 400 steps
  Weighting: frank_wolfe alpha = 0.1000
  [Step 9/9] train_MMD=0.0044 alpha_opt=0.1000 oracle_top10_TVD=0.3413
  [OK] MMD improved (delta=+0.012231)
  SNR (proxy): 22.38 (mean_norm=0.0000, std_norm=0.0000)

Final: 10 models, MMD=0.0023 (delta=+0.1255) F1=nan

[FCFW] Computing Fully Corrective Frank-Wolfe weights for final ensemble...
  Weighting: fully corrective QP weights = [0.0078, 0.0883, 0.1217, 0.0896, 0.2150, 0.1934, 0.1233, 0.0156, 0.0838, 0.0615]
  FCFW Sampled MMD^2: -0.000643
  FCFW Sampled TVD:   0.2021

FINAL MODEL COMPARISON (inc. FCFW)
Model      | MMD        | TVD        | TVD*       | Valid      | Cover      | F1        
----------------------------------------------------------------------------------------
Baseline   | 0.1278     | n/a        | n/a        | n/a        | n/a        | n/a       
Ensemble   | 0.0023     | 0.268      | 0.201      | n/a        | n/a        | n/a       
Model 0    | 0.1295     | 0.678      | 0.556      | n/a        | n/a        | n/a       
Model 1    | 0.2249     | 0.647      | 0.597      | n/a        | n/a        | n/a       
Model 2    | 0.1373     | 0.611      | 0.557      | n/a        | n/a        | n/a       
Model 3    | 0.4494     | 0.663      | 0.648      | n/a        | n/a        | n/a       
Model 4    | 0.3774     | 0.643      | 0.598      | n/a        | n/a        | n/a       
Model 5    | 0.2595     | 0.608      | 0.555      | n/a        | n/a        | n/a       
Model 6    | 0.2641     | 0.615      | 0.564      | n/a        | n/a        | n/a       
Model 7    | 0.2424     | 1.000      | 0.988      | n/a        | n/a        | n/a       
Model 8    | 0.1304     | 0.645      | 0.587      | n/a        | n/a        | n/a       
Model 9    | 0.5404     | 0.698      | 0.698      | n/a        | n/a        | n/a       
Ensemble (FCFW) | -0.0006    | 0.202      | 0.111      | n/a        | n/a        | n/a       
Saving results to out/hpo/hopfield_20q_p1_b20_20260605_220450/trials/trial_0027/results.csv...
Experiment: Boosting on Hopfield (20q, 1p)
Configuration:
  train_samples: 1000
  data_seed: 42
  n_samples: 400
  n_models: 10
  learning_rate: 0.005255089291126304
  epochs_per_step: 400
  caching_level: none
  ensemble_samples_coeff: 1.0
  init_baseline: covariance
  init_later: random
  lambda_dual: 1.0
  lambda_schedule: {'type': 'frank_wolfe', 'gamma': 1.0, 'tau': 1.0}
  n_ops: 512
  weight_strategy: frank_wolfe
  alpha_n_grid: 11
  alpha_objective_weight: 0.5
  baseline: none
  shots: 1000
  final_eval_sampling: True
  dataset_metrics: True
  exact_metrics: {'enabled': True, 'max_qubits': 20, 'phases': {'baseline': True, 'steps': False, 'final': True, 'per_model': True, 'fcfw': True}}
  keep_models_for_diagnosis: True
  stop_on_reject: False
  save_circuit_artifacts: False
  rng_seed: 42
  circuit_config: {'topology': 'aachen_heavy_hex', 'distance': 2, 'max_weight': 2, 'n_ancilla': 0}
  turbo: 10
  dynamic_is_within_shell: shell_uniform
  exact_sampling: True
  acceptance_metric: training_mmd
  skip_sampling: True
  report_fcfw: True
  dynamic_is: True
  dynamic_is_beta: 0.013303680028179464
  sigma: [0.5122087094136921]
  require_exact_sampling: True
================================================================================
Saving config to out/hpo/hopfield_20q_p1_b20_20260605_220450/trials/trial_0028/config.json...
Gate structure: Qubits: 20
Aachen heavy-hex topology: 39 parameters
one_qubit=20, two_qubit=19
Using Gaussian Kernel (n_ops=512, n_qubits=20):
  - sigma=0.51220871
Expected sampled operator size:
  - p=8.512956, std=2.211207
  mean: 8.512956
  std: 2.211207
Baselines enabled: 

Training ensemble Model 0 (400 epochs)...
Training has not converged after 400 steps
Model 0 final loss: 0.213688
  [Step 0/9] train_MMD=0.2152 alpha_opt=1.0000 oracle_top1_TVD=0.6977

[Step 1] Training Model 1...
  lambda_dual: 0.5000
Training has not converged after 400 steps
  Weighting: frank_wolfe alpha = 0.5000
  [Step 1/9] train_MMD=0.2264 alpha_opt=0.5000 oracle_top2_TVD=0.3954
  [WARNING] MMD worsened but kept (diagnostic, delta=-0.011151)
  SNR (proxy): 6.40 (mean_norm=0.2104, std_norm=0.0329)

[Step 2] Training Model 2...
  lambda_dual: 0.6667
Training has not converged after 400 steps
  Weighting: frank_wolfe alpha = 0.3333
  [Step 2/9] train_MMD=0.2172 alpha_opt=0.3333 oracle_top3_TVD=0.3886
  [OK] MMD improved (delta=+0.009203)
  SNR (proxy): 9.57 (mean_norm=0.2795, std_norm=0.0292)

[Step 3] Training Model 3...
  lambda_dual: 0.7500
Training has not converged after 400 steps
  Weighting: frank_wolfe alpha = 0.2500
  [Step 3/9] train_MMD=0.2166 alpha_opt=0.2500 oracle_top4_TVD=0.3818
  [OK] MMD improved (delta=+0.000550)
  SNR (proxy): 10.25 (mean_norm=0.2057, std_norm=0.0201)

[Step 4] Training Model 4...
  lambda_dual: 0.8000
Training has not converged after 400 steps
  Weighting: frank_wolfe alpha = 0.2000
  [Step 4/9] train_MMD=0.2076 alpha_opt=0.2000 oracle_top5_TVD=0.3751
  [OK] MMD improved (delta=+0.008995)
  SNR (proxy): 5.08 (mean_norm=0.1407, std_norm=0.0277)

[Step 5] Training Model 5...
  lambda_dual: 0.8333
Training has not converged after 400 steps
  Weighting: frank_wolfe alpha = 0.1667
  [Step 5/9] train_MMD=0.2069 alpha_opt=0.1667 oracle_top6_TVD=0.3683
  [OK] MMD improved (delta=+0.000734)
  SNR (proxy): 5.79 (mean_norm=0.2193, std_norm=0.0379)

[Step 6] Training Model 6...
  lambda_dual: 0.8571
Training has not converged after 400 steps
  Weighting: frank_wolfe alpha = 0.1429
  [Step 6/9] train_MMD=0.1860 alpha_opt=0.1429 oracle_top7_TVD=0.3615
  [OK] MMD improved (delta=+0.020905)
  SNR (proxy): 7.61 (mean_norm=0.1561, std_norm=0.0205)

[Step 7] Training Model 7...
  lambda_dual: 0.8750
Training has not converged after 400 steps
  Weighting: frank_wolfe alpha = 0.1250
  [Step 7/9] train_MMD=0.2044 alpha_opt=0.1250 oracle_top8_TVD=0.3548
  [WARNING] MMD worsened but kept (diagnostic, delta=-0.018465)
  SNR (proxy): 4.95 (mean_norm=0.1876, std_norm=0.0379)

[Step 8] Training Model 8...
  lambda_dual: 0.8889
Training has not converged after 400 steps
  Weighting: frank_wolfe alpha = 0.1111
  [Step 8/9] train_MMD=0.1914 alpha_opt=0.1111 oracle_top9_TVD=0.3480
  [OK] MMD improved (delta=+0.013048)
  SNR (proxy): 9.84 (mean_norm=0.2094, std_norm=0.0213)

[Step 9] Training Model 9...
  lambda_dual: 0.9000
Training has not converged after 400 steps
  Weighting: frank_wolfe alpha = 0.1000
  [Step 9/9] train_MMD=0.1992 alpha_opt=0.1000 oracle_top10_TVD=0.3413
  [WARNING] MMD worsened but kept (diagnostic, delta=-0.007811)
  SNR (proxy): 6.41 (mean_norm=0.2467, std_norm=0.0385)

Final: 10 models, MMD=0.2076 (delta=+0.0076) F1=nan

[FCFW] Computing Fully Corrective Frank-Wolfe weights for final ensemble...
  Weighting: fully corrective QP weights = [0.2319, 0.0000, 0.0000, 0.0000, 0.0000, 0.0000, 0.0000, 0.7681, 0.0000, 0.0000]
  FCFW Sampled MMD^2: 0.207672
  FCFW Sampled TVD:   0.9999

FINAL MODEL COMPARISON (inc. FCFW)
Model      | MMD        | TVD        | TVD*       | Valid      | Cover      | F1        
----------------------------------------------------------------------------------------
Baseline   | 0.2152     | n/a        | n/a        | n/a        | n/a        | n/a       
Ensemble   | 0.2076     | 1.000      | 0.983      | n/a        | n/a        | n/a       
Model 0    | 0.2076     | 1.000      | 0.972      | n/a        | n/a        | n/a       
Model 1    | 0.2075     | 1.000      | 0.986      | n/a        | n/a        | n/a       
Model 2    | 0.2078     | 1.000      | 0.993      | n/a        | n/a        | n/a       
Model 3    | 0.2076     | 1.000      | 0.986      | n/a        | n/a        | n/a       
Model 4    | 0.2079     | 1.000      | 0.995      | n/a        | n/a        | n/a       
Model 5    | 0.2077     | 1.000      | 0.994      | n/a        | n/a        | n/a       
Model 6    | 0.2079     | 1.000      | 0.992      | n/a        | n/a        | n/a       
Model 7    | 0.2077     | 1.000      | 0.995      | n/a        | n/a        | n/a       
Model 8    | 0.2082     | 1.000      | 0.993      | n/a        | n/a        | n/a       
Model 9    | 0.2081     | 1.000      | 0.992      | n/a        | n/a        | n/a       
Ensemble (FCFW) | 0.2077     | 1.000      | 0.985      | n/a        | n/a        | n/a       
Saving results to out/hpo/hopfield_20q_p1_b20_20260605_220450/trials/trial_0028/results.csv...
Experiment: Boosting on Hopfield (20q, 1p)
Configuration:
  train_samples: 1000
  data_seed: 42
  n_samples: 400
  n_models: 10
  learning_rate: 0.005355681649429463
  epochs_per_step: 400
  caching_level: none
  ensemble_samples_coeff: 1.0
  init_baseline: covariance
  init_later: random
  lambda_dual: 1.0
  lambda_schedule: {'type': 'frank_wolfe', 'gamma': 1.0, 'tau': 1.0}
  n_ops: 2048
  weight_strategy: frank_wolfe
  alpha_n_grid: 11
  alpha_objective_weight: 0.5
  baseline: none
  shots: 1000
  final_eval_sampling: True
  dataset_metrics: True
  exact_metrics: {'enabled': True, 'max_qubits': 20, 'phases': {'baseline': True, 'steps': False, 'final': True, 'per_model': True, 'fcfw': True}}
  keep_models_for_diagnosis: True
  stop_on_reject: False
  save_circuit_artifacts: False
  rng_seed: 42
  circuit_config: {'topology': 'aachen_heavy_hex', 'distance': 2, 'max_weight': 2, 'n_ancilla': 0}
  turbo: 10
  dynamic_is_within_shell: shell_uniform
  exact_sampling: True
  acceptance_metric: training_mmd
  skip_sampling: True
  report_fcfw: True
  dynamic_is: True
  dynamic_is_beta: 0.03338370654460342
  sigma: [0.9058413968616568]
  require_exact_sampling: True
================================================================================
Saving config to out/hpo/hopfield_20q_p1_b20_20260605_220450/trials/trial_0029/config.json...
Gate structure: Qubits: 20
Aachen heavy-hex topology: 39 parameters
one_qubit=20, two_qubit=19
Using Gaussian Kernel (n_ops=2048, n_qubits=20):
  - sigma=0.90584140
Expected sampled operator size:
  - p=4.562950, std=1.876679
  mean: 4.562950
  std: 1.876679
Baselines enabled: 

Training ensemble Model 0 (400 epochs)...
Training has not converged after 400 steps
Model 0 final loss: 0.167742
  [Step 0/9] train_MMD=0.1633 alpha_opt=1.0000 oracle_top1_TVD=0.6977

[Step 1] Training Model 1...
  lambda_dual: 0.5000
Training has not converged after 400 steps
  Weighting: frank_wolfe alpha = 0.5000
  [Step 1/9] train_MMD=0.0370 alpha_opt=0.5000 oracle_top2_TVD=0.3954
  [OK] MMD improved (delta=+0.126354)
  SNR (proxy): 7.28 (mean_norm=0.0362, std_norm=0.0050)

[Step 2] Training Model 2...
  lambda_dual: 0.6667
Training has not converged after 400 steps
  Weighting: frank_wolfe alpha = 0.3333
  [Step 2/9] train_MMD=0.0677 alpha_opt=0.3333 oracle_top3_TVD=0.3886
  [WARNING] MMD worsened but kept (diagnostic, delta=-0.030707)
  SNR (proxy): 12.49 (mean_norm=0.0967, std_norm=0.0077)

[Step 3] Training Model 3...
  lambda_dual: 0.7500
Training has not converged after 400 steps
  Weighting: frank_wolfe alpha = 0.2500
  [Step 3/9] train_MMD=0.0138 alpha_opt=0.2500 oracle_top4_TVD=0.3818
  [OK] MMD improved (delta=+0.053845)
  SNR (proxy): 50.39 (mean_norm=0.0020, std_norm=0.0000)

[Step 4] Training Model 4...
  lambda_dual: 0.8000
Training has not converged after 400 steps
  Weighting: frank_wolfe alpha = 0.2000
  [Step 4/9] train_MMD=0.0135 alpha_opt=0.2000 oracle_top5_TVD=0.3751
  [OK] MMD improved (delta=+0.000323)
  SNR (proxy): 14.43 (mean_norm=0.0008, std_norm=0.0001)

[Step 5] Training Model 5...
  lambda_dual: 0.8333
Training has not converged after 400 steps
  Weighting: frank_wolfe alpha = 0.1667
  [Step 5/9] train_MMD=0.0015 alpha_opt=0.1667 oracle_top6_TVD=0.3683
  [OK] MMD improved (delta=+0.011992)
  SNR (proxy): 14.01 (mean_norm=0.0595, std_norm=0.0042)

[Step 6] Training Model 6...
  lambda_dual: 0.8571
Training has not converged after 400 steps
  Weighting: frank_wolfe alpha = 0.1429
  [Step 6/9] train_MMD=0.0121 alpha_opt=0.1429 oracle_top7_TVD=0.3615
  [WARNING] MMD worsened but kept (diagnostic, delta=-0.010621)
  SNR (proxy): 26.55 (mean_norm=0.0165, std_norm=0.0006)

[Step 7] Training Model 7...
  lambda_dual: 0.8750
Training has not converged after 400 steps
  Weighting: frank_wolfe alpha = 0.1250
  [Step 7/9] train_MMD=0.0004 alpha_opt=0.1250 oracle_top8_TVD=0.3548
  [OK] MMD improved (delta=+0.011749)
  SNR (proxy): 32.71 (mean_norm=0.0044, std_norm=0.0001)

[Step 8] Training Model 8...
  lambda_dual: 0.8889
Training has not converged after 400 steps
  Weighting: frank_wolfe alpha = 0.1111
  [Step 8/9] train_MMD=0.0021 alpha_opt=0.1111 oracle_top9_TVD=0.3480
  [WARNING] MMD worsened but kept (diagnostic, delta=-0.001704)
  SNR (proxy): 14.25 (mean_norm=0.0317, std_norm=0.0022)

[Step 9] Training Model 9...
  lambda_dual: 0.9000
Training has not converged after 400 steps
  Weighting: frank_wolfe alpha = 0.1000
  [Step 9/9] train_MMD=0.0009 alpha_opt=0.1000 oracle_top10_TVD=0.3413
  [OK] MMD improved (delta=+0.001169)
  SNR (proxy): 11.02 (mean_norm=0.0514, std_norm=0.0047)

Final: 10 models, MMD=-0.0003 (delta=+0.1637) F1=nan

[FCFW] Computing Fully Corrective Frank-Wolfe weights for final ensemble...
  Weighting: fully corrective QP weights = [0.0000, 0.0000, 0.0948, 0.0312, 0.2486, 0.2136, 0.1393, 0.0000, 0.1106, 0.1619]
  FCFW Sampled MMD^2: -0.000884
  FCFW Sampled TVD:   0.2043

FINAL MODEL COMPARISON (inc. FCFW)
Model      | MMD        | TVD        | TVD*       | Valid      | Cover      | F1        
----------------------------------------------------------------------------------------
Baseline   | 0.1633     | n/a        | n/a        | n/a        | n/a        | n/a       
Ensemble   | -0.0003    | 0.252      | 0.152      | n/a        | n/a        | n/a       
Model 0    | 0.1642     | 0.736      | 0.621      | n/a        | n/a        | n/a       
Model 1    | 0.3386     | 0.668      | 0.621      | n/a        | n/a        | n/a       
Model 2    | 0.1680     | 0.792      | 0.710      | n/a        | n/a        | n/a       
Model 3    | 0.5315     | 0.698      | 0.697      | n/a        | n/a        | n/a       
Model 4    | 0.5233     | 0.698      | 0.694      | n/a        | n/a        | n/a       
Model 5    | 0.3309     | 0.588      | 0.538      | n/a        | n/a        | n/a       
Model 6    | 0.4402     | 0.663      | 0.625      | n/a        | n/a        | n/a       
Model 7    | 0.5233     | 0.698      | 0.692      | n/a        | n/a        | n/a       
Model 8    | 0.1742     | 0.692      | 0.648      | n/a        | n/a        | n/a       
Model 9    | 0.2289     | 0.606      | 0.549      | n/a        | n/a        | n/a       
Ensemble (FCFW) | -0.0009    | 0.204      | 0.116      | n/a        | n/a        | n/a       
Saving results to out/hpo/hopfield_20q_p1_b20_20260605_220450/trials/trial_0029/results.csv...
Experiment: Boosting on Hopfield (20q, 1p)
Configuration:
  train_samples: 1000
  data_seed: 42
  n_samples: 400
  n_models: 10
  learning_rate: 0.011280483243627003
  epochs_per_step: 400
  caching_level: none
  ensemble_samples_coeff: 1.0
  init_baseline: covariance
  init_later: random
  lambda_dual: 1.0
  lambda_schedule: {'type': 'frank_wolfe', 'gamma': 1.0, 'tau': 1.0}
  n_ops: 1024
  weight_strategy: frank_wolfe
  alpha_n_grid: 11
  alpha_objective_weight: 0.5
  baseline: none
  shots: 1000
  final_eval_sampling: True
  dataset_metrics: True
  exact_metrics: {'enabled': True, 'max_qubits': 20, 'phases': {'baseline': True, 'steps': False, 'final': True, 'per_model': True, 'fcfw': True}}
  keep_models_for_diagnosis: True
  stop_on_reject: False
  save_circuit_artifacts: False
  rng_seed: 42
  circuit_config: {'topology': 'aachen_heavy_hex', 'distance': 2, 'max_weight': 2, 'n_ancilla': 0}
  turbo: 10
  dynamic_is_within_shell: shell_uniform
  exact_sampling: True
  acceptance_metric: training_mmd
  skip_sampling: True
  report_fcfw: True
  dynamic_is: True
  dynamic_is_beta: 0.047231934505795665
  sigma: [1.357068541960353, 0.6856392973212803, 0.4450036048787079]
  require_exact_sampling: True
================================================================================
Saving config to out/hpo/hopfield_20q_p1_b20_20260605_220450/trials/trial_0030/config.json...
Gate structure: Qubits: 20
Aachen heavy-hex topology: 39 parameters
one_qubit=20, two_qubit=19
Using Gaussian Kernel (n_ops=1024, n_qubits=20):
  - sigma=1.35706854
  - sigma=0.68563930
  - sigma=0.44500360
Expected sampled operator size:
  - p=2.377631, std=1.447403
  - p=6.547894, std=2.098606
  - p=9.199331, std=2.228889
  mean: 6.041619
  std: 3.421468
Baselines enabled: 

Training ensemble Model 0 (400 epochs)...
Training has not converged after 400 steps
Model 0 final loss: 0.158348
  [Step 0/9] train_MMD=0.1593 alpha_opt=1.0000 oracle_top1_TVD=0.6977

[Step 1] Training Model 1...
  lambda_dual: 0.5000
Training has not converged after 400 steps
  Weighting: frank_wolfe alpha = 0.5000
  [Step 1/9] train_MMD=0.0346 alpha_opt=0.5000 oracle_top2_TVD=0.3954
  [OK] MMD improved (delta=+0.124666)
  SNR (proxy): 6.64 (mean_norm=0.0388, std_norm=0.0058)

[Step 2] Training Model 2...
  lambda_dual: 0.6667
Training has not converged after 400 steps
  Weighting: frank_wolfe alpha = 0.3333
  [Step 2/9] train_MMD=0.0134 alpha_opt=0.3333 oracle_top3_TVD=0.3886
  [OK] MMD improved (delta=+0.021157)
  SNR (proxy): 6.05 (mean_norm=0.0633, std_norm=0.0105)

[Step 3] Training Model 3...
  lambda_dual: 0.7500
Training has not converged after 400 steps
  Weighting: frank_wolfe alpha = 0.2500
  [Step 3/9] train_MMD=0.0125 alpha_opt=0.2500 oracle_top4_TVD=0.3818
  [OK] MMD improved (delta=+0.000917)
  SNR (proxy): 11.39 (mean_norm=0.0178, std_norm=0.0016)

[Step 4] Training Model 4...
  lambda_dual: 0.8000
Training has not converged after 400 steps
  Weighting: frank_wolfe alpha = 0.2000
  [Step 4/9] train_MMD=0.0029 alpha_opt=0.2000 oracle_top5_TVD=0.3751
  [OK] MMD improved (delta=+0.009593)
  SNR (proxy): 9.17 (mean_norm=0.0740, std_norm=0.0081)

[Step 5] Training Model 5...
  lambda_dual: 0.8333
Training has not converged after 400 steps
  Weighting: frank_wolfe alpha = 0.1667
  [Step 5/9] train_MMD=0.0045 alpha_opt=0.1667 oracle_top6_TVD=0.3683
  [WARNING] MMD worsened but kept (diagnostic, delta=-0.001609)
  SNR (proxy): 6.49 (mean_norm=0.0260, std_norm=0.0040)

[Step 6] Training Model 6...
  lambda_dual: 0.8571
Training has not converged after 400 steps
  Weighting: frank_wolfe alpha = 0.1429
  [Step 6/9] train_MMD=0.0021 alpha_opt=0.1429 oracle_top7_TVD=0.3615
  [OK] MMD improved (delta=+0.002444)
  SNR (proxy): 10.02 (mean_norm=0.0580, std_norm=0.0058)

[Step 7] Training Model 7...
  lambda_dual: 0.8750
Training has not converged after 400 steps
  Weighting: frank_wolfe alpha = 0.1250
  [Step 7/9] train_MMD=0.0040 alpha_opt=0.1250 oracle_top8_TVD=0.3548
  [WARNING] MMD worsened but kept (diagnostic, delta=-0.001950)
  SNR (proxy): 9.78 (mean_norm=0.0069, std_norm=0.0007)

[Step 8] Training Model 8...
  lambda_dual: 0.8889
Training has not converged after 400 steps
  Weighting: frank_wolfe alpha = 0.1111
  [Step 8/9] train_MMD=0.0007 alpha_opt=0.1111 oracle_top9_TVD=0.3480
  [OK] MMD improved (delta=+0.003345)
  SNR (proxy): 7.64 (mean_norm=0.0367, std_norm=0.0048)

[Step 9] Training Model 9...
  lambda_dual: 0.9000
Training has not converged after 400 steps
  Weighting: frank_wolfe alpha = 0.1000
  [Step 9/9] train_MMD=0.0013 alpha_opt=0.1000 oracle_top10_TVD=0.3413
  [WARNING] MMD worsened but kept (diagnostic, delta=-0.000646)
  SNR (proxy): 8.12 (mean_norm=0.0286, std_norm=0.0035)

Final: 10 models, MMD=0.0004 (delta=+0.1588) F1=nan

[FCFW] Computing Fully Corrective Frank-Wolfe weights for final ensemble...
  Weighting: fully corrective QP weights = [0.0076, 0.0057, 0.0000, 0.1386, 0.0355, 0.1841, 0.2885, 0.0983, 0.1708, 0.0709]
  FCFW Sampled MMD^2: -0.000012
  FCFW Sampled TVD:   0.1726

FINAL MODEL COMPARISON (inc. FCFW)
Model      | MMD        | TVD        | TVD*       | Valid      | Cover      | F1        
----------------------------------------------------------------------------------------
Baseline   | 0.1593     | n/a        | n/a        | n/a        | n/a        | n/a       
Ensemble   | 0.0004     | 0.233      | 0.146      | n/a        | n/a        | n/a       
Model 0    | 0.1586     | 0.736      | 0.637      | n/a        | n/a        | n/a       
Model 1    | 0.3400     | 0.662      | 0.595      | n/a        | n/a        | n/a       
Model 2    | 0.2683     | 0.607      | 0.505      | n/a        | n/a        | n/a       
Model 3    | 0.3599     | 0.616      | 0.586      | n/a        | n/a        | n/a       
Model 4    | 0.3097     | 0.641      | 0.605      | n/a        | n/a        | n/a       
Model 5    | 0.2345     | 0.573      | 0.503      | n/a        | n/a        | n/a       
Model 6    | 0.2144     | 0.586      | 0.513      | n/a        | n/a        | n/a       
Model 7    | 0.3871     | 0.630      | 0.582      | n/a        | n/a        | n/a       
Model 8    | 0.3752     | 0.609      | 0.565      | n/a        | n/a        | n/a       
Model 9    | 0.1674     | 0.606      | 0.506      | n/a        | n/a        | n/a       
Ensemble (FCFW) | -0.0000    | 0.173      | 0.085      | n/a        | n/a        | n/a       
Saving results to out/hpo/hopfield_20q_p1_b20_20260605_220450/trials/trial_0030/results.csv...
Experiment: Boosting on Hopfield (20q, 1p)
Configuration:
  train_samples: 1000
  data_seed: 42
  n_samples: 400
  n_models: 10
  learning_rate: 0.029115433099774414
  epochs_per_step: 400
  caching_level: none
  ensemble_samples_coeff: 1.0
  init_baseline: covariance
  init_later: random
  lambda_dual: 1.0
  lambda_schedule: {'type': 'frank_wolfe', 'gamma': 1.0, 'tau': 1.0}
  n_ops: 1024
  weight_strategy: frank_wolfe
  alpha_n_grid: 11
  alpha_objective_weight: 0.5
  baseline: none
  shots: 1000
  final_eval_sampling: True
  dataset_metrics: True
  exact_metrics: {'enabled': True, 'max_qubits': 20, 'phases': {'baseline': True, 'steps': False, 'final': True, 'per_model': True, 'fcfw': True}}
  keep_models_for_diagnosis: True
  stop_on_reject: False
  save_circuit_artifacts: False
  rng_seed: 42
  circuit_config: {'topology': 'aachen_heavy_hex', 'distance': 2, 'max_weight': 2, 'n_ancilla': 0}
  turbo: 10
  dynamic_is_within_shell: shell_uniform
  exact_sampling: True
  acceptance_metric: training_mmd
  skip_sampling: True
  report_fcfw: True
  dynamic_is: False
  dynamic_is_beta: 0.017963956137586404
  sigma: [0.7313549976615162]
  require_exact_sampling: True
================================================================================
Saving config to out/hpo/hopfield_20q_p1_b20_20260605_220450/trials/trial_0031/config.json...
Gate structure: Qubits: 20
Aachen heavy-hex topology: 39 parameters
one_qubit=20, two_qubit=19
Using Gaussian Kernel (n_ops=1024, n_qubits=20):
  - sigma=0.73135500
Expected sampled operator size:
  - p=6.073312, std=2.056467
  mean: 6.073312
  std: 2.056467
Baselines enabled: 

Training ensemble Model 0 (400 epochs)...
Training has not converged after 400 steps
Model 0 final loss: 0.144777
  [Step 0/9] train_MMD=0.1432 alpha_opt=1.0000 oracle_top1_TVD=0.6977

[Step 1] Training Model 1...
  lambda_dual: 0.5000
Training has not converged after 400 steps
  Weighting: frank_wolfe alpha = 0.5000
  [Step 1/9] train_MMD=0.0342 alpha_opt=0.5000 oracle_top2_TVD=0.3954
  [OK] MMD improved (delta=+0.109074)
  SNR (proxy): 7.10 (mean_norm=0.0232, std_norm=0.0033)

[Step 2] Training Model 2...
  lambda_dual: 0.6667
Training has not converged after 400 steps
  Weighting: frank_wolfe alpha = 0.3333
  [Step 2/9] train_MMD=0.0592 alpha_opt=0.3333 oracle_top3_TVD=0.3886
  [WARNING] MMD worsened but kept (diagnostic, delta=-0.025019)
  SNR (proxy): 10.04 (mean_norm=0.1128, std_norm=0.0112)

[Step 3] Training Model 3...
  lambda_dual: 0.7500
Training has not converged after 400 steps
  Weighting: frank_wolfe alpha = 0.2500
  [Step 3/9] train_MMD=0.0093 alpha_opt=0.2500 oracle_top4_TVD=0.3818
  [OK] MMD improved (delta=+0.049886)
  SNR (proxy): 12.07 (mean_norm=0.0000, std_norm=0.0000)

[Step 4] Training Model 4...
  lambda_dual: 0.8000
Training has not converged after 400 steps
  Weighting: frank_wolfe alpha = 0.2000
  [Step 4/9] train_MMD=0.0080 alpha_opt=0.2000 oracle_top5_TVD=0.3751
  [OK] MMD improved (delta=+0.001261)
  SNR (proxy): 6.85 (mean_norm=0.0684, std_norm=0.0100)

[Step 5] Training Model 5...
  lambda_dual: 0.8333
Training has not converged after 400 steps
  Weighting: frank_wolfe alpha = 0.1667
  [Step 5/9] train_MMD=0.0037 alpha_opt=0.1667 oracle_top6_TVD=0.3683
  [OK] MMD improved (delta=+0.004386)
  SNR (proxy): 6.62 (mean_norm=0.0578, std_norm=0.0087)

[Step 6] Training Model 6...
  lambda_dual: 0.8571
Training has not converged after 400 steps
  Weighting: frank_wolfe alpha = 0.1429
  [Step 6/9] train_MMD=0.0033 alpha_opt=0.1429 oracle_top7_TVD=0.3615
  [OK] MMD improved (delta=+0.000350)
  SNR (proxy): 8.22 (mean_norm=0.0563, std_norm=0.0069)

[Step 7] Training Model 7...
  lambda_dual: 0.8750
Training has not converged after 400 steps
  Weighting: frank_wolfe alpha = 0.1250
  [Step 7/9] train_MMD=0.0020 alpha_opt=0.1250 oracle_top8_TVD=0.3548
  [OK] MMD improved (delta=+0.001327)
  SNR (proxy): 8.85 (mean_norm=0.0509, std_norm=0.0058)

[Step 8] Training Model 8...
  lambda_dual: 0.8889
Training has not converged after 400 steps
  Weighting: frank_wolfe alpha = 0.1111
  [Step 8/9] train_MMD=0.0064 alpha_opt=0.1111 oracle_top9_TVD=0.3480
  [WARNING] MMD worsened but kept (diagnostic, delta=-0.004454)
  SNR (proxy): 11.76 (mean_norm=0.0444, std_norm=0.0038)

[Step 9] Training Model 9...
  lambda_dual: 0.9000
Training has not converged after 400 steps
  Weighting: frank_wolfe alpha = 0.1000
  [Step 9/9] train_MMD=0.0011 alpha_opt=0.1000 oracle_top10_TVD=0.3413
  [OK] MMD improved (delta=+0.005327)
  SNR (proxy): 11.79 (mean_norm=0.0000, std_norm=0.0000)

Final: 10 models, MMD=-0.0001 (delta=+0.1434) F1=nan

[FCFW] Computing Fully Corrective Frank-Wolfe weights for final ensemble...
  Weighting: fully corrective QP weights = [0.0109, 0.0770, 0.0373, 0.1020, 0.1831, 0.1392, 0.1475, 0.1418, 0.1107, 0.0505]
  FCFW Sampled MMD^2: -0.001024
  FCFW Sampled TVD:   0.1741

FINAL MODEL COMPARISON (inc. FCFW)
Model      | MMD        | TVD        | TVD*       | Valid      | Cover      | F1        
----------------------------------------------------------------------------------------
Baseline   | 0.1432     | n/a        | n/a        | n/a        | n/a        | n/a       
Ensemble   | -0.0001    | 0.213      | 0.116      | n/a        | n/a        | n/a       
Model 0    | 0.1395     | 0.709      | 0.584      | n/a        | n/a        | n/a       
Model 1    | 0.2897     | 0.608      | 0.526      | n/a        | n/a        | n/a       
Model 2    | 0.1458     | 0.739      | 0.605      | n/a        | n/a        | n/a       
Model 3    | 0.5486     | 0.698      | 0.698      | n/a        | n/a        | n/a       
Model 4    | 0.3363     | 0.615      | 0.533      | n/a        | n/a        | n/a       
Model 5    | 0.2763     | 0.608      | 0.568      | n/a        | n/a        | n/a       
Model 6    | 0.2475     | 0.608      | 0.525      | n/a        | n/a        | n/a       
Model 7    | 0.2526     | 0.588      | 0.515      | n/a        | n/a        | n/a       
Model 8    | 0.1488     | 0.611      | 0.553      | n/a        | n/a        | n/a       
Model 9    | 0.5343     | 0.698      | 0.698      | n/a        | n/a        | n/a       
Ensemble (FCFW) | -0.0010    | 0.174      | 0.072      | n/a        | n/a        | n/a       
Saving results to out/hpo/hopfield_20q_p1_b20_20260605_220450/trials/trial_0031/results.csv...
Experiment: Boosting on Hopfield (20q, 1p)
Configuration:
  train_samples: 1000
  data_seed: 42
  n_samples: 400
  n_models: 10
  learning_rate: 0.02657434239486262
  epochs_per_step: 400
  caching_level: none
  ensemble_samples_coeff: 1.0
  init_baseline: covariance
  init_later: random
  lambda_dual: 1.0
  lambda_schedule: {'type': 'frank_wolfe', 'gamma': 1.0, 'tau': 1.0}
  n_ops: 1024
  weight_strategy: frank_wolfe
  alpha_n_grid: 11
  alpha_objective_weight: 0.5
  baseline: none
  shots: 1000
  final_eval_sampling: True
  dataset_metrics: True
  exact_metrics: {'enabled': True, 'max_qubits': 20, 'phases': {'baseline': True, 'steps': False, 'final': True, 'per_model': True, 'fcfw': True}}
  keep_models_for_diagnosis: True
  stop_on_reject: False
  save_circuit_artifacts: False
  rng_seed: 42
  circuit_config: {'topology': 'aachen_heavy_hex', 'distance': 2, 'max_weight': 2, 'n_ancilla': 0}
  turbo: 10
  dynamic_is_within_shell: shell_uniform
  exact_sampling: True
  acceptance_metric: training_mmd
  skip_sampling: True
  report_fcfw: True
  dynamic_is: True
  dynamic_is_beta: 0.019959588923188065
  sigma: [0.6770906894037659]
  require_exact_sampling: True
================================================================================
Saving config to out/hpo/hopfield_20q_p1_b20_20260605_220450/trials/trial_0032/config.json...
Gate structure: Qubits: 20
Aachen heavy-hex topology: 39 parameters
one_qubit=20, two_qubit=19
Using Gaussian Kernel (n_ops=1024, n_qubits=20):
  - sigma=0.67709069
Expected sampled operator size:
  - p=6.639943, std=2.106063
  mean: 6.639943
  std: 2.106063
Baselines enabled: 

Training ensemble Model 0 (400 epochs)...
Training has not converged after 400 steps
Model 0 final loss: 0.132819
  [Step 0/9] train_MMD=0.1311 alpha_opt=1.0000 oracle_top1_TVD=0.6977

[Step 1] Training Model 1...
  lambda_dual: 0.5000
Training has not converged after 400 steps
  Weighting: frank_wolfe alpha = 0.5000
  [Step 1/9] train_MMD=0.0302 alpha_opt=0.5000 oracle_top2_TVD=0.3954
  [OK] MMD improved (delta=+0.100873)
  SNR (proxy): 1.58 (mean_norm=0.0320, std_norm=0.0202)

[Step 2] Training Model 2...
  lambda_dual: 0.6667
Training has not converged after 400 steps
  Weighting: frank_wolfe alpha = 0.3333
  [Step 2/9] train_MMD=0.0577 alpha_opt=0.3333 oracle_top3_TVD=0.3886
  [WARNING] MMD worsened but kept (diagnostic, delta=-0.027557)
  SNR (proxy): 3.92 (mean_norm=0.0601, std_norm=0.0153)

[Step 3] Training Model 3...
  lambda_dual: 0.7500
Training has not converged after 400 steps
  Weighting: frank_wolfe alpha = 0.2500
  [Step 3/9] train_MMD=0.0044 alpha_opt=0.2500 oracle_top4_TVD=0.3818
  [OK] MMD improved (delta=+0.053394)
  SNR (proxy): 11.09 (mean_norm=0.0161, std_norm=0.0015)

[Step 4] Training Model 4...
  lambda_dual: 0.8000
Training has not converged after 400 steps
  Weighting: frank_wolfe alpha = 0.2000
  [Step 4/9] train_MMD=0.0084 alpha_opt=0.2000 oracle_top5_TVD=0.3751
  [WARNING] MMD worsened but kept (diagnostic, delta=-0.004036)
  SNR (proxy): 5.11 (mean_norm=0.0437, std_norm=0.0086)

[Step 5] Training Model 5...
  lambda_dual: 0.8333
Training has not converged after 400 steps
  Weighting: frank_wolfe alpha = 0.1667
  [Step 5/9] train_MMD=0.0018 alpha_opt=0.1667 oracle_top6_TVD=0.3683
  [OK] MMD improved (delta=+0.006602)
  SNR (proxy): 6.74 (mean_norm=0.0724, std_norm=0.0107)

[Step 6] Training Model 6...
  lambda_dual: 0.8571
Training has not converged after 400 steps
  Weighting: frank_wolfe alpha = 0.1429
  [Step 6/9] train_MMD=0.0073 alpha_opt=0.1429 oracle_top7_TVD=0.3615
  [WARNING] MMD worsened but kept (diagnostic, delta=-0.005557)
  SNR (proxy): 7.23 (mean_norm=0.0295, std_norm=0.0041)

[Step 7] Training Model 7...
  lambda_dual: 0.8750
Training has not converged after 400 steps
  Weighting: frank_wolfe alpha = 0.1250
  [Step 7/9] train_MMD=0.0005 alpha_opt=0.1250 oracle_top8_TVD=0.3548
  [OK] MMD improved (delta=+0.006826)
  SNR (proxy): 9.84 (mean_norm=0.0415, std_norm=0.0042)

[Step 8] Training Model 8...
  lambda_dual: 0.8889
Training has not converged after 400 steps
  Weighting: frank_wolfe alpha = 0.1111
  [Step 8/9] train_MMD=0.0022 alpha_opt=0.1111 oracle_top9_TVD=0.3480
  [WARNING] MMD worsened but kept (diagnostic, delta=-0.001696)
  SNR (proxy): 5.09 (mean_norm=0.0248, std_norm=0.0049)

[Step 9] Training Model 9...
  lambda_dual: 0.9000
Training has not converged after 400 steps
  Weighting: frank_wolfe alpha = 0.1000
  [Step 9/9] train_MMD=0.0004 alpha_opt=0.1000 oracle_top10_TVD=0.3413
  [OK] MMD improved (delta=+0.001810)
  SNR (proxy): 8.47 (mean_norm=0.0668, std_norm=0.0079)

Final: 10 models, MMD=-0.0003 (delta=+0.1314) F1=nan

[FCFW] Computing Fully Corrective Frank-Wolfe weights for final ensemble...
  Weighting: fully corrective QP weights = [0.0042, 0.0486, 0.1071, 0.0701, 0.1528, 0.1391, 0.1550, 0.1539, 0.1321, 0.0370]
  FCFW Sampled MMD^2: -0.000435
  FCFW Sampled TVD:   0.1628

FINAL MODEL COMPARISON (inc. FCFW)
Model      | MMD        | TVD        | TVD*       | Valid      | Cover      | F1        
----------------------------------------------------------------------------------------
Baseline   | 0.1311     | n/a        | n/a        | n/a        | n/a        | n/a       
Ensemble   | -0.0003    | 0.208      | 0.099      | n/a        | n/a        | n/a       
Model 0    | 0.1327     | 0.713      | 0.563      | n/a        | n/a        | n/a       
Model 1    | 0.2454     | 0.660      | 0.615      | n/a        | n/a        | n/a       
Model 2    | 0.1357     | 0.648      | 0.501      | n/a        | n/a        | n/a       
Model 3    | 0.4836     | 0.671      | 0.664      | n/a        | n/a        | n/a       
Model 4    | 0.2955     | 0.608      | 0.528      | n/a        | n/a        | n/a       
Model 5    | 0.2990     | 0.615      | 0.550      | n/a        | n/a        | n/a       
Model 6    | 0.1451     | 0.595      | 0.504      | n/a        | n/a        | n/a       
Model 7    | 0.4183     | 0.644      | 0.610      | n/a        | n/a        | n/a       
Model 8    | 0.2785     | 0.608      | 0.528      | n/a        | n/a        | n/a       
Model 9    | 0.1922     | 0.594      | 0.531      | n/a        | n/a        | n/a       
Ensemble (FCFW) | -0.0004    | 0.163      | 0.071      | n/a        | n/a        | n/a       
Saving results to out/hpo/hopfield_20q_p1_b20_20260605_220450/trials/trial_0032/results.csv...
Experiment: Boosting on Hopfield (20q, 1p)
Configuration:
  train_samples: 1000
  data_seed: 42
  n_samples: 400
  n_models: 10
  learning_rate: 0.031041422966591257
  epochs_per_step: 400
  caching_level: none
  ensemble_samples_coeff: 1.0
  init_baseline: covariance
  init_later: random
  lambda_dual: 1.0
  lambda_schedule: {'type': 'frank_wolfe', 'gamma': 1.0, 'tau': 1.0}
  n_ops: 1024
  weight_strategy: frank_wolfe
  alpha_n_grid: 11
  alpha_objective_weight: 0.5
  baseline: none
  shots: 1000
  final_eval_sampling: True
  dataset_metrics: True
  exact_metrics: {'enabled': True, 'max_qubits': 20, 'phases': {'baseline': True, 'steps': False, 'final': True, 'per_model': True, 'fcfw': True}}
  keep_models_for_diagnosis: True
  stop_on_reject: False
  save_circuit_artifacts: False
  rng_seed: 42
  circuit_config: {'topology': 'aachen_heavy_hex', 'distance': 2, 'max_weight': 2, 'n_ancilla': 0}
  turbo: 10
  dynamic_is_within_shell: shell_uniform
  exact_sampling: True
  acceptance_metric: training_mmd
  skip_sampling: True
  report_fcfw: True
  dynamic_is: True
  dynamic_is_beta: 0.011839484947973192
  sigma: [0.7743597663673183]
  require_exact_sampling: True
================================================================================
Saving config to out/hpo/hopfield_20q_p1_b20_20260605_220450/trials/trial_0033/config.json...
Gate structure: Qubits: 20
Aachen heavy-hex topology: 39 parameters
one_qubit=20, two_qubit=19
Using Gaussian Kernel (n_ops=1024, n_qubits=20):
  - sigma=0.77435977
Expected sampled operator size:
  - p=5.656234, std=2.014096
  mean: 5.656234
  std: 2.014096
Baselines enabled: 

Training ensemble Model 0 (400 epochs)...
Training has not converged after 400 steps
Model 0 final loss: 0.143796
  [Step 0/9] train_MMD=0.1426 alpha_opt=1.0000 oracle_top1_TVD=0.6977

[Step 1] Training Model 1...
  lambda_dual: 0.5000
Training has not converged after 400 steps
  Weighting: frank_wolfe alpha = 0.5000
  [Step 1/9] train_MMD=0.0376 alpha_opt=0.5000 oracle_top2_TVD=0.3954
  [OK] MMD improved (delta=+0.105039)
  SNR (proxy): 8.45 (mean_norm=0.0625, std_norm=0.0074)

[Step 2] Training Model 2...
  lambda_dual: 0.6667
Training has not converged after 400 steps
  Weighting: frank_wolfe alpha = 0.3333
  [Step 2/9] train_MMD=0.0116 alpha_opt=0.3333 oracle_top3_TVD=0.3886
  [OK] MMD improved (delta=+0.025926)
  SNR (proxy): 6.98 (mean_norm=0.0843, std_norm=0.0121)

[Step 3] Training Model 3...
  lambda_dual: 0.7500
Training has not converged after 400 steps
  Weighting: frank_wolfe alpha = 0.2500
  [Step 3/9] train_MMD=0.0137 alpha_opt=0.2500 oracle_top4_TVD=0.3818
  [WARNING] MMD worsened but kept (diagnostic, delta=-0.002048)
  SNR (proxy): 7.18 (mean_norm=0.0200, std_norm=0.0028)

[Step 4] Training Model 4...
  lambda_dual: 0.8000
Training has not converged after 400 steps
  Weighting: frank_wolfe alpha = 0.2000
  [Step 4/9] train_MMD=0.0024 alpha_opt=0.2000 oracle_top5_TVD=0.3751
  [OK] MMD improved (delta=+0.011250)
  SNR (proxy): 5.73 (mean_norm=0.0886, std_norm=0.0154)

[Step 5] Training Model 5...
  lambda_dual: 0.8333
Training has not converged after 400 steps
  Weighting: frank_wolfe alpha = 0.1667
  [Step 5/9] train_MMD=0.0058 alpha_opt=0.1667 oracle_top6_TVD=0.3683
  [WARNING] MMD worsened but kept (diagnostic, delta=-0.003417)
  SNR (proxy): 5.62 (mean_norm=0.0309, std_norm=0.0055)

[Step 6] Training Model 6...
  lambda_dual: 0.8571
Training has not converged after 400 steps
  Weighting: frank_wolfe alpha = 0.1429
  [Step 6/9] train_MMD=0.0014 alpha_opt=0.1429 oracle_top7_TVD=0.3615
  [OK] MMD improved (delta=+0.004406)
  SNR (proxy): 8.77 (mean_norm=0.0534, std_norm=0.0061)

[Step 7] Training Model 7...
  lambda_dual: 0.8750
Training has not converged after 400 steps
  Weighting: frank_wolfe alpha = 0.1250
  [Step 7/9] train_MMD=0.0024 alpha_opt=0.1250 oracle_top8_TVD=0.3548
  [WARNING] MMD worsened but kept (diagnostic, delta=-0.000989)
  SNR (proxy): 5.24 (mean_norm=0.0247, std_norm=0.0047)

[Step 8] Training Model 8...
  lambda_dual: 0.8889
Training has not converged after 400 steps
  Weighting: frank_wolfe alpha = 0.1111
  [Step 8/9] train_MMD=0.0072 alpha_opt=0.1111 oracle_top9_TVD=0.3480
  [WARNING] MMD worsened but kept (diagnostic, delta=-0.004755)
  SNR (proxy): 10.01 (mean_norm=0.0225, std_norm=0.0022)

[Step 9] Training Model 9...
  lambda_dual: 0.9000
Training has not converged after 400 steps
  Weighting: frank_wolfe alpha = 0.1000
  [Step 9/9] train_MMD=0.0033 alpha_opt=0.1000 oracle_top10_TVD=0.3413
  [OK] MMD improved (delta=+0.003858)
  SNR (proxy): 7.37 (mean_norm=0.0000, std_norm=0.0000)

Final: 10 models, MMD=0.0020 (delta=+0.1406) F1=nan

[FCFW] Computing Fully Corrective Frank-Wolfe weights for final ensemble...
  Weighting: fully corrective QP weights = [0.0735, 0.0000, 0.1983, 0.1392, 0.0000, 0.1976, 0.1393, 0.1587, 0.0003, 0.0930]
  FCFW Sampled MMD^2: 0.001470
  FCFW Sampled TVD:   0.1998

FINAL MODEL COMPARISON (inc. FCFW)
Model      | MMD        | TVD        | TVD*       | Valid      | Cover      | F1        
----------------------------------------------------------------------------------------
Baseline   | 0.1426     | n/a        | n/a        | n/a        | n/a        | n/a       
Ensemble   | 0.0020     | 0.258      | 0.192      | n/a        | n/a        | n/a       
Model 0    | 0.1427     | 0.696      | 0.597      | n/a        | n/a        | n/a       
Model 1    | 0.3400     | 0.675      | 0.653      | n/a        | n/a        | n/a       
Model 2    | 0.2418     | 0.608      | 0.523      | n/a        | n/a        | n/a       
Model 3    | 0.3352     | 0.635      | 0.619      | n/a        | n/a        | n/a       
Model 4    | 0.2927     | 0.661      | 0.617      | n/a        | n/a        | n/a       
Model 5    | 0.2507     | 0.594      | 0.541      | n/a        | n/a        | n/a       
Model 6    | 0.3056     | 0.629      | 0.556      | n/a        | n/a        | n/a       
Model 7    | 0.2244     | 0.607      | 0.517      | n/a        | n/a        | n/a       
Model 8    | 0.2258     | 0.957      | 0.893      | n/a        | n/a        | n/a       
Model 9    | 0.5312     | 0.698      | 0.698      | n/a        | n/a        | n/a       
Ensemble (FCFW) | 0.0015     | 0.200      | 0.116      | n/a        | n/a        | n/a       
Saving results to out/hpo/hopfield_20q_p1_b20_20260605_220450/trials/trial_0033/results.csv...
Experiment: Boosting on Hopfield (20q, 1p)
Configuration:
  train_samples: 1000
  data_seed: 42
  n_samples: 400
  n_models: 10
  learning_rate: 0.056383751597806855
  epochs_per_step: 400
  caching_level: none
  ensemble_samples_coeff: 1.0
  init_baseline: covariance
  init_later: random
  lambda_dual: 1.0
  lambda_schedule: {'type': 'frank_wolfe', 'gamma': 0.25, 'tau': 1.0}
  n_ops: 1024
  weight_strategy: frank_wolfe
  alpha_n_grid: 11
  alpha_objective_weight: 0.5
  baseline: none
  shots: 1000
  final_eval_sampling: True
  dataset_metrics: True
  exact_metrics: {'enabled': True, 'max_qubits': 20, 'phases': {'baseline': True, 'steps': False, 'final': True, 'per_model': True, 'fcfw': True}}
  keep_models_for_diagnosis: True
  stop_on_reject: False
  save_circuit_artifacts: False
  rng_seed: 42
  circuit_config: {'topology': 'aachen_heavy_hex', 'distance': 2, 'max_weight': 2, 'n_ancilla': 0}
  turbo: 10
  dynamic_is_within_shell: shell_uniform
  exact_sampling: True
  acceptance_metric: training_mmd
  skip_sampling: True
  report_fcfw: True
  dynamic_is: True
  dynamic_is_beta: 0.019884375507064806
  sigma: [0.6996838152580127]
  require_exact_sampling: True
================================================================================
Saving config to out/hpo/hopfield_20q_p1_b20_20260605_220450/trials/trial_0034/config.json...
Gate structure: Qubits: 20
Aachen heavy-hex topology: 39 parameters
one_qubit=20, two_qubit=19
Using Gaussian Kernel (n_ops=1024, n_qubits=20):
  - sigma=0.69968382
Expected sampled operator size:
  - p=6.398846, std=2.086045
  mean: 6.398846
  std: 2.086045
Baselines enabled: 

Training ensemble Model 0 (400 epochs)...
Training has not converged after 400 steps
Model 0 final loss: 0.132451
  [Step 0/9] train_MMD=0.1317 alpha_opt=1.0000 oracle_top1_TVD=0.6977

[Step 1] Training Model 1...
  lambda_dual: 0.8750
Training has not converged after 400 steps
  Weighting: frank_wolfe alpha = 0.1250
  [Step 1/9] train_MMD=0.0579 alpha_opt=0.1250 oracle_top2_TVD=0.3954
  [OK] MMD improved (delta=+0.073784)
  SNR (proxy): 8.42 (mean_norm=0.0000, std_norm=0.0000)

[Step 2] Training Model 2...
  lambda_dual: 0.9167
Training has not converged after 400 steps
  Weighting: frank_wolfe alpha = 0.0833
  [Step 2/9] train_MMD=0.0306 alpha_opt=0.0833 oracle_top3_TVD=0.3886
  [OK] MMD improved (delta=+0.027333)
  SNR (proxy): 11.22 (mean_norm=0.0000, std_norm=0.0000)

[Step 3] Training Model 3...
  lambda_dual: 0.9375
Training has not converged after 400 steps
  Weighting: frank_wolfe alpha = 0.0625
  [Step 3/9] train_MMD=0.0183 alpha_opt=0.0625 oracle_top4_TVD=0.3818
  [OK] MMD improved (delta=+0.012313)
  SNR (proxy): 8.12 (mean_norm=0.0000, std_norm=0.0000)

[Step 4] Training Model 4...
  lambda_dual: 0.9500
Training has not converged after 400 steps
  Weighting: frank_wolfe alpha = 0.0500
  [Step 4/9] train_MMD=0.0179 alpha_opt=0.0500 oracle_top5_TVD=0.3751
  [OK] MMD improved (delta=+0.000392)
  SNR (proxy): 14.89 (mean_norm=0.0000, std_norm=0.0000)

[Step 5] Training Model 5...
  lambda_dual: 0.9583
Training has not converged after 400 steps
  Weighting: frank_wolfe alpha = 0.0417
  [Step 5/9] train_MMD=0.0142 alpha_opt=0.0417 oracle_top6_TVD=0.3683
  [OK] MMD improved (delta=+0.003650)
  SNR (proxy): 18.11 (mean_norm=0.0000, std_norm=0.0000)

[Step 6] Training Model 6...
  lambda_dual: 0.9643
Training has not converged after 400 steps
  Weighting: frank_wolfe alpha = 0.0357
  [Step 6/9] train_MMD=0.0190 alpha_opt=0.0357 oracle_top7_TVD=0.3615
  [WARNING] MMD worsened but kept (diagnostic, delta=-0.004746)
  SNR (proxy): 21.98 (mean_norm=0.0004, std_norm=0.0000)

[Step 7] Training Model 7...
  lambda_dual: 0.9688
Training has not converged after 400 steps
  Weighting: frank_wolfe alpha = 0.0312
  [Step 7/9] train_MMD=0.0193 alpha_opt=0.0312 oracle_top8_TVD=0.3548
  [WARNING] MMD worsened but kept (diagnostic, delta=-0.000332)
  SNR (proxy): 5.48 (mean_norm=0.0123, std_norm=0.0023)

[Step 8] Training Model 8...
  lambda_dual: 0.9722
Training has not converged after 400 steps
  Weighting: frank_wolfe alpha = 0.0278
  [Step 8/9] train_MMD=0.0147 alpha_opt=0.0278 oracle_top9_TVD=0.3480
  [OK] MMD improved (delta=+0.004581)
  SNR (proxy): 18.45 (mean_norm=0.0153, std_norm=0.0008)

[Step 9] Training Model 9...
  lambda_dual: 0.9750
Training has not converged after 400 steps
  Weighting: frank_wolfe alpha = 0.0250
  [Step 9/9] train_MMD=0.0134 alpha_opt=0.0250 oracle_top10_TVD=0.3413
  [OK] MMD improved (delta=+0.001305)
  SNR (proxy): 11.89 (mean_norm=0.0000, std_norm=0.0000)

Final: 10 models, MMD=0.0182 (delta=+0.1135) F1=nan

[FCFW] Computing Fully Corrective Frank-Wolfe weights for final ensemble...
  Weighting: fully corrective QP weights = [0.3629, 0.0000, 0.0000, 0.0000, 0.0000, 0.0000, 0.3297, 0.0519, 0.0325, 0.2230]
  FCFW Sampled MMD^2: 0.000524
  FCFW Sampled TVD:   0.2675

FINAL MODEL COMPARISON (inc. FCFW)
Model      | MMD        | TVD        | TVD*       | Valid      | Cover      | F1        
----------------------------------------------------------------------------------------
Baseline   | 0.1317     | n/a        | n/a        | n/a        | n/a        | n/a       
Ensemble   | 0.0182     | 0.391      | 0.313      | n/a        | n/a        | n/a       
Model 0    | 0.1310     | 0.636      | 0.550      | n/a        | n/a        | n/a       
Model 1    | 0.5524     | 0.698      | 0.698      | n/a        | n/a        | n/a       
Model 2    | 0.5524     | 0.698      | 0.698      | n/a        | n/a        | n/a       
Model 3    | 0.5524     | 0.698      | 0.698      | n/a        | n/a        | n/a       
Model 4    | 0.5524     | 0.698      | 0.698      | n/a        | n/a        | n/a       
Model 5    | 0.5524     | 0.698      | 0.698      | n/a        | n/a        | n/a       
Model 6    | 0.5524     | 0.698      | 0.697      | n/a        | n/a        | n/a       
Model 7    | 0.2893     | 0.978      | 0.957      | n/a        | n/a        | n/a       
Model 8    | 0.3748     | 0.979      | 0.970      | n/a        | n/a        | n/a       
Model 9    | 0.5368     | 0.698      | 0.698      | n/a        | n/a        | n/a       
Ensemble (FCFW) | 0.0005     | 0.268      | 0.229      | n/a        | n/a        | n/a       
Saving results to out/hpo/hopfield_20q_p1_b20_20260605_220450/trials/trial_0034/results.csv...
Experiment: Boosting on Hopfield (20q, 1p)
Configuration:
  train_samples: 1000
  data_seed: 42
  n_samples: 400
  n_models: 10
  learning_rate: 0.03181087887715909
  epochs_per_step: 400
  caching_level: none
  ensemble_samples_coeff: 1.0
  init_baseline: covariance
  init_later: random
  lambda_dual: 1.0
  lambda_schedule: {'type': 'frank_wolfe', 'gamma': 0.5, 'tau': 1.0}
  n_ops: 1024
  weight_strategy: frank_wolfe
  alpha_n_grid: 11
  alpha_objective_weight: 0.5
  baseline: none
  shots: 1000
  final_eval_sampling: True
  dataset_metrics: True
  exact_metrics: {'enabled': True, 'max_qubits': 20, 'phases': {'baseline': True, 'steps': False, 'final': True, 'per_model': True, 'fcfw': True}}
  keep_models_for_diagnosis: True
  stop_on_reject: False
  save_circuit_artifacts: False
  rng_seed: 42
  circuit_config: {'topology': 'aachen_heavy_hex', 'distance': 2, 'max_weight': 2, 'n_ancilla': 0}
  turbo: 10
  dynamic_is_within_shell: shell_uniform
  exact_sampling: True
  acceptance_metric: training_mmd
  skip_sampling: True
  report_fcfw: True
  dynamic_is: True
  dynamic_is_beta: 0.014791244968146195
  sigma: [0.5226614537048149]
  require_exact_sampling: True
================================================================================
Saving config to out/hpo/hopfield_20q_p1_b20_20260605_220450/trials/trial_0035/config.json...
Gate structure: Qubits: 20
Aachen heavy-hex topology: 39 parameters
one_qubit=20, two_qubit=19
Using Gaussian Kernel (n_ops=1024, n_qubits=20):
  - sigma=0.52266145
Expected sampled operator size:
  - p=8.396391, std=2.207130
  mean: 8.396391
  std: 2.207130
Baselines enabled: 

Training ensemble Model 0 (400 epochs)...
Training has not converged after 400 steps
Model 0 final loss: 0.108276
  [Step 0/9] train_MMD=0.1067 alpha_opt=1.0000 oracle_top1_TVD=0.6977

[Step 1] Training Model 1...
  lambda_dual: 0.7500
Training has not converged after 400 steps
  Weighting: frank_wolfe alpha = 0.2500
  [Step 1/9] train_MMD=0.0167 alpha_opt=0.2500 oracle_top2_TVD=0.3954
  [OK] MMD improved (delta=+0.089925)
  SNR (proxy): 10.62 (mean_norm=0.0000, std_norm=0.0000)

[Step 2] Training Model 2...
  lambda_dual: 0.8333
Training has not converged after 400 steps
  Weighting: frank_wolfe alpha = 0.1667
  [Step 2/9] train_MMD=0.0258 alpha_opt=0.1667 oracle_top3_TVD=0.3886
  [WARNING] MMD worsened but kept (diagnostic, delta=-0.009037)
  SNR (proxy): 6.61 (mean_norm=0.0205, std_norm=0.0031)

[Step 3] Training Model 3...
  lambda_dual: 0.8750
Training has not converged after 400 steps
  Weighting: frank_wolfe alpha = 0.1250
  [Step 3/9] train_MMD=0.0469 alpha_opt=0.1250 oracle_top4_TVD=0.3818
  [WARNING] MMD worsened but kept (diagnostic, delta=-0.021145)
  SNR (proxy): 9.98 (mean_norm=0.0318, std_norm=0.0032)

[Step 4] Training Model 4...
  lambda_dual: 0.9000
Training has not converged after 400 steps
  Weighting: frank_wolfe alpha = 0.1000
  [Step 4/9] train_MMD=0.0534 alpha_opt=0.1000 oracle_top5_TVD=0.3751
  [WARNING] MMD worsened but kept (diagnostic, delta=-0.006446)
  SNR (proxy): 8.50 (mean_norm=0.0442, std_norm=0.0052)

[Step 5] Training Model 5...
  lambda_dual: 0.9167
Training has not converged after 400 steps
  Weighting: frank_wolfe alpha = 0.0833
  [Step 5/9] train_MMD=0.0597 alpha_opt=0.0833 oracle_top6_TVD=0.3683
  [WARNING] MMD worsened but kept (diagnostic, delta=-0.006356)
  SNR (proxy): 10.83 (mean_norm=0.0191, std_norm=0.0018)

[Step 6] Training Model 6...
  lambda_dual: 0.9286
Training has not converged after 400 steps
  Weighting: frank_wolfe alpha = 0.0714
  [Step 6/9] train_MMD=0.0454 alpha_opt=0.0714 oracle_top7_TVD=0.3615
  [OK] MMD improved (delta=+0.014282)
  SNR (proxy): 11.41 (mean_norm=0.0000, std_norm=0.0000)

[Step 7] Training Model 7...
  lambda_dual: 0.9375
Training has not converged after 400 steps
  Weighting: frank_wolfe alpha = 0.0625
  [Step 7/9] train_MMD=0.0435 alpha_opt=0.0625 oracle_top8_TVD=0.3548
  [OK] MMD improved (delta=+0.001922)
  SNR (proxy): 23.16 (mean_norm=0.0000, std_norm=0.0000)

[Step 8] Training Model 8...
  lambda_dual: 0.9444
Training has not converged after 400 steps
  Weighting: frank_wolfe alpha = 0.0556
  [Step 8/9] train_MMD=0.0440 alpha_opt=0.0556 oracle_top9_TVD=0.3480
  [WARNING] MMD worsened but kept (diagnostic, delta=-0.000427)
  SNR (proxy): 11.41 (mean_norm=0.0000, std_norm=0.0000)

[Step 9] Training Model 9...
  lambda_dual: 0.9500
Training has not converged after 400 steps
  Weighting: frank_wolfe alpha = 0.0500
  [Step 9/9] train_MMD=0.0288 alpha_opt=0.0500 oracle_top10_TVD=0.3413
  [OK] MMD improved (delta=+0.015128)
  SNR (proxy): 10.02 (mean_norm=0.0000, std_norm=0.0000)

Final: 10 models, MMD=0.0352 (delta=+0.0715) F1=nan

[FCFW] Computing Fully Corrective Frank-Wolfe weights for final ensemble...
  Weighting: fully corrective QP weights = [0.3130, 0.0791, 0.0797, 0.0000, 0.0635, 0.0000, 0.0791, 0.0791, 0.0791, 0.2273]
  FCFW Sampled MMD^2: 0.000592
  FCFW Sampled TVD:   0.3185

FINAL MODEL COMPARISON (inc. FCFW)
Model      | MMD        | TVD        | TVD*       | Valid      | Cover      | F1        
----------------------------------------------------------------------------------------
Baseline   | 0.1067     | n/a        | n/a        | n/a        | n/a        | n/a       
Ensemble   | 0.0352     | 0.488      | 0.430      | n/a        | n/a        | n/a       
Model 0    | 0.1045     | 0.609      | 0.533      | n/a        | n/a        | n/a       
Model 1    | 0.5769     | 0.698      | 0.698      | n/a        | n/a        | n/a       
Model 2    | 0.2099     | 1.000      | 0.989      | n/a        | n/a        | n/a       
Model 3    | 0.2100     | 1.000      | 0.993      | n/a        | n/a        | n/a       
Model 4    | 0.2107     | 1.000      | 0.995      | n/a        | n/a        | n/a       
Model 5    | 0.2104     | 1.000      | 0.994      | n/a        | n/a        | n/a       
Model 6    | 0.5769     | 0.698      | 0.698      | n/a        | n/a        | n/a       
Model 7    | 0.5769     | 0.698      | 0.698      | n/a        | n/a        | n/a       
Model 8    | 0.5769     | 0.698      | 0.698      | n/a        | n/a        | n/a       
Model 9    | 0.5526     | 0.698      | 0.698      | n/a        | n/a        | n/a       
Ensemble (FCFW) | 0.0006     | 0.319      | 0.274      | n/a        | n/a        | n/a       
Saving results to out/hpo/hopfield_20q_p1_b20_20260605_220450/trials/trial_0035/results.csv...
Experiment: Boosting on Hopfield (20q, 1p)
Configuration:
  train_samples: 1000
  data_seed: 42
  n_samples: 400
  n_models: 10
  learning_rate: 0.012157325452700526
  epochs_per_step: 400
  caching_level: none
  ensemble_samples_coeff: 1.0
  init_baseline: covariance
  init_later: random
  lambda_dual: 1.0
  lambda_schedule: {'type': 'frank_wolfe', 'gamma': 1.0, 'tau': 1.0}
  n_ops: 1024
  weight_strategy: frank_wolfe
  alpha_n_grid: 11
  alpha_objective_weight: 0.5
  baseline: none
  shots: 1000
  final_eval_sampling: True
  dataset_metrics: True
  exact_metrics: {'enabled': True, 'max_qubits': 20, 'phases': {'baseline': True, 'steps': False, 'final': True, 'per_model': True, 'fcfw': True}}
  keep_models_for_diagnosis: True
  stop_on_reject: False
  save_circuit_artifacts: False
  rng_seed: 42
  circuit_config: {'topology': 'aachen_heavy_hex', 'distance': 2, 'max_weight': 2, 'n_ancilla': 0}
  turbo: 10
  dynamic_is_within_shell: shell_uniform
  exact_sampling: True
  acceptance_metric: training_mmd
  skip_sampling: True
  report_fcfw: True
  dynamic_is: True
  dynamic_is_beta: 0.030736622327546155
  sigma: [2.5669838680273767, 0.7280591271151968, 0.533235592341518]
  require_exact_sampling: True
================================================================================
Saving config to out/hpo/hopfield_20q_p1_b20_20260605_220450/trials/trial_0036/config.json...
Gate structure: Qubits: 20
Aachen heavy-hex topology: 39 parameters
one_qubit=20, two_qubit=19
Using Gaussian Kernel (n_ops=1024, n_qubits=20):
  - sigma=2.56698387
  - sigma=0.72805913
  - sigma=0.53323559
Expected sampled operator size:
  - p=0.730720, std=0.839060
  - p=6.106480, std=2.059618
  - p=8.276895, std=2.202622
  mean: 5.038032
  std: 3.650678
Baselines enabled: 

Training ensemble Model 0 (400 epochs)...
Training has not converged after 400 steps
Model 0 final loss: 0.189181
  [Step 0/9] train_MMD=0.1887 alpha_opt=1.0000 oracle_top1_TVD=0.6977

[Step 1] Training Model 1...
  lambda_dual: 0.5000
Training has not converged after 400 steps
  Weighting: frank_wolfe alpha = 0.5000
  [Step 1/9] train_MMD=0.1400 alpha_opt=0.5000 oracle_top2_TVD=0.3954
  [OK] MMD improved (delta=+0.048672)
  SNR (proxy): 20.43 (mean_norm=0.0000, std_norm=0.0000)

[Step 2] Training Model 2...
  lambda_dual: 0.6667
Training has not converged after 400 steps
  Weighting: frank_wolfe alpha = 0.3333
  [Step 2/9] train_MMD=0.0036 alpha_opt=0.3333 oracle_top3_TVD=0.3886
  [OK] MMD improved (delta=+0.136384)
  SNR (proxy): 22.71 (mean_norm=0.0000, std_norm=0.0000)

[Step 3] Training Model 3...
  lambda_dual: 0.7500
Training has not converged after 400 steps
  Weighting: frank_wolfe alpha = 0.2500
  [Step 3/9] train_MMD=0.0190 alpha_opt=0.2500 oracle_top4_TVD=0.3818
  [WARNING] MMD worsened but kept (diagnostic, delta=-0.015397)
  SNR (proxy): 12.23 (mean_norm=0.0293, std_norm=0.0024)

[Step 4] Training Model 4...
  lambda_dual: 0.8000
Training has not converged after 400 steps
  Weighting: frank_wolfe alpha = 0.2000
  [Step 4/9] train_MMD=0.0012 alpha_opt=0.2000 oracle_top5_TVD=0.3751
  [OK] MMD improved (delta=+0.017840)
  SNR (proxy): 9.37 (mean_norm=0.0437, std_norm=0.0047)

[Step 5] Training Model 5...
  lambda_dual: 0.8333
Training has not converged after 400 steps
  Weighting: frank_wolfe alpha = 0.1667
  [Step 5/9] train_MMD=0.0083 alpha_opt=0.1667 oracle_top6_TVD=0.3683
  [WARNING] MMD worsened but kept (diagnostic, delta=-0.007106)
  SNR (proxy): 6.94 (mean_norm=0.0175, std_norm=0.0025)

[Step 6] Training Model 6...
  lambda_dual: 0.8571
Training has not converged after 400 steps
  Weighting: frank_wolfe alpha = 0.1429
  [Step 6/9] train_MMD=0.0007 alpha_opt=0.1429 oracle_top7_TVD=0.3615
  [OK] MMD improved (delta=+0.007588)
  SNR (proxy): 10.11 (mean_norm=0.0388, std_norm=0.0038)

[Step 7] Training Model 7...
  lambda_dual: 0.8750
Training has not converged after 400 steps
  Weighting: frank_wolfe alpha = 0.1250
  [Step 7/9] train_MMD=0.0046 alpha_opt=0.1250 oracle_top8_TVD=0.3548
  [WARNING] MMD worsened but kept (diagnostic, delta=-0.003897)
  SNR (proxy): 13.66 (mean_norm=0.0072, std_norm=0.0005)

[Step 8] Training Model 8...
  lambda_dual: 0.8889
Training has not converged after 400 steps
  Weighting: frank_wolfe alpha = 0.1111
  [Step 8/9] train_MMD=0.0004 alpha_opt=0.1111 oracle_top9_TVD=0.3480
  [OK] MMD improved (delta=+0.004163)
  SNR (proxy): 15.39 (mean_norm=0.0337, std_norm=0.0022)

[Step 9] Training Model 9...
  lambda_dual: 0.9000
Training has not converged after 400 steps
  Weighting: frank_wolfe alpha = 0.1000
  [Step 9/9] train_MMD=0.0031 alpha_opt=0.1000 oracle_top10_TVD=0.3413
  [WARNING] MMD worsened but kept (diagnostic, delta=-0.002620)
  SNR (proxy): 14.73 (mean_norm=0.0073, std_norm=0.0005)

Final: 10 models, MMD=-0.0001 (delta=+0.1887) F1=nan

[FCFW] Computing Fully Corrective Frank-Wolfe weights for final ensemble...
  Weighting: fully corrective QP weights = [0.0283, 0.0337, 0.0496, 0.0966, 0.1617, 0.1843, 0.1130, 0.1090, 0.1426, 0.0812]
  FCFW Sampled MMD^2: -0.000797
  FCFW Sampled TVD:   0.1845

FINAL MODEL COMPARISON (inc. FCFW)
Model      | MMD        | TVD        | TVD*       | Valid      | Cover      | F1        
----------------------------------------------------------------------------------------
Baseline   | 0.1887     | n/a        | n/a        | n/a        | n/a        | n/a       
Ensemble   | -0.0001    | 0.195      | 0.145      | n/a        | n/a        | n/a       
Model 0    | 0.1924     | 1.000      | 0.975      | n/a        | n/a        | n/a       
Model 1    | 0.5049     | 0.698      | 0.698      | n/a        | n/a        | n/a       
Model 2    | 0.4932     | 0.698      | 0.698      | n/a        | n/a        | n/a       
Model 3    | 0.2773     | 0.601      | 0.571      | n/a        | n/a        | n/a       
Model 4    | 0.3045     | 0.609      | 0.563      | n/a        | n/a        | n/a       
Model 5    | 0.2491     | 0.593      | 0.527      | n/a        | n/a        | n/a       
Model 6    | 0.2546     | 0.609      | 0.551      | n/a        | n/a        | n/a       
Model 7    | 0.2649     | 0.588      | 0.551      | n/a        | n/a        | n/a       
Model 8    | 0.3029     | 0.595      | 0.523      | n/a        | n/a        | n/a       
Model 9    | 0.2290     | 0.613      | 0.511      | n/a        | n/a        | n/a       
Ensemble (FCFW) | -0.0008    | 0.184      | 0.083      | n/a        | n/a        | n/a       
Saving results to out/hpo/hopfield_20q_p1_b20_20260605_220450/trials/trial_0036/results.csv...
Experiment: Boosting on Hopfield (20q, 1p)
Configuration:
  train_samples: 1000
  data_seed: 42
  n_samples: 400
  n_models: 10
  learning_rate: 0.00925710887580857
  epochs_per_step: 400
  caching_level: none
  ensemble_samples_coeff: 1.0
  init_baseline: covariance
  init_later: random
  lambda_dual: 1.0
  lambda_schedule: {'type': 'frank_wolfe', 'gamma': 0.5, 'tau': 1.0}
  n_ops: 512
  weight_strategy: frank_wolfe
  alpha_n_grid: 11
  alpha_objective_weight: 0.5
  baseline: none
  shots: 1000
  final_eval_sampling: True
  dataset_metrics: True
  exact_metrics: {'enabled': True, 'max_qubits': 20, 'phases': {'baseline': True, 'steps': False, 'final': True, 'per_model': True, 'fcfw': True}}
  keep_models_for_diagnosis: True
  stop_on_reject: False
  save_circuit_artifacts: False
  rng_seed: 42
  circuit_config: {'topology': 'aachen_heavy_hex', 'distance': 2, 'max_weight': 2, 'n_ancilla': 0}
  turbo: 10
  dynamic_is_within_shell: shell_uniform
  exact_sampling: True
  acceptance_metric: training_mmd
  skip_sampling: True
  report_fcfw: True
  dynamic_is: True
  dynamic_is_beta: 0.011186465121623851
  sigma: [1.0119361189214184]
  require_exact_sampling: True
================================================================================
Saving config to out/hpo/hopfield_20q_p1_b20_20260605_220450/trials/trial_0037/config.json...
Gate structure: Qubits: 20
Aachen heavy-hex topology: 39 parameters
one_qubit=20, two_qubit=19
Using Gaussian Kernel (n_ops=512, n_qubits=20):
  - sigma=1.01193612
Expected sampled operator size:
  - p=3.863154, std=1.765490
  mean: 3.863154
  std: 1.765490
Baselines enabled: 

Training ensemble Model 0 (400 epochs)...
Training has not converged after 400 steps
Model 0 final loss: 0.184547
  [Step 0/9] train_MMD=0.1869 alpha_opt=1.0000 oracle_top1_TVD=0.6977

[Step 1] Training Model 1...
  lambda_dual: 0.7500
Training has not converged after 400 steps
  Weighting: frank_wolfe alpha = 0.2500
  [Step 1/9] train_MMD=0.0422 alpha_opt=0.2500 oracle_top2_TVD=0.3954
  [OK] MMD improved (delta=+0.144755)
  SNR (proxy): 12.83 (mean_norm=0.0000, std_norm=0.0000)

[Step 2] Training Model 2...
  lambda_dual: 0.8333
Training has not converged after 400 steps
  Weighting: frank_wolfe alpha = 0.1667
  [Step 2/9] train_MMD=0.0257 alpha_opt=0.1667 oracle_top3_TVD=0.3886
  [OK] MMD improved (delta=+0.016424)
  SNR (proxy): 11.80 (mean_norm=0.0000, std_norm=0.0000)

[Step 3] Training Model 3...
  lambda_dual: 0.8750
Training has not converged after 400 steps
  Weighting: frank_wolfe alpha = 0.1250
  [Step 3/9] train_MMD=0.0268 alpha_opt=0.1250 oracle_top4_TVD=0.3818
  [WARNING] MMD worsened but kept (diagnostic, delta=-0.001075)
  SNR (proxy): 16.53 (mean_norm=0.0549, std_norm=0.0033)

[Step 4] Training Model 4...
  lambda_dual: 0.9000
Training has not converged after 400 steps
  Weighting: frank_wolfe alpha = 0.1000
  [Step 4/9] train_MMD=0.0413 alpha_opt=0.1000 oracle_top5_TVD=0.3751
  [WARNING] MMD worsened but kept (diagnostic, delta=-0.014487)
  SNR (proxy): 18.28 (mean_norm=0.0617, std_norm=0.0034)

[Step 5] Training Model 5...
  lambda_dual: 0.9167
Training has not converged after 400 steps
  Weighting: frank_wolfe alpha = 0.0833
  [Step 5/9] train_MMD=0.0201 alpha_opt=0.0833 oracle_top6_TVD=0.3683
  [OK] MMD improved (delta=+0.021164)
  SNR (proxy): 24.79 (mean_norm=0.0000, std_norm=0.0000)

[Step 6] Training Model 6...
  lambda_dual: 0.9286
Training has not converged after 400 steps
  Weighting: frank_wolfe alpha = 0.0714
  [Step 6/9] train_MMD=0.0116 alpha_opt=0.0714 oracle_top7_TVD=0.3615
  [OK] MMD improved (delta=+0.008501)
  SNR (proxy): 14.84 (mean_norm=0.0000, std_norm=0.0000)

[Step 7] Training Model 7...
  lambda_dual: 0.9375
Training has not converged after 400 steps
  Weighting: frank_wolfe alpha = 0.0625
  [Step 7/9] train_MMD=0.0088 alpha_opt=0.0625 oracle_top8_TVD=0.3548
  [OK] MMD improved (delta=+0.002803)
  SNR (proxy): 11.95 (mean_norm=0.0000, std_norm=0.0000)

[Step 8] Training Model 8...
  lambda_dual: 0.9444
Training has not converged after 400 steps
  Weighting: frank_wolfe alpha = 0.0556
  [Step 8/9] train_MMD=0.0067 alpha_opt=0.0556 oracle_top9_TVD=0.3480
  [OK] MMD improved (delta=+0.002158)
  SNR (proxy): 11.22 (mean_norm=0.0000, std_norm=0.0000)

[Step 9] Training Model 9...
  lambda_dual: 0.9500
Training has not converged after 400 steps
  Weighting: frank_wolfe alpha = 0.0500
  [Step 9/9] train_MMD=0.0062 alpha_opt=0.0500 oracle_top10_TVD=0.3413
  [OK] MMD improved (delta=+0.000514)
  SNR (proxy): 11.94 (mean_norm=0.0000, std_norm=0.0000)

Final: 10 models, MMD=0.0057 (delta=+0.1812) F1=nan

[FCFW] Computing Fully Corrective Frank-Wolfe weights for final ensemble...
  Weighting: fully corrective QP weights = [0.1926, 0.0764, 0.0764, 0.1309, 0.0530, 0.1060, 0.1060, 0.1060, 0.0764, 0.0764]
  FCFW Sampled MMD^2: -0.000282
  FCFW Sampled TVD:   0.2979

FINAL MODEL COMPARISON (inc. FCFW)
Model      | MMD        | TVD        | TVD*       | Valid      | Cover      | F1        
----------------------------------------------------------------------------------------
Baseline   | 0.1869     | n/a        | n/a        | n/a        | n/a        | n/a       
Ensemble   | 0.0057     | 0.349      | 0.251      | n/a        | n/a        | n/a       
Model 0    | 0.1809     | 0.704      | 0.641      | n/a        | n/a        | n/a       
Model 1    | 0.5186     | 0.698      | 0.698      | n/a        | n/a        | n/a       
Model 2    | 0.5186     | 0.698      | 0.698      | n/a        | n/a        | n/a       
Model 3    | 0.2217     | 0.635      | 0.588      | n/a        | n/a        | n/a       
Model 4    | 0.2051     | 0.908      | 0.767      | n/a        | n/a        | n/a       
Model 5    | 0.5241     | 0.698      | 0.698      | n/a        | n/a        | n/a       
Model 6    | 0.5241     | 0.698      | 0.698      | n/a        | n/a        | n/a       
Model 7    | 0.5241     | 0.698      | 0.698      | n/a        | n/a        | n/a       
Model 8    | 0.5186     | 0.698      | 0.698      | n/a        | n/a        | n/a       
Model 9    | 0.5186     | 0.698      | 0.698      | n/a        | n/a        | n/a       
Ensemble (FCFW) | -0.0003    | 0.298      | 0.214      | n/a        | n/a        | n/a       
Saving results to out/hpo/hopfield_20q_p1_b20_20260605_220450/trials/trial_0037/results.csv...
Experiment: Boosting on Hopfield (20q, 1p)
Configuration:
  train_samples: 1000
  data_seed: 42
  n_samples: 400
  n_models: 10
  learning_rate: 0.0031881967179128268
  epochs_per_step: 400
  caching_level: none
  ensemble_samples_coeff: 1.0
  init_baseline: covariance
  init_later: random
  lambda_dual: 1.0
  lambda_schedule: {'type': 'frank_wolfe', 'gamma': 1.0, 'tau': 1.0}
  n_ops: 2048
  weight_strategy: frank_wolfe
  alpha_n_grid: 11
  alpha_objective_weight: 0.5
  baseline: none
  shots: 1000
  final_eval_sampling: True
  dataset_metrics: True
  exact_metrics: {'enabled': True, 'max_qubits': 20, 'phases': {'baseline': True, 'steps': False, 'final': True, 'per_model': True, 'fcfw': True}}
  keep_models_for_diagnosis: True
  stop_on_reject: False
  save_circuit_artifacts: False
  rng_seed: 42
  circuit_config: {'topology': 'aachen_heavy_hex', 'distance': 2, 'max_weight': 2, 'n_ancilla': 0}
  turbo: 10
  dynamic_is_within_shell: shell_uniform
  exact_sampling: True
  acceptance_metric: training_mmd
  skip_sampling: True
  report_fcfw: True
  dynamic_is: True
  dynamic_is_beta: 0.09603957668562564
  sigma: [0.7665223029208006]
  require_exact_sampling: True
================================================================================
Saving config to out/hpo/hopfield_20q_p1_b20_20260605_220450/trials/trial_0038/config.json...
Gate structure: Qubits: 20
Aachen heavy-hex topology: 39 parameters
one_qubit=20, two_qubit=19
Using Gaussian Kernel (n_ops=2048, n_qubits=20):
  - sigma=0.76652230
Expected sampled operator size:
  - p=5.730046, std=2.021973
  mean: 5.730046
  std: 2.021973
Baselines enabled: 

Training ensemble Model 0 (400 epochs)...
Training has not converged after 400 steps
Model 0 final loss: 0.143690
  [Step 0/9] train_MMD=0.1458 alpha_opt=1.0000 oracle_top1_TVD=0.6977

[Step 1] Training Model 1...
  lambda_dual: 0.5000
Training has not converged after 400 steps
  Weighting: frank_wolfe alpha = 0.5000
  [Step 1/9] train_MMD=0.0301 alpha_opt=0.5000 oracle_top2_TVD=0.3954
  [OK] MMD improved (delta=+0.115775)
  SNR (proxy): 3.48 (mean_norm=0.0268, std_norm=0.0077)

[Step 2] Training Model 2...
  lambda_dual: 0.6667
Training has not converged after 400 steps
  Weighting: frank_wolfe alpha = 0.3333
  [Step 2/9] train_MMD=0.0580 alpha_opt=0.3333 oracle_top3_TVD=0.3886
  [WARNING] MMD worsened but kept (diagnostic, delta=-0.027962)
  SNR (proxy): 21.13 (mean_norm=0.1139, std_norm=0.0054)

[Step 3] Training Model 3...
  lambda_dual: 0.7500
Training has not converged after 400 steps
  Weighting: frank_wolfe alpha = 0.2500
  [Step 3/9] train_MMD=0.0110 alpha_opt=0.2500 oracle_top4_TVD=0.3818
  [OK] MMD improved (delta=+0.047036)
  SNR (proxy): 21.34 (mean_norm=0.0012, std_norm=0.0001)

[Step 4] Training Model 4...
  lambda_dual: 0.8000
Training has not converged after 400 steps
  Weighting: frank_wolfe alpha = 0.2000
  [Step 4/9] train_MMD=0.0088 alpha_opt=0.2000 oracle_top5_TVD=0.3751
  [OK] MMD improved (delta=+0.002239)
  SNR (proxy): 9.40 (mean_norm=0.0296, std_norm=0.0031)

[Step 5] Training Model 5...
  lambda_dual: 0.8333
Training has not converged after 400 steps
  Weighting: frank_wolfe alpha = 0.1667
  [Step 5/9] train_MMD=0.0022 alpha_opt=0.1667 oracle_top6_TVD=0.3683
  [OK] MMD improved (delta=+0.006569)
  SNR (proxy): 11.69 (mean_norm=0.0637, std_norm=0.0054)

[Step 6] Training Model 6...
  lambda_dual: 0.8571
Training has not converged after 400 steps
  Weighting: frank_wolfe alpha = 0.1429
  [Step 6/9] train_MMD=0.0096 alpha_opt=0.1429 oracle_top7_TVD=0.3615
  [WARNING] MMD worsened but kept (diagnostic, delta=-0.007368)
  SNR (proxy): 4.50 (mean_norm=0.0197, std_norm=0.0044)

[Step 7] Training Model 7...
  lambda_dual: 0.8750
Training has not converged after 400 steps
  Weighting: frank_wolfe alpha = 0.1250
  [Step 7/9] train_MMD=0.0003 alpha_opt=0.1250 oracle_top8_TVD=0.3548
  [OK] MMD improved (delta=+0.009291)
  SNR (proxy): 8.78 (mean_norm=0.0262, std_norm=0.0030)

[Step 8] Training Model 8...
  lambda_dual: 0.8889
Training has not converged after 400 steps
  Weighting: frank_wolfe alpha = 0.1111
  [Step 8/9] train_MMD=0.0028 alpha_opt=0.1111 oracle_top9_TVD=0.3480
  [WARNING] MMD worsened but kept (diagnostic, delta=-0.002496)
  SNR (proxy): 5.52 (mean_norm=0.0198, std_norm=0.0036)

[Step 9] Training Model 9...
  lambda_dual: 0.9000
Training has not converged after 400 steps
  Weighting: frank_wolfe alpha = 0.1000
  [Step 9/9] train_MMD=0.0002 alpha_opt=0.1000 oracle_top10_TVD=0.3413
  [OK] MMD improved (delta=+0.002545)
  SNR (proxy): 6.48 (mean_norm=0.0465, std_norm=0.0072)

Final: 10 models, MMD=-0.0008 (delta=+0.1466) F1=nan

[FCFW] Computing Fully Corrective Frank-Wolfe weights for final ensemble...
  Weighting: fully corrective QP weights = [0.0000, 0.0178, 0.1140, 0.0524, 0.1171, 0.2212, 0.1700, 0.1320, 0.0479, 0.1276]
  FCFW Sampled MMD^2: -0.000847
  FCFW Sampled TVD:   0.1839

FINAL MODEL COMPARISON (inc. FCFW)
Model      | MMD        | TVD        | TVD*       | Valid      | Cover      | F1        
----------------------------------------------------------------------------------------
Baseline   | 0.1458     | n/a        | n/a        | n/a        | n/a        | n/a       
Ensemble   | -0.0008    | 0.203      | 0.108      | n/a        | n/a        | n/a       
Model 0    | 0.1424     | 0.692      | 0.578      | n/a        | n/a        | n/a       
Model 1    | 0.2825     | 0.648      | 0.591      | n/a        | n/a        | n/a       
Model 2    | 0.1446     | 0.751      | 0.642      | n/a        | n/a        | n/a       
Model 3    | 0.5446     | 0.698      | 0.698      | n/a        | n/a        | n/a       
Model 4    | 0.4322     | 0.630      | 0.584      | n/a        | n/a        | n/a       
Model 5    | 0.2891     | 0.601      | 0.528      | n/a        | n/a        | n/a       
Model 6    | 0.1968     | 0.572      | 0.512      | n/a        | n/a        | n/a       
Model 7    | 0.4622     | 0.677      | 0.667      | n/a        | n/a        | n/a       
Model 8    | 0.2884     | 0.588      | 0.521      | n/a        | n/a        | n/a       
Model 9    | 0.2468     | 0.601      | 0.567      | n/a        | n/a        | n/a       
Ensemble (FCFW) | -0.0008    | 0.184      | 0.100      | n/a        | n/a        | n/a       
Saving results to out/hpo/hopfield_20q_p1_b20_20260605_220450/trials/trial_0038/results.csv...
Experiment: Boosting on Hopfield (20q, 1p)
Configuration:
  train_samples: 1000
  data_seed: 42
  n_samples: 400
  n_models: 10
  learning_rate: 0.001256946428472308
  epochs_per_step: 400
  caching_level: none
  ensemble_samples_coeff: 1.0
  init_baseline: covariance
  init_later: random
  lambda_dual: 1.0
  lambda_schedule: {'type': 'frank_wolfe', 'gamma': 0.5, 'tau': 1.0}
  n_ops: 2048
  weight_strategy: frank_wolfe
  alpha_n_grid: 11
  alpha_objective_weight: 0.5
  baseline: none
  shots: 1000
  final_eval_sampling: True
  dataset_metrics: True
  exact_metrics: {'enabled': True, 'max_qubits': 20, 'phases': {'baseline': True, 'steps': False, 'final': True, 'per_model': True, 'fcfw': True}}
  keep_models_for_diagnosis: True
  stop_on_reject: False
  save_circuit_artifacts: False
  rng_seed: 42
  circuit_config: {'topology': 'aachen_heavy_hex', 'distance': 2, 'max_weight': 2, 'n_ancilla': 0}
  turbo: 10
  dynamic_is_within_shell: shell_uniform
  exact_sampling: True
  acceptance_metric: training_mmd
  skip_sampling: True
  report_fcfw: True
  dynamic_is: True
  dynamic_is_beta: 0.13172744286239435
  sigma: [1.7264278365537964]
  require_exact_sampling: True
================================================================================
Saving config to out/hpo/hopfield_20q_p1_b20_20260605_220450/trials/trial_0039/config.json...
Gate structure: Qubits: 20
Aachen heavy-hex topology: 39 parameters
one_qubit=20, two_qubit=19
Using Gaussian Kernel (n_ops=2048, n_qubits=20):
  - sigma=1.72642784
Expected sampled operator size:
  - p=1.544383, std=1.193787
  mean: 1.544383
  std: 1.193787
Baselines enabled: 

Training ensemble Model 0 (400 epochs)...
Training has not converged after 400 steps
Model 0 final loss: 0.214356
  [Step 0/9] train_MMD=0.2219 alpha_opt=1.0000 oracle_top1_TVD=0.6977

[Step 1] Training Model 1...
  lambda_dual: 0.7500
Training has not converged after 400 steps
  Weighting: frank_wolfe alpha = 0.2500
  [Step 1/9] train_MMD=0.1973 alpha_opt=0.2500 oracle_top2_TVD=0.3954
  [OK] MMD improved (delta=+0.024577)
  SNR (proxy): 16.87 (mean_norm=0.1152, std_norm=0.0068)

[Step 2] Training Model 2...
  lambda_dual: 0.8333
Training has not converged after 400 steps
  Weighting: frank_wolfe alpha = 0.1667
  [Step 2/9] train_MMD=0.1241 alpha_opt=0.1667 oracle_top3_TVD=0.3886
  [OK] MMD improved (delta=+0.073278)
  SNR (proxy): 38.25 (mean_norm=0.1675, std_norm=0.0044)

[Step 3] Training Model 3...
  lambda_dual: 0.8750
Training has not converged after 400 steps
  Weighting: frank_wolfe alpha = 0.1250
  [Step 3/9] train_MMD=0.0903 alpha_opt=0.1250 oracle_top4_TVD=0.3818
  [OK] MMD improved (delta=+0.033722)
  SNR (proxy): 21.96 (mean_norm=0.1124, std_norm=0.0051)

[Step 4] Training Model 4...
  lambda_dual: 0.9000
Training has not converged after 400 steps
  Weighting: frank_wolfe alpha = 0.1000
  [Step 4/9] train_MMD=0.0780 alpha_opt=0.1000 oracle_top5_TVD=0.3751
  [OK] MMD improved (delta=+0.012332)
  SNR (proxy): 61.18 (mean_norm=0.1317, std_norm=0.0022)

[Step 5] Training Model 5...
  lambda_dual: 0.9167
Training has not converged after 400 steps
  Weighting: frank_wolfe alpha = 0.0833
  [Step 5/9] train_MMD=0.0645 alpha_opt=0.0833 oracle_top6_TVD=0.3683
  [OK] MMD improved (delta=+0.013502)
  SNR (proxy): 34.43 (mean_norm=0.1110, std_norm=0.0032)

[Step 6] Training Model 6...
  lambda_dual: 0.9286
Training has not converged after 400 steps
  Weighting: frank_wolfe alpha = 0.0714
  [Step 6/9] train_MMD=0.0616 alpha_opt=0.0714 oracle_top7_TVD=0.3615
  [OK] MMD improved (delta=+0.002924)
  SNR (proxy): 23.80 (mean_norm=0.1317, std_norm=0.0055)

[Step 7] Training Model 7...
  lambda_dual: 0.9375
Training has not converged after 400 steps
  Weighting: frank_wolfe alpha = 0.0625
  [Step 7/9] train_MMD=0.0620 alpha_opt=0.0625 oracle_top8_TVD=0.3548
  [WARNING] MMD worsened but kept (diagnostic, delta=-0.000369)
  SNR (proxy): 33.79 (mean_norm=0.0853, std_norm=0.0025)

[Step 8] Training Model 8...
  lambda_dual: 0.9444
Training has not converged after 400 steps
  Weighting: frank_wolfe alpha = 0.0556
  [Step 8/9] train_MMD=0.0672 alpha_opt=0.0556 oracle_top9_TVD=0.3480
  [WARNING] MMD worsened but kept (diagnostic, delta=-0.005246)
  SNR (proxy): 27.09 (mean_norm=0.0829, std_norm=0.0031)

[Step 9] Training Model 9...
  lambda_dual: 0.9500
Training has not converged after 400 steps
  Weighting: frank_wolfe alpha = 0.0500
  [Step 9/9] train_MMD=0.0563 alpha_opt=0.0500 oracle_top10_TVD=0.3413
  [OK] MMD improved (delta=+0.010906)
  SNR (proxy): 59.92 (mean_norm=0.1695, std_norm=0.0028)

Final: 10 models, MMD=0.0564 (delta=+0.1655) F1=nan

[FCFW] Computing Fully Corrective Frank-Wolfe weights for final ensemble...
  Weighting: fully corrective QP weights = [0.0000, 0.0000, 0.0678, 0.0651, 0.1881, 0.2530, 0.0149, 0.1156, 0.1010, 0.1945]
  FCFW Sampled MMD^2: 0.006913
  FCFW Sampled TVD:   0.4533

FINAL MODEL COMPARISON (inc. FCFW)
Model      | MMD        | TVD        | TVD*       | Valid      | Cover      | F1        
----------------------------------------------------------------------------------------
Baseline   | 0.2219     | n/a        | n/a        | n/a        | n/a        | n/a       
Ensemble   | 0.0564     | 0.674      | 0.622      | n/a        | n/a        | n/a       
Model 0    | 0.2198     | 0.991      | 0.950      | n/a        | n/a        | n/a       
Model 1    | 0.3911     | 0.809      | 0.797      | n/a        | n/a        | n/a       
Model 2    | 0.3784     | 0.863      | 0.801      | n/a        | n/a        | n/a       
Model 3    | 0.3913     | 0.693      | 0.764      | n/a        | n/a        | n/a       
Model 4    | 0.3972     | 0.669      | 0.638      | n/a        | n/a        | n/a       
Model 5    | 0.3870     | 0.649      | 0.632      | n/a        | n/a        | n/a       
Model 6    | 0.3639     | 0.718      | 0.682      | n/a        | n/a        | n/a       
Model 7    | 0.4143     | 0.656      | 0.634      | n/a        | n/a        | n/a       
Model 8    | 0.4023     | 0.677      | 0.663      | n/a        | n/a        | n/a       
Model 9    | 0.3225     | 0.721      | 0.647      | n/a        | n/a        | n/a       
Ensemble (FCFW) | 0.0069     | 0.453      | 0.438      | n/a        | n/a        | n/a       
Saving results to out/hpo/hopfield_20q_p1_b20_20260605_220450/trials/trial_0039/results.csv...
Experiment: Boosting on Hopfield (20q, 1p)
Configuration:
  train_samples: 1000
  data_seed: 42
  n_samples: 400
  n_models: 10
  learning_rate: 0.0025308070695191473
  epochs_per_step: 400
  caching_level: none
  ensemble_samples_coeff: 1.0
  init_baseline: covariance
  init_later: random
  lambda_dual: 1.0
  lambda_schedule: {'type': 'frank_wolfe', 'gamma': 1.0, 'tau': 1.0}
  n_ops: 2048
  weight_strategy: frank_wolfe
  alpha_n_grid: 11
  alpha_objective_weight: 0.5
  baseline: none
  shots: 1000
  final_eval_sampling: True
  dataset_metrics: True
  exact_metrics: {'enabled': True, 'max_qubits': 20, 'phases': {'baseline': True, 'steps': False, 'final': True, 'per_model': True, 'fcfw': True}}
  keep_models_for_diagnosis: True
  stop_on_reject: False
  save_circuit_artifacts: False
  rng_seed: 42
  circuit_config: {'topology': 'aachen_heavy_hex', 'distance': 2, 'max_weight': 2, 'n_ancilla': 0}
  turbo: 10
  dynamic_is_within_shell: shell_uniform
  exact_sampling: True
  acceptance_metric: training_mmd
  skip_sampling: True
  report_fcfw: True
  dynamic_is: True
  dynamic_is_beta: 0.08291737656613601
  sigma: [1.2918828887704108, 0.8634871960546202, 0.5429056861734219]
  require_exact_sampling: True
================================================================================
Saving config to out/hpo/hopfield_20q_p1_b20_20260605_220450/trials/trial_0040/config.json...
Gate structure: Qubits: 20
Aachen heavy-hex topology: 39 parameters
one_qubit=20, two_qubit=19
Using Gaussian Kernel (n_ops=2048, n_qubits=20):
  - sigma=1.29188289
  - sigma=0.86348720
  - sigma=0.54290569
Expected sampled operator size:
  - p=2.588761, std=1.501225
  - p=4.885941, std=1.921541
  - p=8.166526, std=2.198163
  mean: 5.213743
  std: 2.971802
Baselines enabled: 

Training ensemble Model 0 (400 epochs)...
Training has not converged after 400 steps
Model 0 final loss: 0.164800
  [Step 0/9] train_MMD=0.1700 alpha_opt=1.0000 oracle_top1_TVD=0.6977

[Step 1] Training Model 1...
  lambda_dual: 0.5000
Training has not converged after 400 steps
  Weighting: frank_wolfe alpha = 0.5000
  [Step 1/9] train_MMD=0.0395 alpha_opt=0.5000 oracle_top2_TVD=0.3954
  [OK] MMD improved (delta=+0.130479)
  SNR (proxy): 21.39 (mean_norm=0.0539, std_norm=0.0025)

[Step 2] Training Model 2...
  lambda_dual: 0.6667
Training has not converged after 400 steps
  Weighting: frank_wolfe alpha = 0.3333
  [Step 2/9] train_MMD=0.0140 alpha_opt=0.3333 oracle_top3_TVD=0.3886
  [OK] MMD improved (delta=+0.025451)
  SNR (proxy): 7.39 (mean_norm=0.1098, std_norm=0.0148)

[Step 3] Training Model 3...
  lambda_dual: 0.7500
Training has not converged after 400 steps
  Weighting: frank_wolfe alpha = 0.2500
  [Step 3/9] train_MMD=0.0163 alpha_opt=0.2500 oracle_top4_TVD=0.3818
  [WARNING] MMD worsened but kept (diagnostic, delta=-0.002318)
  SNR (proxy): 7.35 (mean_norm=0.0117, std_norm=0.0016)

[Step 4] Training Model 4...
  lambda_dual: 0.8000
Training has not converged after 400 steps
  Weighting: frank_wolfe alpha = 0.2000
  [Step 4/9] train_MMD=0.0030 alpha_opt=0.2000 oracle_top5_TVD=0.3751
  [OK] MMD improved (delta=+0.013352)
  SNR (proxy): 8.88 (mean_norm=0.0636, std_norm=0.0072)

[Step 5] Training Model 5...
  lambda_dual: 0.8333
Training has not converged after 400 steps
  Weighting: frank_wolfe alpha = 0.1667
  [Step 5/9] train_MMD=0.0052 alpha_opt=0.1667 oracle_top6_TVD=0.3683
  [WARNING] MMD worsened but kept (diagnostic, delta=-0.002231)
  SNR (proxy): 8.09 (mean_norm=0.0408, std_norm=0.0050)

[Step 6] Training Model 6...
  lambda_dual: 0.8571
Training has not converged after 400 steps
  Weighting: frank_wolfe alpha = 0.1429
  [Step 6/9] train_MMD=0.0026 alpha_opt=0.1429 oracle_top7_TVD=0.3615
  [OK] MMD improved (delta=+0.002662)
  SNR (proxy): 12.84 (mean_norm=0.0512, std_norm=0.0040)

[Step 7] Training Model 7...
  lambda_dual: 0.8750
Training has not converged after 400 steps
  Weighting: frank_wolfe alpha = 0.1250
  [Step 7/9] train_MMD=0.0033 alpha_opt=0.1250 oracle_top8_TVD=0.3548
  [WARNING] MMD worsened but kept (diagnostic, delta=-0.000723)
  SNR (proxy): 12.66 (mean_norm=0.0180, std_norm=0.0014)

[Step 8] Training Model 8...
  lambda_dual: 0.8889
Training has not converged after 400 steps
  Weighting: frank_wolfe alpha = 0.1111
  [Step 8/9] train_MMD=0.0013 alpha_opt=0.1111 oracle_top9_TVD=0.3480
  [OK] MMD improved (delta=+0.001981)
  SNR (proxy): 12.99 (mean_norm=0.0484, std_norm=0.0037)

[Step 9] Training Model 9...
  lambda_dual: 0.9000
Training has not converged after 400 steps
  Weighting: frank_wolfe alpha = 0.1000
  [Step 9/9] train_MMD=0.0023 alpha_opt=0.1000 oracle_top10_TVD=0.3413
  [WARNING] MMD worsened but kept (diagnostic, delta=-0.000991)
  SNR (proxy): 12.55 (mean_norm=0.0144, std_norm=0.0011)

Final: 10 models, MMD=0.0009 (delta=+0.1690) F1=nan

[FCFW] Computing Fully Corrective Frank-Wolfe weights for final ensemble...
  Weighting: fully corrective QP weights = [0.0000, 0.0559, 0.0934, 0.0566, 0.1277, 0.1315, 0.1779, 0.1336, 0.1059, 0.1175]
  FCFW Sampled MMD^2: -0.000728
  FCFW Sampled TVD:   0.2040

FINAL MODEL COMPARISON (inc. FCFW)
Model      | MMD        | TVD        | TVD*       | Valid      | Cover      | F1        
----------------------------------------------------------------------------------------
Baseline   | 0.1700     | n/a        | n/a        | n/a        | n/a        | n/a       
Ensemble   | 0.0009     | 0.225      | 0.175      | n/a        | n/a        | n/a       
Model 0    | 0.1654     | 0.743      | 0.612      | n/a        | n/a        | n/a       
Model 1    | 0.3897     | 0.669      | 0.649      | n/a        | n/a        | n/a       
Model 2    | 0.2898     | 0.628      | 0.577      | n/a        | n/a        | n/a       
Model 3    | 0.3709     | 0.636      | 0.625      | n/a        | n/a        | n/a       
Model 4    | 0.3808     | 0.643      | 0.608      | n/a        | n/a        | n/a       
Model 5    | 0.2326     | 0.613      | 0.558      | n/a        | n/a        | n/a       
Model 6    | 0.2591     | 0.607      | 0.538      | n/a        | n/a        | n/a       
Model 7    | 0.3187     | 0.629      | 0.606      | n/a        | n/a        | n/a       
Model 8    | 0.3189     | 0.602      | 0.558      | n/a        | n/a        | n/a       
Model 9    | 0.3409     | 0.642      | 0.579      | n/a        | n/a        | n/a       
Ensemble (FCFW) | -0.0007    | 0.204      | 0.120      | n/a        | n/a        | n/a       
Saving results to out/hpo/hopfield_20q_p1_b20_20260605_220450/trials/trial_0040/results.csv...
Experiment: Boosting on Hopfield (20q, 1p)
Configuration:
  train_samples: 1000
  data_seed: 42
  n_samples: 400
  n_models: 10
  learning_rate: 0.0010123622038071493
  epochs_per_step: 400
  caching_level: none
  ensemble_samples_coeff: 1.0
  init_baseline: covariance
  init_later: random
  lambda_dual: 1.0
  lambda_schedule: {'type': 'frank_wolfe', 'gamma': 1.0, 'tau': 1.0}
  n_ops: 2048
  weight_strategy: frank_wolfe
  alpha_n_grid: 11
  alpha_objective_weight: 0.5
  baseline: none
  shots: 1000
  final_eval_sampling: True
  dataset_metrics: True
  exact_metrics: {'enabled': True, 'max_qubits': 20, 'phases': {'baseline': True, 'steps': False, 'final': True, 'per_model': True, 'fcfw': True}}
  keep_models_for_diagnosis: True
  stop_on_reject: False
  save_circuit_artifacts: False
  rng_seed: 42
  circuit_config: {'topology': 'aachen_heavy_hex', 'distance': 2, 'max_weight': 2, 'n_ancilla': 0}
  turbo: 10
  dynamic_is_within_shell: shell_uniform
  exact_sampling: True
  acceptance_metric: training_mmd
  skip_sampling: True
  report_fcfw: True
  dynamic_is: True
  dynamic_is_beta: 0.15306386056515592
  sigma: [0.775197613011824]
  require_exact_sampling: True
================================================================================
Saving config to out/hpo/hopfield_20q_p1_b20_20260605_220450/trials/trial_0041/config.json...
Gate structure: Qubits: 20
Aachen heavy-hex topology: 39 parameters
one_qubit=20, two_qubit=19
Using Gaussian Kernel (n_ops=2048, n_qubits=20):
  - sigma=0.77519761
Expected sampled operator size:
  - p=5.648401, std=2.013251
  mean: 5.648401
  std: 2.013251
Baselines enabled: 

Training ensemble Model 0 (400 epochs)...
Training has not converged after 400 steps
Model 0 final loss: 0.147019
  [Step 0/9] train_MMD=0.1490 alpha_opt=1.0000 oracle_top1_TVD=0.6977

[Step 1] Training Model 1...
  lambda_dual: 0.5000
Training has not converged after 400 steps
  Weighting: frank_wolfe alpha = 0.5000
  [Step 1/9] train_MMD=0.1708 alpha_opt=0.5000 oracle_top2_TVD=0.3954
  [WARNING] MMD worsened but kept (diagnostic, delta=-0.021788)
  SNR (proxy): 7.52 (mean_norm=0.0187, std_norm=0.0025)

[Step 2] Training Model 2...
  lambda_dual: 0.6667
Training has not converged after 400 steps
  Weighting: frank_wolfe alpha = 0.3333
  [Step 2/9] train_MMD=0.1987 alpha_opt=0.3333 oracle_top3_TVD=0.3886
  [WARNING] MMD worsened but kept (diagnostic, delta=-0.027887)
  SNR (proxy): 7.81 (mean_norm=0.0438, std_norm=0.0056)

[Step 3] Training Model 3...
  lambda_dual: 0.7500
Training has not converged after 400 steps
  Weighting: frank_wolfe alpha = 0.2500
  [Step 3/9] train_MMD=0.1435 alpha_opt=0.2500 oracle_top4_TVD=0.3818
  [OK] MMD improved (delta=+0.055208)
  SNR (proxy): 23.58 (mean_norm=0.3443, std_norm=0.0146)

[Step 4] Training Model 4...
  lambda_dual: 0.8000
Training has not converged after 400 steps
  Weighting: frank_wolfe alpha = 0.2000
  [Step 4/9] train_MMD=0.1679 alpha_opt=0.2000 oracle_top5_TVD=0.3751
  [WARNING] MMD worsened but kept (diagnostic, delta=-0.024408)
  SNR (proxy): 10.50 (mean_norm=0.0292, std_norm=0.0028)

[Step 5] Training Model 5...
  lambda_dual: 0.8333
Training has not converged after 400 steps
  Weighting: frank_wolfe alpha = 0.1667
  [Step 5/9] train_MMD=0.1921 alpha_opt=0.1667 oracle_top6_TVD=0.3683
  [WARNING] MMD worsened but kept (diagnostic, delta=-0.024196)
  SNR (proxy): 9.42 (mean_norm=0.0357, std_norm=0.0038)

[Step 6] Training Model 6...
  lambda_dual: 0.8571
Training has not converged after 400 steps
  Weighting: frank_wolfe alpha = 0.1429
  [Step 6/9] train_MMD=0.1995 alpha_opt=0.1429 oracle_top7_TVD=0.3615
  [WARNING] MMD worsened but kept (diagnostic, delta=-0.007347)
  SNR (proxy): 7.77 (mean_norm=0.0317, std_norm=0.0041)

[Step 7] Training Model 7...
  lambda_dual: 0.8750
Training has not converged after 400 steps
  Weighting: frank_wolfe alpha = 0.1250
  [Step 7/9] train_MMD=0.2002 alpha_opt=0.1250 oracle_top8_TVD=0.3548
  [WARNING] MMD worsened but kept (diagnostic, delta=-0.000728)
  SNR (proxy): 9.74 (mean_norm=0.0317, std_norm=0.0033)

[Step 8] Training Model 8...
  lambda_dual: 0.8889
Training has not converged after 400 steps
  Weighting: frank_wolfe alpha = 0.1111
  [Step 8/9] train_MMD=0.1925 alpha_opt=0.1111 oracle_top9_TVD=0.3480
  [OK] MMD improved (delta=+0.007736)
  SNR (proxy): 23.13 (mean_norm=0.2880, std_norm=0.0125)

[Step 9] Training Model 9...
  lambda_dual: 0.9000
Training has not converged after 400 steps
  Weighting: frank_wolfe alpha = 0.1000
  [Step 9/9] train_MMD=0.1935 alpha_opt=0.1000 oracle_top10_TVD=0.3413
  [WARNING] MMD worsened but kept (diagnostic, delta=-0.001072)
  SNR (proxy): 7.98 (mean_norm=0.0527, std_norm=0.0066)

Final: 10 models, MMD=0.1995 (delta=-0.0504) F1=nan

[FCFW] Computing Fully Corrective Frank-Wolfe weights for final ensemble...
  Weighting: fully corrective QP weights = [0.5575, 0.0000, 0.0000, 0.4425, 0.0000, 0.0000, 0.0000, 0.0000, 0.0000, 0.0000]
  FCFW Sampled MMD^2: 0.085914
  FCFW Sampled TVD:   0.6147

FINAL MODEL COMPARISON (inc. FCFW)
Model      | MMD        | TVD        | TVD*       | Valid      | Cover      | F1        
----------------------------------------------------------------------------------------
Baseline   | 0.1490     | n/a        | n/a        | n/a        | n/a        | n/a       
Ensemble   | 0.1995     | 0.875      | 0.810      | n/a        | n/a        | n/a       
Model 0    | 0.1487     | 0.783      | 0.631      | n/a        | n/a        | n/a       
Model 1    | 0.2718     | 1.000      | 0.990      | n/a        | n/a        | n/a       
Model 2    | 0.2659     | 1.000      | 0.975      | n/a        | n/a        | n/a       
Model 3    | 0.1890     | 0.717      | 0.681      | n/a        | n/a        | n/a       
Model 4    | 0.2737     | 1.000      | 0.985      | n/a        | n/a        | n/a       
Model 5    | 0.2676     | 0.993      | 0.979      | n/a        | n/a        | n/a       
Model 6    | 0.2737     | 1.000      | 0.987      | n/a        | n/a        | n/a       
Model 7    | 0.2682     | 1.000      | 0.987      | n/a        | n/a        | n/a       
Model 8    | 0.2073     | 0.868      | 0.840      | n/a        | n/a        | n/a       
Model 9    | 0.2612     | 0.999      | 0.965      | n/a        | n/a        | n/a       
Ensemble (FCFW) | 0.0859     | 0.615      | 0.539      | n/a        | n/a        | n/a       
Saving results to out/hpo/hopfield_20q_p1_b20_20260605_220450/trials/trial_0041/results.csv...
Experiment: Boosting on Hopfield (20q, 1p)
Configuration:
  train_samples: 1000
  data_seed: 42
  n_samples: 400
  n_models: 10
  learning_rate: 0.003651200992166616
  epochs_per_step: 400
  caching_level: none
  ensemble_samples_coeff: 1.0
  init_baseline: covariance
  init_later: random
  lambda_dual: 1.0
  lambda_schedule: {'type': 'frank_wolfe', 'gamma': 1.0, 'tau': 1.0}
  n_ops: 2048
  weight_strategy: frank_wolfe
  alpha_n_grid: 11
  alpha_objective_weight: 0.5
  baseline: none
  shots: 1000
  final_eval_sampling: True
  dataset_metrics: True
  exact_metrics: {'enabled': True, 'max_qubits': 20, 'phases': {'baseline': True, 'steps': False, 'final': True, 'per_model': True, 'fcfw': True}}
  keep_models_for_diagnosis: True
  stop_on_reject: False
  save_circuit_artifacts: False
  rng_seed: 42
  circuit_config: {'topology': 'aachen_heavy_hex', 'distance': 2, 'max_weight': 2, 'n_ancilla': 0}
  turbo: 10
  dynamic_is_within_shell: shell_uniform
  exact_sampling: True
  acceptance_metric: training_mmd
  skip_sampling: True
  report_fcfw: True
  dynamic_is: True
  dynamic_is_beta: 0.09933858433214703
  sigma: [0.7051567186228692]
  require_exact_sampling: True
================================================================================
Saving config to out/hpo/hopfield_20q_p1_b20_20260605_220450/trials/trial_0042/config.json...
Gate structure: Qubits: 20
Aachen heavy-hex topology: 39 parameters
one_qubit=20, two_qubit=19
Using Gaussian Kernel (n_ops=2048, n_qubits=20):
  - sigma=0.70515672
Expected sampled operator size:
  - p=6.341524, std=2.081052
  mean: 6.341524
  std: 2.081052
Baselines enabled: 

Training ensemble Model 0 (400 epochs)...
Training has not converged after 400 steps
Model 0 final loss: 0.136123
  [Step 0/9] train_MMD=0.1348 alpha_opt=1.0000 oracle_top1_TVD=0.6977

[Step 1] Training Model 1...
  lambda_dual: 0.5000
Training has not converged after 400 steps
  Weighting: frank_wolfe alpha = 0.5000
  [Step 1/9] train_MMD=0.0295 alpha_opt=0.5000 oracle_top2_TVD=0.3954
  [OK] MMD improved (delta=+0.105273)
  SNR (proxy): 2.74 (mean_norm=0.0245, std_norm=0.0090)

[Step 2] Training Model 2...
  lambda_dual: 0.6667
Training has not converged after 400 steps
  Weighting: frank_wolfe alpha = 0.3333
  [Step 2/9] train_MMD=0.0570 alpha_opt=0.3333 oracle_top3_TVD=0.3886
  [WARNING] MMD worsened but kept (diagnostic, delta=-0.027492)
  SNR (proxy): 6.33 (mean_norm=0.1032, std_norm=0.0163)

[Step 3] Training Model 3...
  lambda_dual: 0.7500
Training has not converged after 400 steps
  Weighting: frank_wolfe alpha = 0.2500
  [Step 3/9] train_MMD=0.0080 alpha_opt=0.2500 oracle_top4_TVD=0.3818
  [OK] MMD improved (delta=+0.048960)
  SNR (proxy): 23.50 (mean_norm=0.0015, std_norm=0.0001)

[Step 4] Training Model 4...
  lambda_dual: 0.8000
Training has not converged after 400 steps
  Weighting: frank_wolfe alpha = 0.2000
  [Step 4/9] train_MMD=0.0073 alpha_opt=0.2000 oracle_top5_TVD=0.3751
  [OK] MMD improved (delta=+0.000691)
  SNR (proxy): 10.78 (mean_norm=0.0553, std_norm=0.0051)

[Step 5] Training Model 5...
  lambda_dual: 0.8333
Training has not converged after 400 steps
  Weighting: frank_wolfe alpha = 0.1667
  [Step 5/9] train_MMD=0.0026 alpha_opt=0.1667 oracle_top6_TVD=0.3683
  [OK] MMD improved (delta=+0.004723)
  SNR (proxy): 8.85 (mean_norm=0.0444, std_norm=0.0050)

[Step 6] Training Model 6...
  lambda_dual: 0.8571
Training has not converged after 400 steps
  Weighting: frank_wolfe alpha = 0.1429
  [Step 6/9] train_MMD=0.0096 alpha_opt=0.1429 oracle_top7_TVD=0.3615
  [WARNING] MMD worsened but kept (diagnostic, delta=-0.006953)
  SNR (proxy): 8.64 (mean_norm=0.0334, std_norm=0.0039)

[Step 7] Training Model 7...
  lambda_dual: 0.8750
Training has not converged after 400 steps
  Weighting: frank_wolfe alpha = 0.1250
  [Step 7/9] train_MMD=0.0015 alpha_opt=0.1250 oracle_top8_TVD=0.3548
  [OK] MMD improved (delta=+0.008080)
  SNR (proxy): 17.99 (mean_norm=0.0246, std_norm=0.0014)

[Step 8] Training Model 8...
  lambda_dual: 0.8889
Training has not converged after 400 steps
  Weighting: frank_wolfe alpha = 0.1111
  [Step 8/9] train_MMD=0.0022 alpha_opt=0.1111 oracle_top9_TVD=0.3480
  [WARNING] MMD worsened but kept (diagnostic, delta=-0.000724)
  SNR (proxy): 8.62 (mean_norm=0.0272, std_norm=0.0032)

[Step 9] Training Model 9...
  lambda_dual: 0.9000
Training has not converged after 400 steps
  Weighting: frank_wolfe alpha = 0.1000
  [Step 9/9] train_MMD=0.0005 alpha_opt=0.1000 oracle_top10_TVD=0.3413
  [OK] MMD improved (delta=+0.001707)
  SNR (proxy): 6.91 (mean_norm=0.0501, std_norm=0.0072)

Final: 10 models, MMD=-0.0006 (delta=+0.1354) F1=nan

[FCFW] Computing Fully Corrective Frank-Wolfe weights for final ensemble...
  Weighting: fully corrective QP weights = [0.0000, 0.0000, 0.0813, 0.0588, 0.1174, 0.2047, 0.1306, 0.1150, 0.1102, 0.1819]
  FCFW Sampled MMD^2: -0.000028
  FCFW Sampled TVD:   0.2019

FINAL MODEL COMPARISON (inc. FCFW)
Model      | MMD        | TVD        | TVD*       | Valid      | Cover      | F1        
----------------------------------------------------------------------------------------
Baseline   | 0.1348     | n/a        | n/a        | n/a        | n/a        | n/a       
Ensemble   | -0.0006    | 0.217      | 0.124      | n/a        | n/a        | n/a       
Model 0    | 0.1347     | 0.687      | 0.567      | n/a        | n/a        | n/a       
Model 1    | 0.2637     | 0.634      | 0.590      | n/a        | n/a        | n/a       
Model 2    | 0.1362     | 0.739      | 0.596      | n/a        | n/a        | n/a       
Model 3    | 0.5517     | 0.698      | 0.697      | n/a        | n/a        | n/a       
Model 4    | 0.3577     | 0.609      | 0.568      | n/a        | n/a        | n/a       
Model 5    | 0.2996     | 0.595      | 0.543      | n/a        | n/a        | n/a       
Model 6    | 0.1400     | 0.740      | 0.610      | n/a        | n/a        | n/a       
Model 7    | 0.4948     | 0.691      | 0.686      | n/a        | n/a        | n/a       
Model 8    | 0.3864     | 0.610      | 0.560      | n/a        | n/a        | n/a       
Model 9    | 0.2455     | 0.601      | 0.552      | n/a        | n/a        | n/a       
Ensemble (FCFW) | -0.0000    | 0.202      | 0.097      | n/a        | n/a        | n/a       
Saving results to out/hpo/hopfield_20q_p1_b20_20260605_220450/trials/trial_0042/results.csv...
Experiment: Boosting on Hopfield (20q, 1p)
Configuration:
  train_samples: 1000
  data_seed: 42
  n_samples: 400
  n_models: 10
  learning_rate: 0.0025535544483592325
  epochs_per_step: 400
  caching_level: none
  ensemble_samples_coeff: 1.0
  init_baseline: covariance
  init_later: random
  lambda_dual: 1.0
  lambda_schedule: {'type': 'frank_wolfe', 'gamma': 1.0, 'tau': 1.0}
  n_ops: 2048
  weight_strategy: frank_wolfe
  alpha_n_grid: 11
  alpha_objective_weight: 0.5
  baseline: none
  shots: 1000
  final_eval_sampling: True
  dataset_metrics: True
  exact_metrics: {'enabled': True, 'max_qubits': 20, 'phases': {'baseline': True, 'steps': False, 'final': True, 'per_model': True, 'fcfw': True}}
  keep_models_for_diagnosis: True
  stop_on_reject: False
  save_circuit_artifacts: False
  rng_seed: 42
  circuit_config: {'topology': 'aachen_heavy_hex', 'distance': 2, 'max_weight': 2, 'n_ancilla': 0}
  turbo: 10
  dynamic_is_within_shell: shell_uniform
  exact_sampling: True
  acceptance_metric: training_mmd
  skip_sampling: True
  report_fcfw: True
  dynamic_is: True
  dynamic_is_beta: 0.19662332723659842
  sigma: [0.8533005697006638]
  require_exact_sampling: True
================================================================================
Saving config to out/hpo/hopfield_20q_p1_b20_20260605_220450/trials/trial_0043/config.json...
Gate structure: Qubits: 20
Aachen heavy-hex topology: 39 parameters
one_qubit=20, two_qubit=19
Using Gaussian Kernel (n_ops=2048, n_qubits=20):
  - sigma=0.85330057
Expected sampled operator size:
  - p=4.967651, std=1.932297
  mean: 4.967651
  std: 1.932297
Baselines enabled: 

Training ensemble Model 0 (400 epochs)...
Training has not converged after 400 steps
Model 0 final loss: 0.155137
  [Step 0/9] train_MMD=0.1573 alpha_opt=1.0000 oracle_top1_TVD=0.6977

[Step 1] Training Model 1...
  lambda_dual: 0.5000
Training has not converged after 400 steps
  Weighting: frank_wolfe alpha = 0.5000
  [Step 1/9] train_MMD=0.0351 alpha_opt=0.5000 oracle_top2_TVD=0.3954
  [OK] MMD improved (delta=+0.122258)
  SNR (proxy): 4.03 (mean_norm=0.0253, std_norm=0.0063)

[Step 2] Training Model 2...
  lambda_dual: 0.6667
Training has not converged after 400 steps
  Weighting: frank_wolfe alpha = 0.3333
  [Step 2/9] train_MMD=0.0652 alpha_opt=0.3333 oracle_top3_TVD=0.3886
  [WARNING] MMD worsened but kept (diagnostic, delta=-0.030139)
  SNR (proxy): 6.94 (mean_norm=0.0901, std_norm=0.0130)

[Step 3] Training Model 3...
  lambda_dual: 0.7500
Training has not converged after 400 steps
  Weighting: frank_wolfe alpha = 0.2500
  [Step 3/9] train_MMD=0.0083 alpha_opt=0.2500 oracle_top4_TVD=0.3818
  [OK] MMD improved (delta=+0.056907)
  SNR (proxy): 16.66 (mean_norm=0.0202, std_norm=0.0012)

[Step 4] Training Model 4...
  lambda_dual: 0.8000
Training has not converged after 400 steps
  Weighting: frank_wolfe alpha = 0.2000
  [Step 4/9] train_MMD=0.0134 alpha_opt=0.2000 oracle_top5_TVD=0.3751
  [WARNING] MMD worsened but kept (diagnostic, delta=-0.005133)
  SNR (proxy): 7.57 (mean_norm=0.0061, std_norm=0.0008)

[Step 5] Training Model 5...
  lambda_dual: 0.8333
Training has not converged after 400 steps
  Weighting: frank_wolfe alpha = 0.1667
  [Step 5/9] train_MMD=0.0011 alpha_opt=0.1667 oracle_top6_TVD=0.3683
  [OK] MMD improved (delta=+0.012314)
  SNR (proxy): 10.22 (mean_norm=0.0596, std_norm=0.0058)

[Step 6] Training Model 6...
  lambda_dual: 0.8571
Training has not converged after 400 steps
  Weighting: frank_wolfe alpha = 0.1429
  [Step 6/9] train_MMD=0.0083 alpha_opt=0.1429 oracle_top7_TVD=0.3615
  [WARNING] MMD worsened but kept (diagnostic, delta=-0.007231)
  SNR (proxy): 13.72 (mean_norm=0.0101, std_norm=0.0007)

[Step 7] Training Model 7...
  lambda_dual: 0.8750
Training has not converged after 400 steps
  Weighting: frank_wolfe alpha = 0.1250
  [Step 7/9] train_MMD=0.0003 alpha_opt=0.1250 oracle_top8_TVD=0.3548
  [OK] MMD improved (delta=+0.008034)
  SNR (proxy): 10.27 (mean_norm=0.0404, std_norm=0.0039)

[Step 8] Training Model 8...
  lambda_dual: 0.8889
Training has not converged after 400 steps
  Weighting: frank_wolfe alpha = 0.1111
  [Step 8/9] train_MMD=0.0029 alpha_opt=0.1111 oracle_top9_TVD=0.3480
  [WARNING] MMD worsened but kept (diagnostic, delta=-0.002613)
  SNR (proxy): 9.46 (mean_norm=0.0226, std_norm=0.0024)

[Step 9] Training Model 9...
  lambda_dual: 0.9000
Training has not converged after 400 steps
  Weighting: frank_wolfe alpha = 0.1000
  [Step 9/9] train_MMD=0.0006 alpha_opt=0.1000 oracle_top10_TVD=0.3413
  [OK] MMD improved (delta=+0.002329)
  SNR (proxy): 8.49 (mean_norm=0.0541, std_norm=0.0064)

Final: 10 models, MMD=-0.0006 (delta=+0.1579) F1=nan

[FCFW] Computing Fully Corrective Frank-Wolfe weights for final ensemble...
  Weighting: fully corrective QP weights = [0.0248, 0.0495, 0.0792, 0.0315, 0.1242, 0.2010, 0.1583, 0.1048, 0.0840, 0.1425]
  FCFW Sampled MMD^2: 0.000579
  FCFW Sampled TVD:   0.1965

FINAL MODEL COMPARISON (inc. FCFW)
Model      | MMD        | TVD        | TVD*       | Valid      | Cover      | F1        
----------------------------------------------------------------------------------------
Baseline   | 0.1573     | n/a        | n/a        | n/a        | n/a        | n/a       
Ensemble   | -0.0006    | 0.209      | 0.129      | n/a        | n/a        | n/a       
Model 0    | 0.1560     | 0.724      | 0.617      | n/a        | n/a        | n/a       
Model 1    | 0.3077     | 0.635      | 0.610      | n/a        | n/a        | n/a       
Model 2    | 0.1594     | 0.725      | 0.603      | n/a        | n/a        | n/a       
Model 3    | 0.5182     | 0.697      | 0.694      | n/a        | n/a        | n/a       
Model 4    | 0.4632     | 0.670      | 0.634      | n/a        | n/a        | n/a       
Model 5    | 0.3152     | 0.601      | 0.538      | n/a        | n/a        | n/a       
Model 6    | 0.2982     | 0.609      | 0.557      | n/a        | n/a        | n/a       
Model 7    | 0.3874     | 0.669      | 0.652      | n/a        | n/a        | n/a       
Model 8    | 0.2299     | 0.599      | 0.529      | n/a        | n/a        | n/a       
Model 9    | 0.2439     | 0.607      | 0.573      | n/a        | n/a        | n/a       
Ensemble (FCFW) | 0.0006     | 0.197      | 0.116      | n/a        | n/a        | n/a       
Saving results to out/hpo/hopfield_20q_p1_b20_20260605_220450/trials/trial_0043/results.csv...
Experiment: Boosting on Hopfield (20q, 1p)
Configuration:
  train_samples: 1000
  data_seed: 42
  n_samples: 400
  n_models: 10
  learning_rate: 0.04145437591732347
  epochs_per_step: 400
  caching_level: none
  ensemble_samples_coeff: 1.0
  init_baseline: covariance
  init_later: random
  lambda_dual: 1.0
  lambda_schedule: {'type': 'frank_wolfe', 'gamma': 1.0, 'tau': 1.0}
  n_ops: 512
  weight_strategy: frank_wolfe
  alpha_n_grid: 11
  alpha_objective_weight: 0.5
  baseline: none
  shots: 1000
  final_eval_sampling: True
  dataset_metrics: True
  exact_metrics: {'enabled': True, 'max_qubits': 20, 'phases': {'baseline': True, 'steps': False, 'final': True, 'per_model': True, 'fcfw': True}}
  keep_models_for_diagnosis: True
  stop_on_reject: False
  save_circuit_artifacts: False
  rng_seed: 42
  circuit_config: {'topology': 'aachen_heavy_hex', 'distance': 2, 'max_weight': 2, 'n_ancilla': 0}
  turbo: 10
  dynamic_is_within_shell: shell_uniform
  exact_sampling: True
  acceptance_metric: training_mmd
  skip_sampling: True
  report_fcfw: True
  dynamic_is: True
  dynamic_is_beta: 0.0402660497728114
  sigma: [0.9812598740934192]
  require_exact_sampling: True
================================================================================
Saving config to out/hpo/hopfield_20q_p1_b20_20260605_220450/trials/trial_0044/config.json...
Gate structure: Qubits: 20
Aachen heavy-hex topology: 39 parameters
one_qubit=20, two_qubit=19
Using Gaussian Kernel (n_ops=512, n_qubits=20):
  - sigma=0.98125987
Expected sampled operator size:
  - p=4.050515, std=1.797271
  mean: 4.050515
  std: 1.797271
Baselines enabled: 

Training ensemble Model 0 (400 epochs)...
Training has not converged after 400 steps
Model 0 final loss: 0.180564
  [Step 0/9] train_MMD=0.1833 alpha_opt=1.0000 oracle_top1_TVD=0.6977

[Step 1] Training Model 1...
  lambda_dual: 0.5000
Training has not converged after 400 steps
  Weighting: frank_wolfe alpha = 0.5000
  [Step 1/9] train_MMD=0.0399 alpha_opt=0.5000 oracle_top2_TVD=0.3954
  [OK] MMD improved (delta=+0.143434)
  SNR (proxy): 9.66 (mean_norm=0.0306, std_norm=0.0032)

[Step 2] Training Model 2...
  lambda_dual: 0.6667
Training has not converged after 400 steps
  Weighting: frank_wolfe alpha = 0.3333
  [Step 2/9] train_MMD=0.0135 alpha_opt=0.3333 oracle_top3_TVD=0.3886
  [OK] MMD improved (delta=+0.026370)
  SNR (proxy): 6.77 (mean_norm=0.0657, std_norm=0.0097)

[Step 3] Training Model 3...
  lambda_dual: 0.7500
Training has not converged after 400 steps
  Weighting: frank_wolfe alpha = 0.2500
  [Step 3/9] train_MMD=0.0148 alpha_opt=0.2500 oracle_top4_TVD=0.3818
  [WARNING] MMD worsened but kept (diagnostic, delta=-0.001230)
  SNR (proxy): 8.65 (mean_norm=0.0108, std_norm=0.0012)

[Step 4] Training Model 4...
  lambda_dual: 0.8000
Training has not converged after 400 steps
  Weighting: frank_wolfe alpha = 0.2000
  [Step 4/9] train_MMD=0.0034 alpha_opt=0.2000 oracle_top5_TVD=0.3751
  [OK] MMD improved (delta=+0.011316)
  SNR (proxy): 13.30 (mean_norm=0.0854, std_norm=0.0064)

[Step 5] Training Model 5...
  lambda_dual: 0.8333
Training has not converged after 400 steps
  Weighting: frank_wolfe alpha = 0.1667
  [Step 5/9] train_MMD=0.0085 alpha_opt=0.1667 oracle_top6_TVD=0.3683
  [WARNING] MMD worsened but kept (diagnostic, delta=-0.005034)
  SNR (proxy): 18.66 (mean_norm=0.0209, std_norm=0.0011)

[Step 6] Training Model 6...
  lambda_dual: 0.8571
Training has not converged after 400 steps
  Weighting: frank_wolfe alpha = 0.1429
  [Step 6/9] train_MMD=0.0016 alpha_opt=0.1429 oracle_top7_TVD=0.3615
  [OK] MMD improved (delta=+0.006862)
  SNR (proxy): 15.11 (mean_norm=0.0370, std_norm=0.0024)

[Step 7] Training Model 7...
  lambda_dual: 0.8750
Training has not converged after 400 steps
  Weighting: frank_wolfe alpha = 0.1250
  [Step 7/9] train_MMD=0.0023 alpha_opt=0.1250 oracle_top8_TVD=0.3548
  [WARNING] MMD worsened but kept (diagnostic, delta=-0.000721)
  SNR (proxy): 11.94 (mean_norm=0.0449, std_norm=0.0038)

[Step 8] Training Model 8...
  lambda_dual: 0.8889
Training has not converged after 400 steps
  Weighting: frank_wolfe alpha = 0.1111
  [Step 8/9] train_MMD=0.0021 alpha_opt=0.1111 oracle_top9_TVD=0.3480
  [OK] MMD improved (delta=+0.000207)
  SNR (proxy): 10.68 (mean_norm=0.0501, std_norm=0.0047)

[Step 9] Training Model 9...
  lambda_dual: 0.9000
Training has not converged after 400 steps
  Weighting: frank_wolfe alpha = 0.1000
  [Step 9/9] train_MMD=0.0027 alpha_opt=0.1000 oracle_top10_TVD=0.3413
  [WARNING] MMD worsened but kept (diagnostic, delta=-0.000601)
  SNR (proxy): 10.91 (mean_norm=0.0054, std_norm=0.0005)

Final: 10 models, MMD=0.0009 (delta=+0.1824) F1=nan

[FCFW] Computing Fully Corrective Frank-Wolfe weights for final ensemble...
  Weighting: fully corrective QP weights = [0.0163, 0.0000, 0.0148, 0.0676, 0.1038, 0.1589, 0.1782, 0.1432, 0.1931, 0.1240]
  FCFW Sampled MMD^2: -0.000769
  FCFW Sampled TVD:   0.1896

FINAL MODEL COMPARISON (inc. FCFW)
Model      | MMD        | TVD        | TVD*       | Valid      | Cover      | F1        
----------------------------------------------------------------------------------------
Baseline   | 0.1833     | n/a        | n/a        | n/a        | n/a        | n/a       
Ensemble   | 0.0009     | 0.235      | 0.185      | n/a        | n/a        | n/a       
Model 0    | 0.1760     | 0.727      | 0.650      | n/a        | n/a        | n/a       
Model 1    | 0.3970     | 0.669      | 0.645      | n/a        | n/a        | n/a       
Model 2    | 0.3073     | 0.595      | 0.533      | n/a        | n/a        | n/a       
Model 3    | 0.4313     | 0.677      | 0.666      | n/a        | n/a        | n/a       
Model 4    | 0.3590     | 0.635      | 0.597      | n/a        | n/a        | n/a       
Model 5    | 0.3143     | 0.621      | 0.555      | n/a        | n/a        | n/a       
Model 6    | 0.3572     | 0.622      | 0.590      | n/a        | n/a        | n/a       
Model 7    | 0.2107     | 0.621      | 0.576      | n/a        | n/a        | n/a       
Model 8    | 0.3302     | 0.581      | 0.537      | n/a        | n/a        | n/a       
Model 9    | 0.4786     | 0.670      | 0.655      | n/a        | n/a        | n/a       
Ensemble (FCFW) | -0.0008    | 0.190      | 0.118      | n/a        | n/a        | n/a       
Saving results to out/hpo/hopfield_20q_p1_b20_20260605_220450/trials/trial_0044/results.csv...
Experiment: Boosting on Hopfield (20q, 1p)
Configuration:
  train_samples: 1000
  data_seed: 42
  n_samples: 400
  n_models: 10
  learning_rate: 0.0020923194094472092
  epochs_per_step: 400
  caching_level: none
  ensemble_samples_coeff: 1.0
  init_baseline: covariance
  init_later: random
  lambda_dual: 1.0
  lambda_schedule: {'type': 'frank_wolfe', 'gamma': 0.75, 'tau': 1.0}
  n_ops: 1024
  weight_strategy: frank_wolfe
  alpha_n_grid: 11
  alpha_objective_weight: 0.5
  baseline: none
  shots: 1000
  final_eval_sampling: True
  dataset_metrics: True
  exact_metrics: {'enabled': True, 'max_qubits': 20, 'phases': {'baseline': True, 'steps': False, 'final': True, 'per_model': True, 'fcfw': True}}
  keep_models_for_diagnosis: True
  stop_on_reject: False
  save_circuit_artifacts: False
  rng_seed: 42
  circuit_config: {'topology': 'aachen_heavy_hex', 'distance': 2, 'max_weight': 2, 'n_ancilla': 0}
  turbo: 10
  dynamic_is_within_shell: shell_uniform
  exact_sampling: True
  acceptance_metric: training_mmd
  skip_sampling: True
  report_fcfw: True
  dynamic_is: True
  dynamic_is_beta: 0.05654608863788112
  sigma: [0.6077108960544618]
  require_exact_sampling: True
================================================================================
Saving config to out/hpo/hopfield_20q_p1_b20_20260605_220450/trials/trial_0045/config.json...
Gate structure: Qubits: 20
Aachen heavy-hex topology: 39 parameters
one_qubit=20, two_qubit=19
Using Gaussian Kernel (n_ops=1024, n_qubits=20):
  - sigma=0.60771090
Expected sampled operator size:
  - p=7.417602, std=2.160222
  mean: 7.417602
  std: 2.160222
Baselines enabled: 

Training ensemble Model 0 (400 epochs)...
Training has not converged after 400 steps
Model 0 final loss: 0.218882
  [Step 0/9] train_MMD=0.2238 alpha_opt=1.0000 oracle_top1_TVD=0.6977

[Step 1] Training Model 1...
  lambda_dual: 0.6250
Training has not converged after 400 steps
  Weighting: frank_wolfe alpha = 0.3750
  [Step 1/9] train_MMD=0.1816 alpha_opt=0.3750 oracle_top2_TVD=0.3954
  [OK] MMD improved (delta=+0.042206)
  SNR (proxy): 13.77 (mean_norm=0.1832, std_norm=0.0133)

[Step 2] Training Model 2...
  lambda_dual: 0.7500
Training has not converged after 400 steps
  Weighting: frank_wolfe alpha = 0.2500
  [Step 2/9] train_MMD=0.1969 alpha_opt=0.2500 oracle_top3_TVD=0.3886
  [WARNING] MMD worsened but kept (diagnostic, delta=-0.015279)
  SNR (proxy): 10.58 (mean_norm=0.0433, std_norm=0.0041)

[Step 3] Training Model 3...
  lambda_dual: 0.8125
Training has not converged after 400 steps
  Weighting: frank_wolfe alpha = 0.1875
  [Step 3/9] train_MMD=0.1992 alpha_opt=0.1875 oracle_top4_TVD=0.3818
  [WARNING] MMD worsened but kept (diagnostic, delta=-0.002310)
  SNR (proxy): 10.03 (mean_norm=0.0538, std_norm=0.0054)

[Step 4] Training Model 4...
  lambda_dual: 0.8500
Training has not converged after 400 steps
  Weighting: frank_wolfe alpha = 0.1500
  [Step 4/9] train_MMD=0.1929 alpha_opt=0.1500 oracle_top5_TVD=0.3751
  [OK] MMD improved (delta=+0.006239)
  SNR (proxy): 7.14 (mean_norm=0.0579, std_norm=0.0081)

[Step 5] Training Model 5...
  lambda_dual: 0.8750
Training has not converged after 400 steps
  Weighting: frank_wolfe alpha = 0.1250
  [Step 5/9] train_MMD=0.2000 alpha_opt=0.1250 oracle_top6_TVD=0.3683
  [WARNING] MMD worsened but kept (diagnostic, delta=-0.007030)
  SNR (proxy): 8.92 (mean_norm=0.0578, std_norm=0.0065)

[Step 6] Training Model 6...
  lambda_dual: 0.8929
Training has not converged after 400 steps
  Weighting: frank_wolfe alpha = 0.1071
  [Step 6/9] train_MMD=0.2216 alpha_opt=0.1071 oracle_top7_TVD=0.3615
  [WARNING] MMD worsened but kept (diagnostic, delta=-0.021666)
  SNR (proxy): 7.73 (mean_norm=0.0590, std_norm=0.0076)

[Step 7] Training Model 7...
  lambda_dual: 0.9062
Training has not converged after 400 steps
  Weighting: frank_wolfe alpha = 0.0937
  [Step 7/9] train_MMD=0.2067 alpha_opt=0.0937 oracle_top8_TVD=0.3548
  [OK] MMD improved (delta=+0.014970)
  SNR (proxy): 6.66 (mean_norm=0.0758, std_norm=0.0114)

[Step 8] Training Model 8...
  lambda_dual: 0.9167
Training has not converged after 400 steps
  Weighting: frank_wolfe alpha = 0.0833
  [Step 8/9] train_MMD=0.2113 alpha_opt=0.0833 oracle_top9_TVD=0.3480
  [WARNING] MMD worsened but kept (diagnostic, delta=-0.004675)
  SNR (proxy): 13.92 (mean_norm=0.0590, std_norm=0.0042)

[Step 9] Training Model 9...
  lambda_dual: 0.9250
Training has not converged after 400 steps
  Weighting: frank_wolfe alpha = 0.0750
  [Step 9/9] train_MMD=0.2150 alpha_opt=0.0750 oracle_top10_TVD=0.3413
  [WARNING] MMD worsened but kept (diagnostic, delta=-0.003684)
  SNR (proxy): 15.97 (mean_norm=0.0751, std_norm=0.0047)

Final: 10 models, MMD=0.2136 (delta=+0.0102) F1=nan

[FCFW] Computing Fully Corrective Frank-Wolfe weights for final ensemble...
  Weighting: fully corrective QP weights = [0.0000, 0.5659, 0.0000, 0.4341, 0.0000, 0.0000, 0.0000, 0.0000, 0.0000, 0.0000]
  FCFW Sampled MMD^2: 0.182801
  FCFW Sampled TVD:   0.8796

FINAL MODEL COMPARISON (inc. FCFW)
Model      | MMD        | TVD        | TVD*       | Valid      | Cover      | F1        
----------------------------------------------------------------------------------------
Baseline   | 0.2238     | n/a        | n/a        | n/a        | n/a        | n/a       
Ensemble   | 0.2136     | 0.961      | 0.937      | n/a        | n/a        | n/a       
Model 0    | 0.2297     | 1.000      | 0.972      | n/a        | n/a        | n/a       
Model 1    | 0.2099     | 0.839      | 0.805      | n/a        | n/a        | n/a       
Model 2    | 0.2305     | 1.000      | 0.992      | n/a        | n/a        | n/a       
Model 3    | 0.2301     | 1.000      | 0.976      | n/a        | n/a        | n/a       
Model 4    | 0.2304     | 1.000      | 0.993      | n/a        | n/a        | n/a       
Model 5    | 0.2305     | 1.000      | 0.992      | n/a        | n/a        | n/a       
Model 6    | 0.2305     | 1.000      | 0.994      | n/a        | n/a        | n/a       
Model 7    | 0.2304     | 1.000      | 0.996      | n/a        | n/a        | n/a       
Model 8    | 0.2298     | 1.000      | 0.987      | n/a        | n/a        | n/a       
Model 9    | 0.2306     | 1.000      | 0.990      | n/a        | n/a        | n/a       
Ensemble (FCFW) | 0.1828     | 0.880      | 0.862      | n/a        | n/a        | n/a       
Saving results to out/hpo/hopfield_20q_p1_b20_20260605_220450/trials/trial_0045/results.csv...
Experiment: Boosting on Hopfield (20q, 1p)
Configuration:
  train_samples: 1000
  data_seed: 42
  n_samples: 400
  n_models: 10
  learning_rate: 0.0062620366998325004
  epochs_per_step: 400
  caching_level: none
  ensemble_samples_coeff: 1.0
  init_baseline: covariance
  init_later: random
  lambda_dual: 1.0
  lambda_schedule: {'type': 'frank_wolfe', 'gamma': 0.25, 'tau': 1.0}
  n_ops: 2048
  weight_strategy: frank_wolfe
  alpha_n_grid: 11
  alpha_objective_weight: 0.5
  baseline: none
  shots: 1000
  final_eval_sampling: True
  dataset_metrics: True
  exact_metrics: {'enabled': True, 'max_qubits': 20, 'phases': {'baseline': True, 'steps': False, 'final': True, 'per_model': True, 'fcfw': True}}
  keep_models_for_diagnosis: True
  stop_on_reject: False
  save_circuit_artifacts: False
  rng_seed: 42
  circuit_config: {'topology': 'aachen_heavy_hex', 'distance': 2, 'max_weight': 2, 'n_ancilla': 0}
  turbo: 10
  dynamic_is_within_shell: shell_uniform
  exact_sampling: True
  acceptance_metric: training_mmd
  skip_sampling: True
  report_fcfw: True
  dynamic_is: False
  dynamic_is_beta: 0.023579877631409
  sigma: [1.513612483383732, 0.5244121547031715]
  require_exact_sampling: True
================================================================================
Saving config to out/hpo/hopfield_20q_p1_b20_20260605_220450/trials/trial_0046/config.json...
Gate structure: Qubits: 20
Aachen heavy-hex topology: 39 parameters
one_qubit=20, two_qubit=19
Using Gaussian Kernel (n_ops=2048, n_qubits=20):
  - sigma=1.51361248
  - sigma=0.52441215
Expected sampled operator size:
  - p=1.960701, std=1.329843
  - p=8.376707, std=2.206410
  mean: 5.168704
  std: 3.689126
Baselines enabled: 

Training ensemble Model 0 (400 epochs)...
Training has not converged after 400 steps
Model 0 final loss: 0.182043
  [Step 0/9] train_MMD=0.1834 alpha_opt=1.0000 oracle_top1_TVD=0.6977

[Step 1] Training Model 1...
  lambda_dual: 0.8750
Training has not converged after 400 steps
  Weighting: frank_wolfe alpha = 0.1250
  [Step 1/9] train_MMD=0.0931 alpha_opt=0.1250 oracle_top2_TVD=0.3954
  [OK] MMD improved (delta=+0.090298)
  SNR (proxy): 53.01 (mean_norm=0.0000, std_norm=0.0000)

[Step 2] Training Model 2...
  lambda_dual: 0.9167
Training has not converged after 400 steps
  Weighting: frank_wolfe alpha = 0.0833
  [Step 2/9] train_MMD=0.0581 alpha_opt=0.0833 oracle_top3_TVD=0.3886
  [OK] MMD improved (delta=+0.035039)
  SNR (proxy): 14.05 (mean_norm=0.0000, std_norm=0.0000)

[Step 3] Training Model 3...
  lambda_dual: 0.9375
Training has not converged after 400 steps
  Weighting: frank_wolfe alpha = 0.0625
  [Step 3/9] train_MMD=0.0415 alpha_opt=0.0625 oracle_top4_TVD=0.3818
  [OK] MMD improved (delta=+0.016553)
  SNR (proxy): 15.52 (mean_norm=0.0000, std_norm=0.0000)

[Step 4] Training Model 4...
  lambda_dual: 0.9500
Training has not converged after 400 steps
  Weighting: frank_wolfe alpha = 0.0500
  [Step 4/9] train_MMD=0.0331 alpha_opt=0.0500 oracle_top5_TVD=0.3751
  [OK] MMD improved (delta=+0.008385)
  SNR (proxy): 13.96 (mean_norm=0.0000, std_norm=0.0000)

[Step 5] Training Model 5...
  lambda_dual: 0.9583
Training has not converged after 400 steps
  Weighting: frank_wolfe alpha = 0.0417
  [Step 5/9] train_MMD=0.0289 alpha_opt=0.0417 oracle_top6_TVD=0.3683
  [OK] MMD improved (delta=+0.004189)
  SNR (proxy): 38.87 (mean_norm=0.0000, std_norm=0.0000)

[Step 6] Training Model 6...
  lambda_dual: 0.9643
Training has not converged after 400 steps
  Weighting: frank_wolfe alpha = 0.0357
  [Step 6/9] train_MMD=0.0271 alpha_opt=0.0357 oracle_top7_TVD=0.3615
  [OK] MMD improved (delta=+0.001816)
  SNR (proxy): 25.35 (mean_norm=0.0078, std_norm=0.0003)

[Step 7] Training Model 7...
  lambda_dual: 0.9688
Training has not converged after 400 steps
  Weighting: frank_wolfe alpha = 0.0312
  [Step 7/9] train_MMD=0.0266 alpha_opt=0.0312 oracle_top8_TVD=0.3548
  [OK] MMD improved (delta=+0.000527)
  SNR (proxy): 31.50 (mean_norm=0.0174, std_norm=0.0006)

[Step 8] Training Model 8...
  lambda_dual: 0.9722
Training has not converged after 400 steps
  Weighting: frank_wolfe alpha = 0.0278
  [Step 8/9] train_MMD=0.0266 alpha_opt=0.0278 oracle_top9_TVD=0.3480
  [WARNING] MMD worsened but kept (diagnostic, delta=-0.000040)
  SNR (proxy): 20.57 (mean_norm=0.0175, std_norm=0.0009)

[Step 9] Training Model 9...
  lambda_dual: 0.9750
Training has not converged after 400 steps
  Weighting: frank_wolfe alpha = 0.0250
  [Step 9/9] train_MMD=0.0269 alpha_opt=0.0250 oracle_top10_TVD=0.3413
  [WARNING] MMD worsened but kept (diagnostic, delta=-0.000288)
  SNR (proxy): 17.66 (mean_norm=0.0157, std_norm=0.0009)

Final: 10 models, MMD=0.0312 (delta=+0.1522) F1=nan

[FCFW] Computing Fully Corrective Frank-Wolfe weights for final ensemble...
  Weighting: fully corrective QP weights = [0.6305, 0.0173, 0.0173, 0.0173, 0.0173, 0.0173, 0.2567, 0.0265, 0.0000, 0.0000]
  FCFW Sampled MMD^2: 0.028859
  FCFW Sampled TVD:   0.5171

FINAL MODEL COMPARISON (inc. FCFW)
Model      | MMD        | TVD        | TVD*       | Valid      | Cover      | F1        
----------------------------------------------------------------------------------------
Baseline   | 0.1834     | n/a        | n/a        | n/a        | n/a        | n/a       
Ensemble   | 0.0312     | 0.511      | 0.477      | n/a        | n/a        | n/a       
Model 0    | 0.1815     | 0.767      | 0.718      | n/a        | n/a        | n/a       
Model 1    | 0.5271     | 0.698      | 0.698      | n/a        | n/a        | n/a       
Model 2    | 0.5271     | 0.698      | 0.698      | n/a        | n/a        | n/a       
Model 3    | 0.5271     | 0.698      | 0.698      | n/a        | n/a        | n/a       
Model 4    | 0.5271     | 0.698      | 0.698      | n/a        | n/a        | n/a       
Model 5    | 0.5271     | 0.698      | 0.698      | n/a        | n/a        | n/a       
Model 6    | 0.4948     | 0.684      | 0.677      | n/a        | n/a        | n/a       
Model 7    | 0.2889     | 0.663      | 0.645      | n/a        | n/a        | n/a       
Model 8    | 0.2451     | 0.657      | 0.617      | n/a        | n/a        | n/a       
Model 9    | 0.2300     | 0.761      | 0.608      | n/a        | n/a        | n/a       
Ensemble (FCFW) | 0.0289     | 0.517      | 0.491      | n/a        | n/a        | n/a       
Saving results to out/hpo/hopfield_20q_p1_b20_20260605_220450/trials/trial_0046/results.csv...
Experiment: Boosting on Hopfield (20q, 1p)
Configuration:
  train_samples: 1000
  data_seed: 42
  n_samples: 400
  n_models: 10
  learning_rate: 0.018635557308706294
  epochs_per_step: 400
  caching_level: none
  ensemble_samples_coeff: 1.0
  init_baseline: covariance
  init_later: random
  lambda_dual: 1.0
  lambda_schedule: {'type': 'frank_wolfe', 'gamma': 1.0, 'tau': 1.0}
  n_ops: 1024
  weight_strategy: frank_wolfe
  alpha_n_grid: 11
  alpha_objective_weight: 0.5
  baseline: none
  shots: 1000
  final_eval_sampling: True
  dataset_metrics: True
  exact_metrics: {'enabled': True, 'max_qubits': 20, 'phases': {'baseline': True, 'steps': False, 'final': True, 'per_model': True, 'fcfw': True}}
  keep_models_for_diagnosis: True
  stop_on_reject: False
  save_circuit_artifacts: False
  rng_seed: 42
  circuit_config: {'topology': 'aachen_heavy_hex', 'distance': 2, 'max_weight': 2, 'n_ancilla': 0}
  turbo: 10
  dynamic_is_within_shell: shell_uniform
  exact_sampling: True
  acceptance_metric: training_mmd
  skip_sampling: True
  report_fcfw: True
  dynamic_is: True
  dynamic_is_beta: 0.014245268455895747
  sigma: [0.6838267233964589]
  require_exact_sampling: True
================================================================================
Saving config to out/hpo/hopfield_20q_p1_b20_20260605_220450/trials/trial_0047/config.json...
Gate structure: Qubits: 20
Aachen heavy-hex topology: 39 parameters
one_qubit=20, two_qubit=19
Using Gaussian Kernel (n_ops=1024, n_qubits=20):
  - sigma=0.68382672
Expected sampled operator size:
  - p=6.567330, std=2.100200
  mean: 6.567330
  std: 2.100200
Baselines enabled: 

Training ensemble Model 0 (400 epochs)...
Training has not converged after 400 steps
Model 0 final loss: 0.133696
  [Step 0/9] train_MMD=0.1335 alpha_opt=1.0000 oracle_top1_TVD=0.6977

[Step 1] Training Model 1...
  lambda_dual: 0.5000
Training has not converged after 400 steps
  Weighting: frank_wolfe alpha = 0.5000
  [Step 1/9] train_MMD=0.0293 alpha_opt=0.5000 oracle_top2_TVD=0.3954
  [OK] MMD improved (delta=+0.104223)
  SNR (proxy): 3.14 (mean_norm=0.0436, std_norm=0.0139)

[Step 2] Training Model 2...
  lambda_dual: 0.6667
Training has not converged after 400 steps
  Weighting: frank_wolfe alpha = 0.3333
  [Step 2/9] train_MMD=0.0163 alpha_opt=0.3333 oracle_top3_TVD=0.3886
  [OK] MMD improved (delta=+0.013012)
  SNR (proxy): 2.75 (mean_norm=0.0220, std_norm=0.0080)

[Step 3] Training Model 3...
  lambda_dual: 0.7500
Training has not converged after 400 steps
  Weighting: frank_wolfe alpha = 0.2500
  [Step 3/9] train_MMD=0.0045 alpha_opt=0.2500 oracle_top4_TVD=0.3818
  [OK] MMD improved (delta=+0.011816)
  SNR (proxy): 6.46 (mean_norm=0.0979, std_norm=0.0152)

[Step 4] Training Model 4...
  lambda_dual: 0.8000
Training has not converged after 400 steps
  Weighting: frank_wolfe alpha = 0.2000
  [Step 4/9] train_MMD=0.0202 alpha_opt=0.2000 oracle_top5_TVD=0.3751
  [WARNING] MMD worsened but kept (diagnostic, delta=-0.015716)
  SNR (proxy): 8.42 (mean_norm=0.0169, std_norm=0.0020)

[Step 5] Training Model 5...
  lambda_dual: 0.8333
Training has not converged after 400 steps
  Weighting: frank_wolfe alpha = 0.1667
  [Step 5/9] train_MMD=0.0000 alpha_opt=0.1667 oracle_top6_TVD=0.3683
  [OK] MMD improved (delta=+0.020159)
  SNR (proxy): 16.12 (mean_norm=0.0247, std_norm=0.0015)

[Step 6] Training Model 6...
  lambda_dual: 0.8571
Training has not converged after 400 steps
  Weighting: frank_wolfe alpha = 0.1429
  [Step 6/9] train_MMD=0.0035 alpha_opt=0.1429 oracle_top7_TVD=0.3615
  [WARNING] MMD worsened but kept (diagnostic, delta=-0.003474)
  SNR (proxy): 5.05 (mean_norm=0.0263, std_norm=0.0052)

[Step 7] Training Model 7...
  lambda_dual: 0.8750
Training has not converged after 400 steps
  Weighting: frank_wolfe alpha = 0.1250
  [Step 7/9] train_MMD=0.0005 alpha_opt=0.1250 oracle_top8_TVD=0.3548
  [OK] MMD improved (delta=+0.003008)
  SNR (proxy): 9.56 (mean_norm=0.0751, std_norm=0.0079)

[Step 8] Training Model 8...
  lambda_dual: 0.8889
Training has not converged after 400 steps
  Weighting: frank_wolfe alpha = 0.1111
  [Step 8/9] train_MMD=0.0038 alpha_opt=0.1111 oracle_top9_TVD=0.3480
  [WARNING] MMD worsened but kept (diagnostic, delta=-0.003308)
  SNR (proxy): 14.00 (mean_norm=0.0128, std_norm=0.0009)

[Step 9] Training Model 9...
  lambda_dual: 0.9000
Training has not converged after 400 steps
  Weighting: frank_wolfe alpha = 0.1000
  [Step 9/9] train_MMD=-0.0000 alpha_opt=0.1000 oracle_top10_TVD=0.3413
  [OK] MMD improved (delta=+0.003812)
  SNR (proxy): 9.59 (mean_norm=0.0399, std_norm=0.0042)

Final: 10 models, MMD=-0.0006 (delta=+0.1341) F1=nan

[FCFW] Computing Fully Corrective Frank-Wolfe weights for final ensemble...
  Weighting: fully corrective QP weights = [0.0259, 0.0000, 0.0000, 0.0483, 0.1974, 0.0296, 0.2440, 0.1674, 0.2093, 0.0781]
  FCFW Sampled MMD^2: -0.000106
  FCFW Sampled TVD:   0.1700

FINAL MODEL COMPARISON (inc. FCFW)
Model      | MMD        | TVD        | TVD*       | Valid      | Cover      | F1        
----------------------------------------------------------------------------------------
Baseline   | 0.1335     | n/a        | n/a        | n/a        | n/a        | n/a       
Ensemble   | -0.0006    | 0.194      | 0.101      | n/a        | n/a        | n/a       
Model 0    | 0.1326     | 0.695      | 0.560      | n/a        | n/a        | n/a       
Model 1    | 0.2404     | 0.667      | 0.615      | n/a        | n/a        | n/a       
Model 2    | 0.3411     | 0.616      | 0.531      | n/a        | n/a        | n/a       
Model 3    | 0.2085     | 0.573      | 0.505      | n/a        | n/a        | n/a       
Model 4    | 0.3441     | 0.609      | 0.519      | n/a        | n/a        | n/a       
Model 5    | 0.4739     | 0.657      | 0.645      | n/a        | n/a        | n/a       
Model 6    | 0.1433     | 0.603      | 0.501      | n/a        | n/a        | n/a       
Model 7    | 0.1978     | 0.607      | 0.535      | n/a        | n/a        | n/a       
Model 8    | 0.4468     | 0.630      | 0.583      | n/a        | n/a        | n/a       
Model 9    | 0.3123     | 0.614      | 0.572      | n/a        | n/a        | n/a       
Ensemble (FCFW) | -0.0001    | 0.170      | 0.079      | n/a        | n/a        | n/a       
Saving results to out/hpo/hopfield_20q_p1_b20_20260605_220450/trials/trial_0047/results.csv...
Experiment: Boosting on Hopfield (20q, 1p)
Configuration:
  train_samples: 1000
  data_seed: 42
  n_samples: 400
  n_models: 10
  learning_rate: 0.01958513501049412
  epochs_per_step: 400
  caching_level: none
  ensemble_samples_coeff: 1.0
  init_baseline: covariance
  init_later: random
  lambda_dual: 1.0
  lambda_schedule: {'type': 'frank_wolfe', 'gamma': 1.0, 'tau': 1.0}
  n_ops: 1024
  weight_strategy: frank_wolfe
  alpha_n_grid: 11
  alpha_objective_weight: 0.5
  baseline: none
  shots: 1000
  final_eval_sampling: True
  dataset_metrics: True
  exact_metrics: {'enabled': True, 'max_qubits': 20, 'phases': {'baseline': True, 'steps': False, 'final': True, 'per_model': True, 'fcfw': True}}
  keep_models_for_diagnosis: True
  stop_on_reject: False
  save_circuit_artifacts: False
  rng_seed: 42
  circuit_config: {'topology': 'aachen_heavy_hex', 'distance': 2, 'max_weight': 2, 'n_ancilla': 0}
  turbo: 10
  dynamic_is_within_shell: shell_uniform
  exact_sampling: True
  acceptance_metric: training_mmd
  skip_sampling: True
  report_fcfw: True
  dynamic_is: True
  dynamic_is_beta: 0.01464684960674962
  sigma: [0.45482958263138723]
  require_exact_sampling: True
================================================================================
Saving config to out/hpo/hopfield_20q_p1_b20_20260605_220450/trials/trial_0048/config.json...
Gate structure: Qubits: 20
Aachen heavy-hex topology: 39 parameters
one_qubit=20, two_qubit=19
Using Gaussian Kernel (n_ops=1024, n_qubits=20):
  - sigma=0.45482958
Expected sampled operator size:
  - p=9.108092, std=2.227156
  mean: 9.108092
  std: 2.227156
Baselines enabled: 

Training ensemble Model 0 (400 epochs)...
Training has not converged after 400 steps
Model 0 final loss: 0.104146
  [Step 0/9] train_MMD=0.1034 alpha_opt=1.0000 oracle_top1_TVD=0.6977

[Step 1] Training Model 1...
  lambda_dual: 0.5000
Training has not converged after 400 steps
  Weighting: frank_wolfe alpha = 0.5000
  [Step 1/9] train_MMD=0.1214 alpha_opt=0.5000 oracle_top2_TVD=0.3954
  [WARNING] MMD worsened but kept (diagnostic, delta=-0.018001)
  SNR (proxy): 12.97 (mean_norm=0.0233, std_norm=0.0018)

[Step 2] Training Model 2...
  lambda_dual: 0.6667
Training has not converged after 400 steps
  Weighting: frank_wolfe alpha = 0.3333
  [Step 2/9] train_MMD=0.1519 alpha_opt=0.3333 oracle_top3_TVD=0.3886
  [WARNING] MMD worsened but kept (diagnostic, delta=-0.030483)
  SNR (proxy): 8.64 (mean_norm=0.0372, std_norm=0.0043)

[Step 3] Training Model 3...
  lambda_dual: 0.7500
Training has not converged after 400 steps
  Weighting: frank_wolfe alpha = 0.2500
  [Step 3/9] train_MMD=0.1553 alpha_opt=0.2500 oracle_top4_TVD=0.3818
  [WARNING] MMD worsened but kept (diagnostic, delta=-0.003431)
  SNR (proxy): 6.92 (mean_norm=0.0512, std_norm=0.0074)

[Step 4] Training Model 4...
  lambda_dual: 0.8000
Training has not converged after 400 steps
  Weighting: frank_wolfe alpha = 0.2000
  [Step 4/9] train_MMD=0.1483 alpha_opt=0.2000 oracle_top5_TVD=0.3751
  [OK] MMD improved (delta=+0.006987)
  SNR (proxy): 7.46 (mean_norm=0.0641, std_norm=0.0086)

[Step 5] Training Model 5...
  lambda_dual: 0.8333
Training has not converged after 400 steps
  Weighting: frank_wolfe alpha = 0.1667
  [Step 5/9] train_MMD=0.1696 alpha_opt=0.1667 oracle_top6_TVD=0.3683
  [WARNING] MMD worsened but kept (diagnostic, delta=-0.021258)
  SNR (proxy): 8.87 (mean_norm=0.0598, std_norm=0.0067)

[Step 6] Training Model 6...
  lambda_dual: 0.8571
Training has not converged after 400 steps
  Weighting: frank_wolfe alpha = 0.1429
  [Step 6/9] train_MMD=0.1770 alpha_opt=0.1429 oracle_top7_TVD=0.3615
  [WARNING] MMD worsened but kept (diagnostic, delta=-0.007404)
  SNR (proxy): 10.08 (mean_norm=0.0933, std_norm=0.0093)

[Step 7] Training Model 7...
  lambda_dual: 0.8750
Training has not converged after 400 steps
  Weighting: frank_wolfe alpha = 0.1250
  [Step 7/9] train_MMD=0.1710 alpha_opt=0.1250 oracle_top8_TVD=0.3548
  [OK] MMD improved (delta=+0.006008)
  SNR (proxy): 7.94 (mean_norm=0.0919, std_norm=0.0116)

[Step 8] Training Model 8...
  lambda_dual: 0.8889
Training has not converged after 400 steps
  Weighting: frank_wolfe alpha = 0.1111
  [Step 8/9] train_MMD=0.1778 alpha_opt=0.1111 oracle_top9_TVD=0.3480
  [WARNING] MMD worsened but kept (diagnostic, delta=-0.006842)
  SNR (proxy): 9.46 (mean_norm=0.0696, std_norm=0.0074)

[Step 9] Training Model 9...
  lambda_dual: 0.9000
Training has not converged after 400 steps
  Weighting: frank_wolfe alpha = 0.1000
  [Step 9/9] train_MMD=0.1893 alpha_opt=0.1000 oracle_top10_TVD=0.3413
  [WARNING] MMD worsened but kept (diagnostic, delta=-0.011484)
  SNR (proxy): 9.90 (mean_norm=0.1056, std_norm=0.0107)

Final: 10 models, MMD=0.1803 (delta=-0.0769) F1=nan

[FCFW] Computing Fully Corrective Frank-Wolfe weights for final ensemble...
  Weighting: fully corrective QP weights = [1.0000, 0.0000, 0.0000, 0.0000, 0.0000, 0.0000, 0.0000, 0.0000, 0.0000, 0.0000]
  FCFW Sampled MMD^2: 0.104481
  FCFW Sampled TVD:   0.5621

FINAL MODEL COMPARISON (inc. FCFW)
Model      | MMD        | TVD        | TVD*       | Valid      | Cover      | F1        
----------------------------------------------------------------------------------------
Baseline   | 0.1034     | n/a        | n/a        | n/a        | n/a        | n/a       
Ensemble   | 0.1803     | 0.947      | 0.914      | n/a        | n/a        | n/a       
Model 0    | 0.1026     | 0.640      | 0.512      | n/a        | n/a        | n/a       
Model 1    | 0.1967     | 1.000      | 0.991      | n/a        | n/a        | n/a       
Model 2    | 0.1966     | 1.000      | 0.995      | n/a        | n/a        | n/a       
Model 3    | 0.1969     | 1.000      | 0.992      | n/a        | n/a        | n/a       
Model 4    | 0.1967     | 1.000      | 0.992      | n/a        | n/a        | n/a       
Model 5    | 0.1967     | 1.000      | 0.996      | n/a        | n/a        | n/a       
Model 6    | 0.1969     | 1.000      | 0.996      | n/a        | n/a        | n/a       
Model 7    | 0.1967     | 1.000      | 0.991      | n/a        | n/a        | n/a       
Model 8    | 0.1975     | 1.000      | 0.998      | n/a        | n/a        | n/a       
Model 9    | 0.1969     | 1.000      | 0.995      | n/a        | n/a        | n/a       
Ensemble (FCFW) | 0.1045     | 0.562      | 0.512      | n/a        | n/a        | n/a       
Saving results to out/hpo/hopfield_20q_p1_b20_20260605_220450/trials/trial_0048/results.csv...
Experiment: Boosting on Hopfield (20q, 1p)
Configuration:
  train_samples: 1000
  data_seed: 42
  n_samples: 400
  n_models: 10
  learning_rate: 0.004357878546110422
  epochs_per_step: 400
  caching_level: none
  ensemble_samples_coeff: 1.0
  init_baseline: covariance
  init_later: random
  lambda_dual: 1.0
  lambda_schedule: {'type': 'frank_wolfe', 'gamma': 0.75, 'tau': 1.0}
  n_ops: 512
  weight_strategy: frank_wolfe
  alpha_n_grid: 11
  alpha_objective_weight: 0.5
  baseline: none
  shots: 1000
  final_eval_sampling: True
  dataset_metrics: True
  exact_metrics: {'enabled': True, 'max_qubits': 20, 'phases': {'baseline': True, 'steps': False, 'final': True, 'per_model': True, 'fcfw': True}}
  keep_models_for_diagnosis: True
  stop_on_reject: False
  save_circuit_artifacts: False
  rng_seed: 42
  circuit_config: {'topology': 'aachen_heavy_hex', 'distance': 2, 'max_weight': 2, 'n_ancilla': 0}
  turbo: 10
  dynamic_is_within_shell: shell_uniform
  exact_sampling: True
  acceptance_metric: training_mmd
  skip_sampling: True
  report_fcfw: True
  dynamic_is: True
  dynamic_is_beta: 0.01455754780191459
  sigma: [1.0540279928508818, 0.6314051250938856]
  require_exact_sampling: True
================================================================================
Saving config to out/hpo/hopfield_20q_p1_b20_20260605_220450/trials/trial_0049/config.json...
Gate structure: Qubits: 20
Aachen heavy-hex topology: 39 parameters
one_qubit=20, two_qubit=19
Using Gaussian Kernel (n_ops=512, n_qubits=20):
  - sigma=1.05402799
  - sigma=0.63140513
Expected sampled operator size:
  - p=3.624070, std=1.722607
  - p=7.146853, std=2.143123
  mean: 5.385461
  std: 2.623486
Baselines enabled: 

Training ensemble Model 0 (400 epochs)...
Training has not converged after 400 steps
Model 0 final loss: 0.159613
  [Step 0/9] train_MMD=0.1621 alpha_opt=1.0000 oracle_top1_TVD=0.6977

[Step 1] Training Model 1...
  lambda_dual: 0.6250
Training has not converged after 400 steps
  Weighting: frank_wolfe alpha = 0.3750
  [Step 1/9] train_MMD=0.0229 alpha_opt=0.3750 oracle_top2_TVD=0.3954
  [OK] MMD improved (delta=+0.139167)
  SNR (proxy): 7.13 (mean_norm=0.0025, std_norm=0.0004)

[Step 2] Training Model 2...
  lambda_dual: 0.7500
Training has not converged after 400 steps
  Weighting: frank_wolfe alpha = 0.2500
  [Step 2/9] train_MMD=0.0374 alpha_opt=0.2500 oracle_top3_TVD=0.3886
  [WARNING] MMD worsened but kept (diagnostic, delta=-0.014456)
  SNR (proxy): 28.28 (mean_norm=0.0786, std_norm=0.0028)

[Step 3] Training Model 3...
  lambda_dual: 0.8125
Training has not converged after 400 steps
  Weighting: frank_wolfe alpha = 0.1875
  [Step 3/9] train_MMD=0.0483 alpha_opt=0.1875 oracle_top4_TVD=0.3818
  [WARNING] MMD worsened but kept (diagnostic, delta=-0.010973)
  SNR (proxy): 6.86 (mean_norm=0.0557, std_norm=0.0081)

[Step 4] Training Model 4...
  lambda_dual: 0.8500
Training has not converged after 400 steps
  Weighting: frank_wolfe alpha = 0.1500
  [Step 4/9] train_MMD=0.0119 alpha_opt=0.1500 oracle_top5_TVD=0.3751
  [OK] MMD improved (delta=+0.036474)
  SNR (proxy): 39.62 (mean_norm=0.0002, std_norm=0.0000)

[Step 5] Training Model 5...
  lambda_dual: 0.8750
Training has not converged after 400 steps
  Weighting: frank_wolfe alpha = 0.1250
  [Step 5/9] train_MMD=0.0077 alpha_opt=0.1250 oracle_top6_TVD=0.3683
  [OK] MMD improved (delta=+0.004200)
  SNR (proxy): 11.69 (mean_norm=0.0000, std_norm=0.0000)

[Step 6] Training Model 6...
  lambda_dual: 0.8929
Training has not converged after 400 steps
  Weighting: frank_wolfe alpha = 0.1071
  [Step 6/9] train_MMD=0.0030 alpha_opt=0.1071 oracle_top7_TVD=0.3615
  [OK] MMD improved (delta=+0.004699)
  SNR (proxy): 78.22 (mean_norm=0.0071, std_norm=0.0001)

[Step 7] Training Model 7...
  lambda_dual: 0.9062
Training has not converged after 400 steps
  Weighting: frank_wolfe alpha = 0.0937
  [Step 7/9] train_MMD=0.0022 alpha_opt=0.0937 oracle_top8_TVD=0.3548
  [OK] MMD improved (delta=+0.000783)
  SNR (proxy): 9.94 (mean_norm=0.0043, std_norm=0.0004)

[Step 8] Training Model 8...
  lambda_dual: 0.9167
Training has not converged after 400 steps
  Weighting: frank_wolfe alpha = 0.0833
  [Step 8/9] train_MMD=0.0059 alpha_opt=0.0833 oracle_top9_TVD=0.3480
  [WARNING] MMD worsened but kept (diagnostic, delta=-0.003688)
  SNR (proxy): 21.06 (mean_norm=0.0197, std_norm=0.0009)

[Step 9] Training Model 9...
  lambda_dual: 0.9250
Training has not converged after 400 steps
  Weighting: frank_wolfe alpha = 0.0750
  [Step 9/9] train_MMD=0.0024 alpha_opt=0.0750 oracle_top10_TVD=0.3413
  [OK] MMD improved (delta=+0.003478)
  SNR (proxy): 102.94 (mean_norm=0.0001, std_norm=0.0000)

Final: 10 models, MMD=0.0034 (delta=+0.1587) F1=nan

[FCFW] Computing Fully Corrective Frank-Wolfe weights for final ensemble...
  Weighting: fully corrective QP weights = [0.1856, 0.1117, 0.1577, 0.0482, 0.0335, 0.0334, 0.1808, 0.2490, 0.0000, 0.0000]
  FCFW Sampled MMD^2: -0.000175
  FCFW Sampled TVD:   0.2764

FINAL MODEL COMPARISON (inc. FCFW)
Model      | MMD        | TVD        | TVD*       | Valid      | Cover      | F1        
----------------------------------------------------------------------------------------
Baseline   | 0.1621     | n/a        | n/a        | n/a        | n/a        | n/a       
Ensemble   | 0.0034     | 0.314      | 0.217      | n/a        | n/a        | n/a       
Model 0    | 0.1599     | 0.716      | 0.596      | n/a        | n/a        | n/a       
Model 1    | 0.5298     | 0.698      | 0.696      | n/a        | n/a        | n/a       
Model 2    | 0.1664     | 0.769      | 0.668      | n/a        | n/a        | n/a       
Model 3    | 0.1625     | 0.613      | 0.512      | n/a        | n/a        | n/a       
Model 4    | 0.5416     | 0.698      | 0.698      | n/a        | n/a        | n/a       
Model 5    | 0.5416     | 0.698      | 0.698      | n/a        | n/a        | n/a       
Model 6    | 0.5298     | 0.698      | 0.691      | n/a        | n/a        | n/a       
Model 7    | 0.4444     | 0.671      | 0.665      | n/a        | n/a        | n/a       
Model 8    | 0.2308     | 0.983      | 0.932      | n/a        | n/a        | n/a       
Model 9    | 0.5298     | 0.698      | 0.698      | n/a        | n/a        | n/a       
Ensemble (FCFW) | -0.0002    | 0.276      | 0.203      | n/a        | n/a        | n/a       
Saving results to out/hpo/hopfield_20q_p1_b20_20260605_220450/trials/trial_0049/results.csv...
Experiment: Boosting on Hopfield (20q, 1p)
Configuration:
  train_samples: 1000
  data_seed: 42
  n_samples: 400
  n_models: 10
  learning_rate: 0.003058280210825864
  epochs_per_step: 400
  caching_level: none
  ensemble_samples_coeff: 1.0
  init_baseline: covariance
  init_later: random
  lambda_dual: 1.0
  lambda_schedule: {'type': 'frank_wolfe', 'gamma': 1.0, 'tau': 1.0}
  n_ops: 1024
  weight_strategy: frank_wolfe
  alpha_n_grid: 11
  alpha_objective_weight: 0.5
  baseline: none
  shots: 1000
  final_eval_sampling: True
  dataset_metrics: True
  exact_metrics: {'enabled': True, 'max_qubits': 20, 'phases': {'baseline': True, 'steps': False, 'final': True, 'per_model': True, 'fcfw': True}}
  keep_models_for_diagnosis: True
  stop_on_reject: False
  save_circuit_artifacts: False
  rng_seed: 42
  circuit_config: {'topology': 'aachen_heavy_hex', 'distance': 2, 'max_weight': 2, 'n_ancilla': 0}
  turbo: 10
  dynamic_is_within_shell: shell_uniform
  exact_sampling: True
  acceptance_metric: training_mmd
  skip_sampling: True
  report_fcfw: True
  dynamic_is: True
  dynamic_is_beta: 0.010941445735644104
  sigma: [0.7943040169848649]
  require_exact_sampling: True
================================================================================
Saving config to out/hpo/hopfield_20q_p1_b20_20260605_220450/trials/trial_0050/config.json...
Gate structure: Qubits: 20
Aachen heavy-hex topology: 39 parameters
one_qubit=20, two_qubit=19
Using Gaussian Kernel (n_ops=1024, n_qubits=20):
  - sigma=0.79430402
Expected sampled operator size:
  - p=5.472861, std=1.993803
  mean: 5.472861
  std: 1.993803
Baselines enabled: 

Training ensemble Model 0 (400 epochs)...
Training has not converged after 400 steps
Model 0 final loss: 0.146324
  [Step 0/9] train_MMD=0.1514 alpha_opt=1.0000 oracle_top1_TVD=0.6977

[Step 1] Training Model 1...
  lambda_dual: 0.5000
Training has not converged after 400 steps
  Weighting: frank_wolfe alpha = 0.5000
  [Step 1/9] train_MMD=0.0318 alpha_opt=0.5000 oracle_top2_TVD=0.3954
  [OK] MMD improved (delta=+0.119641)
  SNR (proxy): 6.79 (mean_norm=0.0228, std_norm=0.0034)

[Step 2] Training Model 2...
  lambda_dual: 0.6667
Training has not converged after 400 steps
  Weighting: frank_wolfe alpha = 0.3333
  [Step 2/9] train_MMD=0.0782 alpha_opt=0.3333 oracle_top3_TVD=0.3886
  [WARNING] MMD worsened but kept (diagnostic, delta=-0.046435)
  SNR (proxy): 10.10 (mean_norm=0.0210, std_norm=0.0021)

[Step 3] Training Model 3...
  lambda_dual: 0.7500
Training has not converged after 400 steps
  Weighting: frank_wolfe alpha = 0.2500
  [Step 3/9] train_MMD=0.0767 alpha_opt=0.2500 oracle_top4_TVD=0.3818
  [OK] MMD improved (delta=+0.001553)
  SNR (proxy): 33.88 (mean_norm=0.0021, std_norm=0.0001)

[Step 4] Training Model 4...
  lambda_dual: 0.8000
Training has not converged after 400 steps
  Weighting: frank_wolfe alpha = 0.2000
  [Step 4/9] train_MMD=0.0105 alpha_opt=0.2000 oracle_top5_TVD=0.3751
  [OK] MMD improved (delta=+0.066186)
  SNR (proxy): 27.08 (mean_norm=0.0119, std_norm=0.0004)

[Step 5] Training Model 5...
  lambda_dual: 0.8333
Training has not converged after 400 steps
  Weighting: frank_wolfe alpha = 0.1667
  [Step 5/9] train_MMD=0.0077 alpha_opt=0.1667 oracle_top6_TVD=0.3683
  [OK] MMD improved (delta=+0.002817)
  SNR (proxy): 10.09 (mean_norm=0.0040, std_norm=0.0004)

[Step 6] Training Model 6...
  lambda_dual: 0.8571
Training has not converged after 400 steps
  Weighting: frank_wolfe alpha = 0.1429
  [Step 6/9] train_MMD=0.0020 alpha_opt=0.1429 oracle_top7_TVD=0.3615
  [OK] MMD improved (delta=+0.005688)
  SNR (proxy): 8.51 (mean_norm=0.0613, std_norm=0.0072)

[Step 7] Training Model 7...
  lambda_dual: 0.8750
Training has not converged after 400 steps
  Weighting: frank_wolfe alpha = 0.1250
  [Step 7/9] train_MMD=0.0049 alpha_opt=0.1250 oracle_top8_TVD=0.3548
  [WARNING] MMD worsened but kept (diagnostic, delta=-0.002947)
  SNR (proxy): 17.83 (mean_norm=0.0160, std_norm=0.0009)

[Step 8] Training Model 8...
  lambda_dual: 0.8889
Training has not converged after 400 steps
  Weighting: frank_wolfe alpha = 0.1111
  [Step 8/9] train_MMD=0.0084 alpha_opt=0.1111 oracle_top9_TVD=0.3480
  [WARNING] MMD worsened but kept (diagnostic, delta=-0.003452)
  SNR (proxy): 8.39 (mean_norm=0.0122, std_norm=0.0015)

[Step 9] Training Model 9...
  lambda_dual: 0.9000
Training has not converged after 400 steps
  Weighting: frank_wolfe alpha = 0.1000
  [Step 9/9] train_MMD=0.0034 alpha_opt=0.1000 oracle_top10_TVD=0.3413
  [OK] MMD improved (delta=+0.004920)
  SNR (proxy): 17.65 (mean_norm=0.0028, std_norm=0.0002)

Final: 10 models, MMD=0.0015 (delta=+0.1499) F1=nan

[FCFW] Computing Fully Corrective Frank-Wolfe weights for final ensemble...
  Weighting: fully corrective QP weights = [0.2287, 0.3094, 0.0000, 0.0000, 0.1035, 0.0716, 0.0838, 0.1292, 0.0000, 0.0738]
  FCFW Sampled MMD^2: -0.000005
  FCFW Sampled TVD:   0.2628

FINAL MODEL COMPARISON (inc. FCFW)
Model      | MMD        | TVD        | TVD*       | Valid      | Cover      | F1        
----------------------------------------------------------------------------------------
Baseline   | 0.1514     | n/a        | n/a        | n/a        | n/a        | n/a       
Ensemble   | 0.0015     | 0.311      | 0.277      | n/a        | n/a        | n/a       
Model 0    | 0.1486     | 0.744      | 0.598      | n/a        | n/a        | n/a       
Model 1    | 0.2897     | 0.627      | 0.593      | n/a        | n/a        | n/a       
Model 2    | 0.2696     | 1.000      | 0.971      | n/a        | n/a        | n/a       
Model 3    | 0.5298     | 0.698      | 0.697      | n/a        | n/a        | n/a       
Model 4    | 0.5416     | 0.698      | 0.695      | n/a        | n/a        | n/a       
Model 5    | 0.5231     | 0.684      | 0.683      | n/a        | n/a        | n/a       
Model 6    | 0.2843     | 0.648      | 0.599      | n/a        | n/a        | n/a       
Model 7    | 0.3282     | 0.629      | 0.614      | n/a        | n/a        | n/a       
Model 8    | 0.2707     | 1.000      | 0.979      | n/a        | n/a        | n/a       
Model 9    | 0.5298     | 0.698      | 0.696      | n/a        | n/a        | n/a       
Ensemble (FCFW) | -0.0000    | 0.263      | 0.199      | n/a        | n/a        | n/a       
Saving results to out/hpo/hopfield_20q_p1_b20_20260605_220450/trials/trial_0050/results.csv...
Experiment: Boosting on Hopfield (20q, 1p)
Configuration:
  train_samples: 1000
  data_seed: 42
  n_samples: 400
  n_models: 10
  learning_rate: 0.026123510527459988
  epochs_per_step: 400
  caching_level: none
  ensemble_samples_coeff: 1.0
  init_baseline: covariance
  init_later: random
  lambda_dual: 1.0
  lambda_schedule: {'type': 'frank_wolfe', 'gamma': 1.0, 'tau': 1.0}
  n_ops: 1024
  weight_strategy: frank_wolfe
  alpha_n_grid: 11
  alpha_objective_weight: 0.5
  baseline: none
  shots: 1000
  final_eval_sampling: True
  dataset_metrics: True
  exact_metrics: {'enabled': True, 'max_qubits': 20, 'phases': {'baseline': True, 'steps': False, 'final': True, 'per_model': True, 'fcfw': True}}
  keep_models_for_diagnosis: True
  stop_on_reject: False
  save_circuit_artifacts: False
  rng_seed: 42
  circuit_config: {'topology': 'aachen_heavy_hex', 'distance': 2, 'max_weight': 2, 'n_ancilla': 0}
  turbo: 10
  dynamic_is_within_shell: shell_uniform
  exact_sampling: True
  acceptance_metric: training_mmd
  skip_sampling: True
  report_fcfw: True
  dynamic_is: True
  dynamic_is_beta: 0.019994537880797598
  sigma: [0.7488657541313677]
  require_exact_sampling: True
================================================================================
Saving config to out/hpo/hopfield_20q_p1_b20_20260605_220450/trials/trial_0051/config.json...
Gate structure: Qubits: 20
Aachen heavy-hex topology: 39 parameters
one_qubit=20, two_qubit=19
Using Gaussian Kernel (n_ops=1024, n_qubits=20):
  - sigma=0.74886575
Expected sampled operator size:
  - p=5.899940, std=2.039479
  mean: 5.899940
  std: 2.039479
Baselines enabled: 

Training ensemble Model 0 (400 epochs)...
Training has not converged after 400 steps
Model 0 final loss: 0.144371
  [Step 0/9] train_MMD=0.1411 alpha_opt=1.0000 oracle_top1_TVD=0.6977

[Step 1] Training Model 1...
  lambda_dual: 0.5000
Training has not converged after 400 steps
  Weighting: frank_wolfe alpha = 0.5000
  [Step 1/9] train_MMD=0.0311 alpha_opt=0.5000 oracle_top2_TVD=0.3954
  [OK] MMD improved (delta=+0.109985)
  SNR (proxy): 1.89 (mean_norm=0.0745, std_norm=0.0394)

[Step 2] Training Model 2...
  lambda_dual: 0.6667
Training has not converged after 400 steps
  Weighting: frank_wolfe alpha = 0.3333
  [Step 2/9] train_MMD=0.0638 alpha_opt=0.3333 oracle_top3_TVD=0.3886
  [WARNING] MMD worsened but kept (diagnostic, delta=-0.032715)
  SNR (proxy): 8.02 (mean_norm=0.0347, std_norm=0.0043)

[Step 3] Training Model 3...
  lambda_dual: 0.7500
Training has not converged after 400 steps
  Weighting: frank_wolfe alpha = 0.2500
  [Step 3/9] train_MMD=0.0021 alpha_opt=0.2500 oracle_top4_TVD=0.3818
  [OK] MMD improved (delta=+0.061783)
  SNR (proxy): 8.53 (mean_norm=0.0240, std_norm=0.0028)

[Step 4] Training Model 4...
  lambda_dual: 0.8000
Training has not converged after 400 steps
  Weighting: frank_wolfe alpha = 0.2000
  [Step 4/9] train_MMD=0.0131 alpha_opt=0.2000 oracle_top5_TVD=0.3751
  [WARNING] MMD worsened but kept (diagnostic, delta=-0.011024)
  SNR (proxy): 5.62 (mean_norm=0.0253, std_norm=0.0045)

[Step 5] Training Model 5...
  lambda_dual: 0.8333
Training has not converged after 400 steps
  Weighting: frank_wolfe alpha = 0.1667
  [Step 5/9] train_MMD=0.0005 alpha_opt=0.1667 oracle_top6_TVD=0.3683
  [OK] MMD improved (delta=+0.012621)
  SNR (proxy): 10.72 (mean_norm=0.0582, std_norm=0.0054)

[Step 6] Training Model 6...
  lambda_dual: 0.8571
Training has not converged after 400 steps
  Weighting: frank_wolfe alpha = 0.1429
  [Step 6/9] train_MMD=0.0062 alpha_opt=0.1429 oracle_top7_TVD=0.3615
  [WARNING] MMD worsened but kept (diagnostic, delta=-0.005720)
  SNR (proxy): 8.63 (mean_norm=0.0154, std_norm=0.0018)

[Step 7] Training Model 7...
  lambda_dual: 0.8750
Training has not converged after 400 steps
  Weighting: frank_wolfe alpha = 0.1250
  [Step 7/9] train_MMD=0.0001 alpha_opt=0.1250 oracle_top8_TVD=0.3548
  [OK] MMD improved (delta=+0.006102)
  SNR (proxy): 7.76 (mean_norm=0.0512, std_norm=0.0066)

[Step 8] Training Model 8...
  lambda_dual: 0.8889
Training has not converged after 400 steps
  Weighting: frank_wolfe alpha = 0.1111
  [Step 8/9] train_MMD=0.0028 alpha_opt=0.1111 oracle_top9_TVD=0.3480
  [WARNING] MMD worsened but kept (diagnostic, delta=-0.002706)
  SNR (proxy): 3.53 (mean_norm=0.0179, std_norm=0.0051)

[Step 9] Training Model 9...
  lambda_dual: 0.9000
Training has not converged after 400 steps
  Weighting: frank_wolfe alpha = 0.1000
  [Step 9/9] train_MMD=0.0002 alpha_opt=0.1000 oracle_top10_TVD=0.3413
  [OK] MMD improved (delta=+0.002641)
  SNR (proxy): 13.47 (mean_norm=0.0477, std_norm=0.0035)

Final: 10 models, MMD=-0.0007 (delta=+0.1418) F1=nan

[FCFW] Computing Fully Corrective Frank-Wolfe weights for final ensemble...
  Weighting: fully corrective QP weights = [0.0369, 0.0233, 0.1116, 0.0571, 0.1421, 0.1825, 0.1267, 0.1570, 0.1104, 0.0524]
  FCFW Sampled MMD^2: -0.000580
  FCFW Sampled TVD:   0.1807

FINAL MODEL COMPARISON (inc. FCFW)
Model      | MMD        | TVD        | TVD*       | Valid      | Cover      | F1        
----------------------------------------------------------------------------------------
Baseline   | 0.1411     | n/a        | n/a        | n/a        | n/a        | n/a       
Ensemble   | -0.0007    | 0.189      | 0.107      | n/a        | n/a        | n/a       
Model 0    | 0.1407     | 0.720      | 0.572      | n/a        | n/a        | n/a       
Model 1    | 0.2303     | 0.640      | 0.629      | n/a        | n/a        | n/a       
Model 2    | 0.1968     | 0.580      | 0.503      | n/a        | n/a        | n/a       
Model 3    | 0.4775     | 0.664      | 0.655      | n/a        | n/a        | n/a       
Model 4    | 0.3120     | 0.602      | 0.541      | n/a        | n/a        | n/a       
Model 5    | 0.3415     | 0.616      | 0.582      | n/a        | n/a        | n/a       
Model 6    | 0.2643     | 0.608      | 0.549      | n/a        | n/a        | n/a       
Model 7    | 0.2840     | 0.609      | 0.575      | n/a        | n/a        | n/a       
Model 8    | 0.2303     | 0.600      | 0.527      | n/a        | n/a        | n/a       
Model 9    | 0.2622     | 0.594      | 0.554      | n/a        | n/a        | n/a       
Ensemble (FCFW) | -0.0006    | 0.181      | 0.080      | n/a        | n/a        | n/a       
Saving results to out/hpo/hopfield_20q_p1_b20_20260605_220450/trials/trial_0051/results.csv...
Experiment: Boosting on Hopfield (20q, 1p)
Configuration:
  train_samples: 1000
  data_seed: 42
  n_samples: 400
  n_models: 10
  learning_rate: 0.026655815713096345
  epochs_per_step: 400
  caching_level: none
  ensemble_samples_coeff: 1.0
  init_baseline: covariance
  init_later: random
  lambda_dual: 1.0
  lambda_schedule: {'type': 'frank_wolfe', 'gamma': 1.0, 'tau': 1.0}
  n_ops: 1024
  weight_strategy: frank_wolfe
  alpha_n_grid: 11
  alpha_objective_weight: 0.5
  baseline: none
  shots: 1000
  final_eval_sampling: True
  dataset_metrics: True
  exact_metrics: {'enabled': True, 'max_qubits': 20, 'phases': {'baseline': True, 'steps': False, 'final': True, 'per_model': True, 'fcfw': True}}
  keep_models_for_diagnosis: True
  stop_on_reject: False
  save_circuit_artifacts: False
  rng_seed: 42
  circuit_config: {'topology': 'aachen_heavy_hex', 'distance': 2, 'max_weight': 2, 'n_ancilla': 0}
  turbo: 10
  dynamic_is_within_shell: shell_uniform
  exact_sampling: True
  acceptance_metric: training_mmd
  skip_sampling: True
  report_fcfw: True
  dynamic_is: True
  dynamic_is_beta: 0.01947227053150535
  sigma: [0.7426861110601467]
  require_exact_sampling: True
================================================================================
Saving config to out/hpo/hopfield_20q_p1_b20_20260605_220450/trials/trial_0052/config.json...
Gate structure: Qubits: 20
Aachen heavy-hex topology: 39 parameters
one_qubit=20, two_qubit=19
Using Gaussian Kernel (n_ops=1024, n_qubits=20):
  - sigma=0.74268611
Expected sampled operator size:
  - p=5.960574, std=2.045520
  mean: 5.960574
  std: 2.045520
Baselines enabled: 

Training ensemble Model 0 (400 epochs)...
Training has not converged after 400 steps
Model 0 final loss: 0.143292
  [Step 0/9] train_MMD=0.1415 alpha_opt=1.0000 oracle_top1_TVD=0.6977

[Step 1] Training Model 1...
  lambda_dual: 0.5000
Training has not converged after 400 steps
  Weighting: frank_wolfe alpha = 0.5000
  [Step 1/9] train_MMD=0.0310 alpha_opt=0.5000 oracle_top2_TVD=0.3954
  [OK] MMD improved (delta=+0.110569)
  SNR (proxy): 3.16 (mean_norm=0.0851, std_norm=0.0270)

[Step 2] Training Model 2...
  lambda_dual: 0.6667
Training has not converged after 400 steps
  Weighting: frank_wolfe alpha = 0.3333
  [Step 2/9] train_MMD=0.0663 alpha_opt=0.3333 oracle_top3_TVD=0.3886
  [WARNING] MMD worsened but kept (diagnostic, delta=-0.035353)
  SNR (proxy): 17.76 (mean_norm=0.0585, std_norm=0.0033)

[Step 3] Training Model 3...
  lambda_dual: 0.7500
Training has not converged after 400 steps
  Weighting: frank_wolfe alpha = 0.2500
  [Step 3/9] train_MMD=0.0006 alpha_opt=0.2500 oracle_top4_TVD=0.3818
  [OK] MMD improved (delta=+0.065683)
  SNR (proxy): 12.14 (mean_norm=0.0136, std_norm=0.0011)

[Step 4] Training Model 4...
  lambda_dual: 0.8000
Training has not converged after 400 steps
  Weighting: frank_wolfe alpha = 0.2000
  [Step 4/9] train_MMD=0.0103 alpha_opt=0.2000 oracle_top5_TVD=0.3751
  [WARNING] MMD worsened but kept (diagnostic, delta=-0.009620)
  SNR (proxy): 5.69 (mean_norm=0.0417, std_norm=0.0073)

[Step 5] Training Model 5...
  lambda_dual: 0.8333
Training has not converged after 400 steps
  Weighting: frank_wolfe alpha = 0.1667
  [Step 5/9] train_MMD=0.0014 alpha_opt=0.1667 oracle_top6_TVD=0.3683
  [OK] MMD improved (delta=+0.008840)
  SNR (proxy): 13.59 (mean_norm=0.0698, std_norm=0.0051)

[Step 6] Training Model 6...
  lambda_dual: 0.8571
Training has not converged after 400 steps
  Weighting: frank_wolfe alpha = 0.1429
  [Step 6/9] train_MMD=0.0064 alpha_opt=0.1429 oracle_top7_TVD=0.3615
  [WARNING] MMD worsened but kept (diagnostic, delta=-0.005018)
  SNR (proxy): 11.80 (mean_norm=0.0100, std_norm=0.0008)

[Step 7] Training Model 7...
  lambda_dual: 0.8750
Training has not converged after 400 steps
  Weighting: frank_wolfe alpha = 0.1250
  [Step 7/9] train_MMD=0.0001 alpha_opt=0.1250 oracle_top8_TVD=0.3548
  [OK] MMD improved (delta=+0.006365)
  SNR (proxy): 6.46 (mean_norm=0.0534, std_norm=0.0083)

[Step 8] Training Model 8...
  lambda_dual: 0.8889
Training has not converged after 400 steps
  Weighting: frank_wolfe alpha = 0.1111
  [Step 8/9] train_MMD=0.0027 alpha_opt=0.1111 oracle_top9_TVD=0.3480
  [WARNING] MMD worsened but kept (diagnostic, delta=-0.002643)
  SNR (proxy): 5.69 (mean_norm=0.0216, std_norm=0.0038)

[Step 9] Training Model 9...
  lambda_dual: 0.9000
Training has not converged after 400 steps
  Weighting: frank_wolfe alpha = 0.1000
  [Step 9/9] train_MMD=0.0001 alpha_opt=0.1000 oracle_top10_TVD=0.3413
  [OK] MMD improved (delta=+0.002604)
  SNR (proxy): 11.48 (mean_norm=0.0438, std_norm=0.0038)

Final: 10 models, MMD=-0.0007 (delta=+0.1422) F1=nan

[FCFW] Computing Fully Corrective Frank-Wolfe weights for final ensemble...
  Weighting: fully corrective QP weights = [0.0300, 0.0199, 0.1367, 0.0625, 0.1189, 0.1358, 0.1331, 0.1505, 0.1226, 0.0898]
  FCFW Sampled MMD^2: -0.000990
  FCFW Sampled TVD:   0.1688

FINAL MODEL COMPARISON (inc. FCFW)
Model      | MMD        | TVD        | TVD*       | Valid      | Cover      | F1        
----------------------------------------------------------------------------------------
Baseline   | 0.1415     | n/a        | n/a        | n/a        | n/a        | n/a       
Ensemble   | -0.0007    | 0.174      | 0.105      | n/a        | n/a        | n/a       
Model 0    | 0.1396     | 0.687      | 0.565      | n/a        | n/a        | n/a       
Model 1    | 0.2167     | 0.653      | 0.630      | n/a        | n/a        | n/a       
Model 2    | 0.2585     | 0.608      | 0.513      | n/a        | n/a        | n/a       
Model 3    | 0.5042     | 0.671      | 0.673      | n/a        | n/a        | n/a       
Model 4    | 0.2608     | 0.574      | 0.515      | n/a        | n/a        | n/a       
Model 5    | 0.2420     | 0.601      | 0.557      | n/a        | n/a        | n/a       
Model 6    | 0.3376     | 0.616      | 0.599      | n/a        | n/a        | n/a       
Model 7    | 0.2723     | 0.621      | 0.558      | n/a        | n/a        | n/a       
Model 8    | 0.2326     | 0.574      | 0.516      | n/a        | n/a        | n/a       
Model 9    | 0.2469     | 0.614      | 0.565      | n/a        | n/a        | n/a       
Ensemble (FCFW) | -0.0010    | 0.169      | 0.078      | n/a        | n/a        | n/a       
Saving results to out/hpo/hopfield_20q_p1_b20_20260605_220450/trials/trial_0052/results.csv...
Experiment: Boosting on Hopfield (20q, 1p)
Configuration:
  train_samples: 1000
  data_seed: 42
  n_samples: 400
  n_models: 10
  learning_rate: 0.02619295231969749
  epochs_per_step: 400
  caching_level: none
  ensemble_samples_coeff: 1.0
  init_baseline: covariance
  init_later: random
  lambda_dual: 1.0
  lambda_schedule: {'type': 'frank_wolfe', 'gamma': 1.0, 'tau': 1.0}
  n_ops: 1024
  weight_strategy: frank_wolfe
  alpha_n_grid: 11
  alpha_objective_weight: 0.5
  baseline: none
  shots: 1000
  final_eval_sampling: True
  dataset_metrics: True
  exact_metrics: {'enabled': True, 'max_qubits': 20, 'phases': {'baseline': True, 'steps': False, 'final': True, 'per_model': True, 'fcfw': True}}
  keep_models_for_diagnosis: True
  stop_on_reject: False
  save_circuit_artifacts: False
  rng_seed: 42
  circuit_config: {'topology': 'aachen_heavy_hex', 'distance': 2, 'max_weight': 2, 'n_ancilla': 0}
  turbo: 10
  dynamic_is_within_shell: shell_uniform
  exact_sampling: True
  acceptance_metric: training_mmd
  skip_sampling: True
  report_fcfw: True
  dynamic_is: True
  dynamic_is_beta: 0.022344432933048348
  sigma: [0.6149685011704772]
  require_exact_sampling: True
================================================================================
Saving config to out/hpo/hopfield_20q_p1_b20_20260605_220450/trials/trial_0053/config.json...
Gate structure: Qubits: 20
Aachen heavy-hex topology: 39 parameters
one_qubit=20, two_qubit=19
Using Gaussian Kernel (n_ops=1024, n_qubits=20):
  - sigma=0.61496850
Expected sampled operator size:
  - p=7.334251, std=2.155154
  mean: 7.334251
  std: 2.155154
Baselines enabled: 

Training ensemble Model 0 (400 epochs)...
Training has not converged after 400 steps
Model 0 final loss: 0.123975
  [Step 0/9] train_MMD=0.1229 alpha_opt=1.0000 oracle_top1_TVD=0.6977

[Step 1] Training Model 1...
  lambda_dual: 0.5000
Training has not converged after 400 steps
  Weighting: frank_wolfe alpha = 0.5000
  [Step 1/9] train_MMD=0.0291 alpha_opt=0.5000 oracle_top2_TVD=0.3954
  [OK] MMD improved (delta=+0.093831)
  SNR (proxy): 2.61 (mean_norm=0.0422, std_norm=0.0162)

[Step 2] Training Model 2...
  lambda_dual: 0.6667
Training has not converged after 400 steps
  Weighting: frank_wolfe alpha = 0.3333
  [Step 2/9] train_MMD=0.0652 alpha_opt=0.3333 oracle_top3_TVD=0.3886
  [WARNING] MMD worsened but kept (diagnostic, delta=-0.036140)
  SNR (proxy): 7.68 (mean_norm=0.0193, std_norm=0.0025)

[Step 3] Training Model 3...
  lambda_dual: 0.7500
Training has not converged after 400 steps
  Weighting: frank_wolfe alpha = 0.2500
  [Step 3/9] train_MMD=0.0700 alpha_opt=0.2500 oracle_top4_TVD=0.3818
  [WARNING] MMD worsened but kept (diagnostic, delta=-0.004788)
  SNR (proxy): 8.14 (mean_norm=0.0000, std_norm=0.0000)

[Step 4] Training Model 4...
  lambda_dual: 0.8000
Training has not converged after 400 steps
  Weighting: frank_wolfe alpha = 0.2000
  [Step 4/9] train_MMD=0.0054 alpha_opt=0.2000 oracle_top5_TVD=0.3751
  [OK] MMD improved (delta=+0.064632)
  SNR (proxy): 9.62 (mean_norm=0.0000, std_norm=0.0000)

[Step 5] Training Model 5...
  lambda_dual: 0.8333
Training has not converged after 400 steps
  Weighting: frank_wolfe alpha = 0.1667
  [Step 5/9] train_MMD=0.0042 alpha_opt=0.1667 oracle_top6_TVD=0.3683
  [OK] MMD improved (delta=+0.001133)
  SNR (proxy): 6.61 (mean_norm=0.0278, std_norm=0.0042)

[Step 6] Training Model 6...
  lambda_dual: 0.8571
Training has not converged after 400 steps
  Weighting: frank_wolfe alpha = 0.1429
  [Step 6/9] train_MMD=0.0013 alpha_opt=0.1429 oracle_top7_TVD=0.3615
  [OK] MMD improved (delta=+0.002917)
  SNR (proxy): 5.45 (mean_norm=0.0695, std_norm=0.0128)

[Step 7] Training Model 7...
  lambda_dual: 0.8750
Training has not converged after 400 steps
  Weighting: frank_wolfe alpha = 0.1250
  [Step 7/9] train_MMD=0.0036 alpha_opt=0.1250 oracle_top8_TVD=0.3548
  [WARNING] MMD worsened but kept (diagnostic, delta=-0.002271)
  SNR (proxy): 9.30 (mean_norm=0.0154, std_norm=0.0017)

[Step 8] Training Model 8...
  lambda_dual: 0.8889
Training has not converged after 400 steps
  Weighting: frank_wolfe alpha = 0.1111
  [Step 8/9] train_MMD=0.0002 alpha_opt=0.1111 oracle_top9_TVD=0.3480
  [OK] MMD improved (delta=+0.003384)
  SNR (proxy): 7.82 (mean_norm=0.0565, std_norm=0.0072)

[Step 9] Training Model 9...
  lambda_dual: 0.9000
Training has not converged after 400 steps
  Weighting: frank_wolfe alpha = 0.1000
  [Step 9/9] train_MMD=0.0025 alpha_opt=0.1000 oracle_top10_TVD=0.3413
  [WARNING] MMD worsened but kept (diagnostic, delta=-0.002257)
  SNR (proxy): 3.87 (mean_norm=0.0117, std_norm=0.0030)

Final: 10 models, MMD=0.0009 (delta=+0.1220) F1=nan

[FCFW] Computing Fully Corrective Frank-Wolfe weights for final ensemble...
  Weighting: fully corrective QP weights = [0.1765, 0.0446, 0.0025, 0.0697, 0.0000, 0.2233, 0.1082, 0.1185, 0.1695, 0.0871]
  FCFW Sampled MMD^2: -0.000742
  FCFW Sampled TVD:   0.2017

FINAL MODEL COMPARISON (inc. FCFW)
Model      | MMD        | TVD        | TVD*       | Valid      | Cover      | F1        
----------------------------------------------------------------------------------------
Baseline   | 0.1229     | n/a        | n/a        | n/a        | n/a        | n/a       
Ensemble   | 0.0009     | 0.249      | 0.189      | n/a        | n/a        | n/a       
Model 0    | 0.1238     | 0.679      | 0.544      | n/a        | n/a        | n/a       
Model 1    | 0.2622     | 0.661      | 0.611      | n/a        | n/a        | n/a       
Model 2    | 0.2316     | 1.000      | 0.988      | n/a        | n/a        | n/a       
Model 3    | 0.5441     | 0.698      | 0.698      | n/a        | n/a        | n/a       
Model 4    | 0.5637     | 0.698      | 0.698      | n/a        | n/a        | n/a       
Model 5    | 0.3257     | 0.629      | 0.571      | n/a        | n/a        | n/a       
Model 6    | 0.1863     | 0.595      | 0.556      | n/a        | n/a        | n/a       
Model 7    | 0.3167     | 0.622      | 0.593      | n/a        | n/a        | n/a       
Model 8    | 0.2666     | 0.602      | 0.538      | n/a        | n/a        | n/a       
Model 9    | 0.2375     | 0.608      | 0.539      | n/a        | n/a        | n/a       
Ensemble (FCFW) | -0.0007    | 0.202      | 0.113      | n/a        | n/a        | n/a       
Saving results to out/hpo/hopfield_20q_p1_b20_20260605_220450/trials/trial_0053/results.csv...
Experiment: Boosting on Hopfield (20q, 1p)
Configuration:
  train_samples: 1000
  data_seed: 42
  n_samples: 400
  n_models: 10
  learning_rate: 0.012534597753982767
  epochs_per_step: 400
  caching_level: none
  ensemble_samples_coeff: 1.0
  init_baseline: covariance
  init_later: random
  lambda_dual: 1.0
  lambda_schedule: {'type': 'frank_wolfe', 'gamma': 1.0, 'tau': 1.0}
  n_ops: 1024
  weight_strategy: frank_wolfe
  alpha_n_grid: 11
  alpha_objective_weight: 0.5
  baseline: none
  shots: 1000
  final_eval_sampling: True
  dataset_metrics: True
  exact_metrics: {'enabled': True, 'max_qubits': 20, 'phases': {'baseline': True, 'steps': False, 'final': True, 'per_model': True, 'fcfw': True}}
  keep_models_for_diagnosis: True
  stop_on_reject: False
  save_circuit_artifacts: False
  rng_seed: 42
  circuit_config: {'topology': 'aachen_heavy_hex', 'distance': 2, 'max_weight': 2, 'n_ancilla': 0}
  turbo: 10
  dynamic_is_within_shell: shell_uniform
  exact_sampling: True
  acceptance_metric: training_mmd
  skip_sampling: True
  report_fcfw: True
  dynamic_is: True
  dynamic_is_beta: 0.027401711399843133
  sigma: [0.6949774854017788]
  require_exact_sampling: True
================================================================================
Saving config to out/hpo/hopfield_20q_p1_b20_20260605_220450/trials/trial_0054/config.json...
Gate structure: Qubits: 20
Aachen heavy-hex topology: 39 parameters
one_qubit=20, two_qubit=19
Using Gaussian Kernel (n_ops=1024, n_qubits=20):
  - sigma=0.69497749
Expected sampled operator size:
  - p=6.448483, std=2.090296
  mean: 6.448483
  std: 2.090296
Baselines enabled: 

Training ensemble Model 0 (400 epochs)...
Training has not converged after 400 steps
Model 0 final loss: 0.136751
  [Step 0/9] train_MMD=0.1337 alpha_opt=1.0000 oracle_top1_TVD=0.6977

[Step 1] Training Model 1...
  lambda_dual: 0.5000
Training has not converged after 400 steps
  Weighting: frank_wolfe alpha = 0.5000
  [Step 1/9] train_MMD=0.0309 alpha_opt=0.5000 oracle_top2_TVD=0.3954
  [OK] MMD improved (delta=+0.102885)
  SNR (proxy): 5.78 (mean_norm=0.0222, std_norm=0.0038)

[Step 2] Training Model 2...
  lambda_dual: 0.6667
Training has not converged after 400 steps
  Weighting: frank_wolfe alpha = 0.3333
  [Step 2/9] train_MMD=0.0582 alpha_opt=0.3333 oracle_top3_TVD=0.3886
  [WARNING] MMD worsened but kept (diagnostic, delta=-0.027312)
  SNR (proxy): 16.49 (mean_norm=0.0999, std_norm=0.0061)

[Step 3] Training Model 3...
  lambda_dual: 0.7500
Training has not converged after 400 steps
  Weighting: frank_wolfe alpha = 0.2500
  [Step 3/9] train_MMD=0.0097 alpha_opt=0.2500 oracle_top4_TVD=0.3818
  [OK] MMD improved (delta=+0.048488)
  SNR (proxy): 7.56 (mean_norm=0.0000, std_norm=0.0000)

[Step 4] Training Model 4...
  lambda_dual: 0.8000
Training has not converged after 400 steps
  Weighting: frank_wolfe alpha = 0.2000
  [Step 4/9] train_MMD=0.0075 alpha_opt=0.2000 oracle_top5_TVD=0.3751
  [OK] MMD improved (delta=+0.002218)
  SNR (proxy): 10.34 (mean_norm=0.0516, std_norm=0.0050)

[Step 5] Training Model 5...
  lambda_dual: 0.8333
Training has not converged after 400 steps
  Weighting: frank_wolfe alpha = 0.1667
  [Step 5/9] train_MMD=0.0028 alpha_opt=0.1667 oracle_top6_TVD=0.3683
  [OK] MMD improved (delta=+0.004636)
  SNR (proxy): 7.46 (mean_norm=0.0696, std_norm=0.0093)

[Step 6] Training Model 6...
  lambda_dual: 0.8571
Training has not converged after 400 steps
  Weighting: frank_wolfe alpha = 0.1429
  [Step 6/9] train_MMD=0.0098 alpha_opt=0.1429 oracle_top7_TVD=0.3615
  [WARNING] MMD worsened but kept (diagnostic, delta=-0.006955)
  SNR (proxy): 7.30 (mean_norm=0.0238, std_norm=0.0033)

[Step 7] Training Model 7...
  lambda_dual: 0.8750
Training has not converged after 400 steps
  Weighting: frank_wolfe alpha = 0.1250
  [Step 7/9] train_MMD=0.0004 alpha_opt=0.1250 oracle_top8_TVD=0.3548
  [OK] MMD improved (delta=+0.009388)
  SNR (proxy): 14.23 (mean_norm=0.0267, std_norm=0.0019)

[Step 8] Training Model 8...
  lambda_dual: 0.8889
Training has not converged after 400 steps
  Weighting: frank_wolfe alpha = 0.1111
  [Step 8/9] train_MMD=0.0031 alpha_opt=0.1111 oracle_top9_TVD=0.3480
  [WARNING] MMD worsened but kept (diagnostic, delta=-0.002687)
  SNR (proxy): 5.19 (mean_norm=0.0093, std_norm=0.0018)

[Step 9] Training Model 9...
  lambda_dual: 0.9000
Training has not converged after 400 steps
  Weighting: frank_wolfe alpha = 0.1000
  [Step 9/9] train_MMD=0.0001 alpha_opt=0.1000 oracle_top10_TVD=0.3413
  [OK] MMD improved (delta=+0.003020)
  SNR (proxy): 7.97 (mean_norm=0.0442, std_norm=0.0055)

Final: 10 models, MMD=-0.0009 (delta=+0.1347) F1=nan

[FCFW] Computing Fully Corrective Frank-Wolfe weights for final ensemble...
  Weighting: fully corrective QP weights = [0.0000, 0.0000, 0.1093, 0.0628, 0.1730, 0.0954, 0.1829, 0.1114, 0.1534, 0.1118]
  FCFW Sampled MMD^2: -0.000943
  FCFW Sampled TVD:   0.1774

FINAL MODEL COMPARISON (inc. FCFW)
Model      | MMD        | TVD        | TVD*       | Valid      | Cover      | F1        
----------------------------------------------------------------------------------------
Baseline   | 0.1337     | n/a        | n/a        | n/a        | n/a        | n/a       
Ensemble   | -0.0009    | 0.201      | 0.100      | n/a        | n/a        | n/a       
Model 0    | 0.1334     | 0.692      | 0.573      | n/a        | n/a        | n/a       
Model 1    | 0.2777     | 0.654      | 0.611      | n/a        | n/a        | n/a       
Model 2    | 0.1374     | 0.753      | 0.657      | n/a        | n/a        | n/a       
Model 3    | 0.5530     | 0.698      | 0.698      | n/a        | n/a        | n/a       
Model 4    | 0.3854     | 0.636      | 0.543      | n/a        | n/a        | n/a       
Model 5    | 0.2741     | 0.607      | 0.542      | n/a        | n/a        | n/a       
Model 6    | 0.1517     | 0.593      | 0.501      | n/a        | n/a        | n/a       
Model 7    | 0.4680     | 0.664      | 0.644      | n/a        | n/a        | n/a       
Model 8    | 0.3552     | 0.603      | 0.539      | n/a        | n/a        | n/a       
Model 9    | 0.2549     | 0.594      | 0.547      | n/a        | n/a        | n/a       
Ensemble (FCFW) | -0.0009    | 0.177      | 0.074      | n/a        | n/a        | n/a       
Saving results to out/hpo/hopfield_20q_p1_b20_20260605_220450/trials/trial_0054/results.csv...
Experiment: Boosting on Hopfield (20q, 1p)
Configuration:
  train_samples: 1000
  data_seed: 42
  n_samples: 400
  n_models: 10
  learning_rate: 0.012812810989660018
  epochs_per_step: 400
  caching_level: none
  ensemble_samples_coeff: 1.0
  init_baseline: covariance
  init_later: random
  lambda_dual: 1.0
  lambda_schedule: {'type': 'frank_wolfe', 'gamma': 1.0, 'tau': 1.0}
  n_ops: 1024
  weight_strategy: frank_wolfe
  alpha_n_grid: 11
  alpha_objective_weight: 0.5
  baseline: none
  shots: 1000
  final_eval_sampling: True
  dataset_metrics: True
  exact_metrics: {'enabled': True, 'max_qubits': 20, 'phases': {'baseline': True, 'steps': False, 'final': True, 'per_model': True, 'fcfw': True}}
  keep_models_for_diagnosis: True
  stop_on_reject: False
  save_circuit_artifacts: False
  rng_seed: 42
  circuit_config: {'topology': 'aachen_heavy_hex', 'distance': 2, 'max_weight': 2, 'n_ancilla': 0}
  turbo: 10
  dynamic_is_within_shell: shell_uniform
  exact_sampling: True
  acceptance_metric: training_mmd
  skip_sampling: True
  report_fcfw: True
  dynamic_is: True
  dynamic_is_beta: 0.026851276874840915
  sigma: [0.6984215626820014]
  require_exact_sampling: True
================================================================================
Saving config to out/hpo/hopfield_20q_p1_b20_20260605_220450/trials/trial_0055/config.json...
Gate structure: Qubits: 20
Aachen heavy-hex topology: 39 parameters
one_qubit=20, two_qubit=19
Using Gaussian Kernel (n_ops=1024, n_qubits=20):
  - sigma=0.69842156
Expected sampled operator size:
  - p=6.412127, std=2.087189
  mean: 6.412127
  std: 2.087189
Baselines enabled: 

Training ensemble Model 0 (400 epochs)...
Training has not converged after 400 steps
Model 0 final loss: 0.136804
  [Step 0/9] train_MMD=0.1335 alpha_opt=1.0000 oracle_top1_TVD=0.6977

[Step 1] Training Model 1...
  lambda_dual: 0.5000
Training has not converged after 400 steps
  Weighting: frank_wolfe alpha = 0.5000
  [Step 1/9] train_MMD=0.0304 alpha_opt=0.5000 oracle_top2_TVD=0.3954
  [OK] MMD improved (delta=+0.103136)
  SNR (proxy): 3.05 (mean_norm=0.0294, std_norm=0.0096)

[Step 2] Training Model 2...
  lambda_dual: 0.6667
Training has not converged after 400 steps
  Weighting: frank_wolfe alpha = 0.3333
  [Step 2/9] train_MMD=0.0579 alpha_opt=0.3333 oracle_top3_TVD=0.3886
  [WARNING] MMD worsened but kept (diagnostic, delta=-0.027558)
  SNR (proxy): 5.82 (mean_norm=0.0683, std_norm=0.0117)

[Step 3] Training Model 3...
  lambda_dual: 0.7500
Training has not converged after 400 steps
  Weighting: frank_wolfe alpha = 0.2500
  [Step 3/9] train_MMD=0.0063 alpha_opt=0.2500 oracle_top4_TVD=0.3818
  [OK] MMD improved (delta=+0.051669)
  SNR (proxy): 38.93 (mean_norm=0.0000, std_norm=0.0000)

[Step 4] Training Model 4...
  lambda_dual: 0.8000
Training has not converged after 400 steps
  Weighting: frank_wolfe alpha = 0.2000
  [Step 4/9] train_MMD=0.0073 alpha_opt=0.2000 oracle_top5_TVD=0.3751
  [WARNING] MMD worsened but kept (diagnostic, delta=-0.001084)
  SNR (proxy): 7.40 (mean_norm=0.0559, std_norm=0.0076)

[Step 5] Training Model 5...
  lambda_dual: 0.8333
Training has not converged after 400 steps
  Weighting: frank_wolfe alpha = 0.1667
  [Step 5/9] train_MMD=0.0026 alpha_opt=0.1667 oracle_top6_TVD=0.3683
  [OK] MMD improved (delta=+0.004747)
  SNR (proxy): 12.38 (mean_norm=0.0746, std_norm=0.0060)

[Step 6] Training Model 6...
  lambda_dual: 0.8571
Training has not converged after 400 steps
  Weighting: frank_wolfe alpha = 0.1429
  [Step 6/9] train_MMD=0.0097 alpha_opt=0.1429 oracle_top7_TVD=0.3615
  [WARNING] MMD worsened but kept (diagnostic, delta=-0.007110)
  SNR (proxy): 5.55 (mean_norm=0.0182, std_norm=0.0033)

[Step 7] Training Model 7...
  lambda_dual: 0.8750
Training has not converged after 400 steps
  Weighting: frank_wolfe alpha = 0.1250
  [Step 7/9] train_MMD=0.0002 alpha_opt=0.1250 oracle_top8_TVD=0.3548
  [OK] MMD improved (delta=+0.009468)
  SNR (proxy): 10.16 (mean_norm=0.0355, std_norm=0.0035)

[Step 8] Training Model 8...
  lambda_dual: 0.8889
Training has not converged after 400 steps
  Weighting: frank_wolfe alpha = 0.1111
  [Step 8/9] train_MMD=0.0030 alpha_opt=0.1111 oracle_top9_TVD=0.3480
  [WARNING] MMD worsened but kept (diagnostic, delta=-0.002763)
  SNR (proxy): 5.93 (mean_norm=0.0081, std_norm=0.0014)

[Step 9] Training Model 9...
  lambda_dual: 0.9000
Training has not converged after 400 steps
  Weighting: frank_wolfe alpha = 0.1000
  [Step 9/9] train_MMD=0.0001 alpha_opt=0.1000 oracle_top10_TVD=0.3413
  [OK] MMD improved (delta=+0.002950)
  SNR (proxy): 9.30 (mean_norm=0.0450, std_norm=0.0048)

Final: 10 models, MMD=-0.0009 (delta=+0.1344) F1=nan

[FCFW] Computing Fully Corrective Frank-Wolfe weights for final ensemble...
  Weighting: fully corrective QP weights = [0.0209, 0.0000, 0.1217, 0.0508, 0.1359, 0.1493, 0.1642, 0.1692, 0.1156, 0.0725]
  FCFW Sampled MMD^2: 0.001180
  FCFW Sampled TVD:   0.1870

FINAL MODEL COMPARISON (inc. FCFW)
Model      | MMD        | TVD        | TVD*       | Valid      | Cover      | F1        
----------------------------------------------------------------------------------------
Baseline   | 0.1335     | n/a        | n/a        | n/a        | n/a        | n/a       
Ensemble   | -0.0009    | 0.194      | 0.092      | n/a        | n/a        | n/a       
Model 0    | 0.1335     | 0.698      | 0.570      | n/a        | n/a        | n/a       
Model 1    | 0.2494     | 0.654      | 0.613      | n/a        | n/a        | n/a       
Model 2    | 0.1354     | 0.682      | 0.559      | n/a        | n/a        | n/a       
Model 3    | 0.5526     | 0.698      | 0.698      | n/a        | n/a        | n/a       
Model 4    | 0.3238     | 0.602      | 0.524      | n/a        | n/a        | n/a       
Model 5    | 0.2654     | 0.615      | 0.535      | n/a        | n/a        | n/a       
Model 6    | 0.1764     | 0.579      | 0.503      | n/a        | n/a        | n/a       
Model 7    | 0.4408     | 0.650      | 0.632      | n/a        | n/a        | n/a       
Model 8    | 0.3234     | 0.608      | 0.524      | n/a        | n/a        | n/a       
Model 9    | 0.2643     | 0.601      | 0.550      | n/a        | n/a        | n/a       
Ensemble (FCFW) | 0.0012     | 0.187      | 0.072      | n/a        | n/a        | n/a       
Saving results to out/hpo/hopfield_20q_p1_b20_20260605_220450/trials/trial_0055/results.csv...
Experiment: Boosting on Hopfield (20q, 1p)
Configuration:
  train_samples: 1000
  data_seed: 42
  n_samples: 400
  n_models: 10
  learning_rate: 0.013374013226815027
  epochs_per_step: 400
  caching_level: none
  ensemble_samples_coeff: 1.0
  init_baseline: covariance
  init_later: random
  lambda_dual: 1.0
  lambda_schedule: {'type': 'frank_wolfe', 'gamma': 0.5, 'tau': 1.0}
  n_ops: 1024
  weight_strategy: frank_wolfe
  alpha_n_grid: 11
  alpha_objective_weight: 0.5
  baseline: none
  shots: 1000
  final_eval_sampling: True
  dataset_metrics: True
  exact_metrics: {'enabled': True, 'max_qubits': 20, 'phases': {'baseline': True, 'steps': False, 'final': True, 'per_model': True, 'fcfw': True}}
  keep_models_for_diagnosis: True
  stop_on_reject: False
  save_circuit_artifacts: False
  rng_seed: 42
  circuit_config: {'topology': 'aachen_heavy_hex', 'distance': 2, 'max_weight': 2, 'n_ancilla': 0}
  turbo: 10
  dynamic_is_within_shell: shell_uniform
  exact_sampling: True
  acceptance_metric: training_mmd
  skip_sampling: True
  report_fcfw: True
  dynamic_is: True
  dynamic_is_beta: 0.02786694639461066
  sigma: [0.5720902511046642]
  require_exact_sampling: True
================================================================================
Saving config to out/hpo/hopfield_20q_p1_b20_20260605_220450/trials/trial_0056/config.json...
Gate structure: Qubits: 20
Aachen heavy-hex topology: 39 parameters
one_qubit=20, two_qubit=19
Using Gaussian Kernel (n_ops=1024, n_qubits=20):
  - sigma=0.57209025
Expected sampled operator size:
  - p=7.829679, std=2.182770
  mean: 7.829679
  std: 2.182770
Baselines enabled: 

Training ensemble Model 0 (400 epochs)...
Training has not converged after 400 steps
Model 0 final loss: 0.112806
  [Step 0/9] train_MMD=0.1126 alpha_opt=1.0000 oracle_top1_TVD=0.6977

[Step 1] Training Model 1...
  lambda_dual: 0.7500
Training has not converged after 400 steps
  Weighting: frank_wolfe alpha = 0.2500
  [Step 1/9] train_MMD=0.0181 alpha_opt=0.2500 oracle_top2_TVD=0.3954
  [OK] MMD improved (delta=+0.094460)
  SNR (proxy): 15.74 (mean_norm=0.0000, std_norm=0.0000)

[Step 2] Training Model 2...
  lambda_dual: 0.8333
Training has not converged after 400 steps
  Weighting: frank_wolfe alpha = 0.1667
  [Step 2/9] train_MMD=0.0176 alpha_opt=0.1667 oracle_top3_TVD=0.3886
  [OK] MMD improved (delta=+0.000524)
  SNR (proxy): 9.35 (mean_norm=0.0009, std_norm=0.0001)

[Step 3] Training Model 3...
  lambda_dual: 0.8750
Training has not converged after 400 steps
  Weighting: frank_wolfe alpha = 0.1250
  [Step 3/9] train_MMD=0.0307 alpha_opt=0.1250 oracle_top4_TVD=0.3818
  [WARNING] MMD worsened but kept (diagnostic, delta=-0.013105)
  SNR (proxy): 9.97 (mean_norm=0.0225, std_norm=0.0023)

[Step 4] Training Model 4...
  lambda_dual: 0.9000
Training has not converged after 400 steps
  Weighting: frank_wolfe alpha = 0.1000
  [Step 4/9] train_MMD=0.0308 alpha_opt=0.1000 oracle_top5_TVD=0.3751
  [WARNING] MMD worsened but kept (diagnostic, delta=-0.000170)
  SNR (proxy): 11.89 (mean_norm=0.0457, std_norm=0.0038)

[Step 5] Training Model 5...
  lambda_dual: 0.9167
Training has not converged after 400 steps
  Weighting: frank_wolfe alpha = 0.0833
  [Step 5/9] train_MMD=0.0319 alpha_opt=0.0833 oracle_top6_TVD=0.3683
  [WARNING] MMD worsened but kept (diagnostic, delta=-0.001088)
  SNR (proxy): 9.96 (mean_norm=0.0376, std_norm=0.0038)

[Step 6] Training Model 6...
  lambda_dual: 0.9286
Training has not converged after 400 steps
  Weighting: frank_wolfe alpha = 0.0714
  [Step 6/9] train_MMD=0.0369 alpha_opt=0.0714 oracle_top7_TVD=0.3615
  [WARNING] MMD worsened but kept (diagnostic, delta=-0.004992)
  SNR (proxy): 6.82 (mean_norm=0.0122, std_norm=0.0018)

[Step 7] Training Model 7...
  lambda_dual: 0.9375
Training has not converged after 400 steps
  Weighting: frank_wolfe alpha = 0.0625
  [Step 7/9] train_MMD=0.0463 alpha_opt=0.0625 oracle_top8_TVD=0.3548
  [WARNING] MMD worsened but kept (diagnostic, delta=-0.009352)
  SNR (proxy): 6.59 (mean_norm=0.0138, std_norm=0.0021)

[Step 8] Training Model 8...
  lambda_dual: 0.9444
Training has not converged after 400 steps
  Weighting: frank_wolfe alpha = 0.0556
  [Step 8/9] train_MMD=0.0459 alpha_opt=0.0556 oracle_top9_TVD=0.3480
  [OK] MMD improved (delta=+0.000396)
  SNR (proxy): 5.95 (mean_norm=0.0000, std_norm=0.0000)

[Step 9] Training Model 9...
  lambda_dual: 0.9500
Training has not converged after 400 steps
  Weighting: frank_wolfe alpha = 0.0500
  [Step 9/9] train_MMD=0.0312 alpha_opt=0.0500 oracle_top10_TVD=0.3413
  [OK] MMD improved (delta=+0.014699)
  SNR (proxy): 13.88 (mean_norm=0.0000, std_norm=0.0000)

Final: 10 models, MMD=0.0380 (delta=+0.0746) F1=nan

[FCFW] Computing Fully Corrective Frank-Wolfe weights for final ensemble...
  Weighting: fully corrective QP weights = [0.2803, 0.0850, 0.0850, 0.0000, 0.1236, 0.0932, 0.0000, 0.0000, 0.0850, 0.2477]
  FCFW Sampled MMD^2: -0.000516
  FCFW Sampled TVD:   0.2480

FINAL MODEL COMPARISON (inc. FCFW)
Model      | MMD        | TVD        | TVD*       | Valid      | Cover      | F1        
----------------------------------------------------------------------------------------
Baseline   | 0.1126     | n/a        | n/a        | n/a        | n/a        | n/a       
Ensemble   | 0.0380     | 0.455      | 0.345      | n/a        | n/a        | n/a       
Model 0    | 0.1121     | 0.636      | 0.537      | n/a        | n/a        | n/a       
Model 1    | 0.5698     | 0.698      | 0.698      | n/a        | n/a        | n/a       
Model 2    | 0.5698     | 0.698      | 0.698      | n/a        | n/a        | n/a       
Model 3    | 0.2214     | 1.000      | 0.990      | n/a        | n/a        | n/a       
Model 4    | 0.1359     | 0.679      | 0.704      | n/a        | n/a        | n/a       
Model 5    | 0.1613     | 0.655      | 0.570      | n/a        | n/a        | n/a       
Model 6    | 0.2213     | 1.000      | 0.989      | n/a        | n/a        | n/a       
Model 7    | 0.2212     | 1.000      | 0.991      | n/a        | n/a        | n/a       
Model 8    | 0.5698     | 0.698      | 0.698      | n/a        | n/a        | n/a       
Model 9    | 0.5481     | 0.698      | 0.698      | n/a        | n/a        | n/a       
Ensemble (FCFW) | -0.0005    | 0.248      | 0.184      | n/a        | n/a        | n/a       
Saving results to out/hpo/hopfield_20q_p1_b20_20260605_220450/trials/trial_0056/results.csv...
Experiment: Boosting on Hopfield (20q, 1p)
Configuration:
  train_samples: 1000
  data_seed: 42
  n_samples: 400
  n_models: 10
  learning_rate: 0.02007213978558526
  epochs_per_step: 400
  caching_level: none
  ensemble_samples_coeff: 1.0
  init_baseline: covariance
  init_later: random
  lambda_dual: 1.0
  lambda_schedule: {'type': 'frank_wolfe', 'gamma': 1.0, 'tau': 1.0}
  n_ops: 1024
  weight_strategy: frank_wolfe
  alpha_n_grid: 11
  alpha_objective_weight: 0.5
  baseline: none
  shots: 1000
  final_eval_sampling: True
  dataset_metrics: True
  exact_metrics: {'enabled': True, 'max_qubits': 20, 'phases': {'baseline': True, 'steps': False, 'final': True, 'per_model': True, 'fcfw': True}}
  keep_models_for_diagnosis: True
  stop_on_reject: False
  save_circuit_artifacts: False
  rng_seed: 42
  circuit_config: {'topology': 'aachen_heavy_hex', 'distance': 2, 'max_weight': 2, 'n_ancilla': 0}
  turbo: 10
  dynamic_is_within_shell: shell_uniform
  exact_sampling: True
  acceptance_metric: training_mmd
  skip_sampling: True
  report_fcfw: True
  dynamic_is: True
  dynamic_is_beta: 0.024551097427653712
  sigma: [0.777926757323618, 0.5876960639617063]
  require_exact_sampling: True
================================================================================
Saving config to out/hpo/hopfield_20q_p1_b20_20260605_220450/trials/trial_0057/config.json...
Gate structure: Qubits: 20
Aachen heavy-hex topology: 39 parameters
one_qubit=20, two_qubit=19
Using Gaussian Kernel (n_ops=1024, n_qubits=20):
  - sigma=0.77792676
  - sigma=0.58769606
Expected sampled operator size:
  - p=5.622967, std=2.010492
  - p=7.648785, std=2.173382
  mean: 6.635876
  std: 2.325687
Baselines enabled: 

Training ensemble Model 0 (400 epochs)...
Training has not converged after 400 steps
Model 0 final loss: 0.131267
  [Step 0/9] train_MMD=0.1279 alpha_opt=1.0000 oracle_top1_TVD=0.6977

[Step 1] Training Model 1...
  lambda_dual: 0.5000
Training has not converged after 400 steps
  Weighting: frank_wolfe alpha = 0.5000
  [Step 1/9] train_MMD=0.0351 alpha_opt=0.5000 oracle_top2_TVD=0.3954
  [OK] MMD improved (delta=+0.092823)
  SNR (proxy): 7.54 (mean_norm=0.0615, std_norm=0.0082)

[Step 2] Training Model 2...
  lambda_dual: 0.6667
Training has not converged after 400 steps
  Weighting: frank_wolfe alpha = 0.3333
  [Step 2/9] train_MMD=0.0111 alpha_opt=0.3333 oracle_top3_TVD=0.3886
  [OK] MMD improved (delta=+0.024009)
  SNR (proxy): 11.76 (mean_norm=0.0936, std_norm=0.0080)

[Step 3] Training Model 3...
  lambda_dual: 0.7500
Training has not converged after 400 steps
  Weighting: frank_wolfe alpha = 0.2500
  [Step 3/9] train_MMD=0.0130 alpha_opt=0.2500 oracle_top4_TVD=0.3818
  [WARNING] MMD worsened but kept (diagnostic, delta=-0.001955)
  SNR (proxy): 7.55 (mean_norm=0.0144, std_norm=0.0019)

[Step 4] Training Model 4...
  lambda_dual: 0.8000
Training has not converged after 400 steps
  Weighting: frank_wolfe alpha = 0.2000
  [Step 4/9] train_MMD=0.0019 alpha_opt=0.2000 oracle_top5_TVD=0.3751
  [OK] MMD improved (delta=+0.011154)
  SNR (proxy): 10.46 (mean_norm=0.0716, std_norm=0.0068)

[Step 5] Training Model 5...
  lambda_dual: 0.8333
Training has not converged after 400 steps
  Weighting: frank_wolfe alpha = 0.1667
  [Step 5/9] train_MMD=0.0046 alpha_opt=0.1667 oracle_top6_TVD=0.3683
  [WARNING] MMD worsened but kept (diagnostic, delta=-0.002705)
  SNR (proxy): 5.10 (mean_norm=0.0348, std_norm=0.0068)

[Step 6] Training Model 6...
  lambda_dual: 0.8571
Training has not converged after 400 steps
  Weighting: frank_wolfe alpha = 0.1429
  [Step 6/9] train_MMD=0.0113 alpha_opt=0.1429 oracle_top7_TVD=0.3615
  [WARNING] MMD worsened but kept (diagnostic, delta=-0.006763)
  SNR (proxy): 9.62 (mean_norm=0.0243, std_norm=0.0025)

[Step 7] Training Model 7...
  lambda_dual: 0.8750
Training has not converged after 400 steps
  Weighting: frank_wolfe alpha = 0.1250
  [Step 7/9] train_MMD=0.0044 alpha_opt=0.1250 oracle_top8_TVD=0.3548
  [OK] MMD improved (delta=+0.006968)
  SNR (proxy): 27.69 (mean_norm=0.0000, std_norm=0.0000)

[Step 8] Training Model 8...
  lambda_dual: 0.8889
Training has not converged after 400 steps
  Weighting: frank_wolfe alpha = 0.1111
  [Step 8/9] train_MMD=0.0029 alpha_opt=0.1111 oracle_top9_TVD=0.3480
  [OK] MMD improved (delta=+0.001501)
  SNR (proxy): 28.39 (mean_norm=0.0013, std_norm=0.0000)

[Step 9] Training Model 9...
  lambda_dual: 0.9000
Training has not converged after 400 steps
  Weighting: frank_wolfe alpha = 0.1000
  [Step 9/9] train_MMD=0.0007 alpha_opt=0.1000 oracle_top10_TVD=0.3413
  [OK] MMD improved (delta=+0.002138)
  SNR (proxy): 11.67 (mean_norm=0.0408, std_norm=0.0035)

Final: 10 models, MMD=-0.0004 (delta=+0.1283) F1=nan

[FCFW] Computing Fully Corrective Frank-Wolfe weights for final ensemble...
  Weighting: fully corrective QP weights = [0.0000, 0.0000, 0.3564, 0.2188, 0.0391, 0.2616, 0.0298, 0.0760, 0.0034, 0.0148]
  FCFW Sampled MMD^2: -0.000760
  FCFW Sampled TVD:   0.1887

FINAL MODEL COMPARISON (inc. FCFW)
Model      | MMD        | TVD        | TVD*       | Valid      | Cover      | F1        
----------------------------------------------------------------------------------------
Baseline   | 0.1279     | n/a        | n/a        | n/a        | n/a        | n/a       
Ensemble   | -0.0004    | 0.229      | 0.175      | n/a        | n/a        | n/a       
Model 0    | 0.1272     | 0.699      | 0.568      | n/a        | n/a        | n/a       
Model 1    | 0.3086     | 0.668      | 0.628      | n/a        | n/a        | n/a       
Model 2    | 0.2121     | 0.581      | 0.515      | n/a        | n/a        | n/a       
Model 3    | 0.3250     | 0.622      | 0.576      | n/a        | n/a        | n/a       
Model 4    | 0.3303     | 0.662      | 0.635      | n/a        | n/a        | n/a       
Model 5    | 0.2163     | 0.587      | 0.506      | n/a        | n/a        | n/a       
Model 6    | 0.2160     | 0.954      | 0.881      | n/a        | n/a        | n/a       
Model 7    | 0.5388     | 0.698      | 0.698      | n/a        | n/a        | n/a       
Model 8    | 0.5460     | 0.691      | 0.693      | n/a        | n/a        | n/a       
Model 9    | 0.2517     | 0.595      | 0.557      | n/a        | n/a        | n/a       
Ensemble (FCFW) | -0.0008    | 0.189      | 0.095      | n/a        | n/a        | n/a       
Saving results to out/hpo/hopfield_20q_p1_b20_20260605_220450/trials/trial_0057/results.csv...
Experiment: Boosting on Hopfield (20q, 1p)
Configuration:
  train_samples: 1000
  data_seed: 42
  n_samples: 400
  n_models: 10
  learning_rate: 0.010466587693237531
  epochs_per_step: 400
  caching_level: none
  ensemble_samples_coeff: 1.0
  init_baseline: covariance
  init_later: random
  lambda_dual: 1.0
  lambda_schedule: {'type': 'frank_wolfe', 'gamma': 0.25, 'tau': 1.0}
  n_ops: 1024
  weight_strategy: frank_wolfe
  alpha_n_grid: 11
  alpha_objective_weight: 0.5
  baseline: none
  shots: 1000
  final_eval_sampling: True
  dataset_metrics: True
  exact_metrics: {'enabled': True, 'max_qubits': 20, 'phases': {'baseline': True, 'steps': False, 'final': True, 'per_model': True, 'fcfw': True}}
  keep_models_for_diagnosis: True
  stop_on_reject: False
  save_circuit_artifacts: False
  rng_seed: 42
  circuit_config: {'topology': 'aachen_heavy_hex', 'distance': 2, 'max_weight': 2, 'n_ancilla': 0}
  turbo: 10
  dynamic_is_within_shell: shell_uniform
  exact_sampling: True
  acceptance_metric: training_mmd
  skip_sampling: True
  report_fcfw: True
  dynamic_is: True
  dynamic_is_beta: 0.02619867797525598
  sigma: [0.6485894606909636]
  require_exact_sampling: True
================================================================================
Saving config to out/hpo/hopfield_20q_p1_b20_20260605_220450/trials/trial_0058/config.json...
Gate structure: Qubits: 20
Aachen heavy-hex topology: 39 parameters
one_qubit=20, two_qubit=19
Using Gaussian Kernel (n_ops=1024, n_qubits=20):
  - sigma=0.64858946
Expected sampled operator size:
  - p=6.953479, std=2.129774
  mean: 6.953479
  std: 2.129774
Baselines enabled: 

Training ensemble Model 0 (400 epochs)...
Training has not converged after 400 steps
Model 0 final loss: 0.122595
  [Step 0/9] train_MMD=0.1235 alpha_opt=1.0000 oracle_top1_TVD=0.6977

[Step 1] Training Model 1...
  lambda_dual: 0.8750
Training has not converged after 400 steps
  Weighting: frank_wolfe alpha = 0.1250
  [Step 1/9] train_MMD=0.0539 alpha_opt=0.1250 oracle_top2_TVD=0.3954
  [OK] MMD improved (delta=+0.069539)
  SNR (proxy): 11.75 (mean_norm=0.0000, std_norm=0.0000)

[Step 2] Training Model 2...
  lambda_dual: 0.9167
Training has not converged after 400 steps
  Weighting: frank_wolfe alpha = 0.0833
  [Step 2/9] train_MMD=0.0310 alpha_opt=0.0833 oracle_top3_TVD=0.3886
  [OK] MMD improved (delta=+0.022862)
  SNR (proxy): 8.28 (mean_norm=0.0000, std_norm=0.0000)

[Step 3] Training Model 3...
  lambda_dual: 0.9375
Training has not converged after 400 steps
  Weighting: frank_wolfe alpha = 0.0625
  [Step 3/9] train_MMD=0.0199 alpha_opt=0.0625 oracle_top4_TVD=0.3818
  [OK] MMD improved (delta=+0.011186)
  SNR (proxy): 10.66 (mean_norm=0.0000, std_norm=0.0000)

[Step 4] Training Model 4...
  lambda_dual: 0.9500
Training has not converged after 400 steps
  Weighting: frank_wolfe alpha = 0.0500
  [Step 4/9] train_MMD=0.0230 alpha_opt=0.0500 oracle_top5_TVD=0.3751
  [WARNING] MMD worsened but kept (diagnostic, delta=-0.003123)
  SNR (proxy): 9.65 (mean_norm=0.0181, std_norm=0.0019)

[Step 5] Training Model 5...
  lambda_dual: 0.9583
Training has not converged after 400 steps
  Weighting: frank_wolfe alpha = 0.0417
  [Step 5/9] train_MMD=0.0245 alpha_opt=0.0417 oracle_top6_TVD=0.3683
  [WARNING] MMD worsened but kept (diagnostic, delta=-0.001558)
  SNR (proxy): 8.12 (mean_norm=0.0167, std_norm=0.0021)

[Step 6] Training Model 6...
  lambda_dual: 0.9643
Training has not converged after 400 steps
  Weighting: frank_wolfe alpha = 0.0357
  [Step 6/9] train_MMD=0.0222 alpha_opt=0.0357 oracle_top7_TVD=0.3615
  [OK] MMD improved (delta=+0.002330)
  SNR (proxy): 12.63 (mean_norm=0.0000, std_norm=0.0000)

[Step 7] Training Model 7...
  lambda_dual: 0.9688
Training has not converged after 400 steps
  Weighting: frank_wolfe alpha = 0.0312
  [Step 7/9] train_MMD=0.0248 alpha_opt=0.0312 oracle_top8_TVD=0.3548
  [WARNING] MMD worsened but kept (diagnostic, delta=-0.002613)
  SNR (proxy): 16.08 (mean_norm=0.0000, std_norm=0.0000)

[Step 8] Training Model 8...
  lambda_dual: 0.9722
Training has not converged after 400 steps
  Weighting: frank_wolfe alpha = 0.0278
  [Step 8/9] train_MMD=0.0191 alpha_opt=0.0278 oracle_top9_TVD=0.3480
  [OK] MMD improved (delta=+0.005754)
  SNR (proxy): 12.13 (mean_norm=0.0000, std_norm=0.0000)

[Step 9] Training Model 9...
  lambda_dual: 0.9750
Training has not converged after 400 steps
  Weighting: frank_wolfe alpha = 0.0250
  [Step 9/9] train_MMD=0.0240 alpha_opt=0.0250 oracle_top10_TVD=0.3413
  [WARNING] MMD worsened but kept (diagnostic, delta=-0.004952)
  SNR (proxy): 13.13 (mean_norm=0.0000, std_norm=0.0000)

Final: 10 models, MMD=0.0219 (delta=+0.1016) F1=nan

[FCFW] Computing Fully Corrective Frank-Wolfe weights for final ensemble...
  Weighting: fully corrective QP weights = [0.6825, 0.0454, 0.0454, 0.0454, 0.0000, 0.0000, 0.0454, 0.0454, 0.0454, 0.0454]
  FCFW Sampled MMD^2: 0.016522
  FCFW Sampled TVD:   0.3981

FINAL MODEL COMPARISON (inc. FCFW)
Model      | MMD        | TVD        | TVD*       | Valid      | Cover      | F1        
----------------------------------------------------------------------------------------
Baseline   | 0.1235     | n/a        | n/a        | n/a        | n/a        | n/a       
Ensemble   | 0.0219     | 0.415      | 0.356      | n/a        | n/a        | n/a       
Model 0    | 0.1221     | 0.610      | 0.539      | n/a        | n/a        | n/a       
Model 1    | 0.5591     | 0.698      | 0.698      | n/a        | n/a        | n/a       
Model 2    | 0.5591     | 0.698      | 0.698      | n/a        | n/a        | n/a       
Model 3    | 0.5591     | 0.698      | 0.698      | n/a        | n/a        | n/a       
Model 4    | 0.2376     | 1.000      | 0.971      | n/a        | n/a        | n/a       
Model 5    | 0.2394     | 1.000      | 0.974      | n/a        | n/a        | n/a       
Model 6    | 0.5591     | 0.698      | 0.698      | n/a        | n/a        | n/a       
Model 7    | 0.5591     | 0.698      | 0.698      | n/a        | n/a        | n/a       
Model 8    | 0.5591     | 0.698      | 0.698      | n/a        | n/a        | n/a       
Model 9    | 0.5591     | 0.698      | 0.698      | n/a        | n/a        | n/a       
Ensemble (FCFW) | 0.0165     | 0.398      | 0.333      | n/a        | n/a        | n/a       
Saving results to out/hpo/hopfield_20q_p1_b20_20260605_220450/trials/trial_0058/results.csv...
Experiment: Boosting on Hopfield (20q, 1p)
Configuration:
  train_samples: 1000
  data_seed: 42
  n_samples: 400
  n_models: 10
  learning_rate: 0.00681585406652456
  epochs_per_step: 400
  caching_level: none
  ensemble_samples_coeff: 1.0
  init_baseline: covariance
  init_later: random
  lambda_dual: 1.0
  lambda_schedule: {'type': 'frank_wolfe', 'gamma': 0.75, 'tau': 1.0}
  n_ops: 1024
  weight_strategy: frank_wolfe
  alpha_n_grid: 11
  alpha_objective_weight: 0.5
  baseline: none
  shots: 1000
  final_eval_sampling: True
  dataset_metrics: True
  exact_metrics: {'enabled': True, 'max_qubits': 20, 'phases': {'baseline': True, 'steps': False, 'final': True, 'per_model': True, 'fcfw': True}}
  keep_models_for_diagnosis: True
  stop_on_reject: False
  save_circuit_artifacts: False
  rng_seed: 42
  circuit_config: {'topology': 'aachen_heavy_hex', 'distance': 2, 'max_weight': 2, 'n_ancilla': 0}
  turbo: 10
  dynamic_is_within_shell: shell_uniform
  exact_sampling: True
  acceptance_metric: training_mmd
  skip_sampling: True
  report_fcfw: True
  dynamic_is: True
  dynamic_is_beta: 0.03211943690887751
  sigma: [0.89067218491948, 0.6824314671341011, 0.44349120996462005]
  require_exact_sampling: True
================================================================================
Saving config to out/hpo/hopfield_20q_p1_b20_20260605_220450/trials/trial_0059/config.json...
Gate structure: Qubits: 20
Aachen heavy-hex topology: 39 parameters
one_qubit=20, two_qubit=19
Using Gaussian Kernel (n_ops=1024, n_qubits=20):
  - sigma=0.89067218
  - sigma=0.68243147
  - sigma=0.44349121
Expected sampled operator size:
  - p=4.675578, std=1.892756
  - p=6.582320, std=2.101422
  - p=9.213024, std=2.229133
  mean: 6.823641
  std: 2.789808
Baselines enabled: 

Training ensemble Model 0 (400 epochs)...
Training has not converged after 400 steps
Model 0 final loss: 0.135123
  [Step 0/9] train_MMD=0.1336 alpha_opt=1.0000 oracle_top1_TVD=0.6977

[Step 1] Training Model 1...
  lambda_dual: 0.6250
Training has not converged after 400 steps
  Weighting: frank_wolfe alpha = 0.3750
  [Step 1/9] train_MMD=0.0188 alpha_opt=0.3750 oracle_top2_TVD=0.3954
  [OK] MMD improved (delta=+0.114736)
  SNR (proxy): 12.28 (mean_norm=0.0127, std_norm=0.0010)

[Step 2] Training Model 2...
  lambda_dual: 0.7500
Training has not converged after 400 steps
  Weighting: frank_wolfe alpha = 0.2500
  [Step 2/9] train_MMD=0.0326 alpha_opt=0.2500 oracle_top3_TVD=0.3886
  [WARNING] MMD worsened but kept (diagnostic, delta=-0.013812)
  SNR (proxy): 29.89 (mean_norm=0.0742, std_norm=0.0025)

[Step 3] Training Model 3...
  lambda_dual: 0.8125
Training has not converged after 400 steps
  Weighting: frank_wolfe alpha = 0.1875
  [Step 3/9] train_MMD=0.0443 alpha_opt=0.1875 oracle_top4_TVD=0.3818
  [WARNING] MMD worsened but kept (diagnostic, delta=-0.011620)
  SNR (proxy): 3.62 (mean_norm=0.0158, std_norm=0.0044)

[Step 4] Training Model 4...
  lambda_dual: 0.8500
Training has not converged after 400 steps
  Weighting: frank_wolfe alpha = 0.1500
  [Step 4/9] train_MMD=0.0069 alpha_opt=0.1500 oracle_top5_TVD=0.3751
  [OK] MMD improved (delta=+0.037323)
  SNR (proxy): 21.58 (mean_norm=0.0000, std_norm=0.0000)

[Step 5] Training Model 5...
  lambda_dual: 0.8750
Training has not converged after 400 steps
  Weighting: frank_wolfe alpha = 0.1250
  [Step 5/9] train_MMD=0.0034 alpha_opt=0.1250 oracle_top6_TVD=0.3683
  [OK] MMD improved (delta=+0.003544)
  SNR (proxy): 13.47 (mean_norm=0.0028, std_norm=0.0002)

[Step 6] Training Model 6...
  lambda_dual: 0.8929
Training has not converged after 400 steps
  Weighting: frank_wolfe alpha = 0.1071
  [Step 6/9] train_MMD=0.0014 alpha_opt=0.1071 oracle_top7_TVD=0.3615
  [OK] MMD improved (delta=+0.002001)
  SNR (proxy): 20.89 (mean_norm=0.0318, std_norm=0.0015)

[Step 7] Training Model 7...
  lambda_dual: 0.9062
Training has not converged after 400 steps
  Weighting: frank_wolfe alpha = 0.0937
  [Step 7/9] train_MMD=0.0012 alpha_opt=0.0937 oracle_top8_TVD=0.3548
  [OK] MMD improved (delta=+0.000188)
  SNR (proxy): 16.72 (mean_norm=0.0417, std_norm=0.0025)

[Step 8] Training Model 8...
  lambda_dual: 0.9167
Training has not converged after 400 steps
  Weighting: frank_wolfe alpha = 0.0833
  [Step 8/9] train_MMD=0.0037 alpha_opt=0.0833 oracle_top9_TVD=0.3480
  [WARNING] MMD worsened but kept (diagnostic, delta=-0.002514)
  SNR (proxy): 10.96 (mean_norm=0.0257, std_norm=0.0023)

[Step 9] Training Model 9...
  lambda_dual: 0.9250
Training has not converged after 400 steps
  Weighting: frank_wolfe alpha = 0.0750
  [Step 9/9] train_MMD=0.0005 alpha_opt=0.0750 oracle_top10_TVD=0.3413
  [OK] MMD improved (delta=+0.003204)
  SNR (proxy): 34.52 (mean_norm=0.0048, std_norm=0.0001)

Final: 10 models, MMD=0.0007 (delta=+0.1329) F1=nan

[FCFW] Computing Fully Corrective Frank-Wolfe weights for final ensemble...
  Weighting: fully corrective QP weights = [0.0000, 0.0732, 0.0639, 0.2061, 0.1631, 0.0000, 0.1523, 0.1416, 0.1998, 0.0000]
  FCFW Sampled MMD^2: -0.000765
  FCFW Sampled TVD:   0.1845

FINAL MODEL COMPARISON (inc. FCFW)
Model      | MMD        | TVD        | TVD*       | Valid      | Cover      | F1        
----------------------------------------------------------------------------------------
Baseline   | 0.1336     | n/a        | n/a        | n/a        | n/a        | n/a       
Ensemble   | 0.0007     | 0.252      | 0.141      | n/a        | n/a        | n/a       
Model 0    | 0.1347     | 0.682      | 0.560      | n/a        | n/a        | n/a       
Model 1    | 0.5072     | 0.684      | 0.672      | n/a        | n/a        | n/a       
Model 2    | 0.1511     | 0.805      | 0.700      | n/a        | n/a        | n/a       
Model 3    | 0.2350     | 0.594      | 0.509      | n/a        | n/a        | n/a       
Model 4    | 0.5582     | 0.698      | 0.698      | n/a        | n/a        | n/a       
Model 5    | 0.5458     | 0.691      | 0.680      | n/a        | n/a        | n/a       
Model 6    | 0.3418     | 0.649      | 0.588      | n/a        | n/a        | n/a       
Model 7    | 0.1975     | 0.615      | 0.564      | n/a        | n/a        | n/a       
Model 8    | 0.1468     | 0.583      | 0.501      | n/a        | n/a        | n/a       
Model 9    | 0.5269     | 0.691      | 0.692      | n/a        | n/a        | n/a       
Ensemble (FCFW) | -0.0008    | 0.185      | 0.081      | n/a        | n/a        | n/a       
Saving results to out/hpo/hopfield_20q_p1_b20_20260605_220450/trials/trial_0059/results.csv...
