Experiment: Boosting on Hopfield (20q, 1p)
Configuration:
  train_samples: 1000
  data_seed: 42
  n_samples: 400
  n_models: 10
  learning_rate: 0.005611516415334507
  epochs_per_step: 400
  caching_level: none
  ensemble_samples_coeff: 1.0
  init_baseline: covariance
  init_later: random
  lambda_dual: 1.0
  lambda_schedule: {'type': 'frank_wolfe', 'gamma': 1.0, 'tau': 1.0}
  n_ops: 1024
  weight_strategy: frank_wolfe
  alpha_n_grid: 11
  alpha_objective_weight: 0.5
  baseline: none
  shots: 1000
  final_eval_sampling: True
  dataset_metrics: True
  exact_metrics: {'enabled': True, 'max_qubits': 20, 'phases': {'baseline': True, 'steps': False, 'final': True, 'per_model': True, 'fcfw': True}}
  keep_models_for_diagnosis: True
  stop_on_reject: False
  save_circuit_artifacts: False
  rng_seed: 42
  circuit_config: {'topology': 'aachen_heavy_hex', 'distance': 2, 'max_weight': 2, 'n_ancilla': 0}
  turbo: 10
  dynamic_is_within_shell: shell_uniform
  exact_sampling: True
  acceptance_metric: training_mmd
  skip_sampling: True
  report_fcfw: True
  dynamic_is: False
  dynamic_is_beta: 0.060099747183803134
  sigma: [1.4152450092509703]
  require_exact_sampling: True
================================================================================
Saving config to out/hpo/hopfield_20q_p1_b15_20260605_111726/trials/trial_0000/config.json...
Gate structure: Qubits: 20
Aachen heavy-hex topology: 39 parameters
one_qubit=20, two_qubit=19
Using Gaussian Kernel (n_ops=1024, n_qubits=20):
  - sigma=1.41524501
Expected sampled operator size:
  - p=2.209155, std=1.401833
  mean: 2.209155
  std: 1.401833
Baselines enabled: 

Training ensemble Model 0 (400 epochs)...
Training has not converged after 400 steps
Model 0 final loss: 0.117103
  [Step 0/9] train_MMD=0.1207 alpha_opt=1.0000 oracle_top1_TVD=0.8881

[Step 1] Training Model 1...
  lambda_dual: 0.5000
Training has not converged after 400 steps
  Weighting: frank_wolfe alpha = 0.5000
  [Step 1/9] train_MMD=0.0352 alpha_opt=0.5000 oracle_top2_TVD=0.7762
  [OK] MMD improved (delta=+0.085551)
  SNR (proxy): 6.80 (mean_norm=0.0203, std_norm=0.0030)

[Step 2] Training Model 2...
  lambda_dual: 0.6667
Training has not converged after 400 steps
  Weighting: frank_wolfe alpha = 0.3333
  [Step 2/9] train_MMD=0.0113 alpha_opt=0.3333 oracle_top3_TVD=0.7697
  [OK] MMD improved (delta=+0.023871)
  SNR (proxy): 7.45 (mean_norm=0.0241, std_norm=0.0032)

[Step 3] Training Model 3...
  lambda_dual: 0.7500
Training has not converged after 400 steps
  Weighting: frank_wolfe alpha = 0.2500
  [Step 3/9] train_MMD=0.0050 alpha_opt=0.2500 oracle_top4_TVD=0.7632
  [OK] MMD improved (delta=+0.006306)
  SNR (proxy): 6.95 (mean_norm=0.0302, std_norm=0.0043)

[Step 4] Training Model 4...
  lambda_dual: 0.8000
Training has not converged after 400 steps
  Weighting: frank_wolfe alpha = 0.2000
  [Step 4/9] train_MMD=0.0039 alpha_opt=0.2000 oracle_top5_TVD=0.7568
  [OK] MMD improved (delta=+0.001131)
  SNR (proxy): 11.96 (mean_norm=0.0336, std_norm=0.0028)

[Step 5] Training Model 5...
  lambda_dual: 0.8333
Training has not converged after 400 steps
  Weighting: frank_wolfe alpha = 0.1667
  [Step 5/9] train_MMD=0.0023 alpha_opt=0.1667 oracle_top6_TVD=0.7503
  [OK] MMD improved (delta=+0.001604)
  SNR (proxy): 19.12 (mean_norm=0.0275, std_norm=0.0014)

[Step 6] Training Model 6...
  lambda_dual: 0.8571
Training has not converged after 400 steps
  Weighting: frank_wolfe alpha = 0.1429
  [Step 6/9] train_MMD=0.0020 alpha_opt=0.1429 oracle_top7_TVD=0.7438
  [OK] MMD improved (delta=+0.000268)
  SNR (proxy): 9.69 (mean_norm=0.0246, std_norm=0.0025)

[Step 7] Training Model 7...
  lambda_dual: 0.8750
Training has not converged after 400 steps
  Weighting: frank_wolfe alpha = 0.1250
  [Step 7/9] train_MMD=0.0012 alpha_opt=0.1250 oracle_top8_TVD=0.7373
  [OK] MMD improved (delta=+0.000815)
  SNR (proxy): 11.98 (mean_norm=0.0230, std_norm=0.0019)

[Step 8] Training Model 8...
  lambda_dual: 0.8889
Training has not converged after 400 steps
  Weighting: frank_wolfe alpha = 0.1111
  [Step 8/9] train_MMD=0.0012 alpha_opt=0.1111 oracle_top9_TVD=0.7309
  [WARNING] MMD worsened but kept (diagnostic, delta=-0.000038)
  SNR (proxy): 19.47 (mean_norm=0.0216, std_norm=0.0011)

[Step 9] Training Model 9...
  lambda_dual: 0.9000
Training has not converged after 400 steps
  Weighting: frank_wolfe alpha = 0.1000
  [Step 9/9] train_MMD=0.0008 alpha_opt=0.1000 oracle_top10_TVD=0.7244
  [OK] MMD improved (delta=+0.000433)
  SNR (proxy): 8.61 (mean_norm=0.0198, std_norm=0.0023)

Final: 10 models, MMD=0.0003 (delta=+0.1204) F1=nan

[FCFW] Computing Fully Corrective Frank-Wolfe weights for final ensemble...
  Weighting: fully corrective QP weights = [0.0345, 0.1495, 0.0898, 0.1065, 0.0918, 0.0882, 0.1407, 0.0865, 0.1488, 0.0637]
  FCFW Sampled MMD^2: -0.000394
  FCFW Sampled TVD:   0.5252

FINAL MODEL COMPARISON (inc. FCFW)
Model      | MMD        | TVD        | TVD*       | Valid      | Cover      | F1        
----------------------------------------------------------------------------------------
Baseline   | 0.1207     | n/a        | n/a        | n/a        | n/a        | n/a       
Ensemble   | 0.0003     | 0.530      | 0.215      | n/a        | n/a        | n/a       
Model 0    | 0.1167     | 0.966      | 0.740      | n/a        | n/a        | n/a       
Model 1    | 0.2133     | 0.791      | 0.568      | n/a        | n/a        | n/a       
Model 2    | 0.2996     | 0.762      | 0.608      | n/a        | n/a        | n/a       
Model 3    | 0.2298     | 0.769      | 0.550      | n/a        | n/a        | n/a       
Model 4    | 0.2289     | 0.784      | 0.567      | n/a        | n/a        | n/a       
Model 5    | 0.2245     | 0.755      | 0.538      | n/a        | n/a        | n/a       
Model 6    | 0.2099     | 0.790      | 0.555      | n/a        | n/a        | n/a       
Model 7    | 0.2144     | 0.769      | 0.543      | n/a        | n/a        | n/a       
Model 8    | 0.2326     | 0.786      | 0.543      | n/a        | n/a        | n/a       
Model 9    | 0.2342     | 0.780      | 0.536      | n/a        | n/a        | n/a       
Ensemble (FCFW) | -0.0004    | 0.525      | 0.204      | n/a        | n/a        | n/a       
Saving results to out/hpo/hopfield_20q_p1_b15_20260605_111726/trials/trial_0000/results.csv...
Experiment: Boosting on Hopfield (20q, 1p)
Configuration:
  train_samples: 1000
  data_seed: 42
  n_samples: 400
  n_models: 10
  learning_rate: 0.002327067708383781
  epochs_per_step: 400
  caching_level: none
  ensemble_samples_coeff: 1.0
  init_baseline: covariance
  init_later: random
  lambda_dual: 1.0
  lambda_schedule: {'type': 'frank_wolfe', 'gamma': 0.5, 'tau': 1.0}
  n_ops: 2048
  weight_strategy: frank_wolfe
  alpha_n_grid: 11
  alpha_objective_weight: 0.5
  baseline: none
  shots: 1000
  final_eval_sampling: True
  dataset_metrics: True
  exact_metrics: {'enabled': True, 'max_qubits': 20, 'phases': {'baseline': True, 'steps': False, 'final': True, 'per_model': True, 'fcfw': True}}
  keep_models_for_diagnosis: True
  stop_on_reject: False
  save_circuit_artifacts: False
  rng_seed: 42
  circuit_config: {'topology': 'aachen_heavy_hex', 'distance': 2, 'max_weight': 2, 'n_ancilla': 0}
  turbo: 10
  dynamic_is_within_shell: shell_uniform
  exact_sampling: True
  acceptance_metric: training_mmd
  skip_sampling: True
  report_fcfw: True
  dynamic_is: True
  dynamic_is_beta: 0.03647316284911211
  sigma: [2.453128653193013, 1.1627726509434237, 0.6102602912911075]
  require_exact_sampling: True
================================================================================
Saving config to out/hpo/hopfield_20q_p1_b15_20260605_111726/trials/trial_0001/config.json...
Gate structure: Qubits: 20
Aachen heavy-hex topology: 39 parameters
one_qubit=20, two_qubit=19
Using Gaussian Kernel (n_ops=2048, n_qubits=20):
  - sigma=2.45312865
  - sigma=1.16277265
  - sigma=0.61026029
Expected sampled operator size:
  - p=0.797283, std=0.874928
  - p=3.091354, std=1.616642
  - p=7.388287, std=2.158460
  mean: 3.758975
  std: 3.184715
Baselines enabled: 

Training ensemble Model 0 (400 epochs)...
Training has not converged after 400 steps
Model 0 final loss: 0.078667
  [Step 0/9] train_MMD=0.0790 alpha_opt=1.0000 oracle_top1_TVD=0.8881

[Step 1] Training Model 1...
  lambda_dual: 0.7500
Training has not converged after 400 steps
  Weighting: frank_wolfe alpha = 0.2500
  [Step 1/9] train_MMD=0.0587 alpha_opt=0.2500 oracle_top2_TVD=0.7762
  [OK] MMD improved (delta=+0.020314)
  SNR (proxy): 23.52 (mean_norm=0.0242, std_norm=0.0010)

[Step 2] Training Model 2...
  lambda_dual: 0.8333
Training has not converged after 400 steps
  Weighting: frank_wolfe alpha = 0.1667
  [Step 2/9] train_MMD=0.0127 alpha_opt=0.1667 oracle_top3_TVD=0.7697
  [OK] MMD improved (delta=+0.046046)
  SNR (proxy): 6.70 (mean_norm=0.0085, std_norm=0.0013)

[Step 3] Training Model 3...
  lambda_dual: 0.8750
Training has not converged after 400 steps
  Weighting: frank_wolfe alpha = 0.1250
  [Step 3/9] train_MMD=0.0079 alpha_opt=0.1250 oracle_top4_TVD=0.7632
  [OK] MMD improved (delta=+0.004731)
  SNR (proxy): 9.76 (mean_norm=0.0212, std_norm=0.0022)

[Step 4] Training Model 4...
  lambda_dual: 0.9000
Training has not converged after 400 steps
  Weighting: frank_wolfe alpha = 0.1000
  [Step 4/9] train_MMD=0.0101 alpha_opt=0.1000 oracle_top5_TVD=0.7568
  [WARNING] MMD worsened but kept (diagnostic, delta=-0.002179)
  SNR (proxy): 24.59 (mean_norm=0.0295, std_norm=0.0012)

[Step 5] Training Model 5...
  lambda_dual: 0.9167
Training has not converged after 400 steps
  Weighting: frank_wolfe alpha = 0.0833
  [Step 5/9] train_MMD=0.0053 alpha_opt=0.0833 oracle_top6_TVD=0.7503
  [OK] MMD improved (delta=+0.004854)
  SNR (proxy): 13.24 (mean_norm=0.0154, std_norm=0.0012)

[Step 6] Training Model 6...
  lambda_dual: 0.9286
Training has not converged after 400 steps
  Weighting: frank_wolfe alpha = 0.0714
  [Step 6/9] train_MMD=0.0046 alpha_opt=0.0714 oracle_top7_TVD=0.7438
  [OK] MMD improved (delta=+0.000699)
  SNR (proxy): 7.70 (mean_norm=0.0094, std_norm=0.0012)

[Step 7] Training Model 7...
  lambda_dual: 0.9375
Training has not converged after 400 steps
  Weighting: frank_wolfe alpha = 0.0625
  [Step 7/9] train_MMD=0.0054 alpha_opt=0.0625 oracle_top8_TVD=0.7373
  [WARNING] MMD worsened but kept (diagnostic, delta=-0.000871)
  SNR (proxy): 30.22 (mean_norm=0.0163, std_norm=0.0005)

[Step 8] Training Model 8...
  lambda_dual: 0.9444
Training has not converged after 400 steps
  Weighting: frank_wolfe alpha = 0.0556
  [Step 8/9] train_MMD=0.0037 alpha_opt=0.0556 oracle_top9_TVD=0.7309
  [OK] MMD improved (delta=+0.001762)
  SNR (proxy): 9.48 (mean_norm=0.0107, std_norm=0.0011)

[Step 9] Training Model 9...
  lambda_dual: 0.9500
Training has not converged after 400 steps
  Weighting: frank_wolfe alpha = 0.0500
  [Step 9/9] train_MMD=0.0031 alpha_opt=0.0500 oracle_top10_TVD=0.7244
  [OK] MMD improved (delta=+0.000616)
  SNR (proxy): 12.39 (mean_norm=0.0078, std_norm=0.0006)

Final: 10 models, MMD=0.0026 (delta=+0.0765) F1=nan

[FCFW] Computing Fully Corrective Frank-Wolfe weights for final ensemble...
  Weighting: fully corrective QP weights = [0.2411, 0.0171, 0.0184, 0.0913, 0.1751, 0.2241, 0.0846, 0.0423, 0.0405, 0.0656]
  FCFW Sampled MMD^2: 0.001378
  FCFW Sampled TVD:   0.5383

FINAL MODEL COMPARISON (inc. FCFW)
Model      | MMD        | TVD        | TVD*       | Valid      | Cover      | F1        
----------------------------------------------------------------------------------------
Baseline   | 0.0790     | n/a        | n/a        | n/a        | n/a        | n/a       
Ensemble   | 0.0026     | 0.615      | 0.454      | n/a        | n/a        | n/a       
Model 0    | 0.0761     | 0.991      | 0.853      | n/a        | n/a        | n/a       
Model 1    | 0.5617     | 0.869      | 0.868      | n/a        | n/a        | n/a       
Model 2    | 0.5771     | 0.875      | 0.865      | n/a        | n/a        | n/a       
Model 3    | 0.3441     | 0.851      | 0.805      | n/a        | n/a        | n/a       
Model 4    | 0.2508     | 0.825      | 0.687      | n/a        | n/a        | n/a       
Model 5    | 0.2814     | 0.833      | 0.719      | n/a        | n/a        | n/a       
Model 6    | 0.2253     | 0.830      | 0.779      | n/a        | n/a        | n/a       
Model 7    | 0.2261     | 0.966      | 0.921      | n/a        | n/a        | n/a       
Model 8    | 0.2849     | 0.914      | 0.822      | n/a        | n/a        | n/a       
Model 9    | 0.2536     | 0.877      | 0.874      | n/a        | n/a        | n/a       
Ensemble (FCFW) | 0.0014     | 0.538      | 0.380      | n/a        | n/a        | n/a       
Saving results to out/hpo/hopfield_20q_p1_b15_20260605_111726/trials/trial_0001/results.csv...
Experiment: Boosting on Hopfield (20q, 1p)
Configuration:
  train_samples: 1000
  data_seed: 42
  n_samples: 400
  n_models: 10
  learning_rate: 0.0013492834268013251
  epochs_per_step: 400
  caching_level: none
  ensemble_samples_coeff: 1.0
  init_baseline: covariance
  init_later: random
  lambda_dual: 1.0
  lambda_schedule: {'type': 'frank_wolfe', 'gamma': 0.75, 'tau': 1.0}
  n_ops: 1024
  weight_strategy: frank_wolfe
  alpha_n_grid: 11
  alpha_objective_weight: 0.5
  baseline: none
  shots: 1000
  final_eval_sampling: True
  dataset_metrics: True
  exact_metrics: {'enabled': True, 'max_qubits': 20, 'phases': {'baseline': True, 'steps': False, 'final': True, 'per_model': True, 'fcfw': True}}
  keep_models_for_diagnosis: True
  stop_on_reject: False
  save_circuit_artifacts: False
  rng_seed: 42
  circuit_config: {'topology': 'aachen_heavy_hex', 'distance': 2, 'max_weight': 2, 'n_ancilla': 0}
  turbo: 10
  dynamic_is_within_shell: shell_uniform
  exact_sampling: True
  acceptance_metric: training_mmd
  skip_sampling: True
  report_fcfw: True
  dynamic_is: True
  dynamic_is_beta: 0.11265466963346032
  sigma: [1.0909802761316276]
  require_exact_sampling: True
================================================================================
Saving config to out/hpo/hopfield_20q_p1_b15_20260605_111726/trials/trial_0002/config.json...
Gate structure: Qubits: 20
Aachen heavy-hex topology: 39 parameters
one_qubit=20, two_qubit=19
Using Gaussian Kernel (n_ops=1024, n_qubits=20):
  - sigma=1.09098028
Expected sampled operator size:
  - p=3.430084, std=1.685767
  mean: 3.430084
  std: 1.685767
Baselines enabled: 

Training ensemble Model 0 (400 epochs)...
Training has not converged after 400 steps
Model 0 final loss: 0.088614
  [Step 0/9] train_MMD=0.0944 alpha_opt=1.0000 oracle_top1_TVD=0.8881

[Step 1] Training Model 1...
  lambda_dual: 0.6250
Training has not converged after 400 steps
  Weighting: frank_wolfe alpha = 0.3750
  [Step 1/9] train_MMD=0.0595 alpha_opt=0.3750 oracle_top2_TVD=0.7762
  [OK] MMD improved (delta=+0.034871)
  SNR (proxy): 12.80 (mean_norm=0.0757, std_norm=0.0059)

[Step 2] Training Model 2...
  lambda_dual: 0.7500
Training has not converged after 400 steps
  Weighting: frank_wolfe alpha = 0.2500
  [Step 2/9] train_MMD=0.0357 alpha_opt=0.2500 oracle_top3_TVD=0.7697
  [OK] MMD improved (delta=+0.023781)
  SNR (proxy): 13.83 (mean_norm=0.1119, std_norm=0.0081)

[Step 3] Training Model 3...
  lambda_dual: 0.8125
Training has not converged after 400 steps
  Weighting: frank_wolfe alpha = 0.1875
  [Step 3/9] train_MMD=0.0332 alpha_opt=0.1875 oracle_top4_TVD=0.7632
  [OK] MMD improved (delta=+0.002541)
  SNR (proxy): 4.05 (mean_norm=0.0707, std_norm=0.0175)

[Step 4] Training Model 4...
  lambda_dual: 0.8500
Training has not converged after 400 steps
  Weighting: frank_wolfe alpha = 0.1500
  [Step 4/9] train_MMD=0.0180 alpha_opt=0.1500 oracle_top5_TVD=0.7568
  [OK] MMD improved (delta=+0.015157)
  SNR (proxy): 19.82 (mean_norm=0.1117, std_norm=0.0056)

[Step 5] Training Model 5...
  lambda_dual: 0.8750
Training has not converged after 400 steps
  Weighting: frank_wolfe alpha = 0.1250
  [Step 5/9] train_MMD=0.0076 alpha_opt=0.1250 oracle_top6_TVD=0.7503
  [OK] MMD improved (delta=+0.010440)
  SNR (proxy): 13.52 (mean_norm=0.0482, std_norm=0.0036)

[Step 6] Training Model 6...
  lambda_dual: 0.8929
Training has not converged after 400 steps
  Weighting: frank_wolfe alpha = 0.1071
  [Step 6/9] train_MMD=0.0090 alpha_opt=0.1071 oracle_top7_TVD=0.7438
  [WARNING] MMD worsened but kept (diagnostic, delta=-0.001422)
  SNR (proxy): 17.72 (mean_norm=0.0410, std_norm=0.0023)

[Step 7] Training Model 7...
  lambda_dual: 0.9062
Training has not converged after 400 steps
  Weighting: frank_wolfe alpha = 0.0937
  [Step 7/9] train_MMD=0.0080 alpha_opt=0.0937 oracle_top8_TVD=0.7373
  [OK] MMD improved (delta=+0.001023)
  SNR (proxy): 11.46 (mean_norm=0.0454, std_norm=0.0040)

[Step 8] Training Model 8...
  lambda_dual: 0.9167
Training has not converged after 400 steps
  Weighting: frank_wolfe alpha = 0.0833
  [Step 8/9] train_MMD=0.0104 alpha_opt=0.0833 oracle_top9_TVD=0.7309
  [WARNING] MMD worsened but kept (diagnostic, delta=-0.002419)
  SNR (proxy): 8.82 (mean_norm=0.0148, std_norm=0.0017)

[Step 9] Training Model 9...
  lambda_dual: 0.9250
Training has not converged after 400 steps
  Weighting: frank_wolfe alpha = 0.0750
  [Step 9/9] train_MMD=0.0057 alpha_opt=0.0750 oracle_top10_TVD=0.7244
  [OK] MMD improved (delta=+0.004692)
  SNR (proxy): 11.98 (mean_norm=0.0635, std_norm=0.0053)

Final: 10 models, MMD=0.0052 (delta=+0.0892) F1=nan

[FCFW] Computing Fully Corrective Frank-Wolfe weights for final ensemble...
  Weighting: fully corrective QP weights = [0.2899, 0.0266, 0.0689, 0.0654, 0.0060, 0.1481, 0.0954, 0.0844, 0.0132, 0.2021]
  FCFW Sampled MMD^2: 0.000977
  FCFW Sampled TVD:   0.5862

FINAL MODEL COMPARISON (inc. FCFW)
Model      | MMD        | TVD        | TVD*       | Valid      | Cover      | F1        
----------------------------------------------------------------------------------------
Baseline   | 0.0944     | n/a        | n/a        | n/a        | n/a        | n/a       
Ensemble   | 0.0052     | 0.623      | 0.399      | n/a        | n/a        | n/a       
Model 0    | 0.0864     | 0.884      | 0.626      | n/a        | n/a        | n/a       
Model 1    | 0.1371     | 0.965      | 0.893      | n/a        | n/a        | n/a       
Model 2    | 0.2234     | 0.821      | 0.784      | n/a        | n/a        | n/a       
Model 3    | 0.3434     | 0.845      | 0.812      | n/a        | n/a        | n/a       
Model 4    | 0.2434     | 0.829      | 0.793      | n/a        | n/a        | n/a       
Model 5    | 0.3820     | 0.834      | 0.809      | n/a        | n/a        | n/a       
Model 6    | 0.1309     | 0.974      | 0.836      | n/a        | n/a        | n/a       
Model 7    | 0.3685     | 0.832      | 0.809      | n/a        | n/a        | n/a       
Model 8    | 0.1431     | 1.000      | 0.923      | n/a        | n/a        | n/a       
Model 9    | 0.3493     | 0.846      | 0.812      | n/a        | n/a        | n/a       
Ensemble (FCFW) | 0.0010     | 0.586      | 0.355      | n/a        | n/a        | n/a       
Saving results to out/hpo/hopfield_20q_p1_b15_20260605_111726/trials/trial_0002/results.csv...
Experiment: Boosting on Hopfield (20q, 1p)
Configuration:
  train_samples: 1000
  data_seed: 42
  n_samples: 400
  n_models: 10
  learning_rate: 0.010968217207529524
  epochs_per_step: 400
  caching_level: none
  ensemble_samples_coeff: 1.0
  init_baseline: covariance
  init_later: random
  lambda_dual: 1.0
  lambda_schedule: {'type': 'frank_wolfe', 'gamma': 0.5, 'tau': 1.0}
  n_ops: 512
  weight_strategy: frank_wolfe
  alpha_n_grid: 11
  alpha_objective_weight: 0.5
  baseline: none
  shots: 1000
  final_eval_sampling: True
  dataset_metrics: True
  exact_metrics: {'enabled': True, 'max_qubits': 20, 'phases': {'baseline': True, 'steps': False, 'final': True, 'per_model': True, 'fcfw': True}}
  keep_models_for_diagnosis: True
  stop_on_reject: False
  save_circuit_artifacts: False
  rng_seed: 42
  circuit_config: {'topology': 'aachen_heavy_hex', 'distance': 2, 'max_weight': 2, 'n_ancilla': 0}
  turbo: 10
  dynamic_is_within_shell: shell_uniform
  exact_sampling: True
  acceptance_metric: training_mmd
  skip_sampling: True
  report_fcfw: True
  dynamic_is: False
  dynamic_is_beta: 0.18258230439200238
  sigma: [1.4053344211184828, 0.9456040838047207, 0.4852384750495194]
  require_exact_sampling: True
================================================================================
Saving config to out/hpo/hopfield_20q_p1_b15_20260605_111726/trials/trial_0003/config.json...
Gate structure: Qubits: 20
Aachen heavy-hex topology: 39 parameters
one_qubit=20, two_qubit=19
Using Gaussian Kernel (n_ops=512, n_qubits=20):
  - sigma=1.40533442
  - sigma=0.94560408
  - sigma=0.48523848
Expected sampled operator size:
  - p=2.236634, std=1.409435
  - p=4.283221, std=1.834645
  - p=8.803920, std=2.220016
  mean: 5.107925
  std: 3.309870
Baselines enabled: 

Training ensemble Model 0 (400 epochs)...
Training has not converged after 400 steps
Model 0 final loss: 0.069328
  [Step 0/9] train_MMD=0.0672 alpha_opt=1.0000 oracle_top1_TVD=0.8881

[Step 1] Training Model 1...
  lambda_dual: 0.7500
Training has not converged after 400 steps
  Weighting: frank_wolfe alpha = 0.2500
  [Step 1/9] train_MMD=0.0134 alpha_opt=0.2500 oracle_top2_TVD=0.7762
  [OK] MMD improved (delta=+0.053774)
  SNR (proxy): 11.74 (mean_norm=0.0104, std_norm=0.0009)

[Step 2] Training Model 2...
  lambda_dual: 0.8333
Training has not converged after 400 steps
  Weighting: frank_wolfe alpha = 0.1667
  [Step 2/9] train_MMD=0.0119 alpha_opt=0.1667 oracle_top3_TVD=0.7697
  [OK] MMD improved (delta=+0.001476)
  SNR (proxy): 22.52 (mean_norm=0.0234, std_norm=0.0010)

[Step 3] Training Model 3...
  lambda_dual: 0.8750
Training has not converged after 400 steps
  Weighting: frank_wolfe alpha = 0.1250
  [Step 3/9] train_MMD=0.0032 alpha_opt=0.1250 oracle_top4_TVD=0.7632
  [OK] MMD improved (delta=+0.008769)
  SNR (proxy): 10.18 (mean_norm=0.0071, std_norm=0.0007)

[Step 4] Training Model 4...
  lambda_dual: 0.9000
Training has not converged after 400 steps
  Weighting: frank_wolfe alpha = 0.1000
  [Step 4/9] train_MMD=0.0016 alpha_opt=0.1000 oracle_top5_TVD=0.7568
  [OK] MMD improved (delta=+0.001533)
  SNR (proxy): 13.52 (mean_norm=0.0180, std_norm=0.0013)

[Step 5] Training Model 5...
  lambda_dual: 0.9167
Training has not converged after 400 steps
  Weighting: frank_wolfe alpha = 0.0833
  [Step 5/9] train_MMD=0.0023 alpha_opt=0.0833 oracle_top6_TVD=0.7503
  [WARNING] MMD worsened but kept (diagnostic, delta=-0.000685)
  SNR (proxy): 14.17 (mean_norm=0.0122, std_norm=0.0009)

[Step 6] Training Model 6...
  lambda_dual: 0.9286
Training has not converged after 400 steps
  Weighting: frank_wolfe alpha = 0.0714
  [Step 6/9] train_MMD=0.0007 alpha_opt=0.0714 oracle_top7_TVD=0.7438
  [OK] MMD improved (delta=+0.001578)
  SNR (proxy): 9.83 (mean_norm=0.0122, std_norm=0.0012)

[Step 7] Training Model 7...
  lambda_dual: 0.9375
Training has not converged after 400 steps
  Weighting: frank_wolfe alpha = 0.0625
  [Step 7/9] train_MMD=0.0007 alpha_opt=0.0625 oracle_top8_TVD=0.7373
  [OK] MMD improved (delta=+0.000022)
  SNR (proxy): 21.54 (mean_norm=0.0120, std_norm=0.0006)

[Step 8] Training Model 8...
  lambda_dual: 0.9444
Training has not converged after 400 steps
  Weighting: frank_wolfe alpha = 0.0556
  [Step 8/9] train_MMD=0.0004 alpha_opt=0.0556 oracle_top9_TVD=0.7309
  [OK] MMD improved (delta=+0.000283)
  SNR (proxy): 9.47 (mean_norm=0.0088, std_norm=0.0009)

[Step 9] Training Model 9...
  lambda_dual: 0.9500
Training has not converged after 400 steps
  Weighting: frank_wolfe alpha = 0.0500
  [Step 9/9] train_MMD=0.0003 alpha_opt=0.0500 oracle_top10_TVD=0.7244
  [OK] MMD improved (delta=+0.000124)
  SNR (proxy): 12.44 (mean_norm=0.0094, std_norm=0.0008)

Final: 10 models, MMD=-0.0002 (delta=+0.0674) F1=nan

[FCFW] Computing Fully Corrective Frank-Wolfe weights for final ensemble...
  Weighting: fully corrective QP weights = [0.2166, 0.1275, 0.0467, 0.0000, 0.0306, 0.1649, 0.0976, 0.0479, 0.2102, 0.0580]
  FCFW Sampled MMD^2: -0.000255
  FCFW Sampled TVD:   0.5000

FINAL MODEL COMPARISON (inc. FCFW)
Model      | MMD        | TVD        | TVD*       | Valid      | Cover      | F1        
----------------------------------------------------------------------------------------
Baseline   | 0.0672     | n/a        | n/a        | n/a        | n/a        | n/a       
Ensemble   | -0.0002    | 0.525      | 0.250      | n/a        | n/a        | n/a       
Model 0    | 0.0716     | 0.871      | 0.702      | n/a        | n/a        | n/a       
Model 1    | 0.3586     | 0.786      | 0.696      | n/a        | n/a        | n/a       
Model 2    | 0.0933     | 0.791      | 0.539      | n/a        | n/a        | n/a       
Model 3    | 0.4831     | 0.847      | 0.811      | n/a        | n/a        | n/a       
Model 4    | 0.1267     | 0.793      | 0.547      | n/a        | n/a        | n/a       
Model 5    | 0.0869     | 0.904      | 0.572      | n/a        | n/a        | n/a       
Model 6    | 0.2619     | 0.789      | 0.689      | n/a        | n/a        | n/a       
Model 7    | 0.1299     | 0.812      | 0.541      | n/a        | n/a        | n/a       
Model 8    | 0.1661     | 0.802      | 0.626      | n/a        | n/a        | n/a       
Model 9    | 0.1508     | 0.836      | 0.560      | n/a        | n/a        | n/a       
Ensemble (FCFW) | -0.0003    | 0.500      | 0.190      | n/a        | n/a        | n/a       
Saving results to out/hpo/hopfield_20q_p1_b15_20260605_111726/trials/trial_0003/results.csv...
Experiment: Boosting on Hopfield (20q, 1p)
Configuration:
  train_samples: 1000
  data_seed: 42
  n_samples: 400
  n_models: 10
  learning_rate: 0.0036464395589807202
  epochs_per_step: 400
  caching_level: none
  ensemble_samples_coeff: 1.0
  init_baseline: covariance
  init_later: random
  lambda_dual: 1.0
  lambda_schedule: {'type': 'frank_wolfe', 'gamma': 0.5, 'tau': 1.0}
  n_ops: 1024
  weight_strategy: frank_wolfe
  alpha_n_grid: 11
  alpha_objective_weight: 0.5
  baseline: none
  shots: 1000
  final_eval_sampling: True
  dataset_metrics: True
  exact_metrics: {'enabled': True, 'max_qubits': 20, 'phases': {'baseline': True, 'steps': False, 'final': True, 'per_model': True, 'fcfw': True}}
  keep_models_for_diagnosis: True
  stop_on_reject: False
  save_circuit_artifacts: False
  rng_seed: 42
  circuit_config: {'topology': 'aachen_heavy_hex', 'distance': 2, 'max_weight': 2, 'n_ancilla': 0}
  turbo: 10
  dynamic_is_within_shell: shell_uniform
  exact_sampling: True
  acceptance_metric: training_mmd
  skip_sampling: True
  report_fcfw: True
  dynamic_is: False
  dynamic_is_beta: 0.11058146376563001
  sigma: [1.8100552196140227, 0.8703381952919746]
  require_exact_sampling: True
================================================================================
Saving config to out/hpo/hopfield_20q_p1_b15_20260605_111726/trials/trial_0004/config.json...
Gate structure: Qubits: 20
Aachen heavy-hex topology: 39 parameters
one_qubit=20, two_qubit=19
Using Gaussian Kernel (n_ops=1024, n_qubits=20):
  - sigma=1.81005522
  - sigma=0.87033820
Expected sampled operator size:
  - p=1.415366, std=1.146823
  - p=4.831879, std=1.914295
  mean: 3.123622
  std: 2.325512
Baselines enabled: 

Training ensemble Model 0 (400 epochs)...
Training has not converged after 400 steps
Model 0 final loss: 0.091978
  [Step 0/9] train_MMD=0.0963 alpha_opt=1.0000 oracle_top1_TVD=0.8881

[Step 1] Training Model 1...
  lambda_dual: 0.7500
Training has not converged after 400 steps
  Weighting: frank_wolfe alpha = 0.2500
  [Step 1/9] train_MMD=0.0269 alpha_opt=0.2500 oracle_top2_TVD=0.7762
  [OK] MMD improved (delta=+0.069313)
  SNR (proxy): 9.04 (mean_norm=0.0074, std_norm=0.0008)

[Step 2] Training Model 2...
  lambda_dual: 0.8333
Training has not converged after 400 steps
  Weighting: frank_wolfe alpha = 0.1667
  [Step 2/9] train_MMD=0.0268 alpha_opt=0.1667 oracle_top3_TVD=0.7697
  [OK] MMD improved (delta=+0.000097)
  SNR (proxy): 20.41 (mean_norm=0.0224, std_norm=0.0011)

[Step 3] Training Model 3...
  lambda_dual: 0.8750
Training has not converged after 400 steps
  Weighting: frank_wolfe alpha = 0.1250
  [Step 3/9] train_MMD=0.0065 alpha_opt=0.1250 oracle_top4_TVD=0.7632
  [OK] MMD improved (delta=+0.020322)
  SNR (proxy): 36.40 (mean_norm=0.0018, std_norm=0.0000)

[Step 4] Training Model 4...
  lambda_dual: 0.9000
Training has not converged after 400 steps
  Weighting: frank_wolfe alpha = 0.1000
  [Step 4/9] train_MMD=0.0066 alpha_opt=0.1000 oracle_top5_TVD=0.7568
  [WARNING] MMD worsened but kept (diagnostic, delta=-0.000123)
  SNR (proxy): 14.24 (mean_norm=0.0173, std_norm=0.0012)

[Step 5] Training Model 5...
  lambda_dual: 0.9167
Training has not converged after 400 steps
  Weighting: frank_wolfe alpha = 0.0833
  [Step 5/9] train_MMD=0.0028 alpha_opt=0.0833 oracle_top6_TVD=0.7503
  [OK] MMD improved (delta=+0.003867)
  SNR (proxy): 27.71 (mean_norm=0.0062, std_norm=0.0002)

[Step 6] Training Model 6...
  lambda_dual: 0.9286
Training has not converged after 400 steps
  Weighting: frank_wolfe alpha = 0.0714
  [Step 6/9] train_MMD=0.0023 alpha_opt=0.0714 oracle_top7_TVD=0.7438
  [OK] MMD improved (delta=+0.000521)
  SNR (proxy): 14.58 (mean_norm=0.0132, std_norm=0.0009)

[Step 7] Training Model 7...
  lambda_dual: 0.9375
Training has not converged after 400 steps
  Weighting: frank_wolfe alpha = 0.0625
  [Step 7/9] train_MMD=0.0017 alpha_opt=0.0625 oracle_top8_TVD=0.7373
  [OK] MMD improved (delta=+0.000515)
  SNR (proxy): 16.81 (mean_norm=0.0088, std_norm=0.0005)

[Step 8] Training Model 8...
  lambda_dual: 0.9444
Training has not converged after 400 steps
  Weighting: frank_wolfe alpha = 0.0556
  [Step 8/9] train_MMD=0.0013 alpha_opt=0.0556 oracle_top9_TVD=0.7309
  [OK] MMD improved (delta=+0.000456)
  SNR (proxy): 11.44 (mean_norm=0.0100, std_norm=0.0009)

[Step 9] Training Model 9...
  lambda_dual: 0.9500
Training has not converged after 400 steps
  Weighting: frank_wolfe alpha = 0.0500
  [Step 9/9] train_MMD=0.0012 alpha_opt=0.0500 oracle_top10_TVD=0.7244
  [OK] MMD improved (delta=+0.000067)
  SNR (proxy): 13.38 (mean_norm=0.0088, std_norm=0.0007)

Final: 10 models, MMD=0.0005 (delta=+0.0958) F1=nan

[FCFW] Computing Fully Corrective Frank-Wolfe weights for final ensemble...
  Weighting: fully corrective QP weights = [0.1783, 0.0440, 0.0135, 0.0454, 0.0870, 0.0000, 0.1531, 0.1014, 0.1629, 0.2142]
  FCFW Sampled MMD^2: -0.000475
  FCFW Sampled TVD:   0.5110

FINAL MODEL COMPARISON (inc. FCFW)
Model      | MMD        | TVD        | TVD*       | Valid      | Cover      | F1        
----------------------------------------------------------------------------------------
Baseline   | 0.0963     | n/a        | n/a        | n/a        | n/a        | n/a       
Ensemble   | 0.0005     | 0.569      | 0.305      | n/a        | n/a        | n/a       
Model 0    | 0.0948     | 0.960      | 0.762      | n/a        | n/a        | n/a       
Model 1    | 0.5030     | 0.823      | 0.793      | n/a        | n/a        | n/a       
Model 2    | 0.1450     | 0.840      | 0.568      | n/a        | n/a        | n/a       
Model 3    | 0.5911     | 0.888      | 0.887      | n/a        | n/a        | n/a       
Model 4    | 0.1774     | 0.800      | 0.540      | n/a        | n/a        | n/a       
Model 5    | 0.5224     | 0.862      | 0.842      | n/a        | n/a        | n/a       
Model 6    | 0.1944     | 0.794      | 0.545      | n/a        | n/a        | n/a       
Model 7    | 0.2591     | 0.810      | 0.695      | n/a        | n/a        | n/a       
Model 8    | 0.1879     | 0.781      | 0.547      | n/a        | n/a        | n/a       
Model 9    | 0.1924     | 0.835      | 0.634      | n/a        | n/a        | n/a       
Ensemble (FCFW) | -0.0005    | 0.511      | 0.195      | n/a        | n/a        | n/a       
Saving results to out/hpo/hopfield_20q_p1_b15_20260605_111726/trials/trial_0004/results.csv...
Experiment: Boosting on Hopfield (20q, 1p)
Configuration:
  train_samples: 1000
  data_seed: 42
  n_samples: 400
  n_models: 10
  learning_rate: 0.05323617594751501
  epochs_per_step: 400
  caching_level: none
  ensemble_samples_coeff: 1.0
  init_baseline: covariance
  init_later: random
  lambda_dual: 1.0
  lambda_schedule: {'type': 'frank_wolfe', 'gamma': 0.75, 'tau': 1.0}
  n_ops: 512
  weight_strategy: frank_wolfe
  alpha_n_grid: 11
  alpha_objective_weight: 0.5
  baseline: none
  shots: 1000
  final_eval_sampling: True
  dataset_metrics: True
  exact_metrics: {'enabled': True, 'max_qubits': 20, 'phases': {'baseline': True, 'steps': False, 'final': True, 'per_model': True, 'fcfw': True}}
  keep_models_for_diagnosis: True
  stop_on_reject: False
  save_circuit_artifacts: False
  rng_seed: 42
  circuit_config: {'topology': 'aachen_heavy_hex', 'distance': 2, 'max_weight': 2, 'n_ancilla': 0}
  turbo: 10
  dynamic_is_within_shell: shell_uniform
  exact_sampling: True
  acceptance_metric: training_mmd
  skip_sampling: True
  report_fcfw: True
  dynamic_is: False
  dynamic_is_beta: 0.012097379927033842
  sigma: [0.9284811401487101, 0.5495140309844374]
  require_exact_sampling: True
================================================================================
Saving config to out/hpo/hopfield_20q_p1_b15_20260605_111726/trials/trial_0005/config.json...
Gate structure: Qubits: 20
Aachen heavy-hex topology: 39 parameters
one_qubit=20, two_qubit=19
Using Gaussian Kernel (n_ops=512, n_qubits=20):
  - sigma=0.92848114
  - sigma=0.54951403
Expected sampled operator size:
  - p=4.400985, std=1.852715
  - p=8.090641, std=2.194930
  mean: 6.245813
  std: 2.743816
Baselines enabled: 

Training ensemble Model 0 (400 epochs)...
Training has not converged after 400 steps
Model 0 final loss: 0.042804
  [Step 0/9] train_MMD=0.0424 alpha_opt=1.0000 oracle_top1_TVD=0.8881

[Step 1] Training Model 1...
  lambda_dual: 0.6250
Training has not converged after 400 steps
  Weighting: frank_wolfe alpha = 0.3750
  [Step 1/9] train_MMD=0.0070 alpha_opt=0.3750 oracle_top2_TVD=0.7762
  [OK] MMD improved (delta=+0.035473)
  SNR (proxy): 3.89 (mean_norm=0.0181, std_norm=0.0047)

[Step 2] Training Model 2...
  lambda_dual: 0.7500
Training has not converged after 400 steps
  Weighting: frank_wolfe alpha = 0.2500
  [Step 2/9] train_MMD=0.0115 alpha_opt=0.2500 oracle_top3_TVD=0.7697
  [WARNING] MMD worsened but kept (diagnostic, delta=-0.004485)
  SNR (proxy): 13.62 (mean_norm=0.0279, std_norm=0.0020)

[Step 3] Training Model 3...
  lambda_dual: 0.8125
Training has not converged after 400 steps
  Weighting: frank_wolfe alpha = 0.1875
  [Step 3/9] train_MMD=0.0017 alpha_opt=0.1875 oracle_top4_TVD=0.7632
  [OK] MMD improved (delta=+0.009803)
  SNR (proxy): 3.14 (mean_norm=0.0097, std_norm=0.0031)

[Step 4] Training Model 4...
  lambda_dual: 0.8500
Training has not converged after 400 steps
  Weighting: frank_wolfe alpha = 0.1500
  [Step 4/9] train_MMD=0.0006 alpha_opt=0.1500 oracle_top5_TVD=0.7568
  [OK] MMD improved (delta=+0.001043)
  SNR (proxy): 5.18 (mean_norm=0.0220, std_norm=0.0043)

[Step 5] Training Model 5...
  lambda_dual: 0.8750
Training has not converged after 400 steps
  Weighting: frank_wolfe alpha = 0.1250
  [Step 5/9] train_MMD=0.0004 alpha_opt=0.1250 oracle_top6_TVD=0.7503
  [OK] MMD improved (delta=+0.000210)
  SNR (proxy): 6.23 (mean_norm=0.0191, std_norm=0.0031)

[Step 6] Training Model 6...
  lambda_dual: 0.8929
Training has not converged after 400 steps
  Weighting: frank_wolfe alpha = 0.1071
  [Step 6/9] train_MMD=0.0002 alpha_opt=0.1071 oracle_top7_TVD=0.7438
  [OK] MMD improved (delta=+0.000177)
  SNR (proxy): 14.02 (mean_norm=0.0232, std_norm=0.0017)

[Step 7] Training Model 7...
  lambda_dual: 0.9062
Training has not converged after 400 steps
  Weighting: frank_wolfe alpha = 0.0937
  [Step 7/9] train_MMD=0.0003 alpha_opt=0.0937 oracle_top8_TVD=0.7373
  [WARNING] MMD worsened but kept (diagnostic, delta=-0.000090)
  SNR (proxy): 7.64 (mean_norm=0.0152, std_norm=0.0020)

[Step 8] Training Model 8...
  lambda_dual: 0.9167
Training has not converged after 400 steps
  Weighting: frank_wolfe alpha = 0.0833
  [Step 8/9] train_MMD=-0.0000 alpha_opt=0.0833 oracle_top9_TVD=0.7309
  [OK] MMD improved (delta=+0.000338)
  SNR (proxy): 11.57 (mean_norm=0.0150, std_norm=0.0013)

[Step 9] Training Model 9...
  lambda_dual: 0.9250
Training has not converged after 400 steps
  Weighting: frank_wolfe alpha = 0.0750
  [Step 9/9] train_MMD=-0.0000 alpha_opt=0.0750 oracle_top10_TVD=0.7244
  [OK] MMD improved (delta=+0.000026)
  SNR (proxy): 11.20 (mean_norm=0.0136, std_norm=0.0012)

Final: 10 models, MMD=-0.0003 (delta=+0.0428) F1=nan

[FCFW] Computing Fully Corrective Frank-Wolfe weights for final ensemble...
  Weighting: fully corrective QP weights = [0.1617, 0.1206, 0.0979, 0.1073, 0.1643, 0.0759, 0.0556, 0.0743, 0.0569, 0.0853]
  FCFW Sampled MMD^2: -0.000357
  FCFW Sampled TVD:   0.5021

FINAL MODEL COMPARISON (inc. FCFW)
Model      | MMD        | TVD        | TVD*       | Valid      | Cover      | F1        
----------------------------------------------------------------------------------------
Baseline   | 0.0424     | n/a        | n/a        | n/a        | n/a        | n/a       
Ensemble   | -0.0003    | 0.503      | 0.200      | n/a        | n/a        | n/a       
Model 0    | 0.0432     | 0.840      | 0.618      | n/a        | n/a        | n/a       
Model 1    | 0.1404     | 0.771      | 0.573      | n/a        | n/a        | n/a       
Model 2    | 0.0482     | 0.867      | 0.627      | n/a        | n/a        | n/a       
Model 3    | 0.2506     | 0.778      | 0.707      | n/a        | n/a        | n/a       
Model 4    | 0.0995     | 0.775      | 0.600      | n/a        | n/a        | n/a       
Model 5    | 0.1215     | 0.822      | 0.578      | n/a        | n/a        | n/a       
Model 6    | 0.0591     | 0.816      | 0.554      | n/a        | n/a        | n/a       
Model 7    | 0.0798     | 0.777      | 0.560      | n/a        | n/a        | n/a       
Model 8    | 0.0947     | 0.754      | 0.587      | n/a        | n/a        | n/a       
Model 9    | 0.0796     | 0.788      | 0.567      | n/a        | n/a        | n/a       
Ensemble (FCFW) | -0.0004    | 0.502      | 0.197      | n/a        | n/a        | n/a       
Saving results to out/hpo/hopfield_20q_p1_b15_20260605_111726/trials/trial_0005/results.csv...
Experiment: Boosting on Hopfield (20q, 1p)
Configuration:
  train_samples: 1000
  data_seed: 42
  n_samples: 400
  n_models: 10
  learning_rate: 0.011103647313054618
  epochs_per_step: 400
  caching_level: none
  ensemble_samples_coeff: 1.0
  init_baseline: covariance
  init_later: random
  lambda_dual: 1.0
  lambda_schedule: {'type': 'frank_wolfe', 'gamma': 0.5, 'tau': 1.0}
  n_ops: 512
  weight_strategy: frank_wolfe
  alpha_n_grid: 11
  alpha_objective_weight: 0.5
  baseline: none
  shots: 1000
  final_eval_sampling: True
  dataset_metrics: True
  exact_metrics: {'enabled': True, 'max_qubits': 20, 'phases': {'baseline': True, 'steps': False, 'final': True, 'per_model': True, 'fcfw': True}}
  keep_models_for_diagnosis: True
  stop_on_reject: False
  save_circuit_artifacts: False
  rng_seed: 42
  circuit_config: {'topology': 'aachen_heavy_hex', 'distance': 2, 'max_weight': 2, 'n_ancilla': 0}
  turbo: 10
  dynamic_is_within_shell: shell_uniform
  exact_sampling: True
  acceptance_metric: training_mmd
  skip_sampling: True
  report_fcfw: True
  dynamic_is: False
  dynamic_is_beta: 0.013815607382950859
  sigma: [1.1335151316674401]
  require_exact_sampling: True
================================================================================
Saving config to out/hpo/hopfield_20q_p1_b15_20260605_111726/trials/trial_0006/config.json...
Gate structure: Qubits: 20
Aachen heavy-hex topology: 39 parameters
one_qubit=20, two_qubit=19
Using Gaussian Kernel (n_ops=512, n_qubits=20):
  - sigma=1.13351513
Expected sampled operator size:
  - p=3.223664, std=1.644404
  mean: 3.223664
  std: 1.644404
Baselines enabled: 

Training ensemble Model 0 (400 epochs)...
Training has not converged after 400 steps
Model 0 final loss: 0.092430
  [Step 0/9] train_MMD=0.0854 alpha_opt=1.0000 oracle_top1_TVD=0.8881

[Step 1] Training Model 1...
  lambda_dual: 0.7500
Training has not converged after 400 steps
  Weighting: frank_wolfe alpha = 0.2500
  [Step 1/9] train_MMD=0.0160 alpha_opt=0.2500 oracle_top2_TVD=0.7762
  [OK] MMD improved (delta=+0.069423)
  SNR (proxy): 13.98 (mean_norm=0.0082, std_norm=0.0006)

[Step 2] Training Model 2...
  lambda_dual: 0.8333
Training has not converged after 400 steps
  Weighting: frank_wolfe alpha = 0.1667
  [Step 2/9] train_MMD=0.0163 alpha_opt=0.1667 oracle_top3_TVD=0.7697
  [WARNING] MMD worsened but kept (diagnostic, delta=-0.000281)
  SNR (proxy): 15.19 (mean_norm=0.0402, std_norm=0.0026)

[Step 3] Training Model 3...
  lambda_dual: 0.8750
Training has not converged after 400 steps
  Weighting: frank_wolfe alpha = 0.1250
  [Step 3/9] train_MMD=0.0038 alpha_opt=0.1250 oracle_top4_TVD=0.7632
  [OK] MMD improved (delta=+0.012529)
  SNR (proxy): 41.94 (mean_norm=0.0003, std_norm=0.0000)

[Step 4] Training Model 4...
  lambda_dual: 0.9000
Training has not converged after 400 steps
  Weighting: frank_wolfe alpha = 0.1000
  [Step 4/9] train_MMD=0.0025 alpha_opt=0.1000 oracle_top5_TVD=0.7568
  [OK] MMD improved (delta=+0.001216)
  SNR (proxy): 19.95 (mean_norm=0.0265, std_norm=0.0013)

[Step 5] Training Model 5...
  lambda_dual: 0.9167
Training has not converged after 400 steps
  Weighting: frank_wolfe alpha = 0.0833
  [Step 5/9] train_MMD=0.0036 alpha_opt=0.0833 oracle_top6_TVD=0.7503
  [WARNING] MMD worsened but kept (diagnostic, delta=-0.001054)
  SNR (proxy): 16.06 (mean_norm=0.0221, std_norm=0.0014)

[Step 6] Training Model 6...
  lambda_dual: 0.9286
Training has not converged after 400 steps
  Weighting: frank_wolfe alpha = 0.0714
  [Step 6/9] train_MMD=0.0053 alpha_opt=0.0714 oracle_top7_TVD=0.7438
  [WARNING] MMD worsened but kept (diagnostic, delta=-0.001663)
  SNR (proxy): 15.40 (mean_norm=0.0199, std_norm=0.0013)

[Step 7] Training Model 7...
  lambda_dual: 0.9375
Training has not converged after 400 steps
  Weighting: frank_wolfe alpha = 0.0625
  [Step 7/9] train_MMD=0.0012 alpha_opt=0.0625 oracle_top8_TVD=0.7373
  [OK] MMD improved (delta=+0.004024)
  SNR (proxy): 15.58 (mean_norm=0.0000, std_norm=0.0000)

[Step 8] Training Model 8...
  lambda_dual: 0.9444
Training has not converged after 400 steps
  Weighting: frank_wolfe alpha = 0.0556
  [Step 8/9] train_MMD=0.0015 alpha_opt=0.0556 oracle_top9_TVD=0.7309
  [WARNING] MMD worsened but kept (diagnostic, delta=-0.000277)
  SNR (proxy): 20.71 (mean_norm=0.0166, std_norm=0.0008)

[Step 9] Training Model 9...
  lambda_dual: 0.9500
Training has not converged after 400 steps
  Weighting: frank_wolfe alpha = 0.0500
  [Step 9/9] train_MMD=0.0005 alpha_opt=0.0500 oracle_top10_TVD=0.7244
  [OK] MMD improved (delta=+0.000968)
  SNR (proxy): 9.23 (mean_norm=0.0115, std_norm=0.0012)

Final: 10 models, MMD=-0.0003 (delta=+0.0857) F1=nan

[FCFW] Computing Fully Corrective Frank-Wolfe weights for final ensemble...
  Weighting: fully corrective QP weights = [0.3218, 0.1051, 0.1071, 0.0585, 0.0857, 0.0811, 0.0000, 0.0586, 0.0917, 0.0905]
  FCFW Sampled MMD^2: -0.000241
  FCFW Sampled TVD:   0.5766

FINAL MODEL COMPARISON (inc. FCFW)
Model      | MMD        | TVD        | TVD*       | Valid      | Cover      | F1        
----------------------------------------------------------------------------------------
Baseline   | 0.0854     | n/a        | n/a        | n/a        | n/a        | n/a       
Ensemble   | -0.0003    | 0.588      | 0.280      | n/a        | n/a        | n/a       
Model 0    | 0.0927     | 0.878      | 0.652      | n/a        | n/a        | n/a       
Model 1    | 0.5638     | 0.849      | 0.821      | n/a        | n/a        | n/a       
Model 2    | 0.1116     | 0.841      | 0.601      | n/a        | n/a        | n/a       
Model 3    | 0.6087     | 0.888      | 0.888      | n/a        | n/a        | n/a       
Model 4    | 0.1798     | 0.790      | 0.542      | n/a        | n/a        | n/a       
Model 5    | 0.1184     | 0.946      | 0.595      | n/a        | n/a        | n/a       
Model 6    | 0.0952     | 0.952      | 0.671      | n/a        | n/a        | n/a       
Model 7    | 0.6087     | 0.888      | 0.888      | n/a        | n/a        | n/a       
Model 8    | 0.1663     | 0.782      | 0.550      | n/a        | n/a        | n/a       
Model 9    | 0.3628     | 0.853      | 0.791      | n/a        | n/a        | n/a       
Ensemble (FCFW) | -0.0002    | 0.577      | 0.268      | n/a        | n/a        | n/a       
Saving results to out/hpo/hopfield_20q_p1_b15_20260605_111726/trials/trial_0006/results.csv...
Experiment: Boosting on Hopfield (20q, 1p)
Configuration:
  train_samples: 1000
  data_seed: 42
  n_samples: 400
  n_models: 10
  learning_rate: 0.0021010799310103557
  epochs_per_step: 400
  caching_level: none
  ensemble_samples_coeff: 1.0
  init_baseline: covariance
  init_later: random
  lambda_dual: 1.0
  lambda_schedule: {'type': 'frank_wolfe', 'gamma': 1.0, 'tau': 1.0}
  n_ops: 2048
  weight_strategy: frank_wolfe
  alpha_n_grid: 11
  alpha_objective_weight: 0.5
  baseline: none
  shots: 1000
  final_eval_sampling: True
  dataset_metrics: True
  exact_metrics: {'enabled': True, 'max_qubits': 20, 'phases': {'baseline': True, 'steps': False, 'final': True, 'per_model': True, 'fcfw': True}}
  keep_models_for_diagnosis: True
  stop_on_reject: False
  save_circuit_artifacts: False
  rng_seed: 42
  circuit_config: {'topology': 'aachen_heavy_hex', 'distance': 2, 'max_weight': 2, 'n_ancilla': 0}
  turbo: 10
  dynamic_is_within_shell: shell_uniform
  exact_sampling: True
  acceptance_metric: training_mmd
  skip_sampling: True
  report_fcfw: True
  dynamic_is: False
  dynamic_is_beta: 0.06669254439997736
  sigma: [0.912465013808801]
  require_exact_sampling: True
================================================================================
Saving config to out/hpo/hopfield_20q_p1_b15_20260605_111726/trials/trial_0007/config.json...
Gate structure: Qubits: 20
Aachen heavy-hex topology: 39 parameters
one_qubit=20, two_qubit=19
Using Gaussian Kernel (n_ops=2048, n_qubits=20):
  - sigma=0.91246501
Expected sampled operator size:
  - p=4.514813, std=1.869662
  mean: 4.514813
  std: 1.869662
Baselines enabled: 

Training ensemble Model 0 (400 epochs)...
Training has not converged after 400 steps
Model 0 final loss: 0.060503
  [Step 0/9] train_MMD=0.0624 alpha_opt=1.0000 oracle_top1_TVD=0.8881

[Step 1] Training Model 1...
  lambda_dual: 0.5000
Training has not converged after 400 steps
  Weighting: frank_wolfe alpha = 0.5000
  [Step 1/9] train_MMD=0.0156 alpha_opt=0.5000 oracle_top2_TVD=0.7762
  [OK] MMD improved (delta=+0.046790)
  SNR (proxy): 3.24 (mean_norm=0.0228, std_norm=0.0070)

[Step 2] Training Model 2...
  lambda_dual: 0.6667
Training has not converged after 400 steps
  Weighting: frank_wolfe alpha = 0.3333
  [Step 2/9] train_MMD=0.0076 alpha_opt=0.3333 oracle_top3_TVD=0.7697
  [OK] MMD improved (delta=+0.008027)
  SNR (proxy): 5.97 (mean_norm=0.0384, std_norm=0.0064)

[Step 3] Training Model 3...
  lambda_dual: 0.7500
Training has not converged after 400 steps
  Weighting: frank_wolfe alpha = 0.2500
  [Step 3/9] train_MMD=0.0033 alpha_opt=0.2500 oracle_top4_TVD=0.7632
  [OK] MMD improved (delta=+0.004334)
  SNR (proxy): 4.68 (mean_norm=0.0338, std_norm=0.0072)

[Step 4] Training Model 4...
  lambda_dual: 0.8000
Training has not converged after 400 steps
  Weighting: frank_wolfe alpha = 0.2000
  [Step 4/9] train_MMD=0.0028 alpha_opt=0.2000 oracle_top5_TVD=0.7568
  [OK] MMD improved (delta=+0.000457)
  SNR (proxy): 5.05 (mean_norm=0.0341, std_norm=0.0068)

[Step 5] Training Model 5...
  lambda_dual: 0.8333
Training has not converged after 400 steps
  Weighting: frank_wolfe alpha = 0.1667
  [Step 5/9] train_MMD=0.0015 alpha_opt=0.1667 oracle_top6_TVD=0.7503
  [OK] MMD improved (delta=+0.001350)
  SNR (proxy): 9.34 (mean_norm=0.0294, std_norm=0.0031)

[Step 6] Training Model 6...
  lambda_dual: 0.8571
Training has not converged after 400 steps
  Weighting: frank_wolfe alpha = 0.1429
  [Step 6/9] train_MMD=0.0040 alpha_opt=0.1429 oracle_top7_TVD=0.7438
  [WARNING] MMD worsened but kept (diagnostic, delta=-0.002555)
  SNR (proxy): 11.13 (mean_norm=0.0193, std_norm=0.0017)

[Step 7] Training Model 7...
  lambda_dual: 0.8750
Training has not converged after 400 steps
  Weighting: frank_wolfe alpha = 0.1250
  [Step 7/9] train_MMD=0.0056 alpha_opt=0.1250 oracle_top8_TVD=0.7373
  [WARNING] MMD worsened but kept (diagnostic, delta=-0.001619)
  SNR (proxy): 8.89 (mean_norm=0.0258, std_norm=0.0029)

[Step 8] Training Model 8...
  lambda_dual: 0.8889
Training has not converged after 400 steps
  Weighting: frank_wolfe alpha = 0.1111
  [Step 8/9] train_MMD=0.0008 alpha_opt=0.1111 oracle_top9_TVD=0.7309
  [OK] MMD improved (delta=+0.004872)
  SNR (proxy): 8.82 (mean_norm=0.0221, std_norm=0.0025)

[Step 9] Training Model 9...
  lambda_dual: 0.9000
Training has not converged after 400 steps
  Weighting: frank_wolfe alpha = 0.1000
  [Step 9/9] train_MMD=0.0025 alpha_opt=0.1000 oracle_top10_TVD=0.7244
  [WARNING] MMD worsened but kept (diagnostic, delta=-0.001729)
  SNR (proxy): 6.76 (mean_norm=0.0077, std_norm=0.0011)

Final: 10 models, MMD=0.0017 (delta=+0.0607) F1=nan

[FCFW] Computing Fully Corrective Frank-Wolfe weights for final ensemble...
  Weighting: fully corrective QP weights = [0.1947, 0.1237, 0.1058, 0.1585, 0.0842, 0.1157, 0.0000, 0.0966, 0.1208, 0.0000]
  FCFW Sampled MMD^2: 0.000010
  FCFW Sampled TVD:   0.5353

FINAL MODEL COMPARISON (inc. FCFW)
Model      | MMD        | TVD        | TVD*       | Valid      | Cover      | F1        
----------------------------------------------------------------------------------------
Baseline   | 0.0624     | n/a        | n/a        | n/a        | n/a        | n/a       
Ensemble   | 0.0017     | 0.577      | 0.285      | n/a        | n/a        | n/a       
Model 0    | 0.0589     | 0.871      | 0.582      | n/a        | n/a        | n/a       
Model 1    | 0.1150     | 0.768      | 0.576      | n/a        | n/a        | n/a       
Model 2    | 0.1366     | 0.788      | 0.624      | n/a        | n/a        | n/a       
Model 3    | 0.1158     | 0.792      | 0.581      | n/a        | n/a        | n/a       
Model 4    | 0.1340     | 0.804      | 0.688      | n/a        | n/a        | n/a       
Model 5    | 0.1120     | 0.759      | 0.559      | n/a        | n/a        | n/a       
Model 6    | 0.0892     | 0.986      | 0.820      | n/a        | n/a        | n/a       
Model 7    | 0.0922     | 0.779      | 0.580      | n/a        | n/a        | n/a       
Model 8    | 0.4299     | 0.827      | 0.752      | n/a        | n/a        | n/a       
Model 9    | 0.0991     | 0.993      | 0.869      | n/a        | n/a        | n/a       
Ensemble (FCFW) | 0.0000     | 0.535      | 0.244      | n/a        | n/a        | n/a       
Saving results to out/hpo/hopfield_20q_p1_b15_20260605_111726/trials/trial_0007/results.csv...
Experiment: Boosting on Hopfield (20q, 1p)
Configuration:
  train_samples: 1000
  data_seed: 42
  n_samples: 400
  n_models: 10
  learning_rate: 0.04325432427964557
  epochs_per_step: 400
  caching_level: none
  ensemble_samples_coeff: 1.0
  init_baseline: covariance
  init_later: random
  lambda_dual: 1.0
  lambda_schedule: {'type': 'frank_wolfe', 'gamma': 0.25, 'tau': 1.0}
  n_ops: 512
  weight_strategy: frank_wolfe
  alpha_n_grid: 11
  alpha_objective_weight: 0.5
  baseline: none
  shots: 1000
  final_eval_sampling: True
  dataset_metrics: True
  exact_metrics: {'enabled': True, 'max_qubits': 20, 'phases': {'baseline': True, 'steps': False, 'final': True, 'per_model': True, 'fcfw': True}}
  keep_models_for_diagnosis: True
  stop_on_reject: False
  save_circuit_artifacts: False
  rng_seed: 42
  circuit_config: {'topology': 'aachen_heavy_hex', 'distance': 2, 'max_weight': 2, 'n_ancilla': 0}
  turbo: 10
  dynamic_is_within_shell: shell_uniform
  exact_sampling: True
  acceptance_metric: training_mmd
  skip_sampling: True
  report_fcfw: True
  dynamic_is: False
  dynamic_is_beta: 0.046184639800512954
  sigma: [1.4519699627297695, 0.8274317895485978, 0.3845924490840382]
  require_exact_sampling: True
================================================================================
Saving config to out/hpo/hopfield_20q_p1_b15_20260605_111726/trials/trial_0008/config.json...
Gate structure: Qubits: 20
Aachen heavy-hex topology: 39 parameters
one_qubit=20, two_qubit=19
Using Gaussian Kernel (n_ops=512, n_qubits=20):
  - sigma=1.45196996
  - sigma=0.82743179
  - sigma=0.38459245
Expected sampled operator size:
  - p=2.111407, std=1.374229
  - p=5.182390, std=1.959472
  - p=9.659663, std=2.234773
  mean: 5.651153
  std: 3.630424
Baselines enabled: 

Training ensemble Model 0 (400 epochs)...
Training has not converged after 400 steps
Model 0 final loss: 0.063943
  [Step 0/9] train_MMD=0.0650 alpha_opt=1.0000 oracle_top1_TVD=0.8881

[Step 1] Training Model 1...
  lambda_dual: 0.8750
Training has not converged after 400 steps
  Weighting: frank_wolfe alpha = 0.1250
  [Step 1/9] train_MMD=0.0259 alpha_opt=0.1250 oracle_top2_TVD=0.7762
  [OK] MMD improved (delta=+0.039057)
  SNR (proxy): 5.18 (mean_norm=0.0000, std_norm=0.0000)

[Step 2] Training Model 2...
  lambda_dual: 0.9167
Training has not converged after 400 steps
  Weighting: frank_wolfe alpha = 0.0833
  [Step 2/9] train_MMD=0.0171 alpha_opt=0.0833 oracle_top3_TVD=0.7697
  [OK] MMD improved (delta=+0.008829)
  SNR (proxy): 11.02 (mean_norm=0.0208, std_norm=0.0019)

[Step 3] Training Model 3...
  lambda_dual: 0.9375
Training has not converged after 400 steps
  Weighting: frank_wolfe alpha = 0.0625
  [Step 3/9] train_MMD=0.0139 alpha_opt=0.0625 oracle_top4_TVD=0.7632
  [OK] MMD improved (delta=+0.003192)
  SNR (proxy): 10.72 (mean_norm=0.0159, std_norm=0.0015)

[Step 4] Training Model 4...
  lambda_dual: 0.9500
Training has not converged after 400 steps
  Weighting: frank_wolfe alpha = 0.0500
  [Step 4/9] train_MMD=0.0125 alpha_opt=0.0500 oracle_top5_TVD=0.7568
  [OK] MMD improved (delta=+0.001423)
  SNR (proxy): 11.27 (mean_norm=0.0109, std_norm=0.0010)

[Step 5] Training Model 5...
  lambda_dual: 0.9583
Training has not converged after 400 steps
  Weighting: frank_wolfe alpha = 0.0417
  [Step 5/9] train_MMD=0.0118 alpha_opt=0.0417 oracle_top6_TVD=0.7503
  [OK] MMD improved (delta=+0.000669)
  SNR (proxy): 13.21 (mean_norm=0.0099, std_norm=0.0007)

[Step 6] Training Model 6...
  lambda_dual: 0.9643
Training has not converged after 400 steps
  Weighting: frank_wolfe alpha = 0.0357
  [Step 6/9] train_MMD=0.0114 alpha_opt=0.0357 oracle_top7_TVD=0.7438
  [OK] MMD improved (delta=+0.000381)
  SNR (proxy): 11.36 (mean_norm=0.0143, std_norm=0.0013)

[Step 7] Training Model 7...
  lambda_dual: 0.9688
Training has not converged after 400 steps
  Weighting: frank_wolfe alpha = 0.0312
  [Step 7/9] train_MMD=0.0112 alpha_opt=0.0312 oracle_top8_TVD=0.7373
  [OK] MMD improved (delta=+0.000213)
  SNR (proxy): 13.19 (mean_norm=0.0076, std_norm=0.0006)

[Step 8] Training Model 8...
  lambda_dual: 0.9722
Training has not converged after 400 steps
  Weighting: frank_wolfe alpha = 0.0278
  [Step 8/9] train_MMD=0.0112 alpha_opt=0.0278 oracle_top9_TVD=0.7309
  [OK] MMD improved (delta=+0.000006)
  SNR (proxy): 9.83 (mean_norm=0.0088, std_norm=0.0009)

[Step 9] Training Model 9...
  lambda_dual: 0.9750
Training has not converged after 400 steps
  Weighting: frank_wolfe alpha = 0.0250
  [Step 9/9] train_MMD=0.0077 alpha_opt=0.0250 oracle_top10_TVD=0.7244
  [OK] MMD improved (delta=+0.003569)
  SNR (proxy): 8.31 (mean_norm=0.0000, std_norm=0.0000)

Final: 10 models, MMD=0.0084 (delta=+0.0565) F1=nan

[FCFW] Computing Fully Corrective Frank-Wolfe weights for final ensemble...
  Weighting: fully corrective QP weights = [0.4614, 0.0263, 0.0810, 0.1349, 0.0387, 0.0369, 0.0265, 0.0383, 0.0347, 0.1213]
  FCFW Sampled MMD^2: 0.000971
  FCFW Sampled TVD:   0.5763

FINAL MODEL COMPARISON (inc. FCFW)
Model      | MMD        | TVD        | TVD*       | Valid      | Cover      | F1        
----------------------------------------------------------------------------------------
Baseline   | 0.0650     | n/a        | n/a        | n/a        | n/a        | n/a       
Ensemble   | 0.0084     | 0.670      | 0.495      | n/a        | n/a        | n/a       
Model 0    | 0.0668     | 0.877      | 0.728      | n/a        | n/a        | n/a       
Model 1    | 0.6912     | 0.888      | 0.888      | n/a        | n/a        | n/a       
Model 2    | 0.2769     | 0.847      | 0.771      | n/a        | n/a        | n/a       
Model 3    | 0.1594     | 0.809      | 0.691      | n/a        | n/a        | n/a       
Model 4    | 0.2775     | 0.977      | 0.949      | n/a        | n/a        | n/a       
Model 5    | 0.2384     | 0.977      | 0.947      | n/a        | n/a        | n/a       
Model 6    | 0.1976     | 0.976      | 0.939      | n/a        | n/a        | n/a       
Model 7    | 0.2218     | 0.976      | 0.951      | n/a        | n/a        | n/a       
Model 8    | 0.1907     | 0.977      | 0.934      | n/a        | n/a        | n/a       
Model 9    | 0.6799     | 0.888      | 0.888      | n/a        | n/a        | n/a       
Ensemble (FCFW) | 0.0010     | 0.576      | 0.437      | n/a        | n/a        | n/a       
Saving results to out/hpo/hopfield_20q_p1_b15_20260605_111726/trials/trial_0008/results.csv...
Experiment: Boosting on Hopfield (20q, 1p)
Configuration:
  train_samples: 1000
  data_seed: 42
  n_samples: 400
  n_models: 10
  learning_rate: 0.0039972068191218065
  epochs_per_step: 400
  caching_level: none
  ensemble_samples_coeff: 1.0
  init_baseline: covariance
  init_later: random
  lambda_dual: 1.0
  lambda_schedule: {'type': 'frank_wolfe', 'gamma': 1.0, 'tau': 1.0}
  n_ops: 2048
  weight_strategy: frank_wolfe
  alpha_n_grid: 11
  alpha_objective_weight: 0.5
  baseline: none
  shots: 1000
  final_eval_sampling: True
  dataset_metrics: True
  exact_metrics: {'enabled': True, 'max_qubits': 20, 'phases': {'baseline': True, 'steps': False, 'final': True, 'per_model': True, 'fcfw': True}}
  keep_models_for_diagnosis: True
  stop_on_reject: False
  save_circuit_artifacts: False
  rng_seed: 42
  circuit_config: {'topology': 'aachen_heavy_hex', 'distance': 2, 'max_weight': 2, 'n_ancilla': 0}
  turbo: 10
  dynamic_is_within_shell: shell_uniform
  exact_sampling: True
  acceptance_metric: training_mmd
  skip_sampling: True
  report_fcfw: True
  dynamic_is: False
  dynamic_is_beta: 0.062095693648805635
  sigma: [0.5867948950019003]
  require_exact_sampling: True
================================================================================
Saving config to out/hpo/hopfield_20q_p1_b15_20260605_111726/trials/trial_0009/config.json...
Gate structure: Qubits: 20
Aachen heavy-hex topology: 39 parameters
one_qubit=20, two_qubit=19
Using Gaussian Kernel (n_ops=2048, n_qubits=20):
  - sigma=0.58679490
Expected sampled operator size:
  - p=7.659224, std=2.173945
  mean: 7.659224
  std: 2.173945
Baselines enabled: 

Training ensemble Model 0 (400 epochs)...
Training has not converged after 400 steps
Model 0 final loss: 0.022870
  [Step 0/9] train_MMD=0.0231 alpha_opt=1.0000 oracle_top1_TVD=0.8881

[Step 1] Training Model 1...
  lambda_dual: 0.5000
Training has not converged after 400 steps
  Weighting: frank_wolfe alpha = 0.5000
  [Step 1/9] train_MMD=0.0062 alpha_opt=0.5000 oracle_top2_TVD=0.7762
  [OK] MMD improved (delta=+0.016901)
  SNR (proxy): 2.29 (mean_norm=0.0185, std_norm=0.0081)

[Step 2] Training Model 2...
  lambda_dual: 0.6667
Training has not converged after 400 steps
  Weighting: frank_wolfe alpha = 0.3333
  [Step 2/9] train_MMD=0.0122 alpha_opt=0.3333 oracle_top3_TVD=0.7697
  [WARNING] MMD worsened but kept (diagnostic, delta=-0.005956)
  SNR (proxy): 11.68 (mean_norm=0.0061, std_norm=0.0005)

[Step 3] Training Model 3...
  lambda_dual: 0.7500
Training has not converged after 400 steps
  Weighting: frank_wolfe alpha = 0.2500
  [Step 3/9] train_MMD=0.0067 alpha_opt=0.2500 oracle_top4_TVD=0.7632
  [OK] MMD improved (delta=+0.005473)
  SNR (proxy): 4.77 (mean_norm=0.0528, std_norm=0.0111)

[Step 4] Training Model 4...
  lambda_dual: 0.8000
Training has not converged after 400 steps
  Weighting: frank_wolfe alpha = 0.2000
  [Step 4/9] train_MMD=0.0036 alpha_opt=0.2000 oracle_top5_TVD=0.7568
  [OK] MMD improved (delta=+0.003097)
  SNR (proxy): 2.10 (mean_norm=0.0204, std_norm=0.0097)

[Step 5] Training Model 5...
  lambda_dual: 0.8333
Training has not converged after 400 steps
  Weighting: frank_wolfe alpha = 0.1667
  [Step 5/9] train_MMD=0.0059 alpha_opt=0.1667 oracle_top6_TVD=0.7503
  [WARNING] MMD worsened but kept (diagnostic, delta=-0.002343)
  SNR (proxy): 9.73 (mean_norm=0.0039, std_norm=0.0004)

[Step 6] Training Model 6...
  lambda_dual: 0.8571
Training has not converged after 400 steps
  Weighting: frank_wolfe alpha = 0.1429
  [Step 6/9] train_MMD=0.0069 alpha_opt=0.1429 oracle_top7_TVD=0.7438
  [WARNING] MMD worsened but kept (diagnostic, delta=-0.000977)
  SNR (proxy): 2.70 (mean_norm=0.0190, std_norm=0.0070)

[Step 7] Training Model 7...
  lambda_dual: 0.8750
Training has not converged after 400 steps
  Weighting: frank_wolfe alpha = 0.1250
  [Step 7/9] train_MMD=0.0005 alpha_opt=0.1250 oracle_top8_TVD=0.7373
  [OK] MMD improved (delta=+0.006418)
  SNR (proxy): 2.74 (mean_norm=0.0117, std_norm=0.0043)

[Step 8] Training Model 8...
  lambda_dual: 0.8889
Training has not converged after 400 steps
  Weighting: frank_wolfe alpha = 0.1111
  [Step 8/9] train_MMD=0.0010 alpha_opt=0.1111 oracle_top9_TVD=0.7309
  [WARNING] MMD worsened but kept (diagnostic, delta=-0.000479)
  SNR (proxy): 5.56 (mean_norm=0.0133, std_norm=0.0024)

[Step 9] Training Model 9...
  lambda_dual: 0.9000
Training has not converged after 400 steps
  Weighting: frank_wolfe alpha = 0.1000
  [Step 9/9] train_MMD=0.0020 alpha_opt=0.1000 oracle_top10_TVD=0.7244
  [WARNING] MMD worsened but kept (diagnostic, delta=-0.001048)
  SNR (proxy): 8.92 (mean_norm=0.0027, std_norm=0.0003)

Final: 10 models, MMD=0.0017 (delta=+0.0214) F1=nan

[FCFW] Computing Fully Corrective Frank-Wolfe weights for final ensemble...
  Weighting: fully corrective QP weights = [0.1136, 0.2730, 0.0868, 0.0704, 0.1563, 0.0000, 0.0000, 0.1063, 0.1936, 0.0000]
  FCFW Sampled MMD^2: -0.000127
  FCFW Sampled TVD:   0.5302

FINAL MODEL COMPARISON (inc. FCFW)
Model      | MMD        | TVD        | TVD*       | Valid      | Cover      | F1        
----------------------------------------------------------------------------------------
Baseline   | 0.0231     | n/a        | n/a        | n/a        | n/a        | n/a       
Ensemble   | 0.0017     | 0.598      | 0.319      | n/a        | n/a        | n/a       
Model 0    | 0.0213     | 0.831      | 0.537      | n/a        | n/a        | n/a       
Model 1    | 0.0491     | 0.775      | 0.547      | n/a        | n/a        | n/a       
Model 2    | 0.0437     | 0.999      | 0.878      | n/a        | n/a        | n/a       
Model 3    | 0.0574     | 0.821      | 0.788      | n/a        | n/a        | n/a       
Model 4    | 0.1404     | 0.762      | 0.589      | n/a        | n/a        | n/a       
Model 5    | 0.0444     | 1.000      | 0.911      | n/a        | n/a        | n/a       
Model 6    | 0.0382     | 0.801      | 0.629      | n/a        | n/a        | n/a       
Model 7    | 0.2749     | 0.814      | 0.757      | n/a        | n/a        | n/a       
Model 8    | 0.0272     | 0.845      | 0.625      | n/a        | n/a        | n/a       
Model 9    | 0.0441     | 0.999      | 0.907      | n/a        | n/a        | n/a       
Ensemble (FCFW) | -0.0001    | 0.530      | 0.207      | n/a        | n/a        | n/a       
Saving results to out/hpo/hopfield_20q_p1_b15_20260605_111726/trials/trial_0009/results.csv...
Experiment: Boosting on Hopfield (20q, 1p)
Configuration:
  train_samples: 1000
  data_seed: 42
  n_samples: 400
  n_models: 10
  learning_rate: 0.0906941214970469
  epochs_per_step: 400
  caching_level: none
  ensemble_samples_coeff: 1.0
  init_baseline: covariance
  init_later: random
  lambda_dual: 1.0
  lambda_schedule: {'type': 'frank_wolfe', 'gamma': 0.75, 'tau': 1.0}
  n_ops: 512
  weight_strategy: frank_wolfe
  alpha_n_grid: 11
  alpha_objective_weight: 0.5
  baseline: none
  shots: 1000
  final_eval_sampling: True
  dataset_metrics: True
  exact_metrics: {'enabled': True, 'max_qubits': 20, 'phases': {'baseline': True, 'steps': False, 'final': True, 'per_model': True, 'fcfw': True}}
  keep_models_for_diagnosis: True
  stop_on_reject: False
  save_circuit_artifacts: False
  rng_seed: 42
  circuit_config: {'topology': 'aachen_heavy_hex', 'distance': 2, 'max_weight': 2, 'n_ancilla': 0}
  turbo: 10
  dynamic_is_within_shell: shell_uniform
  exact_sampling: True
  acceptance_metric: training_mmd
  skip_sampling: True
  report_fcfw: True
  dynamic_is: True
  dynamic_is_beta: 0.010228672856993973
  sigma: [0.9614271687292855, 0.6294020185746713]
  require_exact_sampling: True
================================================================================
Saving config to out/hpo/hopfield_20q_p1_b15_20260605_111726/trials/trial_0010/config.json...
Gate structure: Qubits: 20
Aachen heavy-hex topology: 39 parameters
one_qubit=20, two_qubit=19
Using Gaussian Kernel (n_ops=512, n_qubits=20):
  - sigma=0.96142717
  - sigma=0.62940202
Expected sampled operator size:
  - p=4.177907, std=1.818010
  - p=7.169575, std=2.144629
  mean: 5.673741
  std: 2.487934
Baselines enabled: 

Training ensemble Model 0 (400 epochs)...
Training has not converged after 400 steps
Model 0 final loss: 0.049452
  [Step 0/9] train_MMD=0.0491 alpha_opt=1.0000 oracle_top1_TVD=0.8881

[Step 1] Training Model 1...
  lambda_dual: 0.6250
Training has not converged after 400 steps
  Weighting: frank_wolfe alpha = 0.3750
  [Step 1/9] train_MMD=0.0102 alpha_opt=0.3750 oracle_top2_TVD=0.7762
  [OK] MMD improved (delta=+0.038859)
  SNR (proxy): 7.06 (mean_norm=0.0348, std_norm=0.0049)

[Step 2] Training Model 2...
  lambda_dual: 0.7500
Training has not converged after 400 steps
  Weighting: frank_wolfe alpha = 0.2500
  [Step 2/9] train_MMD=0.0134 alpha_opt=0.2500 oracle_top3_TVD=0.7697
  [WARNING] MMD worsened but kept (diagnostic, delta=-0.003220)
  SNR (proxy): 11.87 (mean_norm=0.0199, std_norm=0.0017)

[Step 3] Training Model 3...
  lambda_dual: 0.8125
Training has not converged after 400 steps
  Weighting: frank_wolfe alpha = 0.1875
  [Step 3/9] train_MMD=0.0168 alpha_opt=0.1875 oracle_top4_TVD=0.7632
  [WARNING] MMD worsened but kept (diagnostic, delta=-0.003405)
  SNR (proxy): 11.41 (mean_norm=0.0189, std_norm=0.0017)

[Step 4] Training Model 4...
  lambda_dual: 0.8500
Training has not converged after 400 steps
  Weighting: frank_wolfe alpha = 0.1500
  [Step 4/9] train_MMD=0.0008 alpha_opt=0.1500 oracle_top5_TVD=0.7568
  [OK] MMD improved (delta=+0.016067)
  SNR (proxy): 7.28 (mean_norm=0.0123, std_norm=0.0017)

[Step 5] Training Model 5...
  lambda_dual: 0.8750
Training has not converged after 400 steps
  Weighting: frank_wolfe alpha = 0.1250
  [Step 5/9] train_MMD=0.0009 alpha_opt=0.1250 oracle_top6_TVD=0.7503
  [WARNING] MMD worsened but kept (diagnostic, delta=-0.000177)
  SNR (proxy): 20.97 (mean_norm=0.0199, std_norm=0.0009)

[Step 6] Training Model 6...
  lambda_dual: 0.8929
Training has not converged after 400 steps
  Weighting: frank_wolfe alpha = 0.1071
  [Step 6/9] train_MMD=0.0006 alpha_opt=0.1071 oracle_top7_TVD=0.7438
  [OK] MMD improved (delta=+0.000316)
  SNR (proxy): 4.29 (mean_norm=0.0136, std_norm=0.0032)

[Step 7] Training Model 7...
  lambda_dual: 0.9062
Training has not converged after 400 steps
  Weighting: frank_wolfe alpha = 0.0937
  [Step 7/9] train_MMD=0.0001 alpha_opt=0.0937 oracle_top8_TVD=0.7373
  [OK] MMD improved (delta=+0.000507)
  SNR (proxy): 7.16 (mean_norm=0.0135, std_norm=0.0019)

[Step 8] Training Model 8...
  lambda_dual: 0.9167
Training has not converged after 400 steps
  Weighting: frank_wolfe alpha = 0.0833
  [Step 8/9] train_MMD=0.0001 alpha_opt=0.0833 oracle_top9_TVD=0.7309
  [WARNING] MMD worsened but kept (diagnostic, delta=-0.000009)
  SNR (proxy): 9.88 (mean_norm=0.0133, std_norm=0.0013)

[Step 9] Training Model 9...
  lambda_dual: 0.9250
Training has not converged after 400 steps
  Weighting: frank_wolfe alpha = 0.0750
  [Step 9/9] train_MMD=0.0008 alpha_opt=0.0750 oracle_top10_TVD=0.7244
  [WARNING] MMD worsened but kept (diagnostic, delta=-0.000672)
  SNR (proxy): 10.01 (mean_norm=0.0068, std_norm=0.0007)

Final: 10 models, MMD=0.0001 (delta=+0.0490) F1=nan

[FCFW] Computing Fully Corrective Frank-Wolfe weights for final ensemble...
  Weighting: fully corrective QP weights = [0.1484, 0.0932, 0.0720, 0.1088, 0.0940, 0.1482, 0.1004, 0.1172, 0.0921, 0.0256]
  FCFW Sampled MMD^2: -0.000621
  FCFW Sampled TVD:   0.5116

FINAL MODEL COMPARISON (inc. FCFW)
Model      | MMD        | TVD        | TVD*       | Valid      | Cover      | F1        
----------------------------------------------------------------------------------------
Baseline   | 0.0491     | n/a        | n/a        | n/a        | n/a        | n/a       
Ensemble   | 0.0001     | 0.515      | 0.207      | n/a        | n/a        | n/a       
Model 0    | 0.0478     | 0.850      | 0.598      | n/a        | n/a        | n/a       
Model 1    | 0.2045     | 0.782      | 0.632      | n/a        | n/a        | n/a       
Model 2    | 0.0641     | 0.959      | 0.809      | n/a        | n/a        | n/a       
Model 3    | 0.1328     | 0.768      | 0.650      | n/a        | n/a        | n/a       
Model 4    | 0.4965     | 0.835      | 0.811      | n/a        | n/a        | n/a       
Model 5    | 0.0603     | 0.864      | 0.629      | n/a        | n/a        | n/a       
Model 6    | 0.1230     | 0.801      | 0.670      | n/a        | n/a        | n/a       
Model 7    | 0.0848     | 0.786      | 0.581      | n/a        | n/a        | n/a       
Model 8    | 0.0809     | 0.792      | 0.586      | n/a        | n/a        | n/a       
Model 9    | 0.0600     | 0.898      | 0.617      | n/a        | n/a        | n/a       
Ensemble (FCFW) | -0.0006    | 0.512      | 0.185      | n/a        | n/a        | n/a       
Saving results to out/hpo/hopfield_20q_p1_b15_20260605_111726/trials/trial_0010/results.csv...
Experiment: Boosting on Hopfield (20q, 1p)
Configuration:
  train_samples: 1000
  data_seed: 42
  n_samples: 400
  n_models: 10
  learning_rate: 0.08682127224044867
  epochs_per_step: 400
  caching_level: none
  ensemble_samples_coeff: 1.0
  init_baseline: covariance
  init_later: random
  lambda_dual: 1.0
  lambda_schedule: {'type': 'frank_wolfe', 'gamma': 0.75, 'tau': 1.0}
  n_ops: 512
  weight_strategy: frank_wolfe
  alpha_n_grid: 11
  alpha_objective_weight: 0.5
  baseline: none
  shots: 1000
  final_eval_sampling: True
  dataset_metrics: True
  exact_metrics: {'enabled': True, 'max_qubits': 20, 'phases': {'baseline': True, 'steps': False, 'final': True, 'per_model': True, 'fcfw': True}}
  keep_models_for_diagnosis: True
  stop_on_reject: False
  save_circuit_artifacts: False
  rng_seed: 42
  circuit_config: {'topology': 'aachen_heavy_hex', 'distance': 2, 'max_weight': 2, 'n_ancilla': 0}
  turbo: 10
  dynamic_is_within_shell: shell_uniform
  exact_sampling: True
  acceptance_metric: training_mmd
  skip_sampling: True
  report_fcfw: True
  dynamic_is: True
  dynamic_is_beta: 0.010256710059969275
  sigma: [0.9324730153728951, 0.6208148889469605]
  require_exact_sampling: True
================================================================================
Saving config to out/hpo/hopfield_20q_p1_b15_20260605_111726/trials/trial_0011/config.json...
Gate structure: Qubits: 20
Aachen heavy-hex topology: 39 parameters
one_qubit=20, two_qubit=19
Using Gaussian Kernel (n_ops=512, n_qubits=20):
  - sigma=0.93247302
  - sigma=0.62081489
Expected sampled operator size:
  - p=4.373172, std=1.848497
  - p=7.267357, std=2.150961
  mean: 5.820265
  std: 2.473027
Baselines enabled: 

Training ensemble Model 0 (400 epochs)...
Training has not converged after 400 steps
Model 0 final loss: 0.047278
  [Step 0/9] train_MMD=0.0459 alpha_opt=1.0000 oracle_top1_TVD=0.8881

[Step 1] Training Model 1...
  lambda_dual: 0.6250
Training has not converged after 400 steps
  Weighting: frank_wolfe alpha = 0.3750
  [Step 1/9] train_MMD=0.0077 alpha_opt=0.3750 oracle_top2_TVD=0.7762
  [OK] MMD improved (delta=+0.038158)
  SNR (proxy): 5.83 (mean_norm=0.0267, std_norm=0.0046)

[Step 2] Training Model 2...
  lambda_dual: 0.7500
Training has not converged after 400 steps
  Weighting: frank_wolfe alpha = 0.2500
  [Step 2/9] train_MMD=0.0112 alpha_opt=0.2500 oracle_top3_TVD=0.7697
  [WARNING] MMD worsened but kept (diagnostic, delta=-0.003493)
  SNR (proxy): 18.12 (mean_norm=0.0212, std_norm=0.0012)

[Step 3] Training Model 3...
  lambda_dual: 0.8125
Training has not converged after 400 steps
  Weighting: frank_wolfe alpha = 0.1875
  [Step 3/9] train_MMD=0.0028 alpha_opt=0.1875 oracle_top4_TVD=0.7632
  [OK] MMD improved (delta=+0.008428)
  SNR (proxy): 4.78 (mean_norm=0.0117, std_norm=0.0025)

[Step 4] Training Model 4...
  lambda_dual: 0.8500
Training has not converged after 400 steps
  Weighting: frank_wolfe alpha = 0.1500
  [Step 4/9] train_MMD=0.0007 alpha_opt=0.1500 oracle_top5_TVD=0.7568
  [OK] MMD improved (delta=+0.002100)
  SNR (proxy): 6.55 (mean_norm=0.0267, std_norm=0.0041)

[Step 5] Training Model 5...
  lambda_dual: 0.8750
Training has not converged after 400 steps
  Weighting: frank_wolfe alpha = 0.1250
  [Step 5/9] train_MMD=0.0010 alpha_opt=0.1250 oracle_top6_TVD=0.7503
  [WARNING] MMD worsened but kept (diagnostic, delta=-0.000280)
  SNR (proxy): 5.83 (mean_norm=0.0110, std_norm=0.0019)

[Step 6] Training Model 6...
  lambda_dual: 0.8929
Training has not converged after 400 steps
  Weighting: frank_wolfe alpha = 0.1071
  [Step 6/9] train_MMD=0.0002 alpha_opt=0.1071 oracle_top7_TVD=0.7438
  [OK] MMD improved (delta=+0.000793)
  SNR (proxy): 12.74 (mean_norm=0.0207, std_norm=0.0016)

[Step 7] Training Model 7...
  lambda_dual: 0.9062
Training has not converged after 400 steps
  Weighting: frank_wolfe alpha = 0.0937
  [Step 7/9] train_MMD=0.0002 alpha_opt=0.0937 oracle_top8_TVD=0.7373
  [WARNING] MMD worsened but kept (diagnostic, delta=-0.000066)
  SNR (proxy): 4.29 (mean_norm=0.0103, std_norm=0.0024)

[Step 8] Training Model 8...
  lambda_dual: 0.9167
Training has not converged after 400 steps
  Weighting: frank_wolfe alpha = 0.0833
  [Step 8/9] train_MMD=0.0001 alpha_opt=0.0833 oracle_top9_TVD=0.7309
  [OK] MMD improved (delta=+0.000171)
  SNR (proxy): 10.45 (mean_norm=0.0206, std_norm=0.0020)

[Step 9] Training Model 9...
  lambda_dual: 0.9250
Training has not converged after 400 steps
  Weighting: frank_wolfe alpha = 0.0750
  [Step 9/9] train_MMD=0.0006 alpha_opt=0.0750 oracle_top10_TVD=0.7244
  [WARNING] MMD worsened but kept (diagnostic, delta=-0.000505)
  SNR (proxy): 5.24 (mean_norm=0.0072, std_norm=0.0014)

Final: 10 models, MMD=-0.0000 (delta=+0.0459) F1=nan

[FCFW] Computing Fully Corrective Frank-Wolfe weights for final ensemble...
  Weighting: fully corrective QP weights = [0.2026, 0.1503, 0.0792, 0.1113, 0.0515, 0.1116, 0.0467, 0.0819, 0.0802, 0.0848]
  FCFW Sampled MMD^2: -0.000286
  FCFW Sampled TVD:   0.5120

FINAL MODEL COMPARISON (inc. FCFW)
Model      | MMD        | TVD        | TVD*       | Valid      | Cover      | F1        
----------------------------------------------------------------------------------------
Baseline   | 0.0459     | n/a        | n/a        | n/a        | n/a        | n/a       
Ensemble   | -0.0000    | 0.507      | 0.208      | n/a        | n/a        | n/a       
Model 0    | 0.0455     | 0.851      | 0.609      | n/a        | n/a        | n/a       
Model 1    | 0.1851     | 0.768      | 0.618      | n/a        | n/a        | n/a       
Model 2    | 0.0591     | 0.956      | 0.746      | n/a        | n/a        | n/a       
Model 3    | 0.2774     | 0.796      | 0.731      | n/a        | n/a        | n/a       
Model 4    | 0.1111     | 0.779      | 0.618      | n/a        | n/a        | n/a       
Model 5    | 0.1297     | 0.809      | 0.623      | n/a        | n/a        | n/a       
Model 6    | 0.0963     | 0.799      | 0.576      | n/a        | n/a        | n/a       
Model 7    | 0.0833     | 0.771      | 0.557      | n/a        | n/a        | n/a       
Model 8    | 0.0633     | 0.769      | 0.561      | n/a        | n/a        | n/a       
Model 9    | 0.0916     | 0.821      | 0.598      | n/a        | n/a        | n/a       
Ensemble (FCFW) | -0.0003    | 0.512      | 0.197      | n/a        | n/a        | n/a       
Saving results to out/hpo/hopfield_20q_p1_b15_20260605_111726/trials/trial_0011/results.csv...
Experiment: Boosting on Hopfield (20q, 1p)
Configuration:
  train_samples: 1000
  data_seed: 42
  n_samples: 400
  n_models: 10
  learning_rate: 0.044799882002623255
  epochs_per_step: 400
  caching_level: none
  ensemble_samples_coeff: 1.0
  init_baseline: covariance
  init_later: random
  lambda_dual: 1.0
  lambda_schedule: {'type': 'frank_wolfe', 'gamma': 0.75, 'tau': 1.0}
  n_ops: 512
  weight_strategy: frank_wolfe
  alpha_n_grid: 11
  alpha_objective_weight: 0.5
  baseline: none
  shots: 1000
  final_eval_sampling: True
  dataset_metrics: True
  exact_metrics: {'enabled': True, 'max_qubits': 20, 'phases': {'baseline': True, 'steps': False, 'final': True, 'per_model': True, 'fcfw': True}}
  keep_models_for_diagnosis: True
  stop_on_reject: False
  save_circuit_artifacts: False
  rng_seed: 42
  circuit_config: {'topology': 'aachen_heavy_hex', 'distance': 2, 'max_weight': 2, 'n_ancilla': 0}
  turbo: 10
  dynamic_is_within_shell: shell_uniform
  exact_sampling: True
  acceptance_metric: training_mmd
  skip_sampling: True
  report_fcfw: True
  dynamic_is: True
  dynamic_is_beta: 0.019871766021939102
  sigma: [0.9697960175080749, 0.6613698566766043]
  require_exact_sampling: True
================================================================================
Saving config to out/hpo/hopfield_20q_p1_b15_20260605_111726/trials/trial_0012/config.json...
Gate structure: Qubits: 20
Aachen heavy-hex topology: 39 parameters
one_qubit=20, two_qubit=19
Using Gaussian Kernel (n_ops=512, n_qubits=20):
  - sigma=0.96979602
  - sigma=0.66136986
Expected sampled operator size:
  - p=4.123535, std=1.809242
  - p=6.811684, std=2.119371
  mean: 5.467609
  std: 2.385179
Baselines enabled: 

Training ensemble Model 0 (400 epochs)...
Training has not converged after 400 steps
Model 0 final loss: 0.053562
  [Step 0/9] train_MMD=0.0518 alpha_opt=1.0000 oracle_top1_TVD=0.8881

[Step 1] Training Model 1...
  lambda_dual: 0.6250
Training has not converged after 400 steps
  Weighting: frank_wolfe alpha = 0.3750
  [Step 1/9] train_MMD=0.0126 alpha_opt=0.3750 oracle_top2_TVD=0.7762
  [OK] MMD improved (delta=+0.039279)
  SNR (proxy): 14.90 (mean_norm=0.0705, std_norm=0.0047)

[Step 2] Training Model 2...
  lambda_dual: 0.7500
Training has not converged after 400 steps
  Weighting: frank_wolfe alpha = 0.2500
  [Step 2/9] train_MMD=0.0158 alpha_opt=0.2500 oracle_top3_TVD=0.7697
  [WARNING] MMD worsened but kept (diagnostic, delta=-0.003221)
  SNR (proxy): 8.96 (mean_norm=0.0172, std_norm=0.0019)

[Step 3] Training Model 3...
  lambda_dual: 0.8125
Training has not converged after 400 steps
  Weighting: frank_wolfe alpha = 0.1875
  [Step 3/9] train_MMD=0.0181 alpha_opt=0.1875 oracle_top4_TVD=0.7632
  [WARNING] MMD worsened but kept (diagnostic, delta=-0.002300)
  SNR (proxy): 7.57 (mean_norm=0.0228, std_norm=0.0030)

[Step 4] Training Model 4...
  lambda_dual: 0.8500
Training has not converged after 400 steps
  Weighting: frank_wolfe alpha = 0.1500
  [Step 4/9] train_MMD=0.0011 alpha_opt=0.1500 oracle_top5_TVD=0.7568
  [OK] MMD improved (delta=+0.016957)
  SNR (proxy): 9.70 (mean_norm=0.0058, std_norm=0.0006)

[Step 5] Training Model 5...
  lambda_dual: 0.8750
Training has not converged after 400 steps
  Weighting: frank_wolfe alpha = 0.1250
  [Step 5/9] train_MMD=0.0022 alpha_opt=0.1250 oracle_top6_TVD=0.7503
  [WARNING] MMD worsened but kept (diagnostic, delta=-0.001029)
  SNR (proxy): 4.68 (mean_norm=0.0072, std_norm=0.0015)

[Step 6] Training Model 6...
  lambda_dual: 0.8929
Training has not converged after 400 steps
  Weighting: frank_wolfe alpha = 0.1071
  [Step 6/9] train_MMD=0.0003 alpha_opt=0.1071 oracle_top7_TVD=0.7438
  [OK] MMD improved (delta=+0.001889)
  SNR (proxy): 25.46 (mean_norm=0.0148, std_norm=0.0006)

[Step 7] Training Model 7...
  lambda_dual: 0.9062
Training has not converged after 400 steps
  Weighting: frank_wolfe alpha = 0.0937
  [Step 7/9] train_MMD=0.0005 alpha_opt=0.0937 oracle_top8_TVD=0.7373
  [WARNING] MMD worsened but kept (diagnostic, delta=-0.000248)
  SNR (proxy): 9.06 (mean_norm=0.0083, std_norm=0.0009)

[Step 8] Training Model 8...
  lambda_dual: 0.9167
Training has not converged after 400 steps
  Weighting: frank_wolfe alpha = 0.0833
  [Step 8/9] train_MMD=0.0000 alpha_opt=0.0833 oracle_top9_TVD=0.7309
  [OK] MMD improved (delta=+0.000471)
  SNR (proxy): 7.32 (mean_norm=0.0173, std_norm=0.0024)

[Step 9] Training Model 9...
  lambda_dual: 0.9250
Training has not converged after 400 steps
  Weighting: frank_wolfe alpha = 0.0750
  [Step 9/9] train_MMD=0.0007 alpha_opt=0.0750 oracle_top10_TVD=0.7244
  [WARNING] MMD worsened but kept (diagnostic, delta=-0.000658)
  SNR (proxy): 6.63 (mean_norm=0.0055, std_norm=0.0008)

Final: 10 models, MMD=-0.0001 (delta=+0.0520) F1=nan

[FCFW] Computing Fully Corrective Frank-Wolfe weights for final ensemble...
  Weighting: fully corrective QP weights = [0.1268, 0.1027, 0.0536, 0.0786, 0.0713, 0.1754, 0.0776, 0.1307, 0.0975, 0.0858]
  FCFW Sampled MMD^2: -0.000354
  FCFW Sampled TVD:   0.4950

FINAL MODEL COMPARISON (inc. FCFW)
Model      | MMD        | TVD        | TVD*       | Valid      | Cover      | F1        
----------------------------------------------------------------------------------------
Baseline   | 0.0518     | n/a        | n/a        | n/a        | n/a        | n/a       
Ensemble   | -0.0001    | 0.527      | 0.198      | n/a        | n/a        | n/a       
Model 0    | 0.0495     | 0.831      | 0.620      | n/a        | n/a        | n/a       
Model 1    | 0.2635     | 0.763      | 0.636      | n/a        | n/a        | n/a       
Model 2    | 0.0832     | 1.000      | 0.901      | n/a        | n/a        | n/a       
Model 3    | 0.0817     | 0.780      | 0.592      | n/a        | n/a        | n/a       
Model 4    | 0.5964     | 0.855      | 0.817      | n/a        | n/a        | n/a       
Model 5    | 0.1564     | 0.817      | 0.614      | n/a        | n/a        | n/a       
Model 6    | 0.1484     | 0.798      | 0.662      | n/a        | n/a        | n/a       
Model 7    | 0.0590     | 0.855      | 0.615      | n/a        | n/a        | n/a       
Model 8    | 0.0825     | 0.783      | 0.551      | n/a        | n/a        | n/a       
Model 9    | 0.1016     | 0.799      | 0.550      | n/a        | n/a        | n/a       
Ensemble (FCFW) | -0.0004    | 0.495      | 0.163      | n/a        | n/a        | n/a       
Saving results to out/hpo/hopfield_20q_p1_b15_20260605_111726/trials/trial_0012/results.csv...
Experiment: Boosting on Hopfield (20q, 1p)
Configuration:
  train_samples: 1000
  data_seed: 42
  n_samples: 400
  n_models: 10
  learning_rate: 0.02525371010647452
  epochs_per_step: 400
  caching_level: none
  ensemble_samples_coeff: 1.0
  init_baseline: covariance
  init_later: random
  lambda_dual: 1.0
  lambda_schedule: {'type': 'frank_wolfe', 'gamma': 0.75, 'tau': 1.0}
  n_ops: 512
  weight_strategy: frank_wolfe
  alpha_n_grid: 11
  alpha_objective_weight: 0.5
  baseline: none
  shots: 1000
  final_eval_sampling: True
  dataset_metrics: True
  exact_metrics: {'enabled': True, 'max_qubits': 20, 'phases': {'baseline': True, 'steps': False, 'final': True, 'per_model': True, 'fcfw': True}}
  keep_models_for_diagnosis: True
  stop_on_reject: False
  save_circuit_artifacts: False
  rng_seed: 42
  circuit_config: {'topology': 'aachen_heavy_hex', 'distance': 2, 'max_weight': 2, 'n_ancilla': 0}
  turbo: 10
  dynamic_is_within_shell: shell_uniform
  exact_sampling: True
  acceptance_metric: training_mmd
  skip_sampling: True
  report_fcfw: True
  dynamic_is: True
  dynamic_is_beta: 0.021074869542546826
  sigma: [0.762597070717236, 0.4772700437830087]
  require_exact_sampling: True
================================================================================
Saving config to out/hpo/hopfield_20q_p1_b15_20260605_111726/trials/trial_0013/config.json...
Gate structure: Qubits: 20
Aachen heavy-hex topology: 39 parameters
one_qubit=20, two_qubit=19
Using Gaussian Kernel (n_ops=512, n_qubits=20):
  - sigma=0.76259707
  - sigma=0.47727004
Expected sampled operator size:
  - p=5.767384, std=2.025894
  - p=8.886454, std=2.222161
  mean: 7.326919
  std: 2.636906
Baselines enabled: 

Training ensemble Model 0 (400 epochs)...
Training has not converged after 400 steps
Model 0 final loss: 0.030938
  [Step 0/9] train_MMD=0.0292 alpha_opt=1.0000 oracle_top1_TVD=0.8881

[Step 1] Training Model 1...
  lambda_dual: 0.6250
Training has not converged after 400 steps
  Weighting: frank_wolfe alpha = 0.3750
  [Step 1/9] train_MMD=0.0042 alpha_opt=0.3750 oracle_top2_TVD=0.7762
  [OK] MMD improved (delta=+0.025057)
  SNR (proxy): 3.21 (mean_norm=0.0262, std_norm=0.0082)

[Step 2] Training Model 2...
  lambda_dual: 0.7500
Training has not converged after 400 steps
  Weighting: frank_wolfe alpha = 0.2500
  [Step 2/9] train_MMD=0.0068 alpha_opt=0.2500 oracle_top3_TVD=0.7697
  [WARNING] MMD worsened but kept (diagnostic, delta=-0.002606)
  SNR (proxy): 9.47 (mean_norm=0.0224, std_norm=0.0024)

[Step 3] Training Model 3...
  lambda_dual: 0.8125
Training has not converged after 400 steps
  Weighting: frank_wolfe alpha = 0.1875
  [Step 3/9] train_MMD=0.0008 alpha_opt=0.1875 oracle_top4_TVD=0.7632
  [OK] MMD improved (delta=+0.005988)
  SNR (proxy): 3.14 (mean_norm=0.0231, std_norm=0.0074)

[Step 4] Training Model 4...
  lambda_dual: 0.8500
Training has not converged after 400 steps
  Weighting: frank_wolfe alpha = 0.1500
  [Step 4/9] train_MMD=0.0006 alpha_opt=0.1500 oracle_top5_TVD=0.7568
  [OK] MMD improved (delta=+0.000237)
  SNR (proxy): 4.34 (mean_norm=0.0157, std_norm=0.0036)

[Step 5] Training Model 5...
  lambda_dual: 0.8750
Training has not converged after 400 steps
  Weighting: frank_wolfe alpha = 0.1250
  [Step 5/9] train_MMD=0.0003 alpha_opt=0.1250 oracle_top6_TVD=0.7503
  [OK] MMD improved (delta=+0.000274)
  SNR (proxy): 6.36 (mean_norm=0.0181, std_norm=0.0028)

[Step 6] Training Model 6...
  lambda_dual: 0.8929
Training has not converged after 400 steps
  Weighting: frank_wolfe alpha = 0.1071
  [Step 6/9] train_MMD=0.0002 alpha_opt=0.1071 oracle_top7_TVD=0.7438
  [OK] MMD improved (delta=+0.000054)
  SNR (proxy): 5.87 (mean_norm=0.0176, std_norm=0.0030)

[Step 7] Training Model 7...
  lambda_dual: 0.9062
Training has not converged after 400 steps
  Weighting: frank_wolfe alpha = 0.0937
  [Step 7/9] train_MMD=-0.0001 alpha_opt=0.0937 oracle_top8_TVD=0.7373
  [OK] MMD improved (delta=+0.000325)
  SNR (proxy): 12.56 (mean_norm=0.0208, std_norm=0.0017)

[Step 8] Training Model 8...
  lambda_dual: 0.9167
Training has not converged after 400 steps
  Weighting: frank_wolfe alpha = 0.0833
  [Step 8/9] train_MMD=-0.0001 alpha_opt=0.0833 oracle_top9_TVD=0.7309
  [WARNING] MMD worsened but kept (diagnostic, delta=-0.000034)
  SNR (proxy): 6.12 (mean_norm=0.0130, std_norm=0.0021)

[Step 9] Training Model 9...
  lambda_dual: 0.9250
Training has not converged after 400 steps
  Weighting: frank_wolfe alpha = 0.0750
  [Step 9/9] train_MMD=-0.0002 alpha_opt=0.0750 oracle_top10_TVD=0.7244
  [OK] MMD improved (delta=+0.000105)
  SNR (proxy): 5.10 (mean_norm=0.0083, std_norm=0.0016)

Final: 10 models, MMD=-0.0005 (delta=+0.0298) F1=nan

[FCFW] Computing Fully Corrective Frank-Wolfe weights for final ensemble...
  Weighting: fully corrective QP weights = [0.1624, 0.1689, 0.1238, 0.0697, 0.0830, 0.1249, 0.1045, 0.0902, 0.0000, 0.0724]
  FCFW Sampled MMD^2: -0.000113
  FCFW Sampled TVD:   0.5094

FINAL MODEL COMPARISON (inc. FCFW)
Model      | MMD        | TVD        | TVD*       | Valid      | Cover      | F1        
----------------------------------------------------------------------------------------
Baseline   | 0.0292     | n/a        | n/a        | n/a        | n/a        | n/a       
Ensemble   | -0.0005    | 0.502      | 0.184      | n/a        | n/a        | n/a       
Model 0    | 0.0287     | 0.807      | 0.574      | n/a        | n/a        | n/a       
Model 1    | 0.1295     | 0.759      | 0.584      | n/a        | n/a        | n/a       
Model 2    | 0.0316     | 0.861      | 0.588      | n/a        | n/a        | n/a       
Model 3    | 0.1489     | 0.771      | 0.635      | n/a        | n/a        | n/a       
Model 4    | 0.0709     | 0.778      | 0.569      | n/a        | n/a        | n/a       
Model 5    | 0.0450     | 0.792      | 0.549      | n/a        | n/a        | n/a       
Model 6    | 0.0535     | 0.794      | 0.588      | n/a        | n/a        | n/a       
Model 7    | 0.0521     | 0.785      | 0.567      | n/a        | n/a        | n/a       
Model 8    | 0.0619     | 0.775      | 0.554      | n/a        | n/a        | n/a       
Model 9    | 0.0891     | 0.816      | 0.571      | n/a        | n/a        | n/a       
Ensemble (FCFW) | -0.0001    | 0.509      | 0.178      | n/a        | n/a        | n/a       
Saving results to out/hpo/hopfield_20q_p1_b15_20260605_111726/trials/trial_0013/results.csv...
Experiment: Boosting on Hopfield (20q, 1p)
Configuration:
  train_samples: 1000
  data_seed: 42
  n_samples: 400
  n_models: 10
  learning_rate: 0.021965446588866185
  epochs_per_step: 400
  caching_level: none
  ensemble_samples_coeff: 1.0
  init_baseline: covariance
  init_later: random
  lambda_dual: 1.0
  lambda_schedule: {'type': 'frank_wolfe', 'gamma': 0.75, 'tau': 1.0}
  n_ops: 512
  weight_strategy: frank_wolfe
  alpha_n_grid: 11
  alpha_objective_weight: 0.5
  baseline: none
  shots: 1000
  final_eval_sampling: True
  dataset_metrics: True
  exact_metrics: {'enabled': True, 'max_qubits': 20, 'phases': {'baseline': True, 'steps': False, 'final': True, 'per_model': True, 'fcfw': True}}
  keep_models_for_diagnosis: True
  stop_on_reject: False
  save_circuit_artifacts: False
  rng_seed: 42
  circuit_config: {'topology': 'aachen_heavy_hex', 'distance': 2, 'max_weight': 2, 'n_ancilla': 0}
  turbo: 10
  dynamic_is_within_shell: shell_uniform
  exact_sampling: True
  acceptance_metric: training_mmd
  skip_sampling: True
  report_fcfw: True
  dynamic_is: True
  dynamic_is_beta: 0.02166914584542803
  sigma: [0.6553587713086139, 0.34806130882047814]
  require_exact_sampling: True
================================================================================
Saving config to out/hpo/hopfield_20q_p1_b15_20260605_111726/trials/trial_0014/config.json...
Gate structure: Qubits: 20
Aachen heavy-hex topology: 39 parameters
one_qubit=20, two_qubit=19
Using Gaussian Kernel (n_ops=512, n_qubits=20):
  - sigma=0.65535877
  - sigma=0.34806131
Expected sampled operator size:
  - p=6.878145, std=2.124312
  - p=9.838725, std=2.235777
  mean: 8.358435
  std: 2.635708
Baselines enabled: 

Training ensemble Model 0 (400 epochs)...
Training has not converged after 400 steps
Model 0 final loss: 0.021517
  [Step 0/9] train_MMD=0.0207 alpha_opt=1.0000 oracle_top1_TVD=0.8881

[Step 1] Training Model 1...
  lambda_dual: 0.6250
Training has not converged after 400 steps
  Weighting: frank_wolfe alpha = 0.3750
  [Step 1/9] train_MMD=0.0243 alpha_opt=0.3750 oracle_top2_TVD=0.7762
  [WARNING] MMD worsened but kept (diagnostic, delta=-0.003632)
  SNR (proxy): 8.55 (mean_norm=0.0113, std_norm=0.0013)

[Step 2] Training Model 2...
  lambda_dual: 0.7500
Training has not converged after 400 steps
  Weighting: frank_wolfe alpha = 0.2500
  [Step 2/9] train_MMD=0.0117 alpha_opt=0.2500 oracle_top3_TVD=0.7697
  [OK] MMD improved (delta=+0.012619)
  SNR (proxy): 56.95 (mean_norm=0.0878, std_norm=0.0015)

[Step 3] Training Model 3...
  lambda_dual: 0.8125
Training has not converged after 400 steps
  Weighting: frank_wolfe alpha = 0.1875
  [Step 3/9] train_MMD=0.0090 alpha_opt=0.1875 oracle_top4_TVD=0.7632
  [OK] MMD improved (delta=+0.002727)
  SNR (proxy): 6.71 (mean_norm=0.0141, std_norm=0.0021)

[Step 4] Training Model 4...
  lambda_dual: 0.8500
Training has not converged after 400 steps
  Weighting: frank_wolfe alpha = 0.1500
  [Step 4/9] train_MMD=0.0012 alpha_opt=0.1500 oracle_top5_TVD=0.7568
  [OK] MMD improved (delta=+0.007834)
  SNR (proxy): 4.37 (mean_norm=0.0112, std_norm=0.0026)

[Step 5] Training Model 5...
  lambda_dual: 0.8750
Training has not converged after 400 steps
  Weighting: frank_wolfe alpha = 0.1250
  [Step 5/9] train_MMD=0.0012 alpha_opt=0.1250 oracle_top6_TVD=0.7503
  [WARNING] MMD worsened but kept (diagnostic, delta=-0.000035)
  SNR (proxy): 8.76 (mean_norm=0.0082, std_norm=0.0009)

[Step 6] Training Model 6...
  lambda_dual: 0.8929
Training has not converged after 400 steps
  Weighting: frank_wolfe alpha = 0.1071
  [Step 6/9] train_MMD=0.0002 alpha_opt=0.1071 oracle_top7_TVD=0.7438
  [OK] MMD improved (delta=+0.000956)
  SNR (proxy): 7.55 (mean_norm=0.0091, std_norm=0.0012)

[Step 7] Training Model 7...
  lambda_dual: 0.9062
Training has not converged after 400 steps
  Weighting: frank_wolfe alpha = 0.0937
  [Step 7/9] train_MMD=0.0004 alpha_opt=0.0937 oracle_top8_TVD=0.7373
  [WARNING] MMD worsened but kept (diagnostic, delta=-0.000181)
  SNR (proxy): 5.07 (mean_norm=0.0050, std_norm=0.0010)

[Step 8] Training Model 8...
  lambda_dual: 0.9167
Training has not converged after 400 steps
  Weighting: frank_wolfe alpha = 0.0833
  [Step 8/9] train_MMD=0.0001 alpha_opt=0.0833 oracle_top9_TVD=0.7309
  [OK] MMD improved (delta=+0.000289)
  SNR (proxy): 5.91 (mean_norm=0.0062, std_norm=0.0010)

[Step 9] Training Model 9...
  lambda_dual: 0.9250
Training has not converged after 400 steps
  Weighting: frank_wolfe alpha = 0.0750
  [Step 9/9] train_MMD=0.0002 alpha_opt=0.0750 oracle_top10_TVD=0.7244
  [WARNING] MMD worsened but kept (diagnostic, delta=-0.000049)
  SNR (proxy): 5.59 (mean_norm=0.0073, std_norm=0.0013)

Final: 10 models, MMD=-0.0000 (delta=+0.0207) F1=nan

[FCFW] Computing Fully Corrective Frank-Wolfe weights for final ensemble...
  Weighting: fully corrective QP weights = [0.1450, 0.0161, 0.0574, 0.0667, 0.0913, 0.1254, 0.1090, 0.1362, 0.1361, 0.1169]
  FCFW Sampled MMD^2: -0.000264
  FCFW Sampled TVD:   0.5077

FINAL MODEL COMPARISON (inc. FCFW)
Model      | MMD        | TVD        | TVD*       | Valid      | Cover      | F1        
----------------------------------------------------------------------------------------
Baseline   | 0.0207     | n/a        | n/a        | n/a        | n/a        | n/a       
Ensemble   | -0.0000    | 0.520      | 0.229      | n/a        | n/a        | n/a       
Model 0    | 0.0212     | 0.838      | 0.568      | n/a        | n/a        | n/a       
Model 1    | 0.0401     | 1.000      | 0.932      | n/a        | n/a        | n/a       
Model 2    | 0.5010     | 0.821      | 0.759      | n/a        | n/a        | n/a       
Model 3    | 0.0375     | 0.971      | 0.843      | n/a        | n/a        | n/a       
Model 4    | 0.3974     | 0.828      | 0.773      | n/a        | n/a        | n/a       
Model 5    | 0.0361     | 0.792      | 0.630      | n/a        | n/a        | n/a       
Model 6    | 0.0569     | 0.815      | 0.669      | n/a        | n/a        | n/a       
Model 7    | 0.0295     | 0.777      | 0.634      | n/a        | n/a        | n/a       
Model 8    | 0.0446     | 0.782      | 0.610      | n/a        | n/a        | n/a       
Model 9    | 0.0368     | 0.844      | 0.639      | n/a        | n/a        | n/a       
Ensemble (FCFW) | -0.0003    | 0.508      | 0.185      | n/a        | n/a        | n/a       
Saving results to out/hpo/hopfield_20q_p1_b15_20260605_111726/trials/trial_0014/results.csv...
Experiment: Boosting on Hopfield (20q, 1p)
Configuration:
  train_samples: 1000
  data_seed: 42
  n_samples: 400
  n_models: 10
  learning_rate: 0.023766673930469755
  epochs_per_step: 400
  caching_level: none
  ensemble_samples_coeff: 1.0
  init_baseline: covariance
  init_later: random
  lambda_dual: 1.0
  lambda_schedule: {'type': 'frank_wolfe', 'gamma': 0.25, 'tau': 1.0}
  n_ops: 512
  weight_strategy: frank_wolfe
  alpha_n_grid: 11
  alpha_objective_weight: 0.5
  baseline: none
  shots: 1000
  final_eval_sampling: True
  dataset_metrics: True
  exact_metrics: {'enabled': True, 'max_qubits': 20, 'phases': {'baseline': True, 'steps': False, 'final': True, 'per_model': True, 'fcfw': True}}
  keep_models_for_diagnosis: True
  stop_on_reject: False
  save_circuit_artifacts: False
  rng_seed: 42
  circuit_config: {'topology': 'aachen_heavy_hex', 'distance': 2, 'max_weight': 2, 'n_ancilla': 0}
  turbo: 10
  dynamic_is_within_shell: shell_uniform
  exact_sampling: True
  acceptance_metric: training_mmd
  skip_sampling: True
  report_fcfw: True
  dynamic_is: True
  dynamic_is_beta: 0.022077490084884705
  sigma: [0.8397810588928414, 0.6115258626574849]
  require_exact_sampling: True
================================================================================
Saving config to out/hpo/hopfield_20q_p1_b15_20260605_111726/trials/trial_0015/config.json...
Gate structure: Qubits: 20
Aachen heavy-hex topology: 39 parameters
one_qubit=20, two_qubit=19
Using Gaussian Kernel (n_ops=512, n_qubits=20):
  - sigma=0.83978106
  - sigma=0.61152586
Expected sampled operator size:
  - p=5.078572, std=1.946530
  - p=7.373748, std=2.157577
  mean: 6.226160
  std: 2.353512
Baselines enabled: 

Training ensemble Model 0 (400 epochs)...
Training has not converged after 400 steps
Model 0 final loss: 0.038496
  [Step 0/9] train_MMD=0.0382 alpha_opt=1.0000 oracle_top1_TVD=0.8881

[Step 1] Training Model 1...
  lambda_dual: 0.8750
Training has not converged after 400 steps
  Weighting: frank_wolfe alpha = 0.1250
  [Step 1/9] train_MMD=0.0111 alpha_opt=0.1250 oracle_top2_TVD=0.7762
  [OK] MMD improved (delta=+0.027082)
  SNR (proxy): 11.49 (mean_norm=0.0000, std_norm=0.0000)

[Step 2] Training Model 2...
  lambda_dual: 0.9167
Training has not converged after 400 steps
  Weighting: frank_wolfe alpha = 0.0833
  [Step 2/9] train_MMD=0.0076 alpha_opt=0.0833 oracle_top3_TVD=0.7697
  [OK] MMD improved (delta=+0.003568)
  SNR (proxy): 18.16 (mean_norm=0.0233, std_norm=0.0013)

[Step 3] Training Model 3...
  lambda_dual: 0.9375
Training has not converged after 400 steps
  Weighting: frank_wolfe alpha = 0.0625
  [Step 3/9] train_MMD=0.0057 alpha_opt=0.0625 oracle_top4_TVD=0.7632
  [OK] MMD improved (delta=+0.001855)
  SNR (proxy): 12.08 (mean_norm=0.0117, std_norm=0.0010)

[Step 4] Training Model 4...
  lambda_dual: 0.9500
Training has not converged after 400 steps
  Weighting: frank_wolfe alpha = 0.0500
  [Step 4/9] train_MMD=0.0082 alpha_opt=0.0500 oracle_top5_TVD=0.7568
  [WARNING] MMD worsened but kept (diagnostic, delta=-0.002478)
  SNR (proxy): 6.99 (mean_norm=0.0104, std_norm=0.0015)

[Step 5] Training Model 5...
  lambda_dual: 0.9583
Training has not converged after 400 steps
  Weighting: frank_wolfe alpha = 0.0417
  [Step 5/9] train_MMD=0.0077 alpha_opt=0.0417 oracle_top6_TVD=0.7503
  [OK] MMD improved (delta=+0.000543)
  SNR (proxy): 20.35 (mean_norm=0.0144, std_norm=0.0007)

[Step 6] Training Model 6...
  lambda_dual: 0.9643
Training has not converged after 400 steps
  Weighting: frank_wolfe alpha = 0.0357
  [Step 6/9] train_MMD=0.0079 alpha_opt=0.0357 oracle_top7_TVD=0.7438
  [WARNING] MMD worsened but kept (diagnostic, delta=-0.000286)
  SNR (proxy): 16.02 (mean_norm=0.0139, std_norm=0.0009)

[Step 7] Training Model 7...
  lambda_dual: 0.9688
Training has not converged after 400 steps
  Weighting: frank_wolfe alpha = 0.0312
  [Step 7/9] train_MMD=0.0063 alpha_opt=0.0312 oracle_top8_TVD=0.7373
  [OK] MMD improved (delta=+0.001660)
  SNR (proxy): 6.85 (mean_norm=0.0105, std_norm=0.0015)

[Step 8] Training Model 8...
  lambda_dual: 0.9722
Training has not converged after 400 steps
  Weighting: frank_wolfe alpha = 0.0278
  [Step 8/9] train_MMD=0.0081 alpha_opt=0.0278 oracle_top9_TVD=0.7309
  [WARNING] MMD worsened but kept (diagnostic, delta=-0.001824)
  SNR (proxy): 11.43 (mean_norm=0.0100, std_norm=0.0009)

[Step 9] Training Model 9...
  lambda_dual: 0.9750
Training has not converged after 400 steps
  Weighting: frank_wolfe alpha = 0.0250
  [Step 9/9] train_MMD=0.0075 alpha_opt=0.0250 oracle_top10_TVD=0.7244
  [OK] MMD improved (delta=+0.000560)
  SNR (proxy): 13.13 (mean_norm=0.0080, std_norm=0.0006)

Final: 10 models, MMD=0.0064 (delta=+0.0319) F1=nan

[FCFW] Computing Fully Corrective Frank-Wolfe weights for final ensemble...
  Weighting: fully corrective QP weights = [0.7357, 0.0000, 0.1743, 0.0088, 0.0275, 0.0026, 0.0090, 0.0152, 0.0045, 0.0225]
  FCFW Sampled MMD^2: 0.005514
  FCFW Sampled TVD:   0.6497

FINAL MODEL COMPARISON (inc. FCFW)
Model      | MMD        | TVD        | TVD*       | Valid      | Cover      | F1        
----------------------------------------------------------------------------------------
Baseline   | 0.0382     | n/a        | n/a        | n/a        | n/a        | n/a       
Ensemble   | 0.0064     | 0.643      | 0.419      | n/a        | n/a        | n/a       
Model 0    | 0.0382     | 0.789      | 0.577      | n/a        | n/a        | n/a       
Model 1    | 0.7208     | 0.888      | 0.888      | n/a        | n/a        | n/a       
Model 2    | 0.6580     | 0.869      | 0.849      | n/a        | n/a        | n/a       
Model 3    | 0.0993     | 0.974      | 0.930      | n/a        | n/a        | n/a       
Model 4    | 0.1309     | 0.976      | 0.925      | n/a        | n/a        | n/a       
Model 5    | 0.1108     | 0.971      | 0.947      | n/a        | n/a        | n/a       
Model 6    | 0.1048     | 0.975      | 0.944      | n/a        | n/a        | n/a       
Model 7    | 0.1028     | 0.975      | 0.947      | n/a        | n/a        | n/a       
Model 8    | 0.1183     | 0.991      | 0.943      | n/a        | n/a        | n/a       
Model 9    | 0.1257     | 0.978      | 0.939      | n/a        | n/a        | n/a       
Ensemble (FCFW) | 0.0055     | 0.650      | 0.440      | n/a        | n/a        | n/a       
Saving results to out/hpo/hopfield_20q_p1_b15_20260605_111726/trials/trial_0015/results.csv...
Experiment: Boosting on Hopfield (20q, 1p)
Configuration:
  train_samples: 1000
  data_seed: 42
  n_samples: 400
  n_models: 10
  learning_rate: 0.02246183373148746
  epochs_per_step: 400
  caching_level: none
  ensemble_samples_coeff: 1.0
  init_baseline: covariance
  init_later: random
  lambda_dual: 1.0
  lambda_schedule: {'type': 'frank_wolfe', 'gamma': 0.75, 'tau': 1.0}
  n_ops: 512
  weight_strategy: frank_wolfe
  alpha_n_grid: 11
  alpha_objective_weight: 0.5
  baseline: none
  shots: 1000
  final_eval_sampling: True
  dataset_metrics: True
  exact_metrics: {'enabled': True, 'max_qubits': 20, 'phases': {'baseline': True, 'steps': False, 'final': True, 'per_model': True, 'fcfw': True}}
  keep_models_for_diagnosis: True
  stop_on_reject: False
  save_circuit_artifacts: False
  rng_seed: 42
  circuit_config: {'topology': 'aachen_heavy_hex', 'distance': 2, 'max_weight': 2, 'n_ancilla': 0}
  turbo: 10
  dynamic_is_within_shell: shell_uniform
  exact_sampling: True
  acceptance_metric: training_mmd
  skip_sampling: True
  report_fcfw: True
  dynamic_is: True
  dynamic_is_beta: 0.021443627505043878
  sigma: [1.1456107253401446, 0.47095269256682865]
  require_exact_sampling: True
================================================================================
Saving config to out/hpo/hopfield_20q_p1_b15_20260605_111726/trials/trial_0016/config.json...
Gate structure: Qubits: 20
Aachen heavy-hex topology: 39 parameters
one_qubit=20, two_qubit=19
Using Gaussian Kernel (n_ops=512, n_qubits=20):
  - sigma=1.14561073
  - sigma=0.47095269
Expected sampled operator size:
  - p=3.168047, std=1.632857
  - p=8.950550, std=2.223720
  mean: 6.059299
  std: 3.487824
Baselines enabled: 

Training ensemble Model 0 (400 epochs)...
Training has not converged after 400 steps
Model 0 final loss: 0.058059
  [Step 0/9] train_MMD=0.0610 alpha_opt=1.0000 oracle_top1_TVD=0.8881

[Step 1] Training Model 1...
  lambda_dual: 0.6250
Training has not converged after 400 steps
  Weighting: frank_wolfe alpha = 0.3750
  [Step 1/9] train_MMD=0.0113 alpha_opt=0.3750 oracle_top2_TVD=0.7762
  [OK] MMD improved (delta=+0.049650)
  SNR (proxy): 12.85 (mean_norm=0.0748, std_norm=0.0058)

[Step 2] Training Model 2...
  lambda_dual: 0.7500
Training has not converged after 400 steps
  Weighting: frank_wolfe alpha = 0.2500
  [Step 2/9] train_MMD=0.0138 alpha_opt=0.2500 oracle_top3_TVD=0.7697
  [WARNING] MMD worsened but kept (diagnostic, delta=-0.002511)
  SNR (proxy): 17.57 (mean_norm=0.0216, std_norm=0.0012)

[Step 3] Training Model 3...
  lambda_dual: 0.8125
Training has not converged after 400 steps
  Weighting: frank_wolfe alpha = 0.1875
  [Step 3/9] train_MMD=0.0165 alpha_opt=0.1875 oracle_top4_TVD=0.7632
  [WARNING] MMD worsened but kept (diagnostic, delta=-0.002709)
  SNR (proxy): 15.45 (mean_norm=0.0179, std_norm=0.0012)

[Step 4] Training Model 4...
  lambda_dual: 0.8500
Training has not converged after 400 steps
  Weighting: frank_wolfe alpha = 0.1500
  [Step 4/9] train_MMD=0.0017 alpha_opt=0.1500 oracle_top5_TVD=0.7568
  [OK] MMD improved (delta=+0.014865)
  SNR (proxy): 9.62 (mean_norm=0.0088, std_norm=0.0009)

[Step 5] Training Model 5...
  lambda_dual: 0.8750
Training has not converged after 400 steps
  Weighting: frank_wolfe alpha = 0.1250
  [Step 5/9] train_MMD=0.0018 alpha_opt=0.1250 oracle_top6_TVD=0.7503
  [WARNING] MMD worsened but kept (diagnostic, delta=-0.000161)
  SNR (proxy): 7.43 (mean_norm=0.0183, std_norm=0.0025)

[Step 6] Training Model 6...
  lambda_dual: 0.8929
Training has not converged after 400 steps
  Weighting: frank_wolfe alpha = 0.1071
  [Step 6/9] train_MMD=0.0005 alpha_opt=0.1071 oracle_top7_TVD=0.7438
  [OK] MMD improved (delta=+0.001304)
  SNR (proxy): 3.29 (mean_norm=0.0127, std_norm=0.0039)

[Step 7] Training Model 7...
  lambda_dual: 0.9062
Training has not converged after 400 steps
  Weighting: frank_wolfe alpha = 0.0937
  [Step 7/9] train_MMD=0.0004 alpha_opt=0.0937 oracle_top8_TVD=0.7373
  [OK] MMD improved (delta=+0.000157)
  SNR (proxy): 11.33 (mean_norm=0.0120, std_norm=0.0011)

[Step 8] Training Model 8...
  lambda_dual: 0.9167
Training has not converged after 400 steps
  Weighting: frank_wolfe alpha = 0.0833
  [Step 8/9] train_MMD=0.0003 alpha_opt=0.0833 oracle_top9_TVD=0.7309
  [OK] MMD improved (delta=+0.000075)
  SNR (proxy): 8.94 (mean_norm=0.0130, std_norm=0.0015)

[Step 9] Training Model 9...
  lambda_dual: 0.9250
Training has not converged after 400 steps
  Weighting: frank_wolfe alpha = 0.0750
  [Step 9/9] train_MMD=0.0001 alpha_opt=0.0750 oracle_top10_TVD=0.7244
  [OK] MMD improved (delta=+0.000176)
  SNR (proxy): 11.86 (mean_norm=0.0108, std_norm=0.0009)

Final: 10 models, MMD=0.0002 (delta=+0.0608) F1=nan

[FCFW] Computing Fully Corrective Frank-Wolfe weights for final ensemble...
  Weighting: fully corrective QP weights = [0.0747, 0.0796, 0.0916, 0.0926, 0.0668, 0.0735, 0.1328, 0.1465, 0.1087, 0.1331]
  FCFW Sampled MMD^2: -0.000342
  FCFW Sampled TVD:   0.4954

FINAL MODEL COMPARISON (inc. FCFW)
Model      | MMD        | TVD        | TVD*       | Valid      | Cover      | F1        
----------------------------------------------------------------------------------------
Baseline   | 0.0610     | n/a        | n/a        | n/a        | n/a        | n/a       
Ensemble   | 0.0002     | 0.532      | 0.184      | n/a        | n/a        | n/a       
Model 0    | 0.0572     | 0.857      | 0.670      | n/a        | n/a        | n/a       
Model 1    | 0.2586     | 0.766      | 0.626      | n/a        | n/a        | n/a       
Model 2    | 0.0758     | 0.991      | 0.841      | n/a        | n/a        | n/a       
Model 3    | 0.0788     | 0.820      | 0.554      | n/a        | n/a        | n/a       
Model 4    | 0.4871     | 0.835      | 0.795      | n/a        | n/a        | n/a       
Model 5    | 0.1183     | 0.797      | 0.587      | n/a        | n/a        | n/a       
Model 6    | 0.1681     | 0.798      | 0.611      | n/a        | n/a        | n/a       
Model 7    | 0.0711     | 0.833      | 0.576      | n/a        | n/a        | n/a       
Model 8    | 0.1045     | 0.765      | 0.545      | n/a        | n/a        | n/a       
Model 9    | 0.1249     | 0.795      | 0.574      | n/a        | n/a        | n/a       
Ensemble (FCFW) | -0.0003    | 0.495      | 0.147      | n/a        | n/a        | n/a       
Saving results to out/hpo/hopfield_20q_p1_b15_20260605_111726/trials/trial_0016/results.csv...
Experiment: Boosting on Hopfield (20q, 1p)
Configuration:
  train_samples: 1000
  data_seed: 42
  n_samples: 400
  n_models: 10
  learning_rate: 0.020026954210179
  epochs_per_step: 400
  caching_level: none
  ensemble_samples_coeff: 1.0
  init_baseline: covariance
  init_later: random
  lambda_dual: 1.0
  lambda_schedule: {'type': 'frank_wolfe', 'gamma': 0.75, 'tau': 1.0}
  n_ops: 512
  weight_strategy: frank_wolfe
  alpha_n_grid: 11
  alpha_objective_weight: 0.5
  baseline: none
  shots: 1000
  final_eval_sampling: True
  dataset_metrics: True
  exact_metrics: {'enabled': True, 'max_qubits': 20, 'phases': {'baseline': True, 'steps': False, 'final': True, 'per_model': True, 'fcfw': True}}
  keep_models_for_diagnosis: True
  stop_on_reject: False
  save_circuit_artifacts: False
  rng_seed: 42
  circuit_config: {'topology': 'aachen_heavy_hex', 'distance': 2, 'max_weight': 2, 'n_ancilla': 0}
  turbo: 10
  dynamic_is_within_shell: shell_uniform
  exact_sampling: True
  acceptance_metric: training_mmd
  skip_sampling: True
  report_fcfw: True
  dynamic_is: True
  dynamic_is_beta: 0.031024095965790116
  sigma: [1.265936832083427, 0.4894272880755358]
  require_exact_sampling: True
================================================================================
Saving config to out/hpo/hopfield_20q_p1_b15_20260605_111726/trials/trial_0017/config.json...
Gate structure: Qubits: 20
Aachen heavy-hex topology: 39 parameters
one_qubit=20, two_qubit=19
Using Gaussian Kernel (n_ops=512, n_qubits=20):
  - sigma=1.26593683
  - sigma=0.48942729
Expected sampled operator size:
  - p=2.680139, std=1.523477
  - p=8.759837, std=2.218806
  mean: 5.719988
  std: 3.586464
Baselines enabled: 

Training ensemble Model 0 (400 epochs)...
Training has not converged after 400 steps
Model 0 final loss: 0.065874
  [Step 0/9] train_MMD=0.0665 alpha_opt=1.0000 oracle_top1_TVD=0.8881

[Step 1] Training Model 1...
  lambda_dual: 0.6250
Training has not converged after 400 steps
  Weighting: frank_wolfe alpha = 0.3750
  [Step 1/9] train_MMD=0.0163 alpha_opt=0.3750 oracle_top2_TVD=0.7762
  [OK] MMD improved (delta=+0.050222)
  SNR (proxy): 11.96 (mean_norm=0.0890, std_norm=0.0074)

[Step 2] Training Model 2...
  lambda_dual: 0.7500
Training has not converged after 400 steps
  Weighting: frank_wolfe alpha = 0.2500
  [Step 2/9] train_MMD=0.0186 alpha_opt=0.2500 oracle_top3_TVD=0.7697
  [WARNING] MMD worsened but kept (diagnostic, delta=-0.002244)
  SNR (proxy): 15.33 (mean_norm=0.0244, std_norm=0.0016)

[Step 3] Training Model 3...
  lambda_dual: 0.8125
Training has not converged after 400 steps
  Weighting: frank_wolfe alpha = 0.1875
  [Step 3/9] train_MMD=0.0219 alpha_opt=0.1875 oracle_top4_TVD=0.7632
  [WARNING] MMD worsened but kept (diagnostic, delta=-0.003396)
  SNR (proxy): 11.39 (mean_norm=0.0167, std_norm=0.0015)

[Step 4] Training Model 4...
  lambda_dual: 0.8500
Training has not converged after 400 steps
  Weighting: frank_wolfe alpha = 0.1500
  [Step 4/9] train_MMD=0.0025 alpha_opt=0.1500 oracle_top5_TVD=0.7568
  [OK] MMD improved (delta=+0.019425)
  SNR (proxy): 8.74 (mean_norm=0.0076, std_norm=0.0009)

[Step 5] Training Model 5...
  lambda_dual: 0.8750
Training has not converged after 400 steps
  Weighting: frank_wolfe alpha = 0.1250
  [Step 5/9] train_MMD=0.0026 alpha_opt=0.1250 oracle_top6_TVD=0.7503
  [WARNING] MMD worsened but kept (diagnostic, delta=-0.000127)
  SNR (proxy): 10.14 (mean_norm=0.0127, std_norm=0.0013)

[Step 6] Training Model 6...
  lambda_dual: 0.8929
Training has not converged after 400 steps
  Weighting: frank_wolfe alpha = 0.1071
  [Step 6/9] train_MMD=0.0008 alpha_opt=0.1071 oracle_top7_TVD=0.7438
  [OK] MMD improved (delta=+0.001809)
  SNR (proxy): 5.73 (mean_norm=0.0096, std_norm=0.0017)

[Step 7] Training Model 7...
  lambda_dual: 0.9062
Training has not converged after 400 steps
  Weighting: frank_wolfe alpha = 0.0937
  [Step 7/9] train_MMD=0.0008 alpha_opt=0.0937 oracle_top8_TVD=0.7373
  [OK] MMD improved (delta=+0.000075)
  SNR (proxy): 11.32 (mean_norm=0.0155, std_norm=0.0014)

[Step 8] Training Model 8...
  lambda_dual: 0.9167
Training has not converged after 400 steps
  Weighting: frank_wolfe alpha = 0.0833
  [Step 8/9] train_MMD=0.0020 alpha_opt=0.0833 oracle_top9_TVD=0.7309
  [WARNING] MMD worsened but kept (diagnostic, delta=-0.001245)
  SNR (proxy): 9.79 (mean_norm=0.0120, std_norm=0.0012)

[Step 9] Training Model 9...
  lambda_dual: 0.9250
Training has not converged after 400 steps
  Weighting: frank_wolfe alpha = 0.0750
  [Step 9/9] train_MMD=0.0003 alpha_opt=0.0750 oracle_top10_TVD=0.7244
  [OK] MMD improved (delta=+0.001676)
  SNR (proxy): 4.69 (mean_norm=0.0105, std_norm=0.0022)

Final: 10 models, MMD=0.0004 (delta=+0.0662) F1=nan

[FCFW] Computing Fully Corrective Frank-Wolfe weights for final ensemble...
  Weighting: fully corrective QP weights = [0.0591, 0.0570, 0.0704, 0.1607, 0.0577, 0.1567, 0.1594, 0.1350, 0.0901, 0.0538]
  FCFW Sampled MMD^2: -0.000190
  FCFW Sampled TVD:   0.5108

FINAL MODEL COMPARISON (inc. FCFW)
Model      | MMD        | TVD        | TVD*       | Valid      | Cover      | F1        
----------------------------------------------------------------------------------------
Baseline   | 0.0665     | n/a        | n/a        | n/a        | n/a        | n/a       
Ensemble   | 0.0004     | 0.546      | 0.208      | n/a        | n/a        | n/a       
Model 0    | 0.0638     | 0.863      | 0.714      | n/a        | n/a        | n/a       
Model 1    | 0.2884     | 0.769      | 0.658      | n/a        | n/a        | n/a       
Model 2    | 0.0850     | 0.984      | 0.858      | n/a        | n/a        | n/a       
Model 3    | 0.0910     | 0.850      | 0.608      | n/a        | n/a        | n/a       
Model 4    | 0.5529     | 0.855      | 0.803      | n/a        | n/a        | n/a       
Model 5    | 0.1688     | 0.790      | 0.639      | n/a        | n/a        | n/a       
Model 6    | 0.1745     | 0.797      | 0.645      | n/a        | n/a        | n/a       
Model 7    | 0.0949     | 0.800      | 0.563      | n/a        | n/a        | n/a       
Model 8    | 0.0856     | 0.846      | 0.592      | n/a        | n/a        | n/a       
Model 9    | 0.2274     | 0.804      | 0.650      | n/a        | n/a        | n/a       
Ensemble (FCFW) | -0.0002    | 0.511      | 0.167      | n/a        | n/a        | n/a       
Saving results to out/hpo/hopfield_20q_p1_b15_20260605_111726/trials/trial_0017/results.csv...
Experiment: Boosting on Hopfield (20q, 1p)
Configuration:
  train_samples: 1000
  data_seed: 42
  n_samples: 400
  n_models: 10
  learning_rate: 0.014857182261913725
  epochs_per_step: 400
  caching_level: none
  ensemble_samples_coeff: 1.0
  init_baseline: covariance
  init_later: random
  lambda_dual: 1.0
  lambda_schedule: {'type': 'frank_wolfe', 'gamma': 0.75, 'tau': 1.0}
  n_ops: 2048
  weight_strategy: frank_wolfe
  alpha_n_grid: 11
  alpha_objective_weight: 0.5
  baseline: none
  shots: 1000
  final_eval_sampling: True
  dataset_metrics: True
  exact_metrics: {'enabled': True, 'max_qubits': 20, 'phases': {'baseline': True, 'steps': False, 'final': True, 'per_model': True, 'fcfw': True}}
  keep_models_for_diagnosis: True
  stop_on_reject: False
  save_circuit_artifacts: False
  rng_seed: 42
  circuit_config: {'topology': 'aachen_heavy_hex', 'distance': 2, 'max_weight': 2, 'n_ancilla': 0}
  turbo: 10
  dynamic_is_within_shell: shell_uniform
  exact_sampling: True
  acceptance_metric: training_mmd
  skip_sampling: True
  report_fcfw: True
  dynamic_is: True
  dynamic_is_beta: 0.015868016960180528
  sigma: [0.6236152134220654, 0.3441735672179987]
  require_exact_sampling: True
================================================================================
Saving config to out/hpo/hopfield_20q_p1_b15_20260605_111726/trials/trial_0018/config.json...
Gate structure: Qubits: 20
Aachen heavy-hex topology: 39 parameters
one_qubit=20, two_qubit=19
Using Gaussian Kernel (n_ops=2048, n_qubits=20):
  - sigma=0.62361521
  - sigma=0.34417357
Expected sampled operator size:
  - p=7.235405, std=2.148919
  - p=9.853160, std=2.235827
  mean: 8.544283
  std: 2.553732
Baselines enabled: 

Training ensemble Model 0 (400 epochs)...
Training has not converged after 400 steps
Model 0 final loss: 0.018870
  [Step 0/9] train_MMD=0.0187 alpha_opt=1.0000 oracle_top1_TVD=0.8881

[Step 1] Training Model 1...
  lambda_dual: 0.6250
Training has not converged after 400 steps
  Weighting: frank_wolfe alpha = 0.3750
  [Step 1/9] train_MMD=0.0035 alpha_opt=0.3750 oracle_top2_TVD=0.7762
  [OK] MMD improved (delta=+0.015195)
  SNR (proxy): 2.52 (mean_norm=0.0217, std_norm=0.0086)

[Step 2] Training Model 2...
  lambda_dual: 0.7500
Training has not converged after 400 steps
  Weighting: frank_wolfe alpha = 0.2500
  [Step 2/9] train_MMD=0.0063 alpha_opt=0.2500 oracle_top3_TVD=0.7697
  [WARNING] MMD worsened but kept (diagnostic, delta=-0.002780)
  SNR (proxy): 13.28 (mean_norm=0.0095, std_norm=0.0007)

[Step 3] Training Model 3...
  lambda_dual: 0.8125
Training has not converged after 400 steps
  Weighting: frank_wolfe alpha = 0.1875
  [Step 3/9] train_MMD=0.0069 alpha_opt=0.1875 oracle_top4_TVD=0.7632
  [WARNING] MMD worsened but kept (diagnostic, delta=-0.000609)
  SNR (proxy): 3.27 (mean_norm=0.0088, std_norm=0.0027)

[Step 4] Training Model 4...
  lambda_dual: 0.8500
Training has not converged after 400 steps
  Weighting: frank_wolfe alpha = 0.1500
  [Step 4/9] train_MMD=-0.0001 alpha_opt=0.1500 oracle_top5_TVD=0.7568
  [OK] MMD improved (delta=+0.007051)
  SNR (proxy): 4.24 (mean_norm=0.0197, std_norm=0.0046)

[Step 5] Training Model 5...
  lambda_dual: 0.8750
Training has not converged after 400 steps
  Weighting: frank_wolfe alpha = 0.1250
  [Step 5/9] train_MMD=0.0003 alpha_opt=0.1250 oracle_top6_TVD=0.7503
  [WARNING] MMD worsened but kept (diagnostic, delta=-0.000432)
  SNR (proxy): 6.41 (mean_norm=0.0121, std_norm=0.0019)

[Step 6] Training Model 6...
  lambda_dual: 0.8929
Training has not converged after 400 steps
  Weighting: frank_wolfe alpha = 0.1071
  [Step 6/9] train_MMD=-0.0002 alpha_opt=0.1071 oracle_top7_TVD=0.7438
  [OK] MMD improved (delta=+0.000466)
  SNR (proxy): 4.19 (mean_norm=0.0099, std_norm=0.0024)

[Step 7] Training Model 7...
  lambda_dual: 0.9062
Training has not converged after 400 steps
  Weighting: frank_wolfe alpha = 0.0937
  [Step 7/9] train_MMD=-0.0001 alpha_opt=0.0937 oracle_top8_TVD=0.7373
  [WARNING] MMD worsened but kept (diagnostic, delta=-0.000049)
  SNR (proxy): 6.10 (mean_norm=0.0107, std_norm=0.0018)

[Step 8] Training Model 8...
  lambda_dual: 0.9167
Training has not converged after 400 steps
  Weighting: frank_wolfe alpha = 0.0833
  [Step 8/9] train_MMD=-0.0001 alpha_opt=0.0833 oracle_top9_TVD=0.7309
  [WARNING] MMD worsened but kept (diagnostic, delta=-0.000018)
  SNR (proxy): 3.64 (mean_norm=0.0099, std_norm=0.0027)

[Step 9] Training Model 9...
  lambda_dual: 0.9250
Training has not converged after 400 steps
  Weighting: frank_wolfe alpha = 0.0750
  [Step 9/9] train_MMD=-0.0003 alpha_opt=0.0750 oracle_top10_TVD=0.7244
  [OK] MMD improved (delta=+0.000169)
  SNR (proxy): 7.53 (mean_norm=0.0118, std_norm=0.0016)

Final: 10 models, MMD=-0.0003 (delta=+0.0190) F1=nan

[FCFW] Computing Fully Corrective Frank-Wolfe weights for final ensemble...
  Weighting: fully corrective QP weights = [0.0678, 0.0997, 0.1361, 0.1363, 0.1040, 0.1202, 0.1589, 0.1365, 0.0029, 0.0375]
  FCFW Sampled MMD^2: -0.000447
  FCFW Sampled TVD:   0.4907

FINAL MODEL COMPARISON (inc. FCFW)
Model      | MMD        | TVD        | TVD*       | Valid      | Cover      | F1        
----------------------------------------------------------------------------------------
Baseline   | 0.0187     | n/a        | n/a        | n/a        | n/a        | n/a       
Ensemble   | -0.0003    | 0.508      | 0.168      | n/a        | n/a        | n/a       
Model 0    | 0.0190     | 0.814      | 0.551      | n/a        | n/a        | n/a       
Model 1    | 0.1060     | 0.782      | 0.599      | n/a        | n/a        | n/a       
Model 2    | 0.0314     | 0.951      | 0.683      | n/a        | n/a        | n/a       
Model 3    | 0.0346     | 0.748      | 0.549      | n/a        | n/a        | n/a       
Model 4    | 0.2872     | 0.808      | 0.711      | n/a        | n/a        | n/a       
Model 5    | 0.0322     | 0.799      | 0.542      | n/a        | n/a        | n/a       
Model 6    | 0.0454     | 0.813      | 0.574      | n/a        | n/a        | n/a       
Model 7    | 0.0200     | 0.766      | 0.536      | n/a        | n/a        | n/a       
Model 8    | 0.0381     | 0.792      | 0.563      | n/a        | n/a        | n/a       
Model 9    | 0.0591     | 0.797      | 0.573      | n/a        | n/a        | n/a       
Ensemble (FCFW) | -0.0004    | 0.491      | 0.154      | n/a        | n/a        | n/a       
Saving results to out/hpo/hopfield_20q_p1_b15_20260605_111726/trials/trial_0018/results.csv...
Experiment: Boosting on Hopfield (20q, 1p)
Configuration:
  train_samples: 1000
  data_seed: 42
  n_samples: 400
  n_models: 10
  learning_rate: 0.007123498417990446
  epochs_per_step: 400
  caching_level: none
  ensemble_samples_coeff: 1.0
  init_baseline: covariance
  init_later: random
  lambda_dual: 1.0
  lambda_schedule: {'type': 'frank_wolfe', 'gamma': 0.25, 'tau': 1.0}
  n_ops: 2048
  weight_strategy: frank_wolfe
  alpha_n_grid: 11
  alpha_objective_weight: 0.5
  baseline: none
  shots: 1000
  final_eval_sampling: True
  dataset_metrics: True
  exact_metrics: {'enabled': True, 'max_qubits': 20, 'phases': {'baseline': True, 'steps': False, 'final': True, 'per_model': True, 'fcfw': True}}
  keep_models_for_diagnosis: True
  stop_on_reject: False
  save_circuit_artifacts: False
  rng_seed: 42
  circuit_config: {'topology': 'aachen_heavy_hex', 'distance': 2, 'max_weight': 2, 'n_ancilla': 0}
  turbo: 10
  dynamic_is_within_shell: shell_uniform
  exact_sampling: True
  acceptance_metric: training_mmd
  skip_sampling: True
  report_fcfw: True
  dynamic_is: True
  dynamic_is_beta: 0.01731752272762223
  sigma: [1.219045394331725, 0.7563047010015973]
  require_exact_sampling: True
================================================================================
Saving config to out/hpo/hopfield_20q_p1_b15_20260605_111726/trials/trial_0019/config.json...
Gate structure: Qubits: 20
Aachen heavy-hex topology: 39 parameters
one_qubit=20, two_qubit=19
Using Gaussian Kernel (n_ops=2048, n_qubits=20):
  - sigma=1.21904539
  - sigma=0.75630470
Expected sampled operator size:
  - p=2.857038, std=1.564898
  - p=5.827755, std=2.032146
  mean: 4.342396
  std: 2.344259
Baselines enabled: 

Training ensemble Model 0 (400 epochs)...
Training has not converged after 400 steps
Model 0 final loss: 0.072345
  [Step 0/9] train_MMD=0.0749 alpha_opt=1.0000 oracle_top1_TVD=0.8881

[Step 1] Training Model 1...
  lambda_dual: 0.8750
Training has not converged after 400 steps
  Weighting: frank_wolfe alpha = 0.1250
  [Step 1/9] train_MMD=0.0272 alpha_opt=0.1250 oracle_top2_TVD=0.7762
  [OK] MMD improved (delta=+0.047724)
  SNR (proxy): 18.69 (mean_norm=0.0000, std_norm=0.0000)

[Step 2] Training Model 2...
  lambda_dual: 0.9167
Training has not converged after 400 steps
  Weighting: frank_wolfe alpha = 0.0833
  [Step 2/9] train_MMD=0.0167 alpha_opt=0.0833 oracle_top3_TVD=0.7697
  [OK] MMD improved (delta=+0.010455)
  SNR (proxy): 11.22 (mean_norm=0.0000, std_norm=0.0000)

[Step 3] Training Model 3...
  lambda_dual: 0.9375
Training has not converged after 400 steps
  Weighting: frank_wolfe alpha = 0.0625
  [Step 3/9] train_MMD=0.0127 alpha_opt=0.0625 oracle_top4_TVD=0.7632
  [OK] MMD improved (delta=+0.004011)
  SNR (proxy): 19.05 (mean_norm=0.0168, std_norm=0.0009)

[Step 4] Training Model 4...
  lambda_dual: 0.9500
Training has not converged after 400 steps
  Weighting: frank_wolfe alpha = 0.0500
  [Step 4/9] train_MMD=0.0144 alpha_opt=0.0500 oracle_top5_TVD=0.7568
  [WARNING] MMD worsened but kept (diagnostic, delta=-0.001678)
  SNR (proxy): 12.18 (mean_norm=0.0189, std_norm=0.0016)

[Step 5] Training Model 5...
  lambda_dual: 0.9583
Training has not converged after 400 steps
  Weighting: frank_wolfe alpha = 0.0417
  [Step 5/9] train_MMD=0.0133 alpha_opt=0.0417 oracle_top6_TVD=0.7503
  [OK] MMD improved (delta=+0.001058)
  SNR (proxy): 13.04 (mean_norm=0.0155, std_norm=0.0012)

[Step 6] Training Model 6...
  lambda_dual: 0.9643
Training has not converged after 400 steps
  Weighting: frank_wolfe alpha = 0.0357
  [Step 6/9] train_MMD=0.0137 alpha_opt=0.0357 oracle_top7_TVD=0.7438
  [WARNING] MMD worsened but kept (diagnostic, delta=-0.000331)
  SNR (proxy): 12.46 (mean_norm=0.0093, std_norm=0.0007)

[Step 7] Training Model 7...
  lambda_dual: 0.9688
Training has not converged after 400 steps
  Weighting: frank_wolfe alpha = 0.0312
  [Step 7/9] train_MMD=0.0078 alpha_opt=0.0312 oracle_top8_TVD=0.7373
  [OK] MMD improved (delta=+0.005843)
  SNR (proxy): 25.21 (mean_norm=0.0000, std_norm=0.0000)

[Step 8] Training Model 8...
  lambda_dual: 0.9722
Training has not converged after 400 steps
  Weighting: frank_wolfe alpha = 0.0278
  [Step 8/9] train_MMD=0.0086 alpha_opt=0.0278 oracle_top9_TVD=0.7309
  [WARNING] MMD worsened but kept (diagnostic, delta=-0.000826)
  SNR (proxy): 6.97 (mean_norm=0.0104, std_norm=0.0015)

[Step 9] Training Model 9...
  lambda_dual: 0.9750
Training has not converged after 400 steps
  Weighting: frank_wolfe alpha = 0.0250
  [Step 9/9] train_MMD=0.0084 alpha_opt=0.0250 oracle_top10_TVD=0.7244
  [OK] MMD improved (delta=+0.000203)
  SNR (proxy): 15.70 (mean_norm=0.0093, std_norm=0.0006)

Final: 10 models, MMD=0.0069 (delta=+0.0680) F1=nan

[FCFW] Computing Fully Corrective Frank-Wolfe weights for final ensemble...
  Weighting: fully corrective QP weights = [0.4154, 0.0590, 0.0590, 0.0414, 0.0543, 0.0710, 0.0657, 0.1458, 0.0379, 0.0505]
  FCFW Sampled MMD^2: 0.000824
  FCFW Sampled TVD:   0.6207

FINAL MODEL COMPARISON (inc. FCFW)
Model      | MMD        | TVD        | TVD*       | Valid      | Cover      | F1        
----------------------------------------------------------------------------------------
Baseline   | 0.0749     | n/a        | n/a        | n/a        | n/a        | n/a       
Ensemble   | 0.0069     | 0.657      | 0.458      | n/a        | n/a        | n/a       
Model 0    | 0.0740     | 0.844      | 0.649      | n/a        | n/a        | n/a       
Model 1    | 0.6563     | 0.888      | 0.888      | n/a        | n/a        | n/a       
Model 2    | 0.6563     | 0.888      | 0.888      | n/a        | n/a        | n/a       
Model 3    | 0.2270     | 0.838      | 0.776      | n/a        | n/a        | n/a       
Model 4    | 0.2811     | 0.982      | 0.931      | n/a        | n/a        | n/a       
Model 5    | 0.1742     | 0.975      | 0.944      | n/a        | n/a        | n/a       
Model 6    | 0.1516     | 0.975      | 0.931      | n/a        | n/a        | n/a       
Model 7    | 0.6474     | 0.888      | 0.888      | n/a        | n/a        | n/a       
Model 8    | 0.2504     | 0.978      | 0.952      | n/a        | n/a        | n/a       
Model 9    | 0.1689     | 0.984      | 0.967      | n/a        | n/a        | n/a       
Ensemble (FCFW) | 0.0008     | 0.621      | 0.420      | n/a        | n/a        | n/a       
Saving results to out/hpo/hopfield_20q_p1_b15_20260605_111726/trials/trial_0019/results.csv...
Experiment: Boosting on Hopfield (20q, 1p)
Configuration:
  train_samples: 1000
  data_seed: 42
  n_samples: 400
  n_models: 10
  learning_rate: 0.014130674567093049
  epochs_per_step: 400
  caching_level: none
  ensemble_samples_coeff: 1.0
  init_baseline: covariance
  init_later: random
  lambda_dual: 1.0
  lambda_schedule: {'type': 'frank_wolfe', 'gamma': 0.75, 'tau': 1.0}
  n_ops: 2048
  weight_strategy: frank_wolfe
  alpha_n_grid: 11
  alpha_objective_weight: 0.5
  baseline: none
  shots: 1000
  final_eval_sampling: True
  dataset_metrics: True
  exact_metrics: {'enabled': True, 'max_qubits': 20, 'phases': {'baseline': True, 'steps': False, 'final': True, 'per_model': True, 'fcfw': True}}
  keep_models_for_diagnosis: True
  stop_on_reject: False
  save_circuit_artifacts: False
  rng_seed: 42
  circuit_config: {'topology': 'aachen_heavy_hex', 'distance': 2, 'max_weight': 2, 'n_ancilla': 0}
  turbo: 10
  dynamic_is_within_shell: shell_uniform
  exact_sampling: True
  acceptance_metric: training_mmd
  skip_sampling: True
  report_fcfw: True
  dynamic_is: True
  dynamic_is_beta: 0.028674279119344448
  sigma: [0.8008396468409242, 0.5566142049407178, 0.33483556168343515]
  require_exact_sampling: True
================================================================================
Saving config to out/hpo/hopfield_20q_p1_b15_20260605_111726/trials/trial_0020/config.json...
Gate structure: Qubits: 20
Aachen heavy-hex topology: 39 parameters
one_qubit=20, two_qubit=19
Using Gaussian Kernel (n_ops=2048, n_qubits=20):
  - sigma=0.80083965
  - sigma=0.55661420
  - sigma=0.33483556
Expected sampled operator size:
  - p=5.414164, std=1.987085
  - p=8.008792, std=2.191291
  - p=9.884343, std=2.235918
  mean: 7.769100
  std: 2.818216
Baselines enabled: 

Training ensemble Model 0 (400 epochs)...
Training has not converged after 400 steps
Model 0 final loss: 0.027454
  [Step 0/9] train_MMD=0.0274 alpha_opt=1.0000 oracle_top1_TVD=0.8881

[Step 1] Training Model 1...
  lambda_dual: 0.6250
Training has not converged after 400 steps
  Weighting: frank_wolfe alpha = 0.3750
  [Step 1/9] train_MMD=0.0039 alpha_opt=0.3750 oracle_top2_TVD=0.7762
  [OK] MMD improved (delta=+0.023489)
  SNR (proxy): 3.27 (mean_norm=0.0279, std_norm=0.0085)

[Step 2] Training Model 2...
  lambda_dual: 0.7500
Training has not converged after 400 steps
  Weighting: frank_wolfe alpha = 0.2500
  [Step 2/9] train_MMD=0.0061 alpha_opt=0.2500 oracle_top3_TVD=0.7697
  [WARNING] MMD worsened but kept (diagnostic, delta=-0.002228)
  SNR (proxy): 32.74 (mean_norm=0.0142, std_norm=0.0004)

[Step 3] Training Model 3...
  lambda_dual: 0.8125
Training has not converged after 400 steps
  Weighting: frank_wolfe alpha = 0.1875
  [Step 3/9] train_MMD=0.0018 alpha_opt=0.1875 oracle_top4_TVD=0.7632
  [OK] MMD improved (delta=+0.004308)
  SNR (proxy): 2.90 (mean_norm=0.0074, std_norm=0.0026)

[Step 4] Training Model 4...
  lambda_dual: 0.8500
Training has not converged after 400 steps
  Weighting: frank_wolfe alpha = 0.1500
  [Step 4/9] train_MMD=0.0000 alpha_opt=0.1500 oracle_top5_TVD=0.7568
  [OK] MMD improved (delta=+0.001754)
  SNR (proxy): 5.30 (mean_norm=0.0227, std_norm=0.0043)

[Step 5] Training Model 5...
  lambda_dual: 0.8750
Training has not converged after 400 steps
  Weighting: frank_wolfe alpha = 0.1250
  [Step 5/9] train_MMD=0.0008 alpha_opt=0.1250 oracle_top6_TVD=0.7503
  [WARNING] MMD worsened but kept (diagnostic, delta=-0.000770)
  SNR (proxy): 10.00 (mean_norm=0.0139, std_norm=0.0014)

[Step 6] Training Model 6...
  lambda_dual: 0.8929
Training has not converged after 400 steps
  Weighting: frank_wolfe alpha = 0.1071
  [Step 6/9] train_MMD=-0.0001 alpha_opt=0.1071 oracle_top7_TVD=0.7438
  [OK] MMD improved (delta=+0.000874)
  SNR (proxy): 3.78 (mean_norm=0.0157, std_norm=0.0041)

[Step 7] Training Model 7...
  lambda_dual: 0.9062
Training has not converged after 400 steps
  Weighting: frank_wolfe alpha = 0.0937
  [Step 7/9] train_MMD=0.0001 alpha_opt=0.0937 oracle_top8_TVD=0.7373
  [WARNING] MMD worsened but kept (diagnostic, delta=-0.000194)
  SNR (proxy): 5.78 (mean_norm=0.0102, std_norm=0.0018)

[Step 8] Training Model 8...
  lambda_dual: 0.9167
Training has not converged after 400 steps
  Weighting: frank_wolfe alpha = 0.0833
  [Step 8/9] train_MMD=-0.0001 alpha_opt=0.0833 oracle_top9_TVD=0.7309
  [OK] MMD improved (delta=+0.000283)
  SNR (proxy): 12.54 (mean_norm=0.0125, std_norm=0.0010)

[Step 9] Training Model 9...
  lambda_dual: 0.9250
Training has not converged after 400 steps
  Weighting: frank_wolfe alpha = 0.0750
  [Step 9/9] train_MMD=0.0001 alpha_opt=0.0750 oracle_top10_TVD=0.7244
  [WARNING] MMD worsened but kept (diagnostic, delta=-0.000220)
  SNR (proxy): 7.13 (mean_norm=0.0061, std_norm=0.0009)

Final: 10 models, MMD=-0.0005 (delta=+0.0279) F1=nan

[FCFW] Computing Fully Corrective Frank-Wolfe weights for final ensemble...
  Weighting: fully corrective QP weights = [0.0556, 0.2667, 0.2088, 0.0988, 0.0615, 0.0000, 0.0323, 0.0000, 0.1728, 0.1036]
  FCFW Sampled MMD^2: -0.000111
  FCFW Sampled TVD:   0.5234

FINAL MODEL COMPARISON (inc. FCFW)
Model      | MMD        | TVD        | TVD*       | Valid      | Cover      | F1        
----------------------------------------------------------------------------------------
Baseline   | 0.0274     | n/a        | n/a        | n/a        | n/a        | n/a       
Ensemble   | -0.0005    | 0.500      | 0.161      | n/a        | n/a        | n/a       
Model 0    | 0.0266     | 0.807      | 0.571      | n/a        | n/a        | n/a       
Model 1    | 0.1418     | 0.752      | 0.595      | n/a        | n/a        | n/a       
Model 2    | 0.0384     | 0.969      | 0.692      | n/a        | n/a        | n/a       
Model 3    | 0.2008     | 0.776      | 0.644      | n/a        | n/a        | n/a       
Model 4    | 0.0894     | 0.762      | 0.570      | n/a        | n/a        | n/a       
Model 5    | 0.0314     | 0.814      | 0.534      | n/a        | n/a        | n/a       
Model 6    | 0.0760     | 0.783      | 0.581      | n/a        | n/a        | n/a       
Model 7    | 0.0532     | 0.788      | 0.571      | n/a        | n/a        | n/a       
Model 8    | 0.0420     | 0.789      | 0.546      | n/a        | n/a        | n/a       
Model 9    | 0.0396     | 0.794      | 0.534      | n/a        | n/a        | n/a       
Ensemble (FCFW) | -0.0001    | 0.523      | 0.147      | n/a        | n/a        | n/a       
Saving results to out/hpo/hopfield_20q_p1_b15_20260605_111726/trials/trial_0020/results.csv...
Experiment: Boosting on Hopfield (20q, 1p)
Configuration:
  train_samples: 1000
  data_seed: 42
  n_samples: 400
  n_models: 10
  learning_rate: 0.015105569182654405
  epochs_per_step: 400
  caching_level: none
  ensemble_samples_coeff: 1.0
  init_baseline: covariance
  init_later: random
  lambda_dual: 1.0
  lambda_schedule: {'type': 'frank_wolfe', 'gamma': 0.75, 'tau': 1.0}
  n_ops: 2048
  weight_strategy: frank_wolfe
  alpha_n_grid: 11
  alpha_objective_weight: 0.5
  baseline: none
  shots: 1000
  final_eval_sampling: True
  dataset_metrics: True
  exact_metrics: {'enabled': True, 'max_qubits': 20, 'phases': {'baseline': True, 'steps': False, 'final': True, 'per_model': True, 'fcfw': True}}
  keep_models_for_diagnosis: True
  stop_on_reject: False
  save_circuit_artifacts: False
  rng_seed: 42
  circuit_config: {'topology': 'aachen_heavy_hex', 'distance': 2, 'max_weight': 2, 'n_ancilla': 0}
  turbo: 10
  dynamic_is_within_shell: shell_uniform
  exact_sampling: True
  acceptance_metric: training_mmd
  skip_sampling: True
  report_fcfw: True
  dynamic_is: True
  dynamic_is_beta: 0.029083717026020795
  sigma: [0.7522535125745098, 0.5424524114648647, 0.3618559972541428]
  require_exact_sampling: True
================================================================================
Saving config to out/hpo/hopfield_20q_p1_b15_20260605_111726/trials/trial_0021/config.json...
Gate structure: Qubits: 20
Aachen heavy-hex topology: 39 parameters
one_qubit=20, two_qubit=19
Using Gaussian Kernel (n_ops=2048, n_qubits=20):
  - sigma=0.75225351
  - sigma=0.54245241
  - sigma=0.36185600
Expected sampled operator size:
  - p=5.866957, std=2.036148
  - p=8.171719, std=2.198379
  - p=9.780404, std=2.235529
  mean: 7.939693
  std: 2.690393
Baselines enabled: 

Training ensemble Model 0 (400 epochs)...
Training has not converged after 400 steps
Model 0 final loss: 0.025210
  [Step 0/9] train_MMD=0.0253 alpha_opt=1.0000 oracle_top1_TVD=0.8881

[Step 1] Training Model 1...
  lambda_dual: 0.6250
Training has not converged after 400 steps
  Weighting: frank_wolfe alpha = 0.3750
  [Step 1/9] train_MMD=0.0035 alpha_opt=0.3750 oracle_top2_TVD=0.7762
  [OK] MMD improved (delta=+0.021800)
  SNR (proxy): 3.55 (mean_norm=0.0334, std_norm=0.0094)

[Step 2] Training Model 2...
  lambda_dual: 0.7500
Training has not converged after 400 steps
  Weighting: frank_wolfe alpha = 0.2500
  [Step 2/9] train_MMD=0.0055 alpha_opt=0.2500 oracle_top3_TVD=0.7697
  [WARNING] MMD worsened but kept (diagnostic, delta=-0.001975)
  SNR (proxy): 14.88 (mean_norm=0.0128, std_norm=0.0009)

[Step 3] Training Model 3...
  lambda_dual: 0.8125
Training has not converged after 400 steps
  Weighting: frank_wolfe alpha = 0.1875
  [Step 3/9] train_MMD=0.0014 alpha_opt=0.1875 oracle_top4_TVD=0.7632
  [OK] MMD improved (delta=+0.004009)
  SNR (proxy): 2.66 (mean_norm=0.0072, std_norm=0.0027)

[Step 4] Training Model 4...
  lambda_dual: 0.8500
Training has not converged after 400 steps
  Weighting: frank_wolfe alpha = 0.1500
  [Step 4/9] train_MMD=0.0000 alpha_opt=0.1500 oracle_top5_TVD=0.7568
  [OK] MMD improved (delta=+0.001420)
  SNR (proxy): 4.76 (mean_norm=0.0197, std_norm=0.0041)

[Step 5] Training Model 5...
  lambda_dual: 0.8750
Training has not converged after 400 steps
  Weighting: frank_wolfe alpha = 0.1250
  [Step 5/9] train_MMD=0.0007 alpha_opt=0.1250 oracle_top6_TVD=0.7503
  [WARNING] MMD worsened but kept (diagnostic, delta=-0.000683)
  SNR (proxy): 11.82 (mean_norm=0.0117, std_norm=0.0010)

[Step 6] Training Model 6...
  lambda_dual: 0.8929
Training has not converged after 400 steps
  Weighting: frank_wolfe alpha = 0.1071
  [Step 6/9] train_MMD=-0.0001 alpha_opt=0.1071 oracle_top7_TVD=0.7438
  [OK] MMD improved (delta=+0.000762)
  SNR (proxy): 4.83 (mean_norm=0.0153, std_norm=0.0032)

[Step 7] Training Model 7...
  lambda_dual: 0.9062
Training has not converged after 400 steps
  Weighting: frank_wolfe alpha = 0.0937
  [Step 7/9] train_MMD=0.0001 alpha_opt=0.0937 oracle_top8_TVD=0.7373
  [WARNING] MMD worsened but kept (diagnostic, delta=-0.000168)
  SNR (proxy): 4.87 (mean_norm=0.0105, std_norm=0.0021)

[Step 8] Training Model 8...
  lambda_dual: 0.9167
Training has not converged after 400 steps
  Weighting: frank_wolfe alpha = 0.0833
  [Step 8/9] train_MMD=-0.0002 alpha_opt=0.0833 oracle_top9_TVD=0.7309
  [OK] MMD improved (delta=+0.000326)
  SNR (proxy): 10.45 (mean_norm=0.0121, std_norm=0.0012)

[Step 9] Training Model 9...
  lambda_dual: 0.9250
Training has not converged after 400 steps
  Weighting: frank_wolfe alpha = 0.0750
  [Step 9/9] train_MMD=0.0001 alpha_opt=0.0750 oracle_top10_TVD=0.7244
  [WARNING] MMD worsened but kept (diagnostic, delta=-0.000352)
  SNR (proxy): 4.32 (mean_norm=0.0043, std_norm=0.0010)

Final: 10 models, MMD=-0.0004 (delta=+0.0257) F1=nan

[FCFW] Computing Fully Corrective Frank-Wolfe weights for final ensemble...
  Weighting: fully corrective QP weights = [0.0678, 0.2204, 0.1789, 0.1001, 0.0744, 0.0000, 0.0000, 0.0565, 0.2034, 0.0985]
  FCFW Sampled MMD^2: -0.000364
  FCFW Sampled TVD:   0.5171

FINAL MODEL COMPARISON (inc. FCFW)
Model      | MMD        | TVD        | TVD*       | Valid      | Cover      | F1        
----------------------------------------------------------------------------------------
Baseline   | 0.0253     | n/a        | n/a        | n/a        | n/a        | n/a       
Ensemble   | -0.0004    | 0.508      | 0.167      | n/a        | n/a        | n/a       
Model 0    | 0.0245     | 0.809      | 0.565      | n/a        | n/a        | n/a       
Model 1    | 0.1238     | 0.755      | 0.592      | n/a        | n/a        | n/a       
Model 2    | 0.0336     | 0.949      | 0.690      | n/a        | n/a        | n/a       
Model 3    | 0.1573     | 0.763      | 0.634      | n/a        | n/a        | n/a       
Model 4    | 0.0853     | 0.760      | 0.573      | n/a        | n/a        | n/a       
Model 5    | 0.0303     | 0.815      | 0.534      | n/a        | n/a        | n/a       
Model 6    | 0.0732     | 0.788      | 0.582      | n/a        | n/a        | n/a       
Model 7    | 0.0437     | 0.764      | 0.559      | n/a        | n/a        | n/a       
Model 8    | 0.0447     | 0.772      | 0.548      | n/a        | n/a        | n/a       
Model 9    | 0.0493     | 0.803      | 0.542      | n/a        | n/a        | n/a       
Ensemble (FCFW) | -0.0004    | 0.517      | 0.150      | n/a        | n/a        | n/a       
Saving results to out/hpo/hopfield_20q_p1_b15_20260605_111726/trials/trial_0021/results.csv...
Experiment: Boosting on Hopfield (20q, 1p)
Configuration:
  train_samples: 1000
  data_seed: 42
  n_samples: 400
  n_models: 10
  learning_rate: 0.014286924244902553
  epochs_per_step: 400
  caching_level: none
  ensemble_samples_coeff: 1.0
  init_baseline: covariance
  init_later: random
  lambda_dual: 1.0
  lambda_schedule: {'type': 'frank_wolfe', 'gamma': 0.75, 'tau': 1.0}
  n_ops: 2048
  weight_strategy: frank_wolfe
  alpha_n_grid: 11
  alpha_objective_weight: 0.5
  baseline: none
  shots: 1000
  final_eval_sampling: True
  dataset_metrics: True
  exact_metrics: {'enabled': True, 'max_qubits': 20, 'phases': {'baseline': True, 'steps': False, 'final': True, 'per_model': True, 'fcfw': True}}
  keep_models_for_diagnosis: True
  stop_on_reject: False
  save_circuit_artifacts: False
  rng_seed: 42
  circuit_config: {'topology': 'aachen_heavy_hex', 'distance': 2, 'max_weight': 2, 'n_ancilla': 0}
  turbo: 10
  dynamic_is_within_shell: shell_uniform
  exact_sampling: True
  acceptance_metric: training_mmd
  skip_sampling: True
  report_fcfw: True
  dynamic_is: True
  dynamic_is_beta: 0.0300426098358055
  sigma: [0.8078717154074524, 0.5358147757453381, 0.3437246732318479]
  require_exact_sampling: True
================================================================================
Saving config to out/hpo/hopfield_20q_p1_b15_20260605_111726/trials/trial_0022/config.json...
Gate structure: Qubits: 20
Aachen heavy-hex topology: 39 parameters
one_qubit=20, two_qubit=19
Using Gaussian Kernel (n_ops=2048, n_qubits=20):
  - sigma=0.80787172
  - sigma=0.53581478
  - sigma=0.34372467
Expected sampled operator size:
  - p=5.351774, std=1.979823
  - p=8.247547, std=2.201464
  - p=9.854771, std=2.235832
  mean: 7.818031
  std: 2.839032
Baselines enabled: 

Training ensemble Model 0 (400 epochs)...
Training has not converged after 400 steps
Model 0 final loss: 0.027081
  [Step 0/9] train_MMD=0.0272 alpha_opt=1.0000 oracle_top1_TVD=0.8881

[Step 1] Training Model 1...
  lambda_dual: 0.6250
Training has not converged after 400 steps
  Weighting: frank_wolfe alpha = 0.3750
  [Step 1/9] train_MMD=0.0036 alpha_opt=0.3750 oracle_top2_TVD=0.7762
  [OK] MMD improved (delta=+0.023564)
  SNR (proxy): 2.42 (mean_norm=0.0199, std_norm=0.0082)

[Step 2] Training Model 2...
  lambda_dual: 0.7500
Training has not converged after 400 steps
  Weighting: frank_wolfe alpha = 0.2500
  [Step 2/9] train_MMD=0.0060 alpha_opt=0.2500 oracle_top3_TVD=0.7697
  [WARNING] MMD worsened but kept (diagnostic, delta=-0.002352)
  SNR (proxy): 13.16 (mean_norm=0.0193, std_norm=0.0015)

[Step 3] Training Model 3...
  lambda_dual: 0.8125
Training has not converged after 400 steps
  Weighting: frank_wolfe alpha = 0.1875
  [Step 3/9] train_MMD=0.0013 alpha_opt=0.1875 oracle_top4_TVD=0.7632
  [OK] MMD improved (delta=+0.004644)
  SNR (proxy): 3.42 (mean_norm=0.0067, std_norm=0.0020)

[Step 4] Training Model 4...
  lambda_dual: 0.8500
Training has not converged after 400 steps
  Weighting: frank_wolfe alpha = 0.1500
  [Step 4/9] train_MMD=0.0001 alpha_opt=0.1500 oracle_top5_TVD=0.7568
  [OK] MMD improved (delta=+0.001209)
  SNR (proxy): 8.85 (mean_norm=0.0260, std_norm=0.0029)

[Step 5] Training Model 5...
  lambda_dual: 0.8750
Training has not converged after 400 steps
  Weighting: frank_wolfe alpha = 0.1250
  [Step 5/9] train_MMD=0.0003 alpha_opt=0.1250 oracle_top6_TVD=0.7503
  [WARNING] MMD worsened but kept (diagnostic, delta=-0.000146)
  SNR (proxy): 7.22 (mean_norm=0.0101, std_norm=0.0014)

[Step 6] Training Model 6...
  lambda_dual: 0.8929
Training has not converged after 400 steps
  Weighting: frank_wolfe alpha = 0.1071
  [Step 6/9] train_MMD=-0.0001 alpha_opt=0.1071 oracle_top7_TVD=0.7438
  [OK] MMD improved (delta=+0.000395)
  SNR (proxy): 4.85 (mean_norm=0.0151, std_norm=0.0031)

[Step 7] Training Model 7...
  lambda_dual: 0.9062
Training has not converged after 400 steps
  Weighting: frank_wolfe alpha = 0.0937
  [Step 7/9] train_MMD=-0.0001 alpha_opt=0.0937 oracle_top8_TVD=0.7373
  [WARNING] MMD worsened but kept (diagnostic, delta=-0.000019)
  SNR (proxy): 7.47 (mean_norm=0.0143, std_norm=0.0019)

[Step 8] Training Model 8...
  lambda_dual: 0.9167
Training has not converged after 400 steps
  Weighting: frank_wolfe alpha = 0.0833
  [Step 8/9] train_MMD=-0.0002 alpha_opt=0.0833 oracle_top9_TVD=0.7309
  [OK] MMD improved (delta=+0.000060)
  SNR (proxy): 4.05 (mean_norm=0.0106, std_norm=0.0026)

[Step 9] Training Model 9...
  lambda_dual: 0.9250
Training has not converged after 400 steps
  Weighting: frank_wolfe alpha = 0.0750
  [Step 9/9] train_MMD=-0.0002 alpha_opt=0.0750 oracle_top10_TVD=0.7244
  [OK] MMD improved (delta=+0.000073)
  SNR (proxy): 8.30 (mean_norm=0.0103, std_norm=0.0012)

Final: 10 models, MMD=-0.0005 (delta=+0.0277) F1=nan

[FCFW] Computing Fully Corrective Frank-Wolfe weights for final ensemble...
  Weighting: fully corrective QP weights = [0.0971, 0.3116, 0.2009, 0.0884, 0.0000, 0.1200, 0.0000, 0.1358, 0.0000, 0.0462]
  FCFW Sampled MMD^2: -0.000206
  FCFW Sampled TVD:   0.5040

FINAL MODEL COMPARISON (inc. FCFW)
Model      | MMD        | TVD        | TVD*       | Valid      | Cover      | F1        
----------------------------------------------------------------------------------------
Baseline   | 0.0272     | n/a        | n/a        | n/a        | n/a        | n/a       
Ensemble   | -0.0005    | 0.499      | 0.177      | n/a        | n/a        | n/a       
Model 0    | 0.0264     | 0.817      | 0.572      | n/a        | n/a        | n/a       
Model 1    | 0.1154     | 0.766      | 0.589      | n/a        | n/a        | n/a       
Model 2    | 0.0330     | 0.926      | 0.620      | n/a        | n/a        | n/a       
Model 3    | 0.1779     | 0.771      | 0.638      | n/a        | n/a        | n/a       
Model 4    | 0.0749     | 0.772      | 0.583      | n/a        | n/a        | n/a       
Model 5    | 0.0524     | 0.775      | 0.548      | n/a        | n/a        | n/a       
Model 6    | 0.0530     | 0.822      | 0.583      | n/a        | n/a        | n/a       
Model 7    | 0.0432     | 0.779      | 0.547      | n/a        | n/a        | n/a       
Model 8    | 0.0617     | 0.771      | 0.559      | n/a        | n/a        | n/a       
Model 9    | 0.0587     | 0.806      | 0.555      | n/a        | n/a        | n/a       
Ensemble (FCFW) | -0.0002    | 0.504      | 0.147      | n/a        | n/a        | n/a       
Saving results to out/hpo/hopfield_20q_p1_b15_20260605_111726/trials/trial_0022/results.csv...
Experiment: Boosting on Hopfield (20q, 1p)
Configuration:
  train_samples: 1000
  data_seed: 42
  n_samples: 400
  n_models: 10
  learning_rate: 0.007099317673951491
  epochs_per_step: 400
  caching_level: none
  ensemble_samples_coeff: 1.0
  init_baseline: covariance
  init_later: random
  lambda_dual: 1.0
  lambda_schedule: {'type': 'frank_wolfe', 'gamma': 0.75, 'tau': 1.0}
  n_ops: 2048
  weight_strategy: frank_wolfe
  alpha_n_grid: 11
  alpha_objective_weight: 0.5
  baseline: none
  shots: 1000
  final_eval_sampling: True
  dataset_metrics: True
  exact_metrics: {'enabled': True, 'max_qubits': 20, 'phases': {'baseline': True, 'steps': False, 'final': True, 'per_model': True, 'fcfw': True}}
  keep_models_for_diagnosis: True
  stop_on_reject: False
  save_circuit_artifacts: False
  rng_seed: 42
  circuit_config: {'topology': 'aachen_heavy_hex', 'distance': 2, 'max_weight': 2, 'n_ancilla': 0}
  turbo: 10
  dynamic_is_within_shell: shell_uniform
  exact_sampling: True
  acceptance_metric: training_mmd
  skip_sampling: True
  report_fcfw: True
  dynamic_is: True
  dynamic_is_beta: 0.028337833126864716
  sigma: [0.7747876765370318, 0.534144399107558, 0.3350093366254009]
  require_exact_sampling: True
================================================================================
Saving config to out/hpo/hopfield_20q_p1_b15_20260605_111726/trials/trial_0023/config.json...
Gate structure: Qubits: 20
Aachen heavy-hex topology: 39 parameters
one_qubit=20, two_qubit=19
Using Gaussian Kernel (n_ops=2048, n_qubits=20):
  - sigma=0.77478768
  - sigma=0.53414440
  - sigma=0.33500934
Expected sampled operator size:
  - p=5.652232, std=2.013665
  - p=8.266562, std=2.202217
  - p=9.883807, std=2.235917
  mean: 7.934200
  std: 2.770243
Baselines enabled: 

Training ensemble Model 0 (400 epochs)...
Training has not converged after 400 steps
Model 0 final loss: 0.025755
  [Step 0/9] train_MMD=0.0258 alpha_opt=1.0000 oracle_top1_TVD=0.8881

[Step 1] Training Model 1...
  lambda_dual: 0.6250
Training has not converged after 400 steps
  Weighting: frank_wolfe alpha = 0.3750
  [Step 1/9] train_MMD=0.0035 alpha_opt=0.3750 oracle_top2_TVD=0.7762
  [OK] MMD improved (delta=+0.022373)
  SNR (proxy): 2.38 (mean_norm=0.0222, std_norm=0.0093)

[Step 2] Training Model 2...
  lambda_dual: 0.7500
Training has not converged after 400 steps
  Weighting: frank_wolfe alpha = 0.2500
  [Step 2/9] train_MMD=0.0057 alpha_opt=0.2500 oracle_top3_TVD=0.7697
  [WARNING] MMD worsened but kept (diagnostic, delta=-0.002187)
  SNR (proxy): 14.70 (mean_norm=0.0186, std_norm=0.0013)

[Step 3] Training Model 3...
  lambda_dual: 0.8125
Training has not converged after 400 steps
  Weighting: frank_wolfe alpha = 0.1875
  [Step 3/9] train_MMD=0.0014 alpha_opt=0.1875 oracle_top4_TVD=0.7632
  [OK] MMD improved (delta=+0.004255)
  SNR (proxy): 3.01 (mean_norm=0.0094, std_norm=0.0031)

[Step 4] Training Model 4...
  lambda_dual: 0.8500
Training has not converged after 400 steps
  Weighting: frank_wolfe alpha = 0.1500
  [Step 4/9] train_MMD=0.0000 alpha_opt=0.1500 oracle_top5_TVD=0.7568
  [OK] MMD improved (delta=+0.001370)
  SNR (proxy): 4.73 (mean_norm=0.0228, std_norm=0.0048)

[Step 5] Training Model 5...
  lambda_dual: 0.8750
Training has not converged after 400 steps
  Weighting: frank_wolfe alpha = 0.1250
  [Step 5/9] train_MMD=0.0001 alpha_opt=0.1250 oracle_top6_TVD=0.7503
  [WARNING] MMD worsened but kept (diagnostic, delta=-0.000087)
  SNR (proxy): 7.13 (mean_norm=0.0122, std_norm=0.0017)

[Step 6] Training Model 6...
  lambda_dual: 0.8929
Training has not converged after 400 steps
  Weighting: frank_wolfe alpha = 0.1071
  [Step 6/9] train_MMD=-0.0001 alpha_opt=0.1071 oracle_top7_TVD=0.7438
  [OK] MMD improved (delta=+0.000196)
  SNR (proxy): 6.09 (mean_norm=0.0181, std_norm=0.0030)

[Step 7] Training Model 7...
  lambda_dual: 0.9062
Training has not converged after 400 steps
  Weighting: frank_wolfe alpha = 0.0937
  [Step 7/9] train_MMD=-0.0001 alpha_opt=0.0937 oracle_top8_TVD=0.7373
  [WARNING] MMD worsened but kept (diagnostic, delta=-0.000015)
  SNR (proxy): 10.20 (mean_norm=0.0145, std_norm=0.0014)

[Step 8] Training Model 8...
  lambda_dual: 0.9167
Training has not converged after 400 steps
  Weighting: frank_wolfe alpha = 0.0833
  [Step 8/9] train_MMD=-0.0002 alpha_opt=0.0833 oracle_top9_TVD=0.7309
  [OK] MMD improved (delta=+0.000108)
  SNR (proxy): 5.60 (mean_norm=0.0126, std_norm=0.0022)

[Step 9] Training Model 9...
  lambda_dual: 0.9250
Training has not converged after 400 steps
  Weighting: frank_wolfe alpha = 0.0750
  [Step 9/9] train_MMD=-0.0002 alpha_opt=0.0750 oracle_top10_TVD=0.7244
  [OK] MMD improved (delta=+0.000052)
  SNR (proxy): 6.40 (mean_norm=0.0074, std_norm=0.0012)

Final: 10 models, MMD=-0.0006 (delta=+0.0264) F1=nan

[FCFW] Computing Fully Corrective Frank-Wolfe weights for final ensemble...
  Weighting: fully corrective QP weights = [0.1153, 0.2536, 0.1833, 0.0855, 0.0763, 0.0243, 0.0000, 0.2617, 0.0000, 0.0000]
  FCFW Sampled MMD^2: -0.000369
  FCFW Sampled TVD:   0.5069

FINAL MODEL COMPARISON (inc. FCFW)
Model      | MMD        | TVD        | TVD*       | Valid      | Cover      | F1        
----------------------------------------------------------------------------------------
Baseline   | 0.0258     | n/a        | n/a        | n/a        | n/a        | n/a       
Ensemble   | -0.0006    | 0.488      | 0.173      | n/a        | n/a        | n/a       
Model 0    | 0.0250     | 0.816      | 0.565      | n/a        | n/a        | n/a       
Model 1    | 0.1195     | 0.765      | 0.587      | n/a        | n/a        | n/a       
Model 2    | 0.0360     | 0.959      | 0.633      | n/a        | n/a        | n/a       
Model 3    | 0.1864     | 0.765      | 0.643      | n/a        | n/a        | n/a       
Model 4    | 0.0935     | 0.755      | 0.579      | n/a        | n/a        | n/a       
Model 5    | 0.0352     | 0.810      | 0.540      | n/a        | n/a        | n/a       
Model 6    | 0.0371     | 0.838      | 0.560      | n/a        | n/a        | n/a       
Model 7    | 0.0389     | 0.765      | 0.550      | n/a        | n/a        | n/a       
Model 8    | 0.0628     | 0.777      | 0.560      | n/a        | n/a        | n/a       
Model 9    | 0.0702     | 0.804      | 0.566      | n/a        | n/a        | n/a       
Ensemble (FCFW) | -0.0004    | 0.507      | 0.153      | n/a        | n/a        | n/a       
Saving results to out/hpo/hopfield_20q_p1_b15_20260605_111726/trials/trial_0023/results.csv...
Experiment: Boosting on Hopfield (20q, 1p)
Configuration:
  train_samples: 1000
  data_seed: 42
  n_samples: 400
  n_models: 10
  learning_rate: 0.013848248098658842
  epochs_per_step: 400
  caching_level: none
  ensemble_samples_coeff: 1.0
  init_baseline: covariance
  init_later: random
  lambda_dual: 1.0
  lambda_schedule: {'type': 'frank_wolfe', 'gamma': 0.75, 'tau': 1.0}
  n_ops: 2048
  weight_strategy: frank_wolfe
  alpha_n_grid: 11
  alpha_objective_weight: 0.5
  baseline: none
  shots: 1000
  final_eval_sampling: True
  dataset_metrics: True
  exact_metrics: {'enabled': True, 'max_qubits': 20, 'phases': {'baseline': True, 'steps': False, 'final': True, 'per_model': True, 'fcfw': True}}
  keep_models_for_diagnosis: True
  stop_on_reject: False
  save_circuit_artifacts: False
  rng_seed: 42
  circuit_config: {'topology': 'aachen_heavy_hex', 'distance': 2, 'max_weight': 2, 'n_ancilla': 0}
  turbo: 10
  dynamic_is_within_shell: shell_uniform
  exact_sampling: True
  acceptance_metric: training_mmd
  skip_sampling: True
  report_fcfw: True
  dynamic_is: True
  dynamic_is_beta: 0.015792942667647497
  sigma: [0.8084346178166087, 0.5795063976295427, 0.40622698747877745]
  require_exact_sampling: True
================================================================================
Saving config to out/hpo/hopfield_20q_p1_b15_20260605_111726/trials/trial_0024/config.json...
Gate structure: Qubits: 20
Aachen heavy-hex topology: 39 parameters
one_qubit=20, two_qubit=19
Using Gaussian Kernel (n_ops=2048, n_qubits=20):
  - sigma=0.80843462
  - sigma=0.57950640
  - sigma=0.40622699
Expected sampled operator size:
  - p=5.346815, std=1.979241
  - p=7.743700, std=2.178407
  - p=9.516809, std=2.233456
  mean: 7.535775
  std: 2.733158
Baselines enabled: 

Training ensemble Model 0 (400 epochs)...
Training has not converged after 400 steps
Model 0 final loss: 0.028681
  [Step 0/9] train_MMD=0.0281 alpha_opt=1.0000 oracle_top1_TVD=0.8881

[Step 1] Training Model 1...
  lambda_dual: 0.6250
Training has not converged after 400 steps
  Weighting: frank_wolfe alpha = 0.3750
  [Step 1/9] train_MMD=0.0036 alpha_opt=0.3750 oracle_top2_TVD=0.7762
  [OK] MMD improved (delta=+0.024446)
  SNR (proxy): 3.59 (mean_norm=0.0162, std_norm=0.0045)

[Step 2] Training Model 2...
  lambda_dual: 0.7500
Training has not converged after 400 steps
  Weighting: frank_wolfe alpha = 0.2500
  [Step 2/9] train_MMD=0.0062 alpha_opt=0.2500 oracle_top3_TVD=0.7697
  [WARNING] MMD worsened but kept (diagnostic, delta=-0.002563)
  SNR (proxy): 15.65 (mean_norm=0.0195, std_norm=0.0012)

[Step 3] Training Model 3...
  lambda_dual: 0.8125
Training has not converged after 400 steps
  Weighting: frank_wolfe alpha = 0.1875
  [Step 3/9] train_MMD=0.0013 alpha_opt=0.1875 oracle_top4_TVD=0.7632
  [OK] MMD improved (delta=+0.004867)
  SNR (proxy): 3.13 (mean_norm=0.0072, std_norm=0.0023)

[Step 4] Training Model 4...
  lambda_dual: 0.8500
Training has not converged after 400 steps
  Weighting: frank_wolfe alpha = 0.1500
  [Step 4/9] train_MMD=0.0001 alpha_opt=0.1500 oracle_top5_TVD=0.7568
  [OK] MMD improved (delta=+0.001221)
  SNR (proxy): 7.66 (mean_norm=0.0232, std_norm=0.0030)

[Step 5] Training Model 5...
  lambda_dual: 0.8750
Training has not converged after 400 steps
  Weighting: frank_wolfe alpha = 0.1250
  [Step 5/9] train_MMD=0.0004 alpha_opt=0.1250 oracle_top6_TVD=0.7503
  [WARNING] MMD worsened but kept (diagnostic, delta=-0.000230)
  SNR (proxy): 6.20 (mean_norm=0.0107, std_norm=0.0017)

[Step 6] Training Model 6...
  lambda_dual: 0.8929
Training has not converged after 400 steps
  Weighting: frank_wolfe alpha = 0.1071
  [Step 6/9] train_MMD=-0.0001 alpha_opt=0.1071 oracle_top7_TVD=0.7438
  [OK] MMD improved (delta=+0.000436)
  SNR (proxy): 6.28 (mean_norm=0.0167, std_norm=0.0027)

[Step 7] Training Model 7...
  lambda_dual: 0.9062
Training has not converged after 400 steps
  Weighting: frank_wolfe alpha = 0.0937
  [Step 7/9] train_MMD=-0.0001 alpha_opt=0.0937 oracle_top8_TVD=0.7373
  [OK] MMD improved (delta=+0.000005)
  SNR (proxy): 8.96 (mean_norm=0.0125, std_norm=0.0014)

[Step 8] Training Model 8...
  lambda_dual: 0.9167
Training has not converged after 400 steps
  Weighting: frank_wolfe alpha = 0.0833
  [Step 8/9] train_MMD=-0.0002 alpha_opt=0.0833 oracle_top9_TVD=0.7309
  [OK] MMD improved (delta=+0.000073)
  SNR (proxy): 5.94 (mean_norm=0.0105, std_norm=0.0018)

[Step 9] Training Model 9...
  lambda_dual: 0.9250
Training has not converged after 400 steps
  Weighting: frank_wolfe alpha = 0.0750
  [Step 9/9] train_MMD=-0.0002 alpha_opt=0.0750 oracle_top10_TVD=0.7244
  [OK] MMD improved (delta=+0.000063)
  SNR (proxy): 6.78 (mean_norm=0.0096, std_norm=0.0014)

Final: 10 models, MMD=-0.0005 (delta=+0.0286) F1=nan

[FCFW] Computing Fully Corrective Frank-Wolfe weights for final ensemble...
  Weighting: fully corrective QP weights = [0.1107, 0.3137, 0.1949, 0.0865, 0.0029, 0.0853, 0.0000, 0.2060, 0.0000, 0.0000]
  FCFW Sampled MMD^2: -0.000476
  FCFW Sampled TVD:   0.4973

FINAL MODEL COMPARISON (inc. FCFW)
Model      | MMD        | TVD        | TVD*       | Valid      | Cover      | F1        
----------------------------------------------------------------------------------------
Baseline   | 0.0281     | n/a        | n/a        | n/a        | n/a        | n/a       
Ensemble   | -0.0005    | 0.491      | 0.176      | n/a        | n/a        | n/a       
Model 0    | 0.0278     | 0.821      | 0.571      | n/a        | n/a        | n/a       
Model 1    | 0.1189     | 0.768      | 0.585      | n/a        | n/a        | n/a       
Model 2    | 0.0339     | 0.910      | 0.620      | n/a        | n/a        | n/a       
Model 3    | 0.1775     | 0.758      | 0.627      | n/a        | n/a        | n/a       
Model 4    | 0.0880     | 0.773      | 0.577      | n/a        | n/a        | n/a       
Model 5    | 0.0459     | 0.756      | 0.548      | n/a        | n/a        | n/a       
Model 6    | 0.0429     | 0.817      | 0.573      | n/a        | n/a        | n/a       
Model 7    | 0.0506     | 0.787      | 0.554      | n/a        | n/a        | n/a       
Model 8    | 0.0711     | 0.762      | 0.558      | n/a        | n/a        | n/a       
Model 9    | 0.0591     | 0.784      | 0.547      | n/a        | n/a        | n/a       
Ensemble (FCFW) | -0.0005    | 0.497      | 0.153      | n/a        | n/a        | n/a       
Saving results to out/hpo/hopfield_20q_p1_b15_20260605_111726/trials/trial_0024/results.csv...
Experiment: Boosting on Hopfield (20q, 1p)
Configuration:
  train_samples: 1000
  data_seed: 42
  n_samples: 400
  n_models: 10
  learning_rate: 0.03178165448957639
  epochs_per_step: 400
  caching_level: none
  ensemble_samples_coeff: 1.0
  init_baseline: covariance
  init_later: random
  lambda_dual: 1.0
  lambda_schedule: {'type': 'frank_wolfe', 'gamma': 0.75, 'tau': 1.0}
  n_ops: 2048
  weight_strategy: frank_wolfe
  alpha_n_grid: 11
  alpha_objective_weight: 0.5
  baseline: none
  shots: 1000
  final_eval_sampling: True
  dataset_metrics: True
  exact_metrics: {'enabled': True, 'max_qubits': 20, 'phases': {'baseline': True, 'steps': False, 'final': True, 'per_model': True, 'fcfw': True}}
  keep_models_for_diagnosis: True
  stop_on_reject: False
  save_circuit_artifacts: False
  rng_seed: 42
  circuit_config: {'topology': 'aachen_heavy_hex', 'distance': 2, 'max_weight': 2, 'n_ancilla': 0}
  turbo: 10
  dynamic_is_within_shell: shell_uniform
  exact_sampling: True
  acceptance_metric: training_mmd
  skip_sampling: True
  report_fcfw: True
  dynamic_is: True
  dynamic_is_beta: 0.04756529870529956
  sigma: [0.8567247819774366, 0.6600344800367449, 0.4708817209628906]
  require_exact_sampling: True
================================================================================
Saving config to out/hpo/hopfield_20q_p1_b15_20260605_111726/trials/trial_0025/config.json...
Gate structure: Qubits: 20
Aachen heavy-hex topology: 39 parameters
one_qubit=20, two_qubit=19
Using Gaussian Kernel (n_ops=2048, n_qubits=20):
  - sigma=0.85672478
  - sigma=0.66003448
  - sigma=0.47088172
Expected sampled operator size:
  - p=4.940007, std=1.928684
  - p=6.826412, std=2.120476
  - p=8.951263, std=2.223737
  mean: 6.905894
  std: 2.659312
Baselines enabled: 

Training ensemble Model 0 (400 epochs)...
Training has not converged after 400 steps
Model 0 final loss: 0.032146
  [Step 0/9] train_MMD=0.0328 alpha_opt=1.0000 oracle_top1_TVD=0.8881

[Step 1] Training Model 1...
  lambda_dual: 0.6250
Training has not converged after 400 steps
  Weighting: frank_wolfe alpha = 0.3750
  [Step 1/9] train_MMD=0.0063 alpha_opt=0.3750 oracle_top2_TVD=0.7762
  [OK] MMD improved (delta=+0.026470)
  SNR (proxy): 6.14 (mean_norm=0.0312, std_norm=0.0051)

[Step 2] Training Model 2...
  lambda_dual: 0.7500
Training has not converged after 400 steps
  Weighting: frank_wolfe alpha = 0.2500
  [Step 2/9] train_MMD=0.0101 alpha_opt=0.2500 oracle_top3_TVD=0.7697
  [WARNING] MMD worsened but kept (diagnostic, delta=-0.003815)
  SNR (proxy): 18.12 (mean_norm=0.0141, std_norm=0.0008)

[Step 3] Training Model 3...
  lambda_dual: 0.8125
Training has not converged after 400 steps
  Weighting: frank_wolfe alpha = 0.1875
  [Step 3/9] train_MMD=0.0132 alpha_opt=0.1875 oracle_top4_TVD=0.7632
  [WARNING] MMD worsened but kept (diagnostic, delta=-0.003079)
  SNR (proxy): 4.96 (mean_norm=0.0232, std_norm=0.0047)

[Step 4] Training Model 4...
  lambda_dual: 0.8500
Training has not converged after 400 steps
  Weighting: frank_wolfe alpha = 0.1500
  [Step 4/9] train_MMD=0.0005 alpha_opt=0.1500 oracle_top5_TVD=0.7568
  [OK] MMD improved (delta=+0.012673)
  SNR (proxy): 11.79 (mean_norm=0.0089, std_norm=0.0008)

[Step 5] Training Model 5...
  lambda_dual: 0.8750
Training has not converged after 400 steps
  Weighting: frank_wolfe alpha = 0.1250
  [Step 5/9] train_MMD=0.0001 alpha_opt=0.1250 oracle_top6_TVD=0.7503
  [OK] MMD improved (delta=+0.000384)
  SNR (proxy): 13.59 (mean_norm=0.0142, std_norm=0.0010)

[Step 6] Training Model 6...
  lambda_dual: 0.8929
Training has not converged after 400 steps
  Weighting: frank_wolfe alpha = 0.1071
  [Step 6/9] train_MMD=0.0003 alpha_opt=0.1071 oracle_top7_TVD=0.7438
  [WARNING] MMD worsened but kept (diagnostic, delta=-0.000187)
  SNR (proxy): 9.20 (mean_norm=0.0107, std_norm=0.0012)

[Step 7] Training Model 7...
  lambda_dual: 0.9062
Training has not converged after 400 steps
  Weighting: frank_wolfe alpha = 0.0937
  [Step 7/9] train_MMD=-0.0001 alpha_opt=0.0937 oracle_top8_TVD=0.7373
  [OK] MMD improved (delta=+0.000444)
  SNR (proxy): 6.39 (mean_norm=0.0141, std_norm=0.0022)

[Step 8] Training Model 8...
  lambda_dual: 0.9167
Training has not converged after 400 steps
  Weighting: frank_wolfe alpha = 0.0833
  [Step 8/9] train_MMD=0.0000 alpha_opt=0.0833 oracle_top9_TVD=0.7309
  [WARNING] MMD worsened but kept (diagnostic, delta=-0.000129)
  SNR (proxy): 13.63 (mean_norm=0.0119, std_norm=0.0009)

[Step 9] Training Model 9...
  lambda_dual: 0.9250
Training has not converged after 400 steps
  Weighting: frank_wolfe alpha = 0.0750
  [Step 9/9] train_MMD=-0.0001 alpha_opt=0.0750 oracle_top10_TVD=0.7244
  [OK] MMD improved (delta=+0.000118)
  SNR (proxy): 7.89 (mean_norm=0.0108, std_norm=0.0014)

Final: 10 models, MMD=0.0001 (delta=+0.0327) F1=nan

[FCFW] Computing Fully Corrective Frank-Wolfe weights for final ensemble...
  Weighting: fully corrective QP weights = [0.0261, 0.1861, 0.1146, 0.0334, 0.0773, 0.1603, 0.1157, 0.1333, 0.0605, 0.0927]
  FCFW Sampled MMD^2: -0.000396
  FCFW Sampled TVD:   0.4931

FINAL MODEL COMPARISON (inc. FCFW)
Model      | MMD        | TVD        | TVD*       | Valid      | Cover      | F1        
----------------------------------------------------------------------------------------
Baseline   | 0.0328     | n/a        | n/a        | n/a        | n/a        | n/a       
Ensemble   | 0.0001     | 0.529      | 0.156      | n/a        | n/a        | n/a       
Model 0    | 0.0339     | 0.833      | 0.575      | n/a        | n/a        | n/a       
Model 1    | 0.1648     | 0.766      | 0.599      | n/a        | n/a        | n/a       
Model 2    | 0.0520     | 0.989      | 0.736      | n/a        | n/a        | n/a       
Model 3    | 0.1002     | 0.745      | 0.585      | n/a        | n/a        | n/a       
Model 4    | 0.5087     | 0.840      | 0.794      | n/a        | n/a        | n/a       
Model 5    | 0.0404     | 0.918      | 0.595      | n/a        | n/a        | n/a       
Model 6    | 0.0577     | 0.800      | 0.551      | n/a        | n/a        | n/a       
Model 7    | 0.0667     | 0.784      | 0.556      | n/a        | n/a        | n/a       
Model 8    | 0.0424     | 0.800      | 0.536      | n/a        | n/a        | n/a       
Model 9    | 0.0944     | 0.803      | 0.558      | n/a        | n/a        | n/a       
Ensemble (FCFW) | -0.0004    | 0.493      | 0.136      | n/a        | n/a        | n/a       
Saving results to out/hpo/hopfield_20q_p1_b15_20260605_111726/trials/trial_0025/results.csv...
Experiment: Boosting on Hopfield (20q, 1p)
Configuration:
  train_samples: 1000
  data_seed: 42
  n_samples: 400
  n_models: 10
  learning_rate: 0.03363761028637635
  epochs_per_step: 400
  caching_level: none
  ensemble_samples_coeff: 1.0
  init_baseline: covariance
  init_later: random
  lambda_dual: 1.0
  lambda_schedule: {'type': 'frank_wolfe', 'gamma': 0.75, 'tau': 1.0}
  n_ops: 2048
  weight_strategy: frank_wolfe
  alpha_n_grid: 11
  alpha_objective_weight: 0.5
  baseline: none
  shots: 1000
  final_eval_sampling: True
  dataset_metrics: True
  exact_metrics: {'enabled': True, 'max_qubits': 20, 'phases': {'baseline': True, 'steps': False, 'final': True, 'per_model': True, 'fcfw': True}}
  keep_models_for_diagnosis: True
  stop_on_reject: False
  save_circuit_artifacts: False
  rng_seed: 42
  circuit_config: {'topology': 'aachen_heavy_hex', 'distance': 2, 'max_weight': 2, 'n_ancilla': 0}
  turbo: 10
  dynamic_is_within_shell: shell_uniform
  exact_sampling: True
  acceptance_metric: training_mmd
  skip_sampling: True
  report_fcfw: True
  dynamic_is: True
  dynamic_is_beta: 0.04413157887016491
  sigma: [0.8557497480502778, 0.6512513051695175, 0.5129843404352281]
  require_exact_sampling: True
================================================================================
Saving config to out/hpo/hopfield_20q_p1_b15_20260605_111726/trials/trial_0026/config.json...
Gate structure: Qubits: 20
Aachen heavy-hex topology: 39 parameters
one_qubit=20, two_qubit=19
Using Gaussian Kernel (n_ops=2048, n_qubits=20):
  - sigma=0.85574975
  - sigma=0.65125131
  - sigma=0.51298434
Expected sampled operator size:
  - p=4.947860, std=1.929713
  - p=6.923796, std=2.127639
  - p=8.504367, std=2.210917
  mean: 6.792008
  std: 2.548805
Baselines enabled: 

Training ensemble Model 0 (400 epochs)...
Training has not converged after 400 steps
Model 0 final loss: 0.032841
  [Step 0/9] train_MMD=0.0336 alpha_opt=1.0000 oracle_top1_TVD=0.8881

[Step 1] Training Model 1...
  lambda_dual: 0.6250
Training has not converged after 400 steps
  Weighting: frank_wolfe alpha = 0.3750
  [Step 1/9] train_MMD=0.0078 alpha_opt=0.3750 oracle_top2_TVD=0.7762
  [OK] MMD improved (delta=+0.025826)
  SNR (proxy): 7.07 (mean_norm=0.0541, std_norm=0.0077)

[Step 2] Training Model 2...
  lambda_dual: 0.7500
Training has not converged after 400 steps
  Weighting: frank_wolfe alpha = 0.2500
  [Step 2/9] train_MMD=0.0107 alpha_opt=0.2500 oracle_top3_TVD=0.7697
  [WARNING] MMD worsened but kept (diagnostic, delta=-0.002941)
  SNR (proxy): 9.70 (mean_norm=0.0071, std_norm=0.0007)

[Step 3] Training Model 3...
  lambda_dual: 0.8125
Training has not converged after 400 steps
  Weighting: frank_wolfe alpha = 0.1875
  [Step 3/9] train_MMD=0.0131 alpha_opt=0.1875 oracle_top4_TVD=0.7632
  [WARNING] MMD worsened but kept (diagnostic, delta=-0.002376)
  SNR (proxy): 3.55 (mean_norm=0.0108, std_norm=0.0030)

[Step 4] Training Model 4...
  lambda_dual: 0.8500
Training has not converged after 400 steps
  Weighting: frank_wolfe alpha = 0.1500
  [Step 4/9] train_MMD=0.0003 alpha_opt=0.1500 oracle_top5_TVD=0.7568
  [OK] MMD improved (delta=+0.012825)
  SNR (proxy): 8.49 (mean_norm=0.0051, std_norm=0.0006)

[Step 5] Training Model 5...
  lambda_dual: 0.8750
Training has not converged after 400 steps
  Weighting: frank_wolfe alpha = 0.1250
  [Step 5/9] train_MMD=0.0004 alpha_opt=0.1250 oracle_top6_TVD=0.7503
  [WARNING] MMD worsened but kept (diagnostic, delta=-0.000115)
  SNR (proxy): 8.93 (mean_norm=0.0128, std_norm=0.0014)

[Step 6] Training Model 6...
  lambda_dual: 0.8929
Training has not converged after 400 steps
  Weighting: frank_wolfe alpha = 0.1071
  [Step 6/9] train_MMD=0.0001 alpha_opt=0.1071 oracle_top7_TVD=0.7438
  [OK] MMD improved (delta=+0.000265)
  SNR (proxy): 7.32 (mean_norm=0.0124, std_norm=0.0017)

[Step 7] Training Model 7...
  lambda_dual: 0.9062
Training has not converged after 400 steps
  Weighting: frank_wolfe alpha = 0.0937
  [Step 7/9] train_MMD=0.0001 alpha_opt=0.0937 oracle_top8_TVD=0.7373
  [WARNING] MMD worsened but kept (diagnostic, delta=-0.000002)
  SNR (proxy): 7.37 (mean_norm=0.0108, std_norm=0.0015)

[Step 8] Training Model 8...
  lambda_dual: 0.9167
Training has not converged after 400 steps
  Weighting: frank_wolfe alpha = 0.0833
  [Step 8/9] train_MMD=-0.0001 alpha_opt=0.0833 oracle_top9_TVD=0.7309
  [OK] MMD improved (delta=+0.000194)
  SNR (proxy): 10.65 (mean_norm=0.0137, std_norm=0.0013)

[Step 9] Training Model 9...
  lambda_dual: 0.9250
Training has not converged after 400 steps
  Weighting: frank_wolfe alpha = 0.0750
  [Step 9/9] train_MMD=0.0004 alpha_opt=0.0750 oracle_top10_TVD=0.7244
  [WARNING] MMD worsened but kept (diagnostic, delta=-0.000461)
  SNR (proxy): 16.08 (mean_norm=0.0089, std_norm=0.0006)

Final: 10 models, MMD=-0.0004 (delta=+0.0339) F1=nan

[FCFW] Computing Fully Corrective Frank-Wolfe weights for final ensemble...
  Weighting: fully corrective QP weights = [0.0742, 0.1309, 0.0922, 0.0824, 0.0784, 0.1069, 0.0965, 0.2252, 0.0830, 0.0304]
  FCFW Sampled MMD^2: -0.000586
  FCFW Sampled TVD:   0.4945

FINAL MODEL COMPARISON (inc. FCFW)
Model      | MMD        | TVD        | TVD*       | Valid      | Cover      | F1        
----------------------------------------------------------------------------------------
Baseline   | 0.0336     | n/a        | n/a        | n/a        | n/a        | n/a       
Ensemble   | -0.0004    | 0.518      | 0.179      | n/a        | n/a        | n/a       
Model 0    | 0.0340     | 0.838      | 0.578      | n/a        | n/a        | n/a       
Model 1    | 0.1937     | 0.763      | 0.616      | n/a        | n/a        | n/a       
Model 2    | 0.0561     | 0.998      | 0.838      | n/a        | n/a        | n/a       
Model 3    | 0.0828     | 0.783      | 0.571      | n/a        | n/a        | n/a       
Model 4    | 0.4937     | 0.835      | 0.771      | n/a        | n/a        | n/a       
Model 5    | 0.0487     | 0.798      | 0.575      | n/a        | n/a        | n/a       
Model 6    | 0.0674     | 0.806      | 0.564      | n/a        | n/a        | n/a       
Model 7    | 0.0565     | 0.773      | 0.546      | n/a        | n/a        | n/a       
Model 8    | 0.0435     | 0.791      | 0.550      | n/a        | n/a        | n/a       
Model 9    | 0.0410     | 0.800      | 0.542      | n/a        | n/a        | n/a       
Ensemble (FCFW) | -0.0006    | 0.494      | 0.147      | n/a        | n/a        | n/a       
Saving results to out/hpo/hopfield_20q_p1_b15_20260605_111726/trials/trial_0026/results.csv...
Experiment: Boosting on Hopfield (20q, 1p)
Configuration:
  train_samples: 1000
  data_seed: 42
  n_samples: 400
  n_models: 10
  learning_rate: 0.0313591323894531
  epochs_per_step: 400
  caching_level: none
  ensemble_samples_coeff: 1.0
  init_baseline: covariance
  init_later: random
  lambda_dual: 1.0
  lambda_schedule: {'type': 'frank_wolfe', 'gamma': 1.0, 'tau': 1.0}
  n_ops: 2048
  weight_strategy: frank_wolfe
  alpha_n_grid: 11
  alpha_objective_weight: 0.5
  baseline: none
  shots: 1000
  final_eval_sampling: True
  dataset_metrics: True
  exact_metrics: {'enabled': True, 'max_qubits': 20, 'phases': {'baseline': True, 'steps': False, 'final': True, 'per_model': True, 'fcfw': True}}
  keep_models_for_diagnosis: True
  stop_on_reject: False
  save_circuit_artifacts: False
  rng_seed: 42
  circuit_config: {'topology': 'aachen_heavy_hex', 'distance': 2, 'max_weight': 2, 'n_ancilla': 0}
  turbo: 10
  dynamic_is_within_shell: shell_uniform
  exact_sampling: True
  acceptance_metric: training_mmd
  skip_sampling: True
  report_fcfw: True
  dynamic_is: True
  dynamic_is_beta: 0.04541742063464009
  sigma: [0.9964005130543282, 0.6426984393958356, 0.4472903022042012]
  require_exact_sampling: True
================================================================================
Saving config to out/hpo/hopfield_20q_p1_b15_20260605_111726/trials/trial_0027/config.json...
Gate structure: Qubits: 20
Aachen heavy-hex topology: 39 parameters
one_qubit=20, two_qubit=19
Using Gaussian Kernel (n_ops=2048, n_qubits=20):
  - sigma=0.99640051
  - sigma=0.64269844
  - sigma=0.44729030
Expected sampled operator size:
  - p=3.956604, std=1.781535
  - p=7.019441, std=2.134435
  - p=9.178446, std=2.228509
  mean: 6.718164
  std: 2.970180
Baselines enabled: 

Training ensemble Model 0 (400 epochs)...
Training has not converged after 400 steps
Model 0 final loss: 0.039893
  [Step 0/9] train_MMD=0.0406 alpha_opt=1.0000 oracle_top1_TVD=0.8881

[Step 1] Training Model 1...
  lambda_dual: 0.5000
Training has not converged after 400 steps
  Weighting: frank_wolfe alpha = 0.5000
  [Step 1/9] train_MMD=0.0094 alpha_opt=0.5000 oracle_top2_TVD=0.7762
  [OK] MMD improved (delta=+0.031227)
  SNR (proxy): 3.06 (mean_norm=0.0217, std_norm=0.0071)

[Step 2] Training Model 2...
  lambda_dual: 0.6667
Training has not converged after 400 steps
  Weighting: frank_wolfe alpha = 0.3333
  [Step 2/9] train_MMD=0.0036 alpha_opt=0.3333 oracle_top3_TVD=0.7697
  [OK] MMD improved (delta=+0.005817)
  SNR (proxy): 3.86 (mean_norm=0.0236, std_norm=0.0061)

[Step 3] Training Model 3...
  lambda_dual: 0.7500
Training has not converged after 400 steps
  Weighting: frank_wolfe alpha = 0.2500
  [Step 3/9] train_MMD=0.0015 alpha_opt=0.2500 oracle_top4_TVD=0.7632
  [OK] MMD improved (delta=+0.002147)
  SNR (proxy): 4.04 (mean_norm=0.0231, std_norm=0.0057)

[Step 4] Training Model 4...
  lambda_dual: 0.8000
Training has not converged after 400 steps
  Weighting: frank_wolfe alpha = 0.2000
  [Step 4/9] train_MMD=0.0015 alpha_opt=0.2000 oracle_top5_TVD=0.7568
  [WARNING] MMD worsened but kept (diagnostic, delta=-0.000081)
  SNR (proxy): 13.80 (mean_norm=0.0238, std_norm=0.0017)

[Step 5] Training Model 5...
  lambda_dual: 0.8333
Training has not converged after 400 steps
  Weighting: frank_wolfe alpha = 0.1667
  [Step 5/9] train_MMD=0.0007 alpha_opt=0.1667 oracle_top6_TVD=0.7503
  [OK] MMD improved (delta=+0.000827)
  SNR (proxy): 8.60 (mean_norm=0.0218, std_norm=0.0025)

[Step 6] Training Model 6...
  lambda_dual: 0.8571
Training has not converged after 400 steps
  Weighting: frank_wolfe alpha = 0.1429
  [Step 6/9] train_MMD=0.0010 alpha_opt=0.1429 oracle_top7_TVD=0.7438
  [WARNING] MMD worsened but kept (diagnostic, delta=-0.000249)
  SNR (proxy): 3.51 (mean_norm=0.0109, std_norm=0.0031)

[Step 7] Training Model 7...
  lambda_dual: 0.8750
Training has not converged after 400 steps
  Weighting: frank_wolfe alpha = 0.1250
  [Step 7/9] train_MMD=0.0001 alpha_opt=0.1250 oracle_top8_TVD=0.7373
  [OK] MMD improved (delta=+0.000890)
  SNR (proxy): 6.63 (mean_norm=0.0142, std_norm=0.0021)

[Step 8] Training Model 8...
  lambda_dual: 0.8889
Training has not converged after 400 steps
  Weighting: frank_wolfe alpha = 0.1111
  [Step 8/9] train_MMD=0.0004 alpha_opt=0.1111 oracle_top9_TVD=0.7309
  [WARNING] MMD worsened but kept (diagnostic, delta=-0.000287)
  SNR (proxy): 9.99 (mean_norm=0.0159, std_norm=0.0016)

[Step 9] Training Model 9...
  lambda_dual: 0.9000
Training has not converged after 400 steps
  Weighting: frank_wolfe alpha = 0.1000
  [Step 9/9] train_MMD=0.0000 alpha_opt=0.1000 oracle_top10_TVD=0.7244
  [OK] MMD improved (delta=+0.000329)
  SNR (proxy): 9.09 (mean_norm=0.0142, std_norm=0.0016)

Final: 10 models, MMD=-0.0001 (delta=+0.0408) F1=nan

[FCFW] Computing Fully Corrective Frank-Wolfe weights for final ensemble...
  Weighting: fully corrective QP weights = [0.0871, 0.0613, 0.3124, 0.0000, 0.0552, 0.0000, 0.0567, 0.2940, 0.0000, 0.1333]
  FCFW Sampled MMD^2: -0.000166
  FCFW Sampled TVD:   0.4959

FINAL MODEL COMPARISON (inc. FCFW)
Model      | MMD        | TVD        | TVD*       | Valid      | Cover      | F1        
----------------------------------------------------------------------------------------
Baseline   | 0.0406     | n/a        | n/a        | n/a        | n/a        | n/a       
Ensemble   | -0.0001    | 0.514      | 0.207      | n/a        | n/a        | n/a       
Model 0    | 0.0385     | 0.828      | 0.595      | n/a        | n/a        | n/a       
Model 1    | 0.0891     | 0.793      | 0.623      | n/a        | n/a        | n/a       
Model 2    | 0.0786     | 0.772      | 0.557      | n/a        | n/a        | n/a       
Model 3    | 0.0567     | 0.778      | 0.544      | n/a        | n/a        | n/a       
Model 4    | 0.0810     | 0.759      | 0.547      | n/a        | n/a        | n/a       
Model 5    | 0.0614     | 0.771      | 0.541      | n/a        | n/a        | n/a       
Model 6    | 0.0756     | 0.797      | 0.574      | n/a        | n/a        | n/a       
Model 7    | 0.0678     | 0.772      | 0.544      | n/a        | n/a        | n/a       
Model 8    | 0.0648     | 0.772      | 0.540      | n/a        | n/a        | n/a       
Model 9    | 0.0789     | 0.780      | 0.551      | n/a        | n/a        | n/a       
Ensemble (FCFW) | -0.0002    | 0.496      | 0.202      | n/a        | n/a        | n/a       
Saving results to out/hpo/hopfield_20q_p1_b15_20260605_111726/trials/trial_0027/results.csv...
Experiment: Boosting on Hopfield (20q, 1p)
Configuration:
  train_samples: 1000
  data_seed: 42
  n_samples: 400
  n_models: 10
  learning_rate: 0.008453849264622495
  epochs_per_step: 400
  caching_level: none
  ensemble_samples_coeff: 1.0
  init_baseline: covariance
  init_later: random
  lambda_dual: 1.0
  lambda_schedule: {'type': 'frank_wolfe', 'gamma': 0.25, 'tau': 1.0}
  n_ops: 2048
  weight_strategy: frank_wolfe
  alpha_n_grid: 11
  alpha_objective_weight: 0.5
  baseline: none
  shots: 1000
  final_eval_sampling: True
  dataset_metrics: True
  exact_metrics: {'enabled': True, 'max_qubits': 20, 'phases': {'baseline': True, 'steps': False, 'final': True, 'per_model': True, 'fcfw': True}}
  keep_models_for_diagnosis: True
  stop_on_reject: False
  save_circuit_artifacts: False
  rng_seed: 42
  circuit_config: {'topology': 'aachen_heavy_hex', 'distance': 2, 'max_weight': 2, 'n_ancilla': 0}
  turbo: 10
  dynamic_is_within_shell: shell_uniform
  exact_sampling: True
  acceptance_metric: training_mmd
  skip_sampling: True
  report_fcfw: True
  dynamic_is: True
  dynamic_is_beta: 0.07748406167020261
  sigma: [0.8501264801060991, 0.6801891071834215, 0.4551539431361618]
  require_exact_sampling: True
================================================================================
Saving config to out/hpo/hopfield_20q_p1_b15_20260605_111726/trials/trial_0028/config.json...
Gate structure: Qubits: 20
Aachen heavy-hex topology: 39 parameters
one_qubit=20, two_qubit=19
Using Gaussian Kernel (n_ops=2048, n_qubits=20):
  - sigma=0.85012648
  - sigma=0.68018911
  - sigma=0.45515394
Expected sampled operator size:
  - p=4.993438, std=1.935644
  - p=6.606468, std=2.103377
  - p=9.105015, std=2.227095
  mean: 6.901640
  std: 2.690359
Baselines enabled: 

Training ensemble Model 0 (400 epochs)...
Training has not converged after 400 steps
Model 0 final loss: 0.032331
  [Step 0/9] train_MMD=0.0329 alpha_opt=1.0000 oracle_top1_TVD=0.8881

[Step 1] Training Model 1...
  lambda_dual: 0.8750
Training has not converged after 400 steps
  Weighting: frank_wolfe alpha = 0.1250
  [Step 1/9] train_MMD=0.0077 alpha_opt=0.1250 oracle_top2_TVD=0.7762
  [OK] MMD improved (delta=+0.025200)
  SNR (proxy): 8.78 (mean_norm=0.0000, std_norm=0.0000)

[Step 2] Training Model 2...
  lambda_dual: 0.9167
Training has not converged after 400 steps
  Weighting: frank_wolfe alpha = 0.0833
  [Step 2/9] train_MMD=0.0054 alpha_opt=0.0833 oracle_top3_TVD=0.7697
  [OK] MMD improved (delta=+0.002277)
  SNR (proxy): 16.31 (mean_norm=0.0175, std_norm=0.0011)

[Step 3] Training Model 3...
  lambda_dual: 0.9375
Training has not converged after 400 steps
  Weighting: frank_wolfe alpha = 0.0625
  [Step 3/9] train_MMD=0.0042 alpha_opt=0.0625 oracle_top4_TVD=0.7632
  [OK] MMD improved (delta=+0.001250)
  SNR (proxy): 5.04 (mean_norm=0.0076, std_norm=0.0015)

[Step 4] Training Model 4...
  lambda_dual: 0.9500
Training has not converged after 400 steps
  Weighting: frank_wolfe alpha = 0.0500
  [Step 4/9] train_MMD=0.0051 alpha_opt=0.0500 oracle_top5_TVD=0.7568
  [WARNING] MMD worsened but kept (diagnostic, delta=-0.000944)
  SNR (proxy): 10.02 (mean_norm=0.0062, std_norm=0.0006)

[Step 5] Training Model 5...
  lambda_dual: 0.9583
Training has not converged after 400 steps
  Weighting: frank_wolfe alpha = 0.0417
  [Step 5/9] train_MMD=0.0051 alpha_opt=0.0417 oracle_top6_TVD=0.7503
  [OK] MMD improved (delta=+0.000015)
  SNR (proxy): 10.91 (mean_norm=0.0041, std_norm=0.0004)

[Step 6] Training Model 6...
  lambda_dual: 0.9643
Training has not converged after 400 steps
  Weighting: frank_wolfe alpha = 0.0357
  [Step 6/9] train_MMD=0.0053 alpha_opt=0.0357 oracle_top7_TVD=0.7438
  [WARNING] MMD worsened but kept (diagnostic, delta=-0.000251)
  SNR (proxy): 6.42 (mean_norm=0.0031, std_norm=0.0005)

[Step 7] Training Model 7...
  lambda_dual: 0.9688
Training has not converged after 400 steps
  Weighting: frank_wolfe alpha = 0.0312
  [Step 7/9] train_MMD=0.0049 alpha_opt=0.0312 oracle_top8_TVD=0.7373
  [OK] MMD improved (delta=+0.000425)
  SNR (proxy): 11.71 (mean_norm=0.0055, std_norm=0.0005)

[Step 8] Training Model 8...
  lambda_dual: 0.9722
Training has not converged after 400 steps
  Weighting: frank_wolfe alpha = 0.0278
  [Step 8/9] train_MMD=0.0051 alpha_opt=0.0278 oracle_top9_TVD=0.7309
  [WARNING] MMD worsened but kept (diagnostic, delta=-0.000180)
  SNR (proxy): 5.84 (mean_norm=0.0036, std_norm=0.0006)

[Step 9] Training Model 9...
  lambda_dual: 0.9750
Training has not converged after 400 steps
  Weighting: frank_wolfe alpha = 0.0250
  [Step 9/9] train_MMD=0.0054 alpha_opt=0.0250 oracle_top10_TVD=0.7244
  [WARNING] MMD worsened but kept (diagnostic, delta=-0.000319)
  SNR (proxy): 7.63 (mean_norm=0.0037, std_norm=0.0005)

Final: 10 models, MMD=0.0042 (delta=+0.0287) F1=nan

[FCFW] Computing Fully Corrective Frank-Wolfe weights for final ensemble...
  Weighting: fully corrective QP weights = [0.7228, 0.0313, 0.1723, 0.0282, 0.0134, 0.0115, 0.0052, 0.0000, 0.0153, 0.0000]
  FCFW Sampled MMD^2: 0.003117
  FCFW Sampled TVD:   0.5996

FINAL MODEL COMPARISON (inc. FCFW)
Model      | MMD        | TVD        | TVD*       | Valid      | Cover      | F1        
----------------------------------------------------------------------------------------
Baseline   | 0.0329     | n/a        | n/a        | n/a        | n/a        | n/a       
Ensemble   | 0.0042     | 0.602      | 0.376      | n/a        | n/a        | n/a       
Model 0    | 0.0328     | 0.771      | 0.559      | n/a        | n/a        | n/a       
Model 1    | 0.7393     | 0.888      | 0.888      | n/a        | n/a        | n/a       
Model 2    | 0.2259     | 0.840      | 0.787      | n/a        | n/a        | n/a       
Model 3    | 0.1718     | 0.974      | 0.945      | n/a        | n/a        | n/a       
Model 4    | 0.1412     | 0.969      | 0.933      | n/a        | n/a        | n/a       
Model 5    | 0.1080     | 0.983      | 0.951      | n/a        | n/a        | n/a       
Model 6    | 0.1278     | 0.982      | 0.969      | n/a        | n/a        | n/a       
Model 7    | 0.1421     | 0.983      | 0.957      | n/a        | n/a        | n/a       
Model 8    | 0.1550     | 0.977      | 0.963      | n/a        | n/a        | n/a       
Model 9    | 0.0772     | 0.976      | 0.930      | n/a        | n/a        | n/a       
Ensemble (FCFW) | 0.0031     | 0.600      | 0.395      | n/a        | n/a        | n/a       
Saving results to out/hpo/hopfield_20q_p1_b15_20260605_111726/trials/trial_0028/results.csv...
Experiment: Boosting on Hopfield (20q, 1p)
Configuration:
  train_samples: 1000
  data_seed: 42
  n_samples: 400
  n_models: 10
  learning_rate: 0.005065420028140932
  epochs_per_step: 400
  caching_level: none
  ensemble_samples_coeff: 1.0
  init_baseline: covariance
  init_later: random
  lambda_dual: 1.0
  lambda_schedule: {'type': 'frank_wolfe', 'gamma': 1.0, 'tau': 1.0}
  n_ops: 1024
  weight_strategy: frank_wolfe
  alpha_n_grid: 11
  alpha_objective_weight: 0.5
  baseline: none
  shots: 1000
  final_eval_sampling: True
  dataset_metrics: True
  exact_metrics: {'enabled': True, 'max_qubits': 20, 'phases': {'baseline': True, 'steps': False, 'final': True, 'per_model': True, 'fcfw': True}}
  keep_models_for_diagnosis: True
  stop_on_reject: False
  save_circuit_artifacts: False
  rng_seed: 42
  circuit_config: {'topology': 'aachen_heavy_hex', 'distance': 2, 'max_weight': 2, 'n_ancilla': 0}
  turbo: 10
  dynamic_is_within_shell: shell_uniform
  exact_sampling: True
  acceptance_metric: training_mmd
  skip_sampling: True
  report_fcfw: True
  dynamic_is: True
  dynamic_is_beta: 0.035755863137110176
  sigma: [1.0619800461661093, 0.7355082039253801, 0.44566790981933646]
  require_exact_sampling: True
================================================================================
Saving config to out/hpo/hopfield_20q_p1_b15_20260605_111726/trials/trial_0029/config.json...
Gate structure: Qubits: 20
Aachen heavy-hex topology: 39 parameters
one_qubit=20, two_qubit=19
Using Gaussian Kernel (n_ops=1024, n_qubits=20):
  - sigma=1.06198005
  - sigma=0.73550820
  - sigma=0.44566791
Expected sampled operator size:
  - p=3.581113, std=1.714612
  - p=6.031757, std=2.052475
  - p=9.193286, std=2.228780
  mean: 6.268719
  std: 3.052457
Baselines enabled: 

Training ensemble Model 0 (400 epochs)...
Training has not converged after 400 steps
Model 0 final loss: 0.047792
  [Step 0/9] train_MMD=0.0468 alpha_opt=1.0000 oracle_top1_TVD=0.8881

[Step 1] Training Model 1...
  lambda_dual: 0.5000
Training has not converged after 400 steps
  Weighting: frank_wolfe alpha = 0.5000
  [Step 1/9] train_MMD=0.0118 alpha_opt=0.5000 oracle_top2_TVD=0.7762
  [OK] MMD improved (delta=+0.035056)
  SNR (proxy): 4.79 (mean_norm=0.0435, std_norm=0.0091)

[Step 2] Training Model 2...
  lambda_dual: 0.6667
Training has not converged after 400 steps
  Weighting: frank_wolfe alpha = 0.3333
  [Step 2/9] train_MMD=0.0034 alpha_opt=0.3333 oracle_top3_TVD=0.7697
  [OK] MMD improved (delta=+0.008340)
  SNR (proxy): 6.20 (mean_norm=0.0361, std_norm=0.0058)

[Step 3] Training Model 3...
  lambda_dual: 0.7500
Training has not converged after 400 steps
  Weighting: frank_wolfe alpha = 0.2500
  [Step 3/9] train_MMD=0.0029 alpha_opt=0.2500 oracle_top4_TVD=0.7632
  [OK] MMD improved (delta=+0.000537)
  SNR (proxy): 3.67 (mean_norm=0.0158, std_norm=0.0043)

[Step 4] Training Model 4...
  lambda_dual: 0.8000
Training has not converged after 400 steps
  Weighting: frank_wolfe alpha = 0.2000
  [Step 4/9] train_MMD=0.0012 alpha_opt=0.2000 oracle_top5_TVD=0.7568
  [OK] MMD improved (delta=+0.001736)
  SNR (proxy): 10.13 (mean_norm=0.0299, std_norm=0.0029)

[Step 5] Training Model 5...
  lambda_dual: 0.8333
Training has not converged after 400 steps
  Weighting: frank_wolfe alpha = 0.1667
  [Step 5/9] train_MMD=0.0013 alpha_opt=0.1667 oracle_top6_TVD=0.7503
  [WARNING] MMD worsened but kept (diagnostic, delta=-0.000182)
  SNR (proxy): 5.61 (mean_norm=0.0148, std_norm=0.0026)

[Step 6] Training Model 6...
  lambda_dual: 0.8571
Training has not converged after 400 steps
  Weighting: frank_wolfe alpha = 0.1429
  [Step 6/9] train_MMD=0.0005 alpha_opt=0.1429 oracle_top7_TVD=0.7438
  [OK] MMD improved (delta=+0.000808)
  SNR (proxy): 10.15 (mean_norm=0.0256, std_norm=0.0025)

[Step 7] Training Model 7...
  lambda_dual: 0.8750
Training has not converged after 400 steps
  Weighting: frank_wolfe alpha = 0.1250
  [Step 7/9] train_MMD=0.0006 alpha_opt=0.1250 oracle_top8_TVD=0.7373
  [WARNING] MMD worsened but kept (diagnostic, delta=-0.000040)
  SNR (proxy): 10.31 (mean_norm=0.0127, std_norm=0.0012)

[Step 8] Training Model 8...
  lambda_dual: 0.8889
Training has not converged after 400 steps
  Weighting: frank_wolfe alpha = 0.1111
  [Step 8/9] train_MMD=0.0003 alpha_opt=0.1111 oracle_top9_TVD=0.7309
  [OK] MMD improved (delta=+0.000306)
  SNR (proxy): 11.31 (mean_norm=0.0171, std_norm=0.0015)

[Step 9] Training Model 9...
  lambda_dual: 0.9000
Training has not converged after 400 steps
  Weighting: frank_wolfe alpha = 0.1000
  [Step 9/9] train_MMD=0.0002 alpha_opt=0.1000 oracle_top10_TVD=0.7244
  [OK] MMD improved (delta=+0.000094)
  SNR (proxy): 8.44 (mean_norm=0.0124, std_norm=0.0015)

Final: 10 models, MMD=0.0001 (delta=+0.0467) F1=nan

[FCFW] Computing Fully Corrective Frank-Wolfe weights for final ensemble...
  Weighting: fully corrective QP weights = [0.0693, 0.0263, 0.0000, 0.1272, 0.0000, 0.3359, 0.2173, 0.0000, 0.2240, 0.0000]
  FCFW Sampled MMD^2: -0.000257
  FCFW Sampled TVD:   0.4933

FINAL MODEL COMPARISON (inc. FCFW)
Model      | MMD        | TVD        | TVD*       | Valid      | Cover      | F1        
----------------------------------------------------------------------------------------
Baseline   | 0.0468     | n/a        | n/a        | n/a        | n/a        | n/a       
Ensemble   | 0.0001     | 0.510      | 0.213      | n/a        | n/a        | n/a       
Model 0    | 0.0444     | 0.861      | 0.612      | n/a        | n/a        | n/a       
Model 1    | 0.1254     | 0.797      | 0.623      | n/a        | n/a        | n/a       
Model 2    | 0.0705     | 0.792      | 0.568      | n/a        | n/a        | n/a       
Model 3    | 0.0838     | 0.758      | 0.546      | n/a        | n/a        | n/a       
Model 4    | 0.0980     | 0.766      | 0.547      | n/a        | n/a        | n/a       
Model 5    | 0.0895     | 0.757      | 0.542      | n/a        | n/a        | n/a       
Model 6    | 0.0665     | 0.788      | 0.547      | n/a        | n/a        | n/a       
Model 7    | 0.0703     | 0.783      | 0.541      | n/a        | n/a        | n/a       
Model 8    | 0.1038     | 0.771      | 0.554      | n/a        | n/a        | n/a       
Model 9    | 0.0907     | 0.766      | 0.539      | n/a        | n/a        | n/a       
Ensemble (FCFW) | -0.0003    | 0.493      | 0.189      | n/a        | n/a        | n/a       
Saving results to out/hpo/hopfield_20q_p1_b15_20260605_111726/trials/trial_0029/results.csv...
Experiment: Boosting on Hopfield (20q, 1p)
Configuration:
  train_samples: 1000
  data_seed: 42
  n_samples: 400
  n_models: 10
  learning_rate: 0.0542426741285824
  epochs_per_step: 400
  caching_level: none
  ensemble_samples_coeff: 1.0
  init_baseline: covariance
  init_later: random
  lambda_dual: 1.0
  lambda_schedule: {'type': 'frank_wolfe', 'gamma': 0.75, 'tau': 1.0}
  n_ops: 2048
  weight_strategy: frank_wolfe
  alpha_n_grid: 11
  alpha_objective_weight: 0.5
  baseline: none
  shots: 1000
  final_eval_sampling: True
  dataset_metrics: True
  exact_metrics: {'enabled': True, 'max_qubits': 20, 'phases': {'baseline': True, 'steps': False, 'final': True, 'per_model': True, 'fcfw': True}}
  keep_models_for_diagnosis: True
  stop_on_reject: False
  save_circuit_artifacts: False
  rng_seed: 42
  circuit_config: {'topology': 'aachen_heavy_hex', 'distance': 2, 'max_weight': 2, 'n_ancilla': 0}
  turbo: 10
  dynamic_is_within_shell: shell_uniform
  exact_sampling: True
  acceptance_metric: training_mmd
  skip_sampling: True
  report_fcfw: True
  dynamic_is: True
  dynamic_is_beta: 0.05297264527850417
  sigma: [0.9538398709920476, 0.5734243210494101, 0.4207560481859539]
  require_exact_sampling: True
================================================================================
Saving config to out/hpo/hopfield_20q_p1_b15_20260605_111726/trials/trial_0030/config.json...
Gate structure: Qubits: 20
Aachen heavy-hex topology: 39 parameters
one_qubit=20, two_qubit=19
Using Gaussian Kernel (n_ops=2048, n_qubits=20):
  - sigma=0.95383987
  - sigma=0.57342432
  - sigma=0.42075605
Expected sampled operator size:
  - p=4.227992, std=1.825978
  - p=7.814214, std=2.181998
  - p=9.406492, std=2.232126
  mean: 7.149566
  std: 3.008254
Baselines enabled: 

Training ensemble Model 0 (400 epochs)...
Training has not converged after 400 steps
Model 0 final loss: 0.034430
  [Step 0/9] train_MMD=0.0348 alpha_opt=1.0000 oracle_top1_TVD=0.8881

[Step 1] Training Model 1...
  lambda_dual: 0.6250
Training has not converged after 400 steps
  Weighting: frank_wolfe alpha = 0.3750
  [Step 1/9] train_MMD=0.0072 alpha_opt=0.3750 oracle_top2_TVD=0.7762
  [OK] MMD improved (delta=+0.027672)
  SNR (proxy): 3.56 (mean_norm=0.0378, std_norm=0.0106)

[Step 2] Training Model 2...
  lambda_dual: 0.7500
Training has not converged after 400 steps
  Weighting: frank_wolfe alpha = 0.2500
  [Step 2/9] train_MMD=0.0103 alpha_opt=0.2500 oracle_top3_TVD=0.7697
  [WARNING] MMD worsened but kept (diagnostic, delta=-0.003112)
  SNR (proxy): 44.38 (mean_norm=0.0145, std_norm=0.0003)

[Step 3] Training Model 3...
  lambda_dual: 0.8125
Training has not converged after 400 steps
  Weighting: frank_wolfe alpha = 0.1875
  [Step 3/9] train_MMD=0.0129 alpha_opt=0.1875 oracle_top4_TVD=0.7632
  [WARNING] MMD worsened but kept (diagnostic, delta=-0.002653)
  SNR (proxy): 4.82 (mean_norm=0.0069, std_norm=0.0014)

[Step 4] Training Model 4...
  lambda_dual: 0.8500
Training has not converged after 400 steps
  Weighting: frank_wolfe alpha = 0.1500
  [Step 4/9] train_MMD=0.0004 alpha_opt=0.1500 oracle_top5_TVD=0.7568
  [OK] MMD improved (delta=+0.012493)
  SNR (proxy): 6.28 (mean_norm=0.0063, std_norm=0.0010)

[Step 5] Training Model 5...
  lambda_dual: 0.8750
Training has not converged after 400 steps
  Weighting: frank_wolfe alpha = 0.1250
  [Step 5/9] train_MMD=0.0005 alpha_opt=0.1250 oracle_top6_TVD=0.7503
  [WARNING] MMD worsened but kept (diagnostic, delta=-0.000077)
  SNR (proxy): 9.40 (mean_norm=0.0144, std_norm=0.0015)

[Step 6] Training Model 6...
  lambda_dual: 0.8929
Training has not converged after 400 steps
  Weighting: frank_wolfe alpha = 0.1071
  [Step 6/9] train_MMD=0.0002 alpha_opt=0.1071 oracle_top7_TVD=0.7438
  [OK] MMD improved (delta=+0.000266)
  SNR (proxy): 3.07 (mean_norm=0.0059, std_norm=0.0019)

[Step 7] Training Model 7...
  lambda_dual: 0.9062
Training has not converged after 400 steps
  Weighting: frank_wolfe alpha = 0.0937
  [Step 7/9] train_MMD=-0.0001 alpha_opt=0.0937 oracle_top8_TVD=0.7373
  [OK] MMD improved (delta=+0.000351)
  SNR (proxy): 8.14 (mean_norm=0.0105, std_norm=0.0013)

[Step 8] Training Model 8...
  lambda_dual: 0.9167
Training has not converged after 400 steps
  Weighting: frank_wolfe alpha = 0.0833
  [Step 8/9] train_MMD=0.0000 alpha_opt=0.0833 oracle_top9_TVD=0.7309
  [WARNING] MMD worsened but kept (diagnostic, delta=-0.000112)
  SNR (proxy): 11.21 (mean_norm=0.0097, std_norm=0.0009)

[Step 9] Training Model 9...
  lambda_dual: 0.9250
Training has not converged after 400 steps
  Weighting: frank_wolfe alpha = 0.0750
  [Step 9/9] train_MMD=-0.0001 alpha_opt=0.0750 oracle_top10_TVD=0.7244
  [OK] MMD improved (delta=+0.000091)
  SNR (proxy): 11.26 (mean_norm=0.0143, std_norm=0.0013)

Final: 10 models, MMD=0.0000 (delta=+0.0348) F1=nan

[FCFW] Computing Fully Corrective Frank-Wolfe weights for final ensemble...
  Weighting: fully corrective QP weights = [0.0612, 0.1880, 0.1393, 0.0664, 0.0819, 0.1203, 0.0707, 0.1442, 0.0504, 0.0776]
  FCFW Sampled MMD^2: -0.000383
  FCFW Sampled TVD:   0.4976

FINAL MODEL COMPARISON (inc. FCFW)
Model      | MMD        | TVD        | TVD*       | Valid      | Cover      | F1        
----------------------------------------------------------------------------------------
Baseline   | 0.0348     | n/a        | n/a        | n/a        | n/a        | n/a       
Ensemble   | 0.0000     | 0.526      | 0.167      | n/a        | n/a        | n/a       
Model 0    | 0.0347     | 0.825      | 0.619      | n/a        | n/a        | n/a       
Model 1    | 0.1638     | 0.760      | 0.599      | n/a        | n/a        | n/a       
Model 2    | 0.0481     | 0.968      | 0.732      | n/a        | n/a        | n/a       
Model 3    | 0.0752     | 0.768      | 0.557      | n/a        | n/a        | n/a       
Model 4    | 0.4718     | 0.827      | 0.763      | n/a        | n/a        | n/a       
Model 5    | 0.0534     | 0.805      | 0.550      | n/a        | n/a        | n/a       
Model 6    | 0.0941     | 0.815      | 0.613      | n/a        | n/a        | n/a       
Model 7    | 0.0593     | 0.780      | 0.553      | n/a        | n/a        | n/a       
Model 8    | 0.0490     | 0.774      | 0.560      | n/a        | n/a        | n/a       
Model 9    | 0.0563     | 0.807      | 0.543      | n/a        | n/a        | n/a       
Ensemble (FCFW) | -0.0004    | 0.498      | 0.137      | n/a        | n/a        | n/a       
Saving results to out/hpo/hopfield_20q_p1_b15_20260605_111726/trials/trial_0030/results.csv...
Experiment: Boosting on Hopfield (20q, 1p)
Configuration:
  train_samples: 1000
  data_seed: 42
  n_samples: 400
  n_models: 10
  learning_rate: 0.05755647798470622
  epochs_per_step: 400
  caching_level: none
  ensemble_samples_coeff: 1.0
  init_baseline: covariance
  init_later: random
  lambda_dual: 1.0
  lambda_schedule: {'type': 'frank_wolfe', 'gamma': 0.75, 'tau': 1.0}
  n_ops: 2048
  weight_strategy: frank_wolfe
  alpha_n_grid: 11
  alpha_objective_weight: 0.5
  baseline: none
  shots: 1000
  final_eval_sampling: True
  dataset_metrics: True
  exact_metrics: {'enabled': True, 'max_qubits': 20, 'phases': {'baseline': True, 'steps': False, 'final': True, 'per_model': True, 'fcfw': True}}
  keep_models_for_diagnosis: True
  stop_on_reject: False
  save_circuit_artifacts: False
  rng_seed: 42
  circuit_config: {'topology': 'aachen_heavy_hex', 'distance': 2, 'max_weight': 2, 'n_ancilla': 0}
  turbo: 10
  dynamic_is_within_shell: shell_uniform
  exact_sampling: True
  acceptance_metric: training_mmd
  skip_sampling: True
  report_fcfw: True
  dynamic_is: True
  dynamic_is_beta: 0.05257614906911309
  sigma: [0.9482515116248617, 0.5662367686028936, 0.3632466939814876]
  require_exact_sampling: True
================================================================================
Saving config to out/hpo/hopfield_20q_p1_b15_20260605_111726/trials/trial_0031/config.json...
Gate structure: Qubits: 20
Aachen heavy-hex topology: 39 parameters
one_qubit=20, two_qubit=19
Using Gaussian Kernel (n_ops=2048, n_qubits=20):
  - sigma=0.94825151
  - sigma=0.56623677
  - sigma=0.36324669
Expected sampled operator size:
  - p=4.265369, std=1.831857
  - p=7.897501, std=2.186087
  - p=9.773901, std=2.235496
  mean: 7.312257
  std: 3.099347
Baselines enabled: 

Training ensemble Model 0 (400 epochs)...
Training has not converged after 400 steps
Model 0 final loss: 0.035035
  [Step 0/9] train_MMD=0.0340 alpha_opt=1.0000 oracle_top1_TVD=0.8881

[Step 1] Training Model 1...
  lambda_dual: 0.6250
Training has not converged after 400 steps
  Weighting: frank_wolfe alpha = 0.3750
  [Step 1/9] train_MMD=0.0066 alpha_opt=0.3750 oracle_top2_TVD=0.7762
  [OK] MMD improved (delta=+0.027361)
  SNR (proxy): 8.19 (mean_norm=0.0544, std_norm=0.0066)

[Step 2] Training Model 2...
  lambda_dual: 0.7500
Training has not converged after 400 steps
  Weighting: frank_wolfe alpha = 0.2500
  [Step 2/9] train_MMD=0.0092 alpha_opt=0.2500 oracle_top3_TVD=0.7697
  [WARNING] MMD worsened but kept (diagnostic, delta=-0.002566)
  SNR (proxy): 15.40 (mean_norm=0.0082, std_norm=0.0005)

[Step 3] Training Model 3...
  lambda_dual: 0.8125
Training has not converged after 400 steps
  Weighting: frank_wolfe alpha = 0.1875
  [Step 3/9] train_MMD=0.0130 alpha_opt=0.1875 oracle_top4_TVD=0.7632
  [WARNING] MMD worsened but kept (diagnostic, delta=-0.003797)
  SNR (proxy): 8.05 (mean_norm=0.0068, std_norm=0.0008)

[Step 4] Training Model 4...
  lambda_dual: 0.8500
Training has not converged after 400 steps
  Weighting: frank_wolfe alpha = 0.1500
  [Step 4/9] train_MMD=0.0005 alpha_opt=0.1500 oracle_top5_TVD=0.7568
  [OK] MMD improved (delta=+0.012481)
  SNR (proxy): 4.30 (mean_norm=0.0104, std_norm=0.0024)

[Step 5] Training Model 5...
  lambda_dual: 0.8750
Training has not converged after 400 steps
  Weighting: frank_wolfe alpha = 0.1250
  [Step 5/9] train_MMD=0.0008 alpha_opt=0.1250 oracle_top6_TVD=0.7503
  [WARNING] MMD worsened but kept (diagnostic, delta=-0.000331)
  SNR (proxy): 7.72 (mean_norm=0.0125, std_norm=0.0016)

[Step 6] Training Model 6...
  lambda_dual: 0.8929
Training has not converged after 400 steps
  Weighting: frank_wolfe alpha = 0.1071
  [Step 6/9] train_MMD=0.0001 alpha_opt=0.1071 oracle_top7_TVD=0.7438
  [OK] MMD improved (delta=+0.000666)
  SNR (proxy): 6.78 (mean_norm=0.0083, std_norm=0.0012)

[Step 7] Training Model 7...
  lambda_dual: 0.9062
Training has not converged after 400 steps
  Weighting: frank_wolfe alpha = 0.0937
  [Step 7/9] train_MMD=0.0000 alpha_opt=0.0937 oracle_top8_TVD=0.7373
  [OK] MMD improved (delta=+0.000100)
  SNR (proxy): 6.85 (mean_norm=0.0087, std_norm=0.0013)

[Step 8] Training Model 8...
  lambda_dual: 0.9167
Training has not converged after 400 steps
  Weighting: frank_wolfe alpha = 0.0833
  [Step 8/9] train_MMD=-0.0000 alpha_opt=0.0833 oracle_top9_TVD=0.7309
  [OK] MMD improved (delta=+0.000075)
  SNR (proxy): 7.65 (mean_norm=0.0096, std_norm=0.0013)

[Step 9] Training Model 9...
  lambda_dual: 0.9250
Training has not converged after 400 steps
  Weighting: frank_wolfe alpha = 0.0750
  [Step 9/9] train_MMD=0.0003 alpha_opt=0.0750 oracle_top10_TVD=0.7244
  [WARNING] MMD worsened but kept (diagnostic, delta=-0.000378)
  SNR (proxy): 12.09 (mean_norm=0.0062, std_norm=0.0005)

Final: 10 models, MMD=-0.0003 (delta=+0.0342) F1=nan

[FCFW] Computing Fully Corrective Frank-Wolfe weights for final ensemble...
  Weighting: fully corrective QP weights = [0.0816, 0.0494, 0.1033, 0.1697, 0.0806, 0.1785, 0.1875, 0.1438, 0.0000, 0.0058]
  FCFW Sampled MMD^2: -0.000367
  FCFW Sampled TVD:   0.5002

FINAL MODEL COMPARISON (inc. FCFW)
Model      | MMD        | TVD        | TVD*       | Valid      | Cover      | F1        
----------------------------------------------------------------------------------------
Baseline   | 0.0340     | n/a        | n/a        | n/a        | n/a        | n/a       
Ensemble   | -0.0003    | 0.519      | 0.200      | n/a        | n/a        | n/a       
Model 0    | 0.0348     | 0.864      | 0.621      | n/a        | n/a        | n/a       
Model 1    | 0.1807     | 0.768      | 0.603      | n/a        | n/a        | n/a       
Model 2    | 0.0533     | 0.998      | 0.835      | n/a        | n/a        | n/a       
Model 3    | 0.0613     | 0.768      | 0.560      | n/a        | n/a        | n/a       
Model 4    | 0.3900     | 0.814      | 0.746      | n/a        | n/a        | n/a       
Model 5    | 0.0636     | 0.802      | 0.567      | n/a        | n/a        | n/a       
Model 6    | 0.0937     | 0.789      | 0.605      | n/a        | n/a        | n/a       
Model 7    | 0.0558     | 0.778      | 0.558      | n/a        | n/a        | n/a       
Model 8    | 0.0531     | 0.775      | 0.552      | n/a        | n/a        | n/a       
Model 9    | 0.0416     | 0.842      | 0.560      | n/a        | n/a        | n/a       
Ensemble (FCFW) | -0.0004    | 0.500      | 0.168      | n/a        | n/a        | n/a       
Saving results to out/hpo/hopfield_20q_p1_b15_20260605_111726/trials/trial_0031/results.csv...
Experiment: Boosting on Hopfield (20q, 1p)
Configuration:
  train_samples: 1000
  data_seed: 42
  n_samples: 400
  n_models: 10
  learning_rate: 0.0672175734836553
  epochs_per_step: 400
  caching_level: none
  ensemble_samples_coeff: 1.0
  init_baseline: covariance
  init_later: random
  lambda_dual: 1.0
  lambda_schedule: {'type': 'frank_wolfe', 'gamma': 0.75, 'tau': 1.0}
  n_ops: 2048
  weight_strategy: frank_wolfe
  alpha_n_grid: 11
  alpha_objective_weight: 0.5
  baseline: none
  shots: 1000
  final_eval_sampling: True
  dataset_metrics: True
  exact_metrics: {'enabled': True, 'max_qubits': 20, 'phases': {'baseline': True, 'steps': False, 'final': True, 'per_model': True, 'fcfw': True}}
  keep_models_for_diagnosis: True
  stop_on_reject: False
  save_circuit_artifacts: False
  rng_seed: 42
  circuit_config: {'topology': 'aachen_heavy_hex', 'distance': 2, 'max_weight': 2, 'n_ancilla': 0}
  turbo: 10
  dynamic_is_within_shell: shell_uniform
  exact_sampling: True
  acceptance_metric: training_mmd
  skip_sampling: True
  report_fcfw: True
  dynamic_is: True
  dynamic_is_beta: 0.08813169184889007
  sigma: [0.771966846933145, 0.5969529554834974, 0.45025978446497833]
  require_exact_sampling: True
================================================================================
Saving config to out/hpo/hopfield_20q_p1_b15_20260605_111726/trials/trial_0032/config.json...
Gate structure: Qubits: 20
Aachen heavy-hex topology: 39 parameters
one_qubit=20, two_qubit=19
Using Gaussian Kernel (n_ops=2048, n_qubits=20):
  - sigma=0.77196685
  - sigma=0.59695296
  - sigma=0.45025978
Expected sampled operator size:
  - p=5.678665, std=2.016508
  - p=7.541672, std=2.167448
  - p=9.151005, std=2.227995
  mean: 7.457114
  std: 2.566930
Baselines enabled: 

Training ensemble Model 0 (400 epochs)...
Training has not converged after 400 steps
Model 0 final loss: 0.027077
  [Step 0/9] train_MMD=0.0273 alpha_opt=1.0000 oracle_top1_TVD=0.8881

[Step 1] Training Model 1...
  lambda_dual: 0.6250
Training has not converged after 400 steps
  Weighting: frank_wolfe alpha = 0.3750
  [Step 1/9] train_MMD=0.0028 alpha_opt=0.3750 oracle_top2_TVD=0.7762
  [OK] MMD improved (delta=+0.024497)
  SNR (proxy): 2.17 (mean_norm=0.0138, std_norm=0.0064)

[Step 2] Training Model 2...
  lambda_dual: 0.7500
Training has not converged after 400 steps
  Weighting: frank_wolfe alpha = 0.2500
  [Step 2/9] train_MMD=0.0056 alpha_opt=0.2500 oracle_top3_TVD=0.7697
  [WARNING] MMD worsened but kept (diagnostic, delta=-0.002841)
  SNR (proxy): 9.11 (mean_norm=0.0185, std_norm=0.0020)

[Step 3] Training Model 3...
  lambda_dual: 0.8125
Training has not converged after 400 steps
  Weighting: frank_wolfe alpha = 0.1875
  [Step 3/9] train_MMD=0.0003 alpha_opt=0.1875 oracle_top4_TVD=0.7632
  [OK] MMD improved (delta=+0.005292)
  SNR (proxy): 9.20 (mean_norm=0.0279, std_norm=0.0030)

[Step 4] Training Model 4...
  lambda_dual: 0.8500
Training has not converged after 400 steps
  Weighting: frank_wolfe alpha = 0.1500
  [Step 4/9] train_MMD=0.0009 alpha_opt=0.1500 oracle_top5_TVD=0.7568
  [WARNING] MMD worsened but kept (diagnostic, delta=-0.000569)
  SNR (proxy): 6.80 (mean_norm=0.0154, std_norm=0.0023)

[Step 5] Training Model 5...
  lambda_dual: 0.8750
Training has not converged after 400 steps
  Weighting: frank_wolfe alpha = 0.1250
  [Step 5/9] train_MMD=0.0002 alpha_opt=0.1250 oracle_top6_TVD=0.7503
  [OK] MMD improved (delta=+0.000727)
  SNR (proxy): 14.56 (mean_norm=0.0246, std_norm=0.0017)

[Step 6] Training Model 6...
  lambda_dual: 0.8929
Training has not converged after 400 steps
  Weighting: frank_wolfe alpha = 0.1071
  [Step 6/9] train_MMD=0.0004 alpha_opt=0.1071 oracle_top7_TVD=0.7438
  [WARNING] MMD worsened but kept (diagnostic, delta=-0.000226)
  SNR (proxy): 5.06 (mean_norm=0.0110, std_norm=0.0022)

[Step 7] Training Model 7...
  lambda_dual: 0.9062
Training has not converged after 400 steps
  Weighting: frank_wolfe alpha = 0.0937
  [Step 7/9] train_MMD=-0.0001 alpha_opt=0.0937 oracle_top8_TVD=0.7373
  [OK] MMD improved (delta=+0.000500)
  SNR (proxy): 4.77 (mean_norm=0.0101, std_norm=0.0021)

[Step 8] Training Model 8...
  lambda_dual: 0.9167
Training has not converged after 400 steps
  Weighting: frank_wolfe alpha = 0.0833
  [Step 8/9] train_MMD=-0.0001 alpha_opt=0.0833 oracle_top9_TVD=0.7309
  [WARNING] MMD worsened but kept (diagnostic, delta=-0.000049)
  SNR (proxy): 13.97 (mean_norm=0.0126, std_norm=0.0009)

[Step 9] Training Model 9...
  lambda_dual: 0.9250
Training has not converged after 400 steps
  Weighting: frank_wolfe alpha = 0.0750
  [Step 9/9] train_MMD=-0.0000 alpha_opt=0.0750 oracle_top10_TVD=0.7244
  [WARNING] MMD worsened but kept (diagnostic, delta=-0.000059)
  SNR (proxy): 17.94 (mean_norm=0.0140, std_norm=0.0008)

Final: 10 models, MMD=-0.0002 (delta=+0.0274) F1=nan

[FCFW] Computing Fully Corrective Frank-Wolfe weights for final ensemble...
  Weighting: fully corrective QP weights = [0.2065, 0.1774, 0.1136, 0.1728, 0.0916, 0.0707, 0.0642, 0.0569, 0.0464, 0.0000]
  FCFW Sampled MMD^2: 0.000021
  FCFW Sampled TVD:   0.5123

FINAL MODEL COMPARISON (inc. FCFW)
Model      | MMD        | TVD        | TVD*       | Valid      | Cover      | F1        
----------------------------------------------------------------------------------------
Baseline   | 0.0273     | n/a        | n/a        | n/a        | n/a        | n/a       
Ensemble   | -0.0002    | 0.501      | 0.196      | n/a        | n/a        | n/a       
Model 0    | 0.0275     | 0.781      | 0.550      | n/a        | n/a        | n/a       
Model 1    | 0.0992     | 0.772      | 0.574      | n/a        | n/a        | n/a       
Model 2    | 0.0317     | 0.819      | 0.543      | n/a        | n/a        | n/a       
Model 3    | 0.1179     | 0.782      | 0.601      | n/a        | n/a        | n/a       
Model 4    | 0.0616     | 0.783      | 0.595      | n/a        | n/a        | n/a       
Model 5    | 0.0492     | 0.785      | 0.546      | n/a        | n/a        | n/a       
Model 6    | 0.0535     | 0.800      | 0.584      | n/a        | n/a        | n/a       
Model 7    | 0.0957     | 0.769      | 0.603      | n/a        | n/a        | n/a       
Model 8    | 0.0285     | 0.823      | 0.539      | n/a        | n/a        | n/a       
Model 9    | 0.0535     | 0.821      | 0.558      | n/a        | n/a        | n/a       
Ensemble (FCFW) | 0.0000     | 0.512      | 0.189      | n/a        | n/a        | n/a       
Saving results to out/hpo/hopfield_20q_p1_b15_20260605_111726/trials/trial_0032/results.csv...
Experiment: Boosting on Hopfield (20q, 1p)
Configuration:
  train_samples: 1000
  data_seed: 42
  n_samples: 400
  n_models: 10
  learning_rate: 0.03885700897427543
  epochs_per_step: 400
  caching_level: none
  ensemble_samples_coeff: 1.0
  init_baseline: covariance
  init_later: random
  lambda_dual: 1.0
  lambda_schedule: {'type': 'frank_wolfe', 'gamma': 0.75, 'tau': 1.0}
  n_ops: 2048
  weight_strategy: frank_wolfe
  alpha_n_grid: 11
  alpha_objective_weight: 0.5
  baseline: none
  shots: 1000
  final_eval_sampling: True
  dataset_metrics: True
  exact_metrics: {'enabled': True, 'max_qubits': 20, 'phases': {'baseline': True, 'steps': False, 'final': True, 'per_model': True, 'fcfw': True}}
  keep_models_for_diagnosis: True
  stop_on_reject: False
  save_circuit_artifacts: False
  rng_seed: 42
  circuit_config: {'topology': 'aachen_heavy_hex', 'distance': 2, 'max_weight': 2, 'n_ancilla': 0}
  turbo: 10
  dynamic_is_within_shell: shell_uniform
  exact_sampling: True
  acceptance_metric: training_mmd
  skip_sampling: True
  report_fcfw: True
  dynamic_is: True
  dynamic_is_beta: 0.02590208373657636
  sigma: [2.064149595599822, 0.6469271677891244, 0.4545103592632998]
  require_exact_sampling: True
================================================================================
Saving config to out/hpo/hopfield_20q_p1_b15_20260605_111726/trials/trial_0033/config.json...
Gate structure: Qubits: 20
Aachen heavy-hex topology: 39 parameters
one_qubit=20, two_qubit=19
Using Gaussian Kernel (n_ops=2048, n_qubits=20):
  - sigma=2.06414960
  - sigma=0.64692717
  - sigma=0.45451036
Expected sampled operator size:
  - p=1.107272, std=1.022726
  - p=6.972055, std=2.131098
  - p=9.111116, std=2.227217
  mean: 5.730148
  std: 3.868346
Baselines enabled: 

Training ensemble Model 0 (400 epochs)...
Training has not converged after 400 steps
Model 0 final loss: 0.057173
  [Step 0/9] train_MMD=0.0534 alpha_opt=1.0000 oracle_top1_TVD=0.8881

[Step 1] Training Model 1...
  lambda_dual: 0.6250
Training has not converged after 400 steps
  Weighting: frank_wolfe alpha = 0.3750
  [Step 1/9] train_MMD=0.0618 alpha_opt=0.3750 oracle_top2_TVD=0.7762
  [WARNING] MMD worsened but kept (diagnostic, delta=-0.008376)
  SNR (proxy): 23.39 (mean_norm=0.1642, std_norm=0.0070)

[Step 2] Training Model 2...
  lambda_dual: 0.7500
Training has not converged after 400 steps
  Weighting: frank_wolfe alpha = 0.2500
  [Step 2/9] train_MMD=0.0141 alpha_opt=0.2500 oracle_top3_TVD=0.7697
  [OK] MMD improved (delta=+0.047683)
  SNR (proxy): 30.25 (mean_norm=0.0640, std_norm=0.0021)

[Step 3] Training Model 3...
  lambda_dual: 0.8125
Training has not converged after 400 steps
  Weighting: frank_wolfe alpha = 0.1875
  [Step 3/9] train_MMD=0.0089 alpha_opt=0.1875 oracle_top4_TVD=0.7632
  [OK] MMD improved (delta=+0.005196)
  SNR (proxy): 14.52 (mean_norm=0.0196, std_norm=0.0013)

[Step 4] Training Model 4...
  lambda_dual: 0.8500
Training has not converged after 400 steps
  Weighting: frank_wolfe alpha = 0.1500
  [Step 4/9] train_MMD=0.0043 alpha_opt=0.1500 oracle_top5_TVD=0.7568
  [OK] MMD improved (delta=+0.004554)
  SNR (proxy): 15.68 (mean_norm=0.0160, std_norm=0.0010)

[Step 5] Training Model 5...
  lambda_dual: 0.8750
Training has not converged after 400 steps
  Weighting: frank_wolfe alpha = 0.1250
  [Step 5/9] train_MMD=0.0046 alpha_opt=0.1250 oracle_top6_TVD=0.7503
  [WARNING] MMD worsened but kept (diagnostic, delta=-0.000288)
  SNR (proxy): 6.88 (mean_norm=0.0116, std_norm=0.0017)

[Step 6] Training Model 6...
  lambda_dual: 0.8929
Training has not converged after 400 steps
  Weighting: frank_wolfe alpha = 0.1071
  [Step 6/9] train_MMD=0.0019 alpha_opt=0.1071 oracle_top7_TVD=0.7438
  [OK] MMD improved (delta=+0.002725)
  SNR (proxy): 16.28 (mean_norm=0.0161, std_norm=0.0010)

[Step 7] Training Model 7...
  lambda_dual: 0.9062
Training has not converged after 400 steps
  Weighting: frank_wolfe alpha = 0.0937
  [Step 7/9] train_MMD=0.0026 alpha_opt=0.0937 oracle_top8_TVD=0.7373
  [WARNING] MMD worsened but kept (diagnostic, delta=-0.000703)
  SNR (proxy): 12.88 (mean_norm=0.0086, std_norm=0.0007)

[Step 8] Training Model 8...
  lambda_dual: 0.9167
Training has not converged after 400 steps
  Weighting: frank_wolfe alpha = 0.0833
  [Step 8/9] train_MMD=0.0010 alpha_opt=0.0833 oracle_top9_TVD=0.7309
  [OK] MMD improved (delta=+0.001609)
  SNR (proxy): 7.34 (mean_norm=0.0098, std_norm=0.0013)

[Step 9] Training Model 9...
  lambda_dual: 0.9250
Training has not converged after 400 steps
  Weighting: frank_wolfe alpha = 0.0750
  [Step 9/9] train_MMD=0.0013 alpha_opt=0.0750 oracle_top10_TVD=0.7244
  [WARNING] MMD worsened but kept (diagnostic, delta=-0.000257)
  SNR (proxy): 18.75 (mean_norm=0.0075, std_norm=0.0004)

Final: 10 models, MMD=0.0018 (delta=+0.0516) F1=nan

[FCFW] Computing Fully Corrective Frank-Wolfe weights for final ensemble...
  Weighting: fully corrective QP weights = [0.0381, 0.0936, 0.0675, 0.0742, 0.1768, 0.1067, 0.1245, 0.1186, 0.1366, 0.0634]
  FCFW Sampled MMD^2: -0.000145
  FCFW Sampled TVD:   0.5182

FINAL MODEL COMPARISON (inc. FCFW)
Model      | MMD        | TVD        | TVD*       | Valid      | Cover      | F1        
----------------------------------------------------------------------------------------
Baseline   | 0.0534     | n/a        | n/a        | n/a        | n/a        | n/a       
Ensemble   | 0.0018     | 0.554      | 0.270      | n/a        | n/a        | n/a       
Model 0    | 0.0548     | 0.999      | 0.874      | n/a        | n/a        | n/a       
Model 1    | 0.5250     | 0.848      | 0.805      | n/a        | n/a        | n/a       
Model 2    | 0.5648     | 0.849      | 0.823      | n/a        | n/a        | n/a       
Model 3    | 0.1191     | 0.969      | 0.913      | n/a        | n/a        | n/a       
Model 4    | 0.0851     | 0.923      | 0.687      | n/a        | n/a        | n/a       
Model 5    | 0.1112     | 0.832      | 0.674      | n/a        | n/a        | n/a       
Model 6    | 0.1161     | 0.855      | 0.683      | n/a        | n/a        | n/a       
Model 7    | 0.1112     | 0.815      | 0.721      | n/a        | n/a        | n/a       
Model 8    | 0.1477     | 0.807      | 0.709      | n/a        | n/a        | n/a       
Model 9    | 0.1453     | 0.822      | 0.694      | n/a        | n/a        | n/a       
Ensemble (FCFW) | -0.0001    | 0.518      | 0.228      | n/a        | n/a        | n/a       
Saving results to out/hpo/hopfield_20q_p1_b15_20260605_111726/trials/trial_0033/results.csv...
Experiment: Boosting on Hopfield (20q, 1p)
Configuration:
  train_samples: 1000
  data_seed: 42
  n_samples: 400
  n_models: 10
  learning_rate: 0.017540406468473112
  epochs_per_step: 400
  caching_level: none
  ensemble_samples_coeff: 1.0
  init_baseline: covariance
  init_later: random
  lambda_dual: 1.0
  lambda_schedule: {'type': 'frank_wolfe', 'gamma': 0.5, 'tau': 1.0}
  n_ops: 2048
  weight_strategy: frank_wolfe
  alpha_n_grid: 11
  alpha_objective_weight: 0.5
  baseline: none
  shots: 1000
  final_eval_sampling: True
  dataset_metrics: True
  exact_metrics: {'enabled': True, 'max_qubits': 20, 'phases': {'baseline': True, 'steps': False, 'final': True, 'per_model': True, 'fcfw': True}}
  keep_models_for_diagnosis: True
  stop_on_reject: False
  save_circuit_artifacts: False
  rng_seed: 42
  circuit_config: {'topology': 'aachen_heavy_hex', 'distance': 2, 'max_weight': 2, 'n_ancilla': 0}
  turbo: 10
  dynamic_is_within_shell: shell_uniform
  exact_sampling: True
  acceptance_metric: training_mmd
  skip_sampling: True
  report_fcfw: True
  dynamic_is: True
  dynamic_is_beta: 0.03969768884308279
  sigma: [0.8386150466869247, 0.5664461668159047, 0.33338765461385317]
  require_exact_sampling: True
================================================================================
Saving config to out/hpo/hopfield_20q_p1_b15_20260605_111726/trials/trial_0034/config.json...
Gate structure: Qubits: 20
Aachen heavy-hex topology: 39 parameters
one_qubit=20, two_qubit=19
Using Gaussian Kernel (n_ops=2048, n_qubits=20):
  - sigma=0.83861505
  - sigma=0.56644617
  - sigma=0.33338765
Expected sampled operator size:
  - p=5.088272, std=1.947754
  - p=7.895076, std=2.185970
  - p=9.888747, std=2.235930
  mean: 7.624032
  std: 2.898509
Baselines enabled: 

Training ensemble Model 0 (400 epochs)...
Training has not converged after 400 steps
Model 0 final loss: 0.029856
  [Step 0/9] train_MMD=0.0288 alpha_opt=1.0000 oracle_top1_TVD=0.8881

[Step 1] Training Model 1...
  lambda_dual: 0.7500
Training has not converged after 400 steps
  Weighting: frank_wolfe alpha = 0.2500
  [Step 1/9] train_MMD=0.0042 alpha_opt=0.2500 oracle_top2_TVD=0.7762
  [OK] MMD improved (delta=+0.024589)
  SNR (proxy): 11.64 (mean_norm=0.0410, std_norm=0.0035)

[Step 2] Training Model 2...
  lambda_dual: 0.8333
Training has not converged after 400 steps
  Weighting: frank_wolfe alpha = 0.1667
  [Step 2/9] train_MMD=0.0038 alpha_opt=0.1667 oracle_top3_TVD=0.7697
  [OK] MMD improved (delta=+0.000327)
  SNR (proxy): 38.83 (mean_norm=0.0150, std_norm=0.0004)

[Step 3] Training Model 3...
  lambda_dual: 0.8750
Training has not converged after 400 steps
  Weighting: frank_wolfe alpha = 0.1250
  [Step 3/9] train_MMD=0.0059 alpha_opt=0.1250 oracle_top4_TVD=0.7632
  [WARNING] MMD worsened but kept (diagnostic, delta=-0.002061)
  SNR (proxy): 12.90 (mean_norm=0.0134, std_norm=0.0010)

[Step 4] Training Model 4...
  lambda_dual: 0.9000
Training has not converged after 400 steps
  Weighting: frank_wolfe alpha = 0.1000
  [Step 4/9] train_MMD=0.0005 alpha_opt=0.1000 oracle_top5_TVD=0.7568
  [OK] MMD improved (delta=+0.005421)
  SNR (proxy): 11.14 (mean_norm=0.0059, std_norm=0.0005)

[Step 5] Training Model 5...
  lambda_dual: 0.9167
Training has not converged after 400 steps
  Weighting: frank_wolfe alpha = 0.0833
  [Step 5/9] train_MMD=0.0002 alpha_opt=0.0833 oracle_top6_TVD=0.7503
  [OK] MMD improved (delta=+0.000312)
  SNR (proxy): 4.41 (mean_norm=0.0069, std_norm=0.0016)

[Step 6] Training Model 6...
  lambda_dual: 0.9286
Training has not converged after 400 steps
  Weighting: frank_wolfe alpha = 0.0714
  [Step 6/9] train_MMD=0.0007 alpha_opt=0.0714 oracle_top7_TVD=0.7438
  [WARNING] MMD worsened but kept (diagnostic, delta=-0.000521)
  SNR (proxy): 10.05 (mean_norm=0.0054, std_norm=0.0005)

[Step 7] Training Model 7...
  lambda_dual: 0.9375
Training has not converged after 400 steps
  Weighting: frank_wolfe alpha = 0.0625
  [Step 7/9] train_MMD=0.0014 alpha_opt=0.0625 oracle_top8_TVD=0.7373
  [WARNING] MMD worsened but kept (diagnostic, delta=-0.000717)
  SNR (proxy): 20.63 (mean_norm=0.0050, std_norm=0.0002)

[Step 8] Training Model 8...
  lambda_dual: 0.9444
Training has not converged after 400 steps
  Weighting: frank_wolfe alpha = 0.0556
  [Step 8/9] train_MMD=0.0001 alpha_opt=0.0556 oracle_top9_TVD=0.7309
  [OK] MMD improved (delta=+0.001278)
  SNR (proxy): 5.71 (mean_norm=0.0057, std_norm=0.0010)

[Step 9] Training Model 9...
  lambda_dual: 0.9500
Training has not converged after 400 steps
  Weighting: frank_wolfe alpha = 0.0500
  [Step 9/9] train_MMD=0.0003 alpha_opt=0.0500 oracle_top10_TVD=0.7244
  [WARNING] MMD worsened but kept (diagnostic, delta=-0.000189)
  SNR (proxy): 6.62 (mean_norm=0.0046, std_norm=0.0007)

Final: 10 models, MMD=-0.0001 (delta=+0.0289) F1=nan

[FCFW] Computing Fully Corrective Frank-Wolfe weights for final ensemble...
  Weighting: fully corrective QP weights = [0.2446, 0.1111, 0.0749, 0.1043, 0.0000, 0.1230, 0.0819, 0.0000, 0.1071, 0.1533]
  FCFW Sampled MMD^2: -0.000445
  FCFW Sampled TVD:   0.5159

FINAL MODEL COMPARISON (inc. FCFW)
Model      | MMD        | TVD        | TVD*       | Valid      | Cover      | F1        
----------------------------------------------------------------------------------------
Baseline   | 0.0288     | n/a        | n/a        | n/a        | n/a        | n/a       
Ensemble   | -0.0001    | 0.539      | 0.210      | n/a        | n/a        | n/a       
Model 0    | 0.0298     | 0.811      | 0.578      | n/a        | n/a        | n/a       
Model 1    | 0.3721     | 0.793      | 0.712      | n/a        | n/a        | n/a       
Model 2    | 0.0355     | 0.927      | 0.611      | n/a        | n/a        | n/a       
Model 3    | 0.0318     | 0.808      | 0.613      | n/a        | n/a        | n/a       
Model 4    | 0.6045     | 0.855      | 0.799      | n/a        | n/a        | n/a       
Model 5    | 0.0909     | 0.803      | 0.598      | n/a        | n/a        | n/a       
Model 6    | 0.0368     | 0.894      | 0.598      | n/a        | n/a        | n/a       
Model 7    | 0.0311     | 0.924      | 0.641      | n/a        | n/a        | n/a       
Model 8    | 0.3070     | 0.827      | 0.737      | n/a        | n/a        | n/a       
Model 9    | 0.0691     | 0.830      | 0.589      | n/a        | n/a        | n/a       
Ensemble (FCFW) | -0.0004    | 0.516      | 0.166      | n/a        | n/a        | n/a       
Saving results to out/hpo/hopfield_20q_p1_b15_20260605_111726/trials/trial_0034/results.csv...
Experiment: Boosting on Hopfield (20q, 1p)
Configuration:
  train_samples: 1000
  data_seed: 42
  n_samples: 400
  n_models: 10
  learning_rate: 0.02805192967325762
  epochs_per_step: 400
  caching_level: none
  ensemble_samples_coeff: 1.0
  init_baseline: covariance
  init_later: random
  lambda_dual: 1.0
  lambda_schedule: {'type': 'frank_wolfe', 'gamma': 0.75, 'tau': 1.0}
  n_ops: 1024
  weight_strategy: frank_wolfe
  alpha_n_grid: 11
  alpha_objective_weight: 0.5
  baseline: none
  shots: 1000
  final_eval_sampling: True
  dataset_metrics: True
  exact_metrics: {'enabled': True, 'max_qubits': 20, 'phases': {'baseline': True, 'steps': False, 'final': True, 'per_model': True, 'fcfw': True}}
  keep_models_for_diagnosis: True
  stop_on_reject: False
  save_circuit_artifacts: False
  rng_seed: 42
  circuit_config: {'topology': 'aachen_heavy_hex', 'distance': 2, 'max_weight': 2, 'n_ancilla': 0}
  turbo: 10
  dynamic_is_within_shell: shell_uniform
  exact_sampling: True
  acceptance_metric: training_mmd
  skip_sampling: True
  report_fcfw: True
  dynamic_is: True
  dynamic_is_beta: 0.03685158578858843
  sigma: [0.936235643923631, 0.7392712061083142, 0.43345071710361355]
  require_exact_sampling: True
================================================================================
Saving config to out/hpo/hopfield_20q_p1_b15_20260605_111726/trials/trial_0035/config.json...
Gate structure: Qubits: 20
Aachen heavy-hex topology: 39 parameters
one_qubit=20, two_qubit=19
Using Gaussian Kernel (n_ops=1024, n_qubits=20):
  - sigma=0.93623564
  - sigma=0.73927121
  - sigma=0.43345072
Expected sampled operator size:
  - p=4.347157, std=1.844524
  - p=5.994339, std=2.048837
  - p=9.301412, std=2.230605
  mean: 6.547636
  std: 2.904430
Baselines enabled: 

Training ensemble Model 0 (400 epochs)...
Training has not converged after 400 steps
Model 0 final loss: 0.040862
  [Step 0/9] train_MMD=0.0379 alpha_opt=1.0000 oracle_top1_TVD=0.8881

[Step 1] Training Model 1...
  lambda_dual: 0.6250
Training has not converged after 400 steps
  Weighting: frank_wolfe alpha = 0.3750
  [Step 1/9] train_MMD=0.0068 alpha_opt=0.3750 oracle_top2_TVD=0.7762
  [OK] MMD improved (delta=+0.031053)
  SNR (proxy): 5.87 (mean_norm=0.0367, std_norm=0.0063)

[Step 2] Training Model 2...
  lambda_dual: 0.7500
Training has not converged after 400 steps
  Weighting: frank_wolfe alpha = 0.2500
  [Step 2/9] train_MMD=0.0107 alpha_opt=0.2500 oracle_top3_TVD=0.7697
  [WARNING] MMD worsened but kept (diagnostic, delta=-0.003917)
  SNR (proxy): 15.36 (mean_norm=0.0147, std_norm=0.0010)

[Step 3] Training Model 3...
  lambda_dual: 0.8125
Training has not converged after 400 steps
  Weighting: frank_wolfe alpha = 0.1875
  [Step 3/9] train_MMD=0.0143 alpha_opt=0.1875 oracle_top4_TVD=0.7632
  [WARNING] MMD worsened but kept (diagnostic, delta=-0.003527)
  SNR (proxy): 7.29 (mean_norm=0.0181, std_norm=0.0025)

[Step 4] Training Model 4...
  lambda_dual: 0.8500
Training has not converged after 400 steps
  Weighting: frank_wolfe alpha = 0.1500
  [Step 4/9] train_MMD=0.0004 alpha_opt=0.1500 oracle_top5_TVD=0.7568
  [OK] MMD improved (delta=+0.013841)
  SNR (proxy): 10.40 (mean_norm=0.0079, std_norm=0.0008)

[Step 5] Training Model 5...
  lambda_dual: 0.8750
Training has not converged after 400 steps
  Weighting: frank_wolfe alpha = 0.1250
  [Step 5/9] train_MMD=0.0004 alpha_opt=0.1250 oracle_top6_TVD=0.7503
  [OK] MMD improved (delta=+0.000035)
  SNR (proxy): 11.76 (mean_norm=0.0159, std_norm=0.0014)

[Step 6] Training Model 6...
  lambda_dual: 0.8929
Training has not converged after 400 steps
  Weighting: frank_wolfe alpha = 0.1071
  [Step 6/9] train_MMD=0.0003 alpha_opt=0.1071 oracle_top7_TVD=0.7438
  [OK] MMD improved (delta=+0.000113)
  SNR (proxy): 12.54 (mean_norm=0.0149, std_norm=0.0012)

[Step 7] Training Model 7...
  lambda_dual: 0.9062
Training has not converged after 400 steps
  Weighting: frank_wolfe alpha = 0.0937
  [Step 7/9] train_MMD=0.0000 alpha_opt=0.0937 oracle_top8_TVD=0.7373
  [OK] MMD improved (delta=+0.000220)
  SNR (proxy): 9.60 (mean_norm=0.0155, std_norm=0.0016)

[Step 8] Training Model 8...
  lambda_dual: 0.9167
Training has not converged after 400 steps
  Weighting: frank_wolfe alpha = 0.0833
  [Step 8/9] train_MMD=0.0000 alpha_opt=0.0833 oracle_top9_TVD=0.7309
  [OK] MMD improved (delta=+0.000036)
  SNR (proxy): 8.91 (mean_norm=0.0111, std_norm=0.0013)

[Step 9] Training Model 9...
  lambda_dual: 0.9250
Training has not converged after 400 steps
  Weighting: frank_wolfe alpha = 0.0750
  [Step 9/9] train_MMD=-0.0001 alpha_opt=0.0750 oracle_top10_TVD=0.7244
  [OK] MMD improved (delta=+0.000148)
  SNR (proxy): 10.22 (mean_norm=0.0152, std_norm=0.0015)

Final: 10 models, MMD=-0.0002 (delta=+0.0381) F1=nan

[FCFW] Computing Fully Corrective Frank-Wolfe weights for final ensemble...
  Weighting: fully corrective QP weights = [0.0918, 0.1089, 0.1078, 0.1072, 0.0957, 0.1210, 0.1000, 0.1197, 0.0876, 0.0603]
  FCFW Sampled MMD^2: -0.000451
  FCFW Sampled TVD:   0.5024

FINAL MODEL COMPARISON (inc. FCFW)
Model      | MMD        | TVD        | TVD*       | Valid      | Cover      | F1        
----------------------------------------------------------------------------------------
Baseline   | 0.0379     | n/a        | n/a        | n/a        | n/a        | n/a       
Ensemble   | -0.0002    | 0.519      | 0.163      | n/a        | n/a        | n/a       
Model 0    | 0.0389     | 0.839      | 0.598      | n/a        | n/a        | n/a       
Model 1    | 0.1764     | 0.787      | 0.610      | n/a        | n/a        | n/a       
Model 2    | 0.0570     | 0.982      | 0.766      | n/a        | n/a        | n/a       
Model 3    | 0.0990     | 0.761      | 0.571      | n/a        | n/a        | n/a       
Model 4    | 0.4846     | 0.835      | 0.750      | n/a        | n/a        | n/a       
Model 5    | 0.0511     | 0.849      | 0.553      | n/a        | n/a        | n/a       
Model 6    | 0.0850     | 0.807      | 0.557      | n/a        | n/a        | n/a       
Model 7    | 0.0648     | 0.785      | 0.543      | n/a        | n/a        | n/a       
Model 8    | 0.0753     | 0.783      | 0.554      | n/a        | n/a        | n/a       
Model 9    | 0.0876     | 0.809      | 0.550      | n/a        | n/a        | n/a       
Ensemble (FCFW) | -0.0005    | 0.502      | 0.140      | n/a        | n/a        | n/a       
Saving results to out/hpo/hopfield_20q_p1_b15_20260605_111726/trials/trial_0035/results.csv...
Experiment: Boosting on Hopfield (20q, 1p)
Configuration:
  train_samples: 1000
  data_seed: 42
  n_samples: 400
  n_models: 10
  learning_rate: 0.01077031521235495
  epochs_per_step: 400
  caching_level: none
  ensemble_samples_coeff: 1.0
  init_baseline: covariance
  init_later: random
  lambda_dual: 1.0
  lambda_schedule: {'type': 'frank_wolfe', 'gamma': 0.75, 'tau': 1.0}
  n_ops: 1024
  weight_strategy: frank_wolfe
  alpha_n_grid: 11
  alpha_objective_weight: 0.5
  baseline: none
  shots: 1000
  final_eval_sampling: True
  dataset_metrics: True
  exact_metrics: {'enabled': True, 'max_qubits': 20, 'phases': {'baseline': True, 'steps': False, 'final': True, 'per_model': True, 'fcfw': True}}
  keep_models_for_diagnosis: True
  stop_on_reject: False
  save_circuit_artifacts: False
  rng_seed: 42
  circuit_config: {'topology': 'aachen_heavy_hex', 'distance': 2, 'max_weight': 2, 'n_ancilla': 0}
  turbo: 10
  dynamic_is_within_shell: shell_uniform
  exact_sampling: True
  acceptance_metric: training_mmd
  skip_sampling: True
  report_fcfw: True
  dynamic_is: True
  dynamic_is_beta: 0.034699705890421005
  sigma: [0.9210364596770635, 0.7311040928534892, 0.5383318808062226]
  require_exact_sampling: True
================================================================================
Saving config to out/hpo/hopfield_20q_p1_b15_20260605_111726/trials/trial_0036/config.json...
Gate structure: Qubits: 20
Aachen heavy-hex topology: 39 parameters
one_qubit=20, two_qubit=19
Using Gaussian Kernel (n_ops=1024, n_qubits=20):
  - sigma=0.92103646
  - sigma=0.73110409
  - sigma=0.53833188
Expected sampled operator size:
  - p=4.453447, std=1.860588
  - p=6.075831, std=2.056707
  - p=8.218841, std=2.200312
  mean: 6.249373
  std: 2.560435
Baselines enabled: 

Training ensemble Model 0 (400 epochs)...
Training has not converged after 400 steps
Model 0 final loss: 0.041327
  [Step 0/9] train_MMD=0.0391 alpha_opt=1.0000 oracle_top1_TVD=0.8881

[Step 1] Training Model 1...
  lambda_dual: 0.6250
Training has not converged after 400 steps
  Weighting: frank_wolfe alpha = 0.3750
  [Step 1/9] train_MMD=0.0062 alpha_opt=0.3750 oracle_top2_TVD=0.7762
  [OK] MMD improved (delta=+0.032982)
  SNR (proxy): 3.52 (mean_norm=0.0250, std_norm=0.0071)

[Step 2] Training Model 2...
  lambda_dual: 0.7500
Training has not converged after 400 steps
  Weighting: frank_wolfe alpha = 0.2500
  [Step 2/9] train_MMD=0.0105 alpha_opt=0.2500 oracle_top3_TVD=0.7697
  [WARNING] MMD worsened but kept (diagnostic, delta=-0.004318)
  SNR (proxy): 22.82 (mean_norm=0.0197, std_norm=0.0009)

[Step 3] Training Model 3...
  lambda_dual: 0.8125
Training has not converged after 400 steps
  Weighting: frank_wolfe alpha = 0.1875
  [Step 3/9] train_MMD=0.0143 alpha_opt=0.1875 oracle_top4_TVD=0.7632
  [WARNING] MMD worsened but kept (diagnostic, delta=-0.003788)
  SNR (proxy): 6.47 (mean_norm=0.0228, std_norm=0.0035)

[Step 4] Training Model 4...
  lambda_dual: 0.8500
Training has not converged after 400 steps
  Weighting: frank_wolfe alpha = 0.1500
  [Step 4/9] train_MMD=0.0003 alpha_opt=0.1500 oracle_top5_TVD=0.7568
  [OK] MMD improved (delta=+0.013991)
  SNR (proxy): 13.93 (mean_norm=0.0047, std_norm=0.0003)

[Step 5] Training Model 5...
  lambda_dual: 0.8750
Training has not converged after 400 steps
  Weighting: frank_wolfe alpha = 0.1250
  [Step 5/9] train_MMD=0.0003 alpha_opt=0.1250 oracle_top6_TVD=0.7503
  [WARNING] MMD worsened but kept (diagnostic, delta=-0.000023)
  SNR (proxy): 22.85 (mean_norm=0.0170, std_norm=0.0007)

[Step 6] Training Model 6...
  lambda_dual: 0.8929
Training has not converged after 400 steps
  Weighting: frank_wolfe alpha = 0.1071
  [Step 6/9] train_MMD=0.0005 alpha_opt=0.1071 oracle_top7_TVD=0.7438
  [WARNING] MMD worsened but kept (diagnostic, delta=-0.000158)
  SNR (proxy): 6.61 (mean_norm=0.0100, std_norm=0.0015)

[Step 7] Training Model 7...
  lambda_dual: 0.9062
Training has not converged after 400 steps
  Weighting: frank_wolfe alpha = 0.0937
  [Step 7/9] train_MMD=-0.0001 alpha_opt=0.0937 oracle_top8_TVD=0.7373
  [OK] MMD improved (delta=+0.000536)
  SNR (proxy): 14.93 (mean_norm=0.0184, std_norm=0.0012)

[Step 8] Training Model 8...
  lambda_dual: 0.9167
Training has not converged after 400 steps
  Weighting: frank_wolfe alpha = 0.0833
  [Step 8/9] train_MMD=0.0001 alpha_opt=0.0833 oracle_top9_TVD=0.7309
  [WARNING] MMD worsened but kept (diagnostic, delta=-0.000162)
  SNR (proxy): 7.93 (mean_norm=0.0097, std_norm=0.0012)

[Step 9] Training Model 9...
  lambda_dual: 0.9250
Training has not converged after 400 steps
  Weighting: frank_wolfe alpha = 0.0750
  [Step 9/9] train_MMD=-0.0002 alpha_opt=0.0750 oracle_top10_TVD=0.7244
  [OK] MMD improved (delta=+0.000327)
  SNR (proxy): 18.39 (mean_norm=0.0150, std_norm=0.0008)

Final: 10 models, MMD=-0.0003 (delta=+0.0395) F1=nan

[FCFW] Computing Fully Corrective Frank-Wolfe weights for final ensemble...
  Weighting: fully corrective QP weights = [0.0706, 0.1067, 0.1145, 0.1180, 0.0838, 0.1346, 0.0846, 0.0783, 0.0806, 0.1284]
  FCFW Sampled MMD^2: -0.000371
  FCFW Sampled TVD:   0.5000

FINAL MODEL COMPARISON (inc. FCFW)
Model      | MMD        | TVD        | TVD*       | Valid      | Cover      | F1        
----------------------------------------------------------------------------------------
Baseline   | 0.0391     | n/a        | n/a        | n/a        | n/a        | n/a       
Ensemble   | -0.0003    | 0.518      | 0.148      | n/a        | n/a        | n/a       
Model 0    | 0.0412     | 0.817      | 0.571      | n/a        | n/a        | n/a       
Model 1    | 0.1715     | 0.762      | 0.601      | n/a        | n/a        | n/a       
Model 2    | 0.0585     | 0.989      | 0.716      | n/a        | n/a        | n/a       
Model 3    | 0.1257     | 0.765      | 0.574      | n/a        | n/a        | n/a       
Model 4    | 0.4962     | 0.840      | 0.787      | n/a        | n/a        | n/a       
Model 5    | 0.0442     | 0.870      | 0.584      | n/a        | n/a        | n/a       
Model 6    | 0.0839     | 0.790      | 0.556      | n/a        | n/a        | n/a       
Model 7    | 0.0655     | 0.766      | 0.547      | n/a        | n/a        | n/a       
Model 8    | 0.0735     | 0.792      | 0.543      | n/a        | n/a        | n/a       
Model 9    | 0.0980     | 0.787      | 0.551      | n/a        | n/a        | n/a       
Ensemble (FCFW) | -0.0004    | 0.500      | 0.126      | n/a        | n/a        | n/a       
Saving results to out/hpo/hopfield_20q_p1_b15_20260605_111726/trials/trial_0036/results.csv...
Experiment: Boosting on Hopfield (20q, 1p)
Configuration:
  train_samples: 1000
  data_seed: 42
  n_samples: 400
  n_models: 10
  learning_rate: 0.012275712576206835
  epochs_per_step: 400
  caching_level: none
  ensemble_samples_coeff: 1.0
  init_baseline: covariance
  init_later: random
  lambda_dual: 1.0
  lambda_schedule: {'type': 'frank_wolfe', 'gamma': 0.5, 'tau': 1.0}
  n_ops: 1024
  weight_strategy: frank_wolfe
  alpha_n_grid: 11
  alpha_objective_weight: 0.5
  baseline: none
  shots: 1000
  final_eval_sampling: True
  dataset_metrics: True
  exact_metrics: {'enabled': True, 'max_qubits': 20, 'phases': {'baseline': True, 'steps': False, 'final': True, 'per_model': True, 'fcfw': True}}
  keep_models_for_diagnosis: True
  stop_on_reject: False
  save_circuit_artifacts: False
  rng_seed: 42
  circuit_config: {'topology': 'aachen_heavy_hex', 'distance': 2, 'max_weight': 2, 'n_ancilla': 0}
  turbo: 10
  dynamic_is_within_shell: shell_uniform
  exact_sampling: True
  acceptance_metric: training_mmd
  skip_sampling: True
  report_fcfw: True
  dynamic_is: True
  dynamic_is_beta: 0.03536395119630984
  sigma: [0.9505024249869277, 0.733254228445115, 0.5497718635157017]
  require_exact_sampling: True
================================================================================
Saving config to out/hpo/hopfield_20q_p1_b15_20260605_111726/trials/trial_0037/config.json...
Gate structure: Qubits: 20
Aachen heavy-hex topology: 39 parameters
one_qubit=20, two_qubit=19
Using Gaussian Kernel (n_ops=1024, n_qubits=20):
  - sigma=0.95050242
  - sigma=0.73325423
  - sigma=0.54977186
Expected sampled operator size:
  - p=4.250264, std=1.829488
  - p=6.054276, std=2.054644
  - p=8.087674, std=2.194801
  mean: 6.130738
  std: 2.566279
Baselines enabled: 

Training ensemble Model 0 (400 epochs)...
Training has not converged after 400 steps
Model 0 final loss: 0.044178
  [Step 0/9] train_MMD=0.0404 alpha_opt=1.0000 oracle_top1_TVD=0.8881

[Step 1] Training Model 1...
  lambda_dual: 0.7500
Training has not converged after 400 steps
  Weighting: frank_wolfe alpha = 0.2500
  [Step 1/9] train_MMD=0.0078 alpha_opt=0.2500 oracle_top2_TVD=0.7762
  [OK] MMD improved (delta=+0.032641)
  SNR (proxy): 59.57 (mean_norm=0.0483, std_norm=0.0008)

[Step 2] Training Model 2...
  lambda_dual: 0.8333
Training has not converged after 400 steps
  Weighting: frank_wolfe alpha = 0.1667
  [Step 2/9] train_MMD=0.0075 alpha_opt=0.1667 oracle_top3_TVD=0.7697
  [OK] MMD improved (delta=+0.000302)
  SNR (proxy): 12.87 (mean_norm=0.0110, std_norm=0.0009)

[Step 3] Training Model 3...
  lambda_dual: 0.8750
Training has not converged after 400 steps
  Weighting: frank_wolfe alpha = 0.1250
  [Step 3/9] train_MMD=0.0077 alpha_opt=0.1250 oracle_top4_TVD=0.7632
  [WARNING] MMD worsened but kept (diagnostic, delta=-0.000222)
  SNR (proxy): 10.91 (mean_norm=0.0136, std_norm=0.0012)

[Step 4] Training Model 4...
  lambda_dual: 0.9000
Training has not converged after 400 steps
  Weighting: frank_wolfe alpha = 0.1000
  [Step 4/9] train_MMD=0.0108 alpha_opt=0.1000 oracle_top5_TVD=0.7568
  [WARNING] MMD worsened but kept (diagnostic, delta=-0.003095)
  SNR (proxy): 9.49 (mean_norm=0.0126, std_norm=0.0013)

[Step 5] Training Model 5...
  lambda_dual: 0.9167
Training has not converged after 400 steps
  Weighting: frank_wolfe alpha = 0.0833
  [Step 5/9] train_MMD=0.0011 alpha_opt=0.0833 oracle_top6_TVD=0.7503
  [OK] MMD improved (delta=+0.009682)
  SNR (proxy): 11.64 (mean_norm=0.0000, std_norm=0.0000)

[Step 6] Training Model 6...
  lambda_dual: 0.9286
Training has not converged after 400 steps
  Weighting: frank_wolfe alpha = 0.0714
  [Step 6/9] train_MMD=0.0009 alpha_opt=0.0714 oracle_top7_TVD=0.7438
  [OK] MMD improved (delta=+0.000247)
  SNR (proxy): 9.29 (mean_norm=0.0054, std_norm=0.0006)

[Step 7] Training Model 7...
  lambda_dual: 0.9375
Training has not converged after 400 steps
  Weighting: frank_wolfe alpha = 0.0625
  [Step 7/9] train_MMD=0.0002 alpha_opt=0.0625 oracle_top8_TVD=0.7373
  [OK] MMD improved (delta=+0.000633)
  SNR (proxy): 9.63 (mean_norm=0.0125, std_norm=0.0013)

[Step 8] Training Model 8...
  lambda_dual: 0.9444
Training has not converged after 400 steps
  Weighting: frank_wolfe alpha = 0.0556
  [Step 8/9] train_MMD=0.0003 alpha_opt=0.0556 oracle_top9_TVD=0.7309
  [WARNING] MMD worsened but kept (diagnostic, delta=-0.000046)
  SNR (proxy): 7.93 (mean_norm=0.0057, std_norm=0.0007)

[Step 9] Training Model 9...
  lambda_dual: 0.9500
Training has not converged after 400 steps
  Weighting: frank_wolfe alpha = 0.0500
  [Step 9/9] train_MMD=-0.0000 alpha_opt=0.0500 oracle_top10_TVD=0.7244
  [OK] MMD improved (delta=+0.000281)
  SNR (proxy): 9.01 (mean_norm=0.0078, std_norm=0.0009)

Final: 10 models, MMD=-0.0000 (delta=+0.0404) F1=nan

[FCFW] Computing Fully Corrective Frank-Wolfe weights for final ensemble...
  Weighting: fully corrective QP weights = [0.2298, 0.0869, 0.0955, 0.0885, 0.0530, 0.0301, 0.1203, 0.0756, 0.1268, 0.0934]
  FCFW Sampled MMD^2: -0.000259
  FCFW Sampled TVD:   0.5189

FINAL MODEL COMPARISON (inc. FCFW)
Model      | MMD        | TVD        | TVD*       | Valid      | Cover      | F1        
----------------------------------------------------------------------------------------
Baseline   | 0.0404     | n/a        | n/a        | n/a        | n/a        | n/a       
Ensemble   | -0.0000    | 0.534      | 0.220      | n/a        | n/a        | n/a       
Model 0    | 0.0424     | 0.826      | 0.584      | n/a        | n/a        | n/a       
Model 1    | 0.4275     | 0.801      | 0.749      | n/a        | n/a        | n/a       
Model 2    | 0.0697     | 0.963      | 0.847      | n/a        | n/a        | n/a       
Model 3    | 0.0533     | 0.846      | 0.719      | n/a        | n/a        | n/a       
Model 4    | 0.0507     | 0.926      | 0.634      | n/a        | n/a        | n/a       
Model 5    | 0.7062     | 0.888      | 0.888      | n/a        | n/a        | n/a       
Model 6    | 0.1927     | 0.806      | 0.754      | n/a        | n/a        | n/a       
Model 7    | 0.1260     | 0.784      | 0.614      | n/a        | n/a        | n/a       
Model 8    | 0.0752     | 0.794      | 0.620      | n/a        | n/a        | n/a       
Model 9    | 0.0781     | 0.837      | 0.565      | n/a        | n/a        | n/a       
Ensemble (FCFW) | -0.0003    | 0.519      | 0.191      | n/a        | n/a        | n/a       
Saving results to out/hpo/hopfield_20q_p1_b15_20260605_111726/trials/trial_0037/results.csv...
Experiment: Boosting on Hopfield (20q, 1p)
Configuration:
  train_samples: 1000
  data_seed: 42
  n_samples: 400
  n_models: 10
  learning_rate: 0.028260028749341515
  epochs_per_step: 400
  caching_level: none
  ensemble_samples_coeff: 1.0
  init_baseline: covariance
  init_later: random
  lambda_dual: 1.0
  lambda_schedule: {'type': 'frank_wolfe', 'gamma': 0.75, 'tau': 1.0}
  n_ops: 1024
  weight_strategy: frank_wolfe
  alpha_n_grid: 11
  alpha_objective_weight: 0.5
  baseline: none
  shots: 1000
  final_eval_sampling: True
  dataset_metrics: True
  exact_metrics: {'enabled': True, 'max_qubits': 20, 'phases': {'baseline': True, 'steps': False, 'final': True, 'per_model': True, 'fcfw': True}}
  keep_models_for_diagnosis: True
  stop_on_reject: False
  save_circuit_artifacts: False
  rng_seed: 42
  circuit_config: {'topology': 'aachen_heavy_hex', 'distance': 2, 'max_weight': 2, 'n_ancilla': 0}
  turbo: 10
  dynamic_is_within_shell: shell_uniform
  exact_sampling: True
  acceptance_metric: training_mmd
  skip_sampling: True
  report_fcfw: True
  dynamic_is: False
  dynamic_is_beta: 0.13704238104406258
  sigma: [0.7516852393399359]
  require_exact_sampling: True
================================================================================
Saving config to out/hpo/hopfield_20q_p1_b15_20260605_111726/trials/trial_0038/config.json...
Gate structure: Qubits: 20
Aachen heavy-hex topology: 39 parameters
one_qubit=20, two_qubit=19
Using Gaussian Kernel (n_ops=1024, n_qubits=20):
  - sigma=0.75168524
Expected sampled operator size:
  - p=5.872477, std=2.036708
  mean: 5.872477
  std: 2.036708
Baselines enabled: 

Training ensemble Model 0 (400 epochs)...
Training has not converged after 400 steps
Model 0 final loss: 0.041466
  [Step 0/9] train_MMD=0.0383 alpha_opt=1.0000 oracle_top1_TVD=0.8881

[Step 1] Training Model 1...
  lambda_dual: 0.6250
Training has not converged after 400 steps
  Weighting: frank_wolfe alpha = 0.3750
  [Step 1/9] train_MMD=0.0077 alpha_opt=0.3750 oracle_top2_TVD=0.7762
  [OK] MMD improved (delta=+0.030602)
  SNR (proxy): 5.27 (mean_norm=0.0265, std_norm=0.0050)

[Step 2] Training Model 2...
  lambda_dual: 0.7500
Training has not converged after 400 steps
  Weighting: frank_wolfe alpha = 0.2500
  [Step 2/9] train_MMD=0.0120 alpha_opt=0.2500 oracle_top3_TVD=0.7697
  [WARNING] MMD worsened but kept (diagnostic, delta=-0.004328)
  SNR (proxy): 6.49 (mean_norm=0.0217, std_norm=0.0033)

[Step 3] Training Model 3...
  lambda_dual: 0.8125
Training has not converged after 400 steps
  Weighting: frank_wolfe alpha = 0.1875
  [Step 3/9] train_MMD=0.0010 alpha_opt=0.1875 oracle_top4_TVD=0.7632
  [OK] MMD improved (delta=+0.011054)
  SNR (proxy): 3.66 (mean_norm=0.0224, std_norm=0.0061)

[Step 4] Training Model 4...
  lambda_dual: 0.8500
Training has not converged after 400 steps
  Weighting: frank_wolfe alpha = 0.1500
  [Step 4/9] train_MMD=0.0009 alpha_opt=0.1500 oracle_top5_TVD=0.7568
  [OK] MMD improved (delta=+0.000051)
  SNR (proxy): 3.45 (mean_norm=0.0252, std_norm=0.0073)

[Step 5] Training Model 5...
  lambda_dual: 0.8750
Training has not converged after 400 steps
  Weighting: frank_wolfe alpha = 0.1250
  [Step 5/9] train_MMD=0.0002 alpha_opt=0.1250 oracle_top6_TVD=0.7503
  [OK] MMD improved (delta=+0.000740)
  SNR (proxy): 9.96 (mean_norm=0.0254, std_norm=0.0025)

[Step 6] Training Model 6...
  lambda_dual: 0.8929
Training has not converged after 400 steps
  Weighting: frank_wolfe alpha = 0.1071
  [Step 6/9] train_MMD=0.0002 alpha_opt=0.1071 oracle_top7_TVD=0.7438
  [WARNING] MMD worsened but kept (diagnostic, delta=-0.000059)
  SNR (proxy): 5.33 (mean_norm=0.0179, std_norm=0.0034)

[Step 7] Training Model 7...
  lambda_dual: 0.9062
Training has not converged after 400 steps
  Weighting: frank_wolfe alpha = 0.0937
  [Step 7/9] train_MMD=0.0000 alpha_opt=0.0937 oracle_top8_TVD=0.7373
  [OK] MMD improved (delta=+0.000217)
  SNR (proxy): 7.28 (mean_norm=0.0156, std_norm=0.0021)

[Step 8] Training Model 8...
  lambda_dual: 0.9167
Training has not converged after 400 steps
  Weighting: frank_wolfe alpha = 0.0833
  [Step 8/9] train_MMD=-0.0000 alpha_opt=0.0833 oracle_top9_TVD=0.7309
  [OK] MMD improved (delta=+0.000048)
  SNR (proxy): 3.81 (mean_norm=0.0128, std_norm=0.0033)

[Step 9] Training Model 9...
  lambda_dual: 0.9250
Training has not converged after 400 steps
  Weighting: frank_wolfe alpha = 0.0750
  [Step 9/9] train_MMD=-0.0001 alpha_opt=0.0750 oracle_top10_TVD=0.7244
  [OK] MMD improved (delta=+0.000072)
  SNR (proxy): 15.20 (mean_norm=0.0203, std_norm=0.0013)

Final: 10 models, MMD=-0.0004 (delta=+0.0387) F1=nan

[FCFW] Computing Fully Corrective Frank-Wolfe weights for final ensemble...
  Weighting: fully corrective QP weights = [0.1935, 0.2084, 0.1437, 0.1404, 0.1251, 0.1003, 0.0000, 0.0709, 0.0176, 0.0000]
  FCFW Sampled MMD^2: -0.000479
  FCFW Sampled TVD:   0.5093

FINAL MODEL COMPARISON (inc. FCFW)
Model      | MMD        | TVD        | TVD*       | Valid      | Cover      | F1        
----------------------------------------------------------------------------------------
Baseline   | 0.0383     | n/a        | n/a        | n/a        | n/a        | n/a       
Ensemble   | -0.0004    | 0.487      | 0.174      | n/a        | n/a        | n/a       
Model 0    | 0.0396     | 0.815      | 0.571      | n/a        | n/a        | n/a       
Model 1    | 0.1552     | 0.774      | 0.579      | n/a        | n/a        | n/a       
Model 2    | 0.0413     | 0.859      | 0.584      | n/a        | n/a        | n/a       
Model 3    | 0.2243     | 0.777      | 0.671      | n/a        | n/a        | n/a       
Model 4    | 0.0898     | 0.770      | 0.570      | n/a        | n/a        | n/a       
Model 5    | 0.1083     | 0.807      | 0.556      | n/a        | n/a        | n/a       
Model 6    | 0.0677     | 0.809      | 0.551      | n/a        | n/a        | n/a       
Model 7    | 0.0794     | 0.778      | 0.557      | n/a        | n/a        | n/a       
Model 8    | 0.0791     | 0.771      | 0.563      | n/a        | n/a        | n/a       
Model 9    | 0.0631     | 0.808      | 0.533      | n/a        | n/a        | n/a       
Ensemble (FCFW) | -0.0005    | 0.509      | 0.168      | n/a        | n/a        | n/a       
Saving results to out/hpo/hopfield_20q_p1_b15_20260605_111726/trials/trial_0038/results.csv...
Experiment: Boosting on Hopfield (20q, 1p)
Configuration:
  train_samples: 1000
  data_seed: 42
  n_samples: 400
  n_models: 10
  learning_rate: 0.001018916194339174
  epochs_per_step: 400
  caching_level: none
  ensemble_samples_coeff: 1.0
  init_baseline: covariance
  init_later: random
  lambda_dual: 1.0
  lambda_schedule: {'type': 'frank_wolfe', 'gamma': 0.5, 'tau': 1.0}
  n_ops: 1024
  weight_strategy: frank_wolfe
  alpha_n_grid: 11
  alpha_objective_weight: 0.5
  baseline: none
  shots: 1000
  final_eval_sampling: True
  dataset_metrics: True
  exact_metrics: {'enabled': True, 'max_qubits': 20, 'phases': {'baseline': True, 'steps': False, 'final': True, 'per_model': True, 'fcfw': True}}
  keep_models_for_diagnosis: True
  stop_on_reject: False
  save_circuit_artifacts: False
  rng_seed: 42
  circuit_config: {'topology': 'aachen_heavy_hex', 'distance': 2, 'max_weight': 2, 'n_ancilla': 0}
  turbo: 10
  dynamic_is_within_shell: shell_uniform
  exact_sampling: True
  acceptance_metric: training_mmd
  skip_sampling: True
  report_fcfw: True
  dynamic_is: True
  dynamic_is_beta: 0.0528597691461744
  sigma: [1.1397429356037945, 0.7336345750786419, 0.5885134416996283]
  require_exact_sampling: True
================================================================================
Saving config to out/hpo/hopfield_20q_p1_b15_20260605_111726/trials/trial_0039/config.json...
Gate structure: Qubits: 20
Aachen heavy-hex topology: 39 parameters
one_qubit=20, two_qubit=19
Using Gaussian Kernel (n_ops=1024, n_qubits=20):
  - sigma=1.13974294
  - sigma=0.73363458
  - sigma=0.58851344
Expected sampled operator size:
  - p=3.194863, std=1.638446
  - p=6.050471, std=2.054279
  - p=7.639318, std=2.172869
  mean: 5.628217
  std: 2.693818
Baselines enabled: 

Training ensemble Model 0 (400 epochs)...
Training has not converged after 400 steps
Model 0 final loss: 0.055270
  [Step 0/9] train_MMD=0.0567 alpha_opt=1.0000 oracle_top1_TVD=0.8881

[Step 1] Training Model 1...
  lambda_dual: 0.7500
Training has not converged after 400 steps
  Weighting: frank_wolfe alpha = 0.2500
  [Step 1/9] train_MMD=0.0469 alpha_opt=0.2500 oracle_top2_TVD=0.7762
  [OK] MMD improved (delta=+0.009733)
  SNR (proxy): 13.80 (mean_norm=0.0298, std_norm=0.0022)

[Step 2] Training Model 2...
  lambda_dual: 0.8333
Training has not converged after 400 steps
  Weighting: frank_wolfe alpha = 0.1667
  [Step 2/9] train_MMD=0.0372 alpha_opt=0.1667 oracle_top3_TVD=0.7697
  [OK] MMD improved (delta=+0.009724)
  SNR (proxy): 14.75 (mean_norm=0.0951, std_norm=0.0064)

[Step 3] Training Model 3...
  lambda_dual: 0.8750
Training has not converged after 400 steps
  Weighting: frank_wolfe alpha = 0.1250
  [Step 3/9] train_MMD=0.0238 alpha_opt=0.1250 oracle_top4_TVD=0.7632
  [OK] MMD improved (delta=+0.013371)
  SNR (proxy): 26.61 (mean_norm=0.1210, std_norm=0.0045)

[Step 4] Training Model 4...
  lambda_dual: 0.9000
Training has not converged after 400 steps
  Weighting: frank_wolfe alpha = 0.1000
  [Step 4/9] train_MMD=0.0215 alpha_opt=0.1000 oracle_top5_TVD=0.7568
  [OK] MMD improved (delta=+0.002380)
  SNR (proxy): 53.39 (mean_norm=0.0877, std_norm=0.0016)

[Step 5] Training Model 5...
  lambda_dual: 0.9167
Training has not converged after 400 steps
  Weighting: frank_wolfe alpha = 0.0833
  [Step 5/9] train_MMD=0.0219 alpha_opt=0.0833 oracle_top6_TVD=0.7503
  [WARNING] MMD worsened but kept (diagnostic, delta=-0.000405)
  SNR (proxy): 23.19 (mean_norm=0.0478, std_norm=0.0021)

[Step 6] Training Model 6...
  lambda_dual: 0.9286
Training has not converged after 400 steps
  Weighting: frank_wolfe alpha = 0.0714
  [Step 6/9] train_MMD=0.0248 alpha_opt=0.0714 oracle_top7_TVD=0.7438
  [WARNING] MMD worsened but kept (diagnostic, delta=-0.002957)
  SNR (proxy): 8.32 (mean_norm=0.0128, std_norm=0.0015)

[Step 7] Training Model 7...
  lambda_dual: 0.9375
Training has not converged after 400 steps
  Weighting: frank_wolfe alpha = 0.0625
  [Step 7/9] train_MMD=0.0223 alpha_opt=0.0625 oracle_top8_TVD=0.7373
  [OK] MMD improved (delta=+0.002554)
  SNR (proxy): 47.98 (mean_norm=0.1128, std_norm=0.0023)

[Step 8] Training Model 8...
  lambda_dual: 0.9444
Training has not converged after 400 steps
  Weighting: frank_wolfe alpha = 0.0556
  [Step 8/9] train_MMD=0.0190 alpha_opt=0.0556 oracle_top9_TVD=0.7309
  [OK] MMD improved (delta=+0.003295)
  SNR (proxy): 39.49 (mean_norm=0.0943, std_norm=0.0024)

[Step 9] Training Model 9...
  lambda_dual: 0.9500
Training has not converged after 400 steps
  Weighting: frank_wolfe alpha = 0.0500
  [Step 9/9] train_MMD=0.0192 alpha_opt=0.0500 oracle_top10_TVD=0.7244
  [WARNING] MMD worsened but kept (diagnostic, delta=-0.000263)
  SNR (proxy): 51.73 (mean_norm=0.0845, std_norm=0.0016)

Final: 10 models, MMD=0.0185 (delta=+0.0382) F1=nan

[FCFW] Computing Fully Corrective Frank-Wolfe weights for final ensemble...
  Weighting: fully corrective QP weights = [0.2391, 0.0000, 0.0764, 0.1696, 0.1002, 0.0000, 0.0000, 0.0886, 0.1819, 0.1442]
  FCFW Sampled MMD^2: 0.007859
  FCFW Sampled TVD:   0.6709

FINAL MODEL COMPARISON (inc. FCFW)
Model      | MMD        | TVD        | TVD*       | Valid      | Cover      | F1        
----------------------------------------------------------------------------------------
Baseline   | 0.0567     | n/a        | n/a        | n/a        | n/a        | n/a       
Ensemble   | 0.0185     | 0.743      | 0.497      | n/a        | n/a        | n/a       
Model 0    | 0.0541     | 0.830      | 0.580      | n/a        | n/a        | n/a       
Model 1    | 0.0854     | 0.999      | 0.922      | n/a        | n/a        | n/a       
Model 2    | 0.1237     | 0.947      | 0.872      | n/a        | n/a        | n/a       
Model 3    | 0.1656     | 0.851      | 0.803      | n/a        | n/a        | n/a       
Model 4    | 0.1981     | 0.875      | 0.769      | n/a        | n/a        | n/a       
Model 5    | 0.0893     | 0.957      | 0.862      | n/a        | n/a        | n/a       
Model 6    | 0.0848     | 1.000      | 0.905      | n/a        | n/a        | n/a       
Model 7    | 0.1842     | 0.843      | 0.790      | n/a        | n/a        | n/a       
Model 8    | 0.1709     | 0.871      | 0.829      | n/a        | n/a        | n/a       
Model 9    | 0.0822     | 0.899      | 0.825      | n/a        | n/a        | n/a       
Ensemble (FCFW) | 0.0079     | 0.671      | 0.486      | n/a        | n/a        | n/a       
Saving results to out/hpo/hopfield_20q_p1_b15_20260605_111726/trials/trial_0039/results.csv...
Experiment: Boosting on Hopfield (20q, 1p)
Configuration:
  train_samples: 1000
  data_seed: 42
  n_samples: 400
  n_models: 10
  learning_rate: 0.008702056161472153
  epochs_per_step: 400
  caching_level: none
  ensemble_samples_coeff: 1.0
  init_baseline: covariance
  init_later: random
  lambda_dual: 1.0
  lambda_schedule: {'type': 'frank_wolfe', 'gamma': 0.75, 'tau': 1.0}
  n_ops: 1024
  weight_strategy: frank_wolfe
  alpha_n_grid: 11
  alpha_objective_weight: 0.5
  baseline: none
  shots: 1000
  final_eval_sampling: True
  dataset_metrics: True
  exact_metrics: {'enabled': True, 'max_qubits': 20, 'phases': {'baseline': True, 'steps': False, 'final': True, 'per_model': True, 'fcfw': True}}
  keep_models_for_diagnosis: True
  stop_on_reject: False
  save_circuit_artifacts: False
  rng_seed: 42
  circuit_config: {'topology': 'aachen_heavy_hex', 'distance': 2, 'max_weight': 2, 'n_ancilla': 0}
  turbo: 10
  dynamic_is_within_shell: shell_uniform
  exact_sampling: True
  acceptance_metric: training_mmd
  skip_sampling: True
  report_fcfw: True
  dynamic_is: False
  dynamic_is_beta: 0.03772858207072181
  sigma: [1.002877369253483, 0.6705146354598897, 0.4823711761521641]
  require_exact_sampling: True
================================================================================
Saving config to out/hpo/hopfield_20q_p1_b15_20260605_111726/trials/trial_0040/config.json...
Gate structure: Qubits: 20
Aachen heavy-hex topology: 39 parameters
one_qubit=20, two_qubit=19
Using Gaussian Kernel (n_ops=1024, n_qubits=20):
  - sigma=1.00287737
  - sigma=0.67051464
  - sigma=0.48237118
Expected sampled operator size:
  - p=3.917291, std=1.774833
  - p=6.711405, std=2.111695
  - p=8.833825, std=2.220811
  mean: 6.487507
  std: 2.869532
Baselines enabled: 

Training ensemble Model 0 (400 epochs)...
Training has not converged after 400 steps
Model 0 final loss: 0.039989
  [Step 0/9] train_MMD=0.0408 alpha_opt=1.0000 oracle_top1_TVD=0.8881

[Step 1] Training Model 1...
  lambda_dual: 0.6250
Training has not converged after 400 steps
  Weighting: frank_wolfe alpha = 0.3750
  [Step 1/9] train_MMD=0.0061 alpha_opt=0.3750 oracle_top2_TVD=0.7762
  [OK] MMD improved (delta=+0.034714)
  SNR (proxy): 2.63 (mean_norm=0.0127, std_norm=0.0048)

[Step 2] Training Model 2...
  lambda_dual: 0.7500
Training has not converged after 400 steps
  Weighting: frank_wolfe alpha = 0.2500
  [Step 2/9] train_MMD=0.0104 alpha_opt=0.2500 oracle_top3_TVD=0.7697
  [WARNING] MMD worsened but kept (diagnostic, delta=-0.004262)
  SNR (proxy): 12.75 (mean_norm=0.0209, std_norm=0.0016)

[Step 3] Training Model 3...
  lambda_dual: 0.8125
Training has not converged after 400 steps
  Weighting: frank_wolfe alpha = 0.1875
  [Step 3/9] train_MMD=0.0010 alpha_opt=0.1875 oracle_top4_TVD=0.7632
  [OK] MMD improved (delta=+0.009439)
  SNR (proxy): 3.05 (mean_norm=0.0153, std_norm=0.0050)

[Step 4] Training Model 4...
  lambda_dual: 0.8500
Training has not converged after 400 steps
  Weighting: frank_wolfe alpha = 0.1500
  [Step 4/9] train_MMD=0.0007 alpha_opt=0.1500 oracle_top5_TVD=0.7568
  [OK] MMD improved (delta=+0.000294)
  SNR (proxy): 6.31 (mean_norm=0.0146, std_norm=0.0023)

[Step 5] Training Model 5...
  lambda_dual: 0.8750
Training has not converged after 400 steps
  Weighting: frank_wolfe alpha = 0.1250
  [Step 5/9] train_MMD=0.0001 alpha_opt=0.1250 oracle_top6_TVD=0.7503
  [OK] MMD improved (delta=+0.000537)
  SNR (proxy): 7.49 (mean_norm=0.0167, std_norm=0.0022)

[Step 6] Training Model 6...
  lambda_dual: 0.8929
Training has not converged after 400 steps
  Weighting: frank_wolfe alpha = 0.1071
  [Step 6/9] train_MMD=0.0001 alpha_opt=0.1071 oracle_top7_TVD=0.7438
  [OK] MMD improved (delta=+0.000042)
  SNR (proxy): 9.08 (mean_norm=0.0156, std_norm=0.0017)

[Step 7] Training Model 7...
  lambda_dual: 0.9062
Training has not converged after 400 steps
  Weighting: frank_wolfe alpha = 0.0937
  [Step 7/9] train_MMD=0.0000 alpha_opt=0.0937 oracle_top8_TVD=0.7373
  [OK] MMD improved (delta=+0.000061)
  SNR (proxy): 8.61 (mean_norm=0.0129, std_norm=0.0015)

[Step 8] Training Model 8...
  lambda_dual: 0.9167
Training has not converged after 400 steps
  Weighting: frank_wolfe alpha = 0.0833
  [Step 8/9] train_MMD=-0.0001 alpha_opt=0.0833 oracle_top9_TVD=0.7309
  [OK] MMD improved (delta=+0.000099)
  SNR (proxy): 5.75 (mean_norm=0.0118, std_norm=0.0020)

[Step 9] Training Model 9...
  lambda_dual: 0.9250
Training has not converged after 400 steps
  Weighting: frank_wolfe alpha = 0.0750
  [Step 9/9] train_MMD=-0.0001 alpha_opt=0.0750 oracle_top10_TVD=0.7244
  [OK] MMD improved (delta=+0.000018)
  SNR (proxy): 10.56 (mean_norm=0.0124, std_norm=0.0012)

Final: 10 models, MMD=-0.0004 (delta=+0.0412) F1=nan

[FCFW] Computing Fully Corrective Frank-Wolfe weights for final ensemble...
  Weighting: fully corrective QP weights = [0.1677, 0.3011, 0.1977, 0.1127, 0.0000, 0.0000, 0.0000, 0.2208, 0.0000, 0.0000]
  FCFW Sampled MMD^2: -0.000145
  FCFW Sampled TVD:   0.5159

FINAL MODEL COMPARISON (inc. FCFW)
Model      | MMD        | TVD        | TVD*       | Valid      | Cover      | F1        
----------------------------------------------------------------------------------------
Baseline   | 0.0408     | n/a        | n/a        | n/a        | n/a        | n/a       
Ensemble   | -0.0004    | 0.490      | 0.185      | n/a        | n/a        | n/a       
Model 0    | 0.0415     | 0.833      | 0.597      | n/a        | n/a        | n/a       
Model 1    | 0.1659     | 0.762      | 0.578      | n/a        | n/a        | n/a       
Model 2    | 0.0447     | 0.872      | 0.580      | n/a        | n/a        | n/a       
Model 3    | 0.2131     | 0.758      | 0.654      | n/a        | n/a        | n/a       
Model 4    | 0.0941     | 0.751      | 0.557      | n/a        | n/a        | n/a       
Model 5    | 0.1331     | 0.803      | 0.554      | n/a        | n/a        | n/a       
Model 6    | 0.0565     | 0.821      | 0.543      | n/a        | n/a        | n/a       
Model 7    | 0.0727     | 0.778      | 0.548      | n/a        | n/a        | n/a       
Model 8    | 0.0808     | 0.768      | 0.549      | n/a        | n/a        | n/a       
Model 9    | 0.0891     | 0.795      | 0.544      | n/a        | n/a        | n/a       
Ensemble (FCFW) | -0.0001    | 0.516      | 0.172      | n/a        | n/a        | n/a       
Saving results to out/hpo/hopfield_20q_p1_b15_20260605_111726/trials/trial_0040/results.csv...
Experiment: Boosting on Hopfield (20q, 1p)
Configuration:
  train_samples: 1000
  data_seed: 42
  n_samples: 400
  n_models: 10
  learning_rate: 0.016566168032468465
  epochs_per_step: 400
  caching_level: none
  ensemble_samples_coeff: 1.0
  init_baseline: covariance
  init_later: random
  lambda_dual: 1.0
  lambda_schedule: {'type': 'frank_wolfe', 'gamma': 0.75, 'tau': 1.0}
  n_ops: 1024
  weight_strategy: frank_wolfe
  alpha_n_grid: 11
  alpha_objective_weight: 0.5
  baseline: none
  shots: 1000
  final_eval_sampling: True
  dataset_metrics: True
  exact_metrics: {'enabled': True, 'max_qubits': 20, 'phases': {'baseline': True, 'steps': False, 'final': True, 'per_model': True, 'fcfw': True}}
  keep_models_for_diagnosis: True
  stop_on_reject: False
  save_circuit_artifacts: False
  rng_seed: 42
  circuit_config: {'topology': 'aachen_heavy_hex', 'distance': 2, 'max_weight': 2, 'n_ancilla': 0}
  turbo: 10
  dynamic_is_within_shell: shell_uniform
  exact_sampling: True
  acceptance_metric: training_mmd
  skip_sampling: True
  report_fcfw: True
  dynamic_is: True
  dynamic_is_beta: 0.026472570287472987
  sigma: [0.8515208394593725, 0.6388432980072947, 0.40600222201282704]
  require_exact_sampling: True
================================================================================
Saving config to out/hpo/hopfield_20q_p1_b15_20260605_111726/trials/trial_0041/config.json...
Gate structure: Qubits: 20
Aachen heavy-hex topology: 39 parameters
one_qubit=20, two_qubit=19
Using Gaussian Kernel (n_ops=1024, n_qubits=20):
  - sigma=0.85152084
  - sigma=0.63884330
  - sigma=0.40600222
Expected sampled operator size:
  - p=4.982091, std=1.934174
  - p=7.062798, std=2.137438
  - p=9.518428, std=2.233474
  mean: 7.187772
  std: 2.805393
Baselines enabled: 

Training ensemble Model 0 (400 epochs)...
Training has not converged after 400 steps
Model 0 final loss: 0.033483
  [Step 0/9] train_MMD=0.0315 alpha_opt=1.0000 oracle_top1_TVD=0.8881

[Step 1] Training Model 1...
  lambda_dual: 0.6250
Training has not converged after 400 steps
  Weighting: frank_wolfe alpha = 0.3750
  [Step 1/9] train_MMD=0.0042 alpha_opt=0.3750 oracle_top2_TVD=0.7762
  [OK] MMD improved (delta=+0.027326)
  SNR (proxy): 3.64 (mean_norm=0.0128, std_norm=0.0035)

[Step 2] Training Model 2...
  lambda_dual: 0.7500
Training has not converged after 400 steps
  Weighting: frank_wolfe alpha = 0.2500
  [Step 2/9] train_MMD=0.0069 alpha_opt=0.2500 oracle_top3_TVD=0.7697
  [WARNING] MMD worsened but kept (diagnostic, delta=-0.002751)
  SNR (proxy): 21.80 (mean_norm=0.0215, std_norm=0.0010)

[Step 3] Training Model 3...
  lambda_dual: 0.8125
Training has not converged after 400 steps
  Weighting: frank_wolfe alpha = 0.1875
  [Step 3/9] train_MMD=0.0014 alpha_opt=0.1875 oracle_top4_TVD=0.7632
  [OK] MMD improved (delta=+0.005537)
  SNR (proxy): 2.57 (mean_norm=0.0106, std_norm=0.0041)

[Step 4] Training Model 4...
  lambda_dual: 0.8500
Training has not converged after 400 steps
  Weighting: frank_wolfe alpha = 0.1500
  [Step 4/9] train_MMD=0.0002 alpha_opt=0.1500 oracle_top5_TVD=0.7568
  [OK] MMD improved (delta=+0.001179)
  SNR (proxy): 6.01 (mean_norm=0.0223, std_norm=0.0037)

[Step 5] Training Model 5...
  lambda_dual: 0.8750
Training has not converged after 400 steps
  Weighting: frank_wolfe alpha = 0.1250
  [Step 5/9] train_MMD=0.0002 alpha_opt=0.1250 oracle_top6_TVD=0.7503
  [WARNING] MMD worsened but kept (diagnostic, delta=-0.000025)
  SNR (proxy): 4.76 (mean_norm=0.0159, std_norm=0.0033)

[Step 6] Training Model 6...
  lambda_dual: 0.8929
Training has not converged after 400 steps
  Weighting: frank_wolfe alpha = 0.1071
  [Step 6/9] train_MMD=0.0000 alpha_opt=0.1071 oracle_top7_TVD=0.7438
  [OK] MMD improved (delta=+0.000189)
  SNR (proxy): 5.07 (mean_norm=0.0118, std_norm=0.0023)

[Step 7] Training Model 7...
  lambda_dual: 0.9062
Training has not converged after 400 steps
  Weighting: frank_wolfe alpha = 0.0937
  [Step 7/9] train_MMD=-0.0001 alpha_opt=0.0937 oracle_top8_TVD=0.7373
  [OK] MMD improved (delta=+0.000113)
  SNR (proxy): 9.15 (mean_norm=0.0160, std_norm=0.0017)

[Step 8] Training Model 8...
  lambda_dual: 0.9167
Training has not converged after 400 steps
  Weighting: frank_wolfe alpha = 0.0833
  [Step 8/9] train_MMD=-0.0001 alpha_opt=0.0833 oracle_top9_TVD=0.7309
  [WARNING] MMD worsened but kept (diagnostic, delta=-0.000013)
  SNR (proxy): 6.43 (mean_norm=0.0089, std_norm=0.0014)

[Step 9] Training Model 9...
  lambda_dual: 0.9250
Training has not converged after 400 steps
  Weighting: frank_wolfe alpha = 0.0750
  [Step 9/9] train_MMD=-0.0002 alpha_opt=0.0750 oracle_top10_TVD=0.7244
  [OK] MMD improved (delta=+0.000146)
  SNR (proxy): 8.28 (mean_norm=0.0134, std_norm=0.0016)

Final: 10 models, MMD=-0.0006 (delta=+0.0321) F1=nan

[FCFW] Computing Fully Corrective Frank-Wolfe weights for final ensemble...
  Weighting: fully corrective QP weights = [0.0619, 0.3123, 0.2028, 0.0693, 0.0000, 0.0208, 0.0000, 0.3010, 0.0002, 0.0318]
  FCFW Sampled MMD^2: -0.000107
  FCFW Sampled TVD:   0.5032

FINAL MODEL COMPARISON (inc. FCFW)
Model      | MMD        | TVD        | TVD*       | Valid      | Cover      | F1        
----------------------------------------------------------------------------------------
Baseline   | 0.0315     | n/a        | n/a        | n/a        | n/a        | n/a       
Ensemble   | -0.0006    | 0.485      | 0.175      | n/a        | n/a        | n/a       
Model 0    | 0.0312     | 0.830      | 0.574      | n/a        | n/a        | n/a       
Model 1    | 0.1529     | 0.757      | 0.585      | n/a        | n/a        | n/a       
Model 2    | 0.0373     | 0.908      | 0.615      | n/a        | n/a        | n/a       
Model 3    | 0.2101     | 0.771      | 0.634      | n/a        | n/a        | n/a       
Model 4    | 0.0920     | 0.761      | 0.576      | n/a        | n/a        | n/a       
Model 5    | 0.0549     | 0.767      | 0.544      | n/a        | n/a        | n/a       
Model 6    | 0.0572     | 0.804      | 0.577      | n/a        | n/a        | n/a       
Model 7    | 0.0509     | 0.778      | 0.547      | n/a        | n/a        | n/a       
Model 8    | 0.0732     | 0.761      | 0.555      | n/a        | n/a        | n/a       
Model 9    | 0.0723     | 0.818      | 0.558      | n/a        | n/a        | n/a       
Ensemble (FCFW) | -0.0001    | 0.503      | 0.154      | n/a        | n/a        | n/a       
Saving results to out/hpo/hopfield_20q_p1_b15_20260605_111726/trials/trial_0041/results.csv...
Experiment: Boosting on Hopfield (20q, 1p)
Configuration:
  train_samples: 1000
  data_seed: 42
  n_samples: 400
  n_models: 10
  learning_rate: 0.011170257263533642
  epochs_per_step: 400
  caching_level: none
  ensemble_samples_coeff: 1.0
  init_baseline: covariance
  init_later: random
  lambda_dual: 1.0
  lambda_schedule: {'type': 'frank_wolfe', 'gamma': 0.75, 'tau': 1.0}
  n_ops: 1024
  weight_strategy: frank_wolfe
  alpha_n_grid: 11
  alpha_objective_weight: 0.5
  baseline: none
  shots: 1000
  final_eval_sampling: True
  dataset_metrics: True
  exact_metrics: {'enabled': True, 'max_qubits': 20, 'phases': {'baseline': True, 'steps': False, 'final': True, 'per_model': True, 'fcfw': True}}
  keep_models_for_diagnosis: True
  stop_on_reject: False
  save_circuit_artifacts: False
  rng_seed: 42
  circuit_config: {'topology': 'aachen_heavy_hex', 'distance': 2, 'max_weight': 2, 'n_ancilla': 0}
  turbo: 10
  dynamic_is_within_shell: shell_uniform
  exact_sampling: True
  acceptance_metric: training_mmd
  skip_sampling: True
  report_fcfw: True
  dynamic_is: True
  dynamic_is_beta: 0.032419806987525474
  sigma: [1.124433486710395, 0.6153778458446797, 0.4826612740131966]
  require_exact_sampling: True
================================================================================
Saving config to out/hpo/hopfield_20q_p1_b15_20260605_111726/trials/trial_0042/config.json...
Gate structure: Qubits: 20
Aachen heavy-hex topology: 39 parameters
one_qubit=20, two_qubit=19
Using Gaussian Kernel (n_ops=1024, n_qubits=20):
  - sigma=1.12443349
  - sigma=0.61537785
  - sigma=0.48266127
Expected sampled operator size:
  - p=3.266297, std=1.653137
  - p=7.329559, std=2.154864
  - p=8.830810, std=2.220732
  mean: 6.475555
  std: 3.102893
Baselines enabled: 

Training ensemble Model 0 (400 epochs)...
Training has not converged after 400 steps
Model 0 final loss: 0.045487
  [Step 0/9] train_MMD=0.0486 alpha_opt=1.0000 oracle_top1_TVD=0.8881

[Step 1] Training Model 1...
  lambda_dual: 0.6250
Training has not converged after 400 steps
  Weighting: frank_wolfe alpha = 0.3750
  [Step 1/9] train_MMD=0.0100 alpha_opt=0.3750 oracle_top2_TVD=0.7762
  [OK] MMD improved (delta=+0.038573)
  SNR (proxy): 7.82 (mean_norm=0.0548, std_norm=0.0070)

[Step 2] Training Model 2...
  lambda_dual: 0.7500
Training has not converged after 400 steps
  Weighting: frank_wolfe alpha = 0.2500
  [Step 2/9] train_MMD=0.0130 alpha_opt=0.2500 oracle_top3_TVD=0.7697
  [WARNING] MMD worsened but kept (diagnostic, delta=-0.003023)
  SNR (proxy): 14.22 (mean_norm=0.0136, std_norm=0.0010)

[Step 3] Training Model 3...
  lambda_dual: 0.8125
Training has not converged after 400 steps
  Weighting: frank_wolfe alpha = 0.1875
  [Step 3/9] train_MMD=0.0156 alpha_opt=0.1875 oracle_top4_TVD=0.7632
  [WARNING] MMD worsened but kept (diagnostic, delta=-0.002613)
  SNR (proxy): 6.75 (mean_norm=0.0120, std_norm=0.0018)

[Step 4] Training Model 4...
  lambda_dual: 0.8500
Training has not converged after 400 steps
  Weighting: frank_wolfe alpha = 0.1500
  [Step 4/9] train_MMD=0.0010 alpha_opt=0.1500 oracle_top5_TVD=0.7568
  [OK] MMD improved (delta=+0.014670)
  SNR (proxy): 10.40 (mean_norm=0.0055, std_norm=0.0005)

[Step 5] Training Model 5...
  lambda_dual: 0.8750
Training has not converged after 400 steps
  Weighting: frank_wolfe alpha = 0.1250
  [Step 5/9] train_MMD=0.0011 alpha_opt=0.1250 oracle_top6_TVD=0.7503
  [WARNING] MMD worsened but kept (diagnostic, delta=-0.000122)
  SNR (proxy): 6.93 (mean_norm=0.0119, std_norm=0.0017)

[Step 6] Training Model 6...
  lambda_dual: 0.8929
Training has not converged after 400 steps
  Weighting: frank_wolfe alpha = 0.1071
  [Step 6/9] train_MMD=0.0003 alpha_opt=0.1071 oracle_top7_TVD=0.7438
  [OK] MMD improved (delta=+0.000782)
  SNR (proxy): 10.47 (mean_norm=0.0163, std_norm=0.0016)

[Step 7] Training Model 7...
  lambda_dual: 0.9062
Training has not converged after 400 steps
  Weighting: frank_wolfe alpha = 0.0937
  [Step 7/9] train_MMD=0.0003 alpha_opt=0.0937 oracle_top8_TVD=0.7373
  [OK] MMD improved (delta=+0.000031)
  SNR (proxy): 12.49 (mean_norm=0.0117, std_norm=0.0009)

[Step 8] Training Model 8...
  lambda_dual: 0.9167
Training has not converged after 400 steps
  Weighting: frank_wolfe alpha = 0.0833
  [Step 8/9] train_MMD=0.0000 alpha_opt=0.0833 oracle_top9_TVD=0.7309
  [OK] MMD improved (delta=+0.000218)
  SNR (proxy): 6.71 (mean_norm=0.0123, std_norm=0.0018)

[Step 9] Training Model 9...
  lambda_dual: 0.9250
Training has not converged after 400 steps
  Weighting: frank_wolfe alpha = 0.0750
  [Step 9/9] train_MMD=-0.0000 alpha_opt=0.0750 oracle_top10_TVD=0.7244
  [OK] MMD improved (delta=+0.000072)
  SNR (proxy): 10.24 (mean_norm=0.0128, std_norm=0.0012)

Final: 10 models, MMD=-0.0002 (delta=+0.0487) F1=nan

[FCFW] Computing Fully Corrective Frank-Wolfe weights for final ensemble...
  Weighting: fully corrective QP weights = [0.0915, 0.0891, 0.0884, 0.0882, 0.0803, 0.0962, 0.1020, 0.1599, 0.1374, 0.0669]
  FCFW Sampled MMD^2: -0.000476
  FCFW Sampled TVD:   0.4869

FINAL MODEL COMPARISON (inc. FCFW)
Model      | MMD        | TVD        | TVD*       | Valid      | Cover      | F1        
----------------------------------------------------------------------------------------
Baseline   | 0.0486     | n/a        | n/a        | n/a        | n/a        | n/a       
Ensemble   | -0.0002    | 0.520      | 0.180      | n/a        | n/a        | n/a       
Model 0    | 0.0452     | 0.837      | 0.642      | n/a        | n/a        | n/a       
Model 1    | 0.2324     | 0.770      | 0.616      | n/a        | n/a        | n/a       
Model 2    | 0.0654     | 0.997      | 0.838      | n/a        | n/a        | n/a       
Model 3    | 0.0785     | 0.756      | 0.555      | n/a        | n/a        | n/a       
Model 4    | 0.4761     | 0.822      | 0.774      | n/a        | n/a        | n/a       
Model 5    | 0.0890     | 0.802      | 0.572      | n/a        | n/a        | n/a       
Model 6    | 0.0947     | 0.808      | 0.588      | n/a        | n/a        | n/a       
Model 7    | 0.0622     | 0.790      | 0.536      | n/a        | n/a        | n/a       
Model 8    | 0.0899     | 0.774      | 0.549      | n/a        | n/a        | n/a       
Model 9    | 0.0899     | 0.801      | 0.551      | n/a        | n/a        | n/a       
Ensemble (FCFW) | -0.0005    | 0.487      | 0.150      | n/a        | n/a        | n/a       
Saving results to out/hpo/hopfield_20q_p1_b15_20260605_111726/trials/trial_0042/results.csv...
Experiment: Boosting on Hopfield (20q, 1p)
Configuration:
  train_samples: 1000
  data_seed: 42
  n_samples: 400
  n_models: 10
  learning_rate: 0.017638679644963507
  epochs_per_step: 400
  caching_level: none
  ensemble_samples_coeff: 1.0
  init_baseline: covariance
  init_later: random
  lambda_dual: 1.0
  lambda_schedule: {'type': 'frank_wolfe', 'gamma': 0.75, 'tau': 1.0}
  n_ops: 1024
  weight_strategy: frank_wolfe
  alpha_n_grid: 11
  alpha_objective_weight: 0.5
  baseline: none
  shots: 1000
  final_eval_sampling: True
  dataset_metrics: True
  exact_metrics: {'enabled': True, 'max_qubits': 20, 'phases': {'baseline': True, 'steps': False, 'final': True, 'per_model': True, 'fcfw': True}}
  keep_models_for_diagnosis: True
  stop_on_reject: False
  save_circuit_artifacts: False
  rng_seed: 42
  circuit_config: {'topology': 'aachen_heavy_hex', 'distance': 2, 'max_weight': 2, 'n_ancilla': 0}
  turbo: 10
  dynamic_is_within_shell: shell_uniform
  exact_sampling: True
  acceptance_metric: training_mmd
  skip_sampling: True
  report_fcfw: True
  dynamic_is: True
  dynamic_is_beta: 0.04248259560773484
  sigma: [2.665355863989689, 0.6946470002525175, 0.44186499142713254]
  require_exact_sampling: True
================================================================================
Saving config to out/hpo/hopfield_20q_p1_b15_20260605_111726/trials/trial_0043/config.json...
Gate structure: Qubits: 20
Aachen heavy-hex topology: 39 parameters
one_qubit=20, two_qubit=19
Using Gaussian Kernel (n_ops=1024, n_qubits=20):
  - sigma=2.66535586
  - sigma=0.69464700
  - sigma=0.44186499
Expected sampled operator size:
  - p=0.679620, std=0.810263
  - p=6.451980, std=2.090593
  - p=9.227640, std=2.229388
  mean: 5.453080
  std: 4.001179
Baselines enabled: 

Training ensemble Model 0 (400 epochs)...
Training has not converged after 400 steps
Model 0 final loss: 0.046231
  [Step 0/9] train_MMD=0.0438 alpha_opt=1.0000 oracle_top1_TVD=0.8881

[Step 1] Training Model 1...
  lambda_dual: 0.6250
Training has not converged after 400 steps
  Weighting: frank_wolfe alpha = 0.3750
  [Step 1/9] train_MMD=0.0548 alpha_opt=0.3750 oracle_top2_TVD=0.7762
  [WARNING] MMD worsened but kept (diagnostic, delta=-0.011024)
  SNR (proxy): 18.39 (mean_norm=0.1766, std_norm=0.0096)

[Step 2] Training Model 2...
  lambda_dual: 0.7500
Training has not converged after 400 steps
  Weighting: frank_wolfe alpha = 0.2500
  [Step 2/9] train_MMD=0.0114 alpha_opt=0.2500 oracle_top3_TVD=0.7697
  [OK] MMD improved (delta=+0.043431)
  SNR (proxy): 33.12 (mean_norm=0.0657, std_norm=0.0020)

[Step 3] Training Model 3...
  lambda_dual: 0.8125
Training has not converged after 400 steps
  Weighting: frank_wolfe alpha = 0.1875
  [Step 3/9] train_MMD=0.0076 alpha_opt=0.1875 oracle_top4_TVD=0.7632
  [OK] MMD improved (delta=+0.003831)
  SNR (proxy): 11.17 (mean_norm=0.0105, std_norm=0.0009)

[Step 4] Training Model 4...
  lambda_dual: 0.8500
Training has not converged after 400 steps
  Weighting: frank_wolfe alpha = 0.1500
  [Step 4/9] train_MMD=0.0037 alpha_opt=0.1500 oracle_top5_TVD=0.7568
  [OK] MMD improved (delta=+0.003857)
  SNR (proxy): 17.63 (mean_norm=0.0090, std_norm=0.0005)

[Step 5] Training Model 5...
  lambda_dual: 0.8750
Training has not converged after 400 steps
  Weighting: frank_wolfe alpha = 0.1250
  [Step 5/9] train_MMD=0.0041 alpha_opt=0.1250 oracle_top6_TVD=0.7503
  [WARNING] MMD worsened but kept (diagnostic, delta=-0.000329)
  SNR (proxy): 21.89 (mean_norm=0.0098, std_norm=0.0004)

[Step 6] Training Model 6...
  lambda_dual: 0.8929
Training has not converged after 400 steps
  Weighting: frank_wolfe alpha = 0.1071
  [Step 6/9] train_MMD=0.0013 alpha_opt=0.1071 oracle_top7_TVD=0.7438
  [OK] MMD improved (delta=+0.002735)
  SNR (proxy): 7.30 (mean_norm=0.0103, std_norm=0.0014)

[Step 7] Training Model 7...
  lambda_dual: 0.9062
Training has not converged after 400 steps
  Weighting: frank_wolfe alpha = 0.0937
  [Step 7/9] train_MMD=0.0023 alpha_opt=0.0937 oracle_top8_TVD=0.7373
  [WARNING] MMD worsened but kept (diagnostic, delta=-0.000953)
  SNR (proxy): 4.95 (mean_norm=0.0097, std_norm=0.0020)

[Step 8] Training Model 8...
  lambda_dual: 0.9167
Training has not converged after 400 steps
  Weighting: frank_wolfe alpha = 0.0833
  [Step 8/9] train_MMD=0.0008 alpha_opt=0.0833 oracle_top9_TVD=0.7309
  [OK] MMD improved (delta=+0.001459)
  SNR (proxy): 7.11 (mean_norm=0.0092, std_norm=0.0013)

[Step 9] Training Model 9...
  lambda_dual: 0.9250
Training has not converged after 400 steps
  Weighting: frank_wolfe alpha = 0.0750
  [Step 9/9] train_MMD=0.0011 alpha_opt=0.0750 oracle_top10_TVD=0.7244
  [WARNING] MMD worsened but kept (diagnostic, delta=-0.000268)
  SNR (proxy): 7.21 (mean_norm=0.0067, std_norm=0.0009)

Final: 10 models, MMD=0.0015 (delta=+0.0423) F1=nan

[FCFW] Computing Fully Corrective Frank-Wolfe weights for final ensemble...
  Weighting: fully corrective QP weights = [0.0848, 0.0983, 0.0634, 0.0729, 0.1068, 0.1042, 0.1297, 0.1520, 0.1396, 0.0483]
  FCFW Sampled MMD^2: -0.000343
  FCFW Sampled TVD:   0.5027

FINAL MODEL COMPARISON (inc. FCFW)
Model      | MMD        | TVD        | TVD*       | Valid      | Cover      | F1        
----------------------------------------------------------------------------------------
Baseline   | 0.0438     | n/a        | n/a        | n/a        | n/a        | n/a       
Ensemble   | 0.0015     | 0.552      | 0.262      | n/a        | n/a        | n/a       
Model 0    | 0.0447     | 0.999      | 0.876      | n/a        | n/a        | n/a       
Model 1    | 0.4986     | 0.836      | 0.793      | n/a        | n/a        | n/a       
Model 2    | 0.5258     | 0.836      | 0.799      | n/a        | n/a        | n/a       
Model 3    | 0.1000     | 0.965      | 0.899      | n/a        | n/a        | n/a       
Model 4    | 0.1103     | 0.966      | 0.893      | n/a        | n/a        | n/a       
Model 5    | 0.0960     | 0.890      | 0.722      | n/a        | n/a        | n/a       
Model 6    | 0.1234     | 0.802      | 0.668      | n/a        | n/a        | n/a       
Model 7    | 0.1174     | 0.786      | 0.672      | n/a        | n/a        | n/a       
Model 8    | 0.1216     | 0.803      | 0.671      | n/a        | n/a        | n/a       
Model 9    | 0.1285     | 0.815      | 0.640      | n/a        | n/a        | n/a       
Ensemble (FCFW) | -0.0003    | 0.503      | 0.232      | n/a        | n/a        | n/a       
Saving results to out/hpo/hopfield_20q_p1_b15_20260605_111726/trials/trial_0043/results.csv...
Experiment: Boosting on Hopfield (20q, 1p)
Configuration:
  train_samples: 1000
  data_seed: 42
  n_samples: 400
  n_models: 10
  learning_rate: 0.005548861325816476
  epochs_per_step: 400
  caching_level: none
  ensemble_samples_coeff: 1.0
  init_baseline: covariance
  init_later: random
  lambda_dual: 1.0
  lambda_schedule: {'type': 'frank_wolfe', 'gamma': 1.0, 'tau': 1.0}
  n_ops: 1024
  weight_strategy: frank_wolfe
  alpha_n_grid: 11
  alpha_objective_weight: 0.5
  baseline: none
  shots: 1000
  final_eval_sampling: True
  dataset_metrics: True
  exact_metrics: {'enabled': True, 'max_qubits': 20, 'phases': {'baseline': True, 'steps': False, 'final': True, 'per_model': True, 'fcfw': True}}
  keep_models_for_diagnosis: True
  stop_on_reject: False
  save_circuit_artifacts: False
  rng_seed: 42
  circuit_config: {'topology': 'aachen_heavy_hex', 'distance': 2, 'max_weight': 2, 'n_ancilla': 0}
  turbo: 10
  dynamic_is_within_shell: shell_uniform
  exact_sampling: True
  acceptance_metric: training_mmd
  skip_sampling: True
  report_fcfw: True
  dynamic_is: True
  dynamic_is_beta: 0.034023669791574604
  sigma: [0.34452295464488775]
  require_exact_sampling: True
================================================================================
Saving config to out/hpo/hopfield_20q_p1_b15_20260605_111726/trials/trial_0044/config.json...
Gate structure: Qubits: 20
Aachen heavy-hex topology: 39 parameters
one_qubit=20, two_qubit=19
Using Gaussian Kernel (n_ops=1024, n_qubits=20):
  - sigma=0.34452295
Expected sampled operator size:
  - p=9.851898, std=2.235823
  mean: 9.851898
  std: 2.235823
Baselines enabled: 

Training ensemble Model 0 (400 epochs)...
Training has not converged after 400 steps
Model 0 final loss: 0.025614
  [Step 0/9] train_MMD=0.0250 alpha_opt=1.0000 oracle_top1_TVD=0.8881

[Step 1] Training Model 1...
  lambda_dual: 0.5000
Training has not converged after 400 steps
  Weighting: frank_wolfe alpha = 0.5000
  [Step 1/9] train_MMD=0.0255 alpha_opt=0.5000 oracle_top2_TVD=0.7762
  [WARNING] MMD worsened but kept (diagnostic, delta=-0.000451)
  SNR (proxy): 6.26 (mean_norm=0.0202, std_norm=0.0032)

[Step 2] Training Model 2...
  lambda_dual: 0.6667
Training has not converged after 400 steps
  Weighting: frank_wolfe alpha = 0.3333
  [Step 2/9] train_MMD=0.0236 alpha_opt=0.3333 oracle_top3_TVD=0.7697
  [OK] MMD improved (delta=+0.001830)
  SNR (proxy): 9.12 (mean_norm=0.0231, std_norm=0.0025)

[Step 3] Training Model 3...
  lambda_dual: 0.7500
Training has not converged after 400 steps
  Weighting: frank_wolfe alpha = 0.2500
  [Step 3/9] train_MMD=0.0294 alpha_opt=0.2500 oracle_top4_TVD=0.7632
  [WARNING] MMD worsened but kept (diagnostic, delta=-0.005736)
  SNR (proxy): 13.77 (mean_norm=0.1586, std_norm=0.0115)

[Step 4] Training Model 4...
  lambda_dual: 0.8000
Training has not converged after 400 steps
  Weighting: frank_wolfe alpha = 0.2000
  [Step 4/9] train_MMD=0.0201 alpha_opt=0.2000 oracle_top5_TVD=0.7568
  [OK] MMD improved (delta=+0.009285)
  SNR (proxy): 5.72 (mean_norm=0.0163, std_norm=0.0028)

[Step 5] Training Model 5...
  lambda_dual: 0.8333
Training has not converged after 400 steps
  Weighting: frank_wolfe alpha = 0.1667
  [Step 5/9] train_MMD=0.0161 alpha_opt=0.1667 oracle_top6_TVD=0.7503
  [OK] MMD improved (delta=+0.003960)
  SNR (proxy): 5.17 (mean_norm=0.0147, std_norm=0.0029)

[Step 6] Training Model 6...
  lambda_dual: 0.8571
Training has not converged after 400 steps
  Weighting: frank_wolfe alpha = 0.1429
  [Step 6/9] train_MMD=0.0147 alpha_opt=0.1429 oracle_top7_TVD=0.7438
  [OK] MMD improved (delta=+0.001394)
  SNR (proxy): 5.66 (mean_norm=0.0123, std_norm=0.0022)

[Step 7] Training Model 7...
  lambda_dual: 0.8750
Training has not converged after 400 steps
  Weighting: frank_wolfe alpha = 0.1250
  [Step 7/9] train_MMD=0.0145 alpha_opt=0.1250 oracle_top8_TVD=0.7373
  [OK] MMD improved (delta=+0.000257)
  SNR (proxy): 11.95 (mean_norm=0.0097, std_norm=0.0008)

[Step 8] Training Model 8...
  lambda_dual: 0.8889
Training has not converged after 400 steps
  Weighting: frank_wolfe alpha = 0.1111
  [Step 8/9] train_MMD=0.0136 alpha_opt=0.1111 oracle_top9_TVD=0.7309
  [OK] MMD improved (delta=+0.000899)
  SNR (proxy): 7.17 (mean_norm=0.0090, std_norm=0.0013)

[Step 9] Training Model 9...
  lambda_dual: 0.9000
Training has not converged after 400 steps
  Weighting: frank_wolfe alpha = 0.1000
  [Step 9/9] train_MMD=0.0151 alpha_opt=0.1000 oracle_top10_TVD=0.7244
  [WARNING] MMD worsened but kept (diagnostic, delta=-0.001502)
  SNR (proxy): 15.98 (mean_norm=0.0652, std_norm=0.0041)

Final: 10 models, MMD=0.0148 (delta=+0.0102) F1=nan

[FCFW] Computing Fully Corrective Frank-Wolfe weights for final ensemble...
  Weighting: fully corrective QP weights = [0.0000, 0.5486, 0.0000, 0.0000, 0.0000, 0.0000, 0.2476, 0.0000, 0.0000, 0.2037]
  FCFW Sampled MMD^2: 0.013410
  FCFW Sampled TVD:   0.8237

FINAL MODEL COMPARISON (inc. FCFW)
Model      | MMD        | TVD        | TVD*       | Valid      | Cover      | F1        
----------------------------------------------------------------------------------------
Baseline   | 0.0250     | n/a        | n/a        | n/a        | n/a        | n/a       
Ensemble   | 0.0148     | 0.837      | 0.722      | n/a        | n/a        | n/a       
Model 0    | 0.0247     | 1.000      | 0.857      | n/a        | n/a        | n/a       
Model 1    | 0.0247     | 1.000      | 0.906      | n/a        | n/a        | n/a       
Model 2    | 0.0247     | 1.000      | 0.937      | n/a        | n/a        | n/a       
Model 3    | 0.5995     | 0.853      | 0.829      | n/a        | n/a        | n/a       
Model 4    | 0.0247     | 1.000      | 0.958      | n/a        | n/a        | n/a       
Model 5    | 0.0247     | 1.000      | 0.953      | n/a        | n/a        | n/a       
Model 6    | 0.0247     | 1.000      | 0.944      | n/a        | n/a        | n/a       
Model 7    | 0.0247     | 1.000      | 0.964      | n/a        | n/a        | n/a       
Model 8    | 0.0247     | 1.000      | 0.957      | n/a        | n/a        | n/a       
Model 9    | 0.1735     | 0.791      | 0.741      | n/a        | n/a        | n/a       
Ensemble (FCFW) | 0.0134     | 0.824      | 0.712      | n/a        | n/a        | n/a       
Saving results to out/hpo/hopfield_20q_p1_b15_20260605_111726/trials/trial_0044/results.csv...
Experiment: Boosting on Hopfield (20q, 1p)
Configuration:
  train_samples: 1000
  data_seed: 42
  n_samples: 400
  n_models: 10
  learning_rate: 0.0025258464587598183
  epochs_per_step: 400
  caching_level: none
  ensemble_samples_coeff: 1.0
  init_baseline: covariance
  init_later: random
  lambda_dual: 1.0
  lambda_schedule: {'type': 'frank_wolfe', 'gamma': 0.75, 'tau': 1.0}
  n_ops: 1024
  weight_strategy: frank_wolfe
  alpha_n_grid: 11
  alpha_objective_weight: 0.5
  baseline: none
  shots: 1000
  final_eval_sampling: True
  dataset_metrics: True
  exact_metrics: {'enabled': True, 'max_qubits': 20, 'phases': {'baseline': True, 'steps': False, 'final': True, 'per_model': True, 'fcfw': True}}
  keep_models_for_diagnosis: True
  stop_on_reject: False
  save_circuit_artifacts: False
  rng_seed: 42
  circuit_config: {'topology': 'aachen_heavy_hex', 'distance': 2, 'max_weight': 2, 'n_ancilla': 0}
  turbo: 10
  dynamic_is_within_shell: shell_uniform
  exact_sampling: True
  acceptance_metric: training_mmd
  skip_sampling: True
  report_fcfw: True
  dynamic_is: False
  dynamic_is_beta: 0.025100524289451587
  sigma: [0.886747027014059, 0.6694188382659624, 0.49762438262792713]
  require_exact_sampling: True
================================================================================
Saving config to out/hpo/hopfield_20q_p1_b15_20260605_111726/trials/trial_0045/config.json...
Gate structure: Qubits: 20
Aachen heavy-hex topology: 39 parameters
one_qubit=20, two_qubit=19
Using Gaussian Kernel (n_ops=1024, n_qubits=20):
  - sigma=0.88674703
  - sigma=0.66941884
  - sigma=0.49762438
Expected sampled operator size:
  - p=4.705271, std=1.896916
  - p=6.723367, std=2.112625
  - p=8.672306, std=2.216272
  mean: 6.700314
  std: 2.635831
Baselines enabled: 

Training ensemble Model 0 (400 epochs)...
Training has not converged after 400 steps
Model 0 final loss: 0.035297
  [Step 0/9] train_MMD=0.0354 alpha_opt=1.0000 oracle_top1_TVD=0.8881

[Step 1] Training Model 1...
  lambda_dual: 0.6250
Training has not converged after 400 steps
  Weighting: frank_wolfe alpha = 0.3750
  [Step 1/9] train_MMD=0.0054 alpha_opt=0.3750 oracle_top2_TVD=0.7762
  [OK] MMD improved (delta=+0.030051)
  SNR (proxy): 3.49 (mean_norm=0.0116, std_norm=0.0033)

[Step 2] Training Model 2...
  lambda_dual: 0.7500
Training has not converged after 400 steps
  Weighting: frank_wolfe alpha = 0.2500
  [Step 2/9] train_MMD=0.0094 alpha_opt=0.2500 oracle_top3_TVD=0.7697
  [WARNING] MMD worsened but kept (diagnostic, delta=-0.004005)
  SNR (proxy): 18.62 (mean_norm=0.0215, std_norm=0.0012)

[Step 3] Training Model 3...
  lambda_dual: 0.8125
Training has not converged after 400 steps
  Weighting: frank_wolfe alpha = 0.1875
  [Step 3/9] train_MMD=0.0009 alpha_opt=0.1875 oracle_top4_TVD=0.7632
  [OK] MMD improved (delta=+0.008526)
  SNR (proxy): 3.99 (mean_norm=0.0183, std_norm=0.0046)

[Step 4] Training Model 4...
  lambda_dual: 0.8500
Training has not converged after 400 steps
  Weighting: frank_wolfe alpha = 0.1500
  [Step 4/9] train_MMD=0.0007 alpha_opt=0.1500 oracle_top5_TVD=0.7568
  [OK] MMD improved (delta=+0.000225)
  SNR (proxy): 6.04 (mean_norm=0.0205, std_norm=0.0034)

[Step 5] Training Model 5...
  lambda_dual: 0.8750
Training has not converged after 400 steps
  Weighting: frank_wolfe alpha = 0.1250
  [Step 5/9] train_MMD=0.0002 alpha_opt=0.1250 oracle_top6_TVD=0.7503
  [OK] MMD improved (delta=+0.000430)
  SNR (proxy): 7.89 (mean_norm=0.0209, std_norm=0.0026)

[Step 6] Training Model 6...
  lambda_dual: 0.8929
Training has not converged after 400 steps
  Weighting: frank_wolfe alpha = 0.1071
  [Step 6/9] train_MMD=0.0002 alpha_opt=0.1071 oracle_top7_TVD=0.7438
  [OK] MMD improved (delta=+0.000052)
  SNR (proxy): 8.82 (mean_norm=0.0161, std_norm=0.0018)

[Step 7] Training Model 7...
  lambda_dual: 0.9062
Training has not converged after 400 steps
  Weighting: frank_wolfe alpha = 0.0937
  [Step 7/9] train_MMD=-0.0000 alpha_opt=0.0937 oracle_top8_TVD=0.7373
  [OK] MMD improved (delta=+0.000191)
  SNR (proxy): 12.99 (mean_norm=0.0151, std_norm=0.0012)

[Step 8] Training Model 8...
  lambda_dual: 0.9167
Training has not converged after 400 steps
  Weighting: frank_wolfe alpha = 0.0833
  [Step 8/9] train_MMD=-0.0000 alpha_opt=0.0833 oracle_top9_TVD=0.7309
  [OK] MMD improved (delta=+0.000005)
  SNR (proxy): 6.05 (mean_norm=0.0119, std_norm=0.0020)

[Step 9] Training Model 9...
  lambda_dual: 0.9250
Training has not converged after 400 steps
  Weighting: frank_wolfe alpha = 0.0750
  [Step 9/9] train_MMD=-0.0001 alpha_opt=0.0750 oracle_top10_TVD=0.7244
  [OK] MMD improved (delta=+0.000031)
  SNR (proxy): 11.56 (mean_norm=0.0123, std_norm=0.0011)

Final: 10 models, MMD=-0.0005 (delta=+0.0359) F1=nan

[FCFW] Computing Fully Corrective Frank-Wolfe weights for final ensemble...
  Weighting: fully corrective QP weights = [0.1814, 0.1648, 0.1083, 0.1140, 0.0549, 0.0720, 0.1627, 0.1139, 0.0000, 0.0281]
  FCFW Sampled MMD^2: -0.000449
  FCFW Sampled TVD:   0.4922

FINAL MODEL COMPARISON (inc. FCFW)
Model      | MMD        | TVD        | TVD*       | Valid      | Cover      | F1        
----------------------------------------------------------------------------------------
Baseline   | 0.0354     | n/a        | n/a        | n/a        | n/a        | n/a       
Ensemble   | -0.0005    | 0.497      | 0.192      | n/a        | n/a        | n/a       
Model 0    | 0.0352     | 0.853      | 0.561      | n/a        | n/a        | n/a       
Model 1    | 0.1378     | 0.774      | 0.587      | n/a        | n/a        | n/a       
Model 2    | 0.0382     | 0.860      | 0.571      | n/a        | n/a        | n/a       
Model 3    | 0.1973     | 0.778      | 0.656      | n/a        | n/a        | n/a       
Model 4    | 0.0813     | 0.766      | 0.560      | n/a        | n/a        | n/a       
Model 5    | 0.1016     | 0.796      | 0.580      | n/a        | n/a        | n/a       
Model 6    | 0.0703     | 0.788      | 0.548      | n/a        | n/a        | n/a       
Model 7    | 0.0611     | 0.785      | 0.551      | n/a        | n/a        | n/a       
Model 8    | 0.0609     | 0.794      | 0.574      | n/a        | n/a        | n/a       
Model 9    | 0.0747     | 0.796      | 0.554      | n/a        | n/a        | n/a       
Ensemble (FCFW) | -0.0004    | 0.492      | 0.182      | n/a        | n/a        | n/a       
Saving results to out/hpo/hopfield_20q_p1_b15_20260605_111726/trials/trial_0045/results.csv...
Experiment: Boosting on Hopfield (20q, 1p)
Configuration:
  train_samples: 1000
  data_seed: 42
  n_samples: 400
  n_models: 10
  learning_rate: 0.009354108822548682
  epochs_per_step: 400
  caching_level: none
  ensemble_samples_coeff: 1.0
  init_baseline: covariance
  init_later: random
  lambda_dual: 1.0
  lambda_schedule: {'type': 'frank_wolfe', 'gamma': 0.75, 'tau': 1.0}
  n_ops: 1024
  weight_strategy: frank_wolfe
  alpha_n_grid: 11
  alpha_objective_weight: 0.5
  baseline: none
  shots: 1000
  final_eval_sampling: True
  dataset_metrics: True
  exact_metrics: {'enabled': True, 'max_qubits': 20, 'phases': {'baseline': True, 'steps': False, 'final': True, 'per_model': True, 'fcfw': True}}
  keep_models_for_diagnosis: True
  stop_on_reject: False
  save_circuit_artifacts: False
  rng_seed: 42
  circuit_config: {'topology': 'aachen_heavy_hex', 'distance': 2, 'max_weight': 2, 'n_ancilla': 0}
  turbo: 10
  dynamic_is_within_shell: shell_uniform
  exact_sampling: True
  acceptance_metric: training_mmd
  skip_sampling: True
  report_fcfw: True
  dynamic_is: True
  dynamic_is_beta: 0.060009460987753685
  sigma: [1.5657153937136703, 0.6968887396897162, 0.47362700314963035]
  require_exact_sampling: True
================================================================================
Saving config to out/hpo/hopfield_20q_p1_b15_20260605_111726/trials/trial_0046/config.json...
Gate structure: Qubits: 20
Aachen heavy-hex topology: 39 parameters
one_qubit=20, two_qubit=19
Using Gaussian Kernel (n_ops=1024, n_qubits=20):
  - sigma=1.56571539
  - sigma=0.69688874
  - sigma=0.47362700
Expected sampled operator size:
  - p=1.845048, std=1.294155
  - p=6.428287, std=2.088574
  - p=8.923568, std=2.223076
  mean: 5.732301
  std: 3.500398
Baselines enabled: 

Training ensemble Model 0 (400 epochs)...
Training has not converged after 400 steps
Model 0 final loss: 0.066250
  [Step 0/9] train_MMD=0.0628 alpha_opt=1.0000 oracle_top1_TVD=0.8881

[Step 1] Training Model 1...
  lambda_dual: 0.6250
Training has not converged after 400 steps
  Weighting: frank_wolfe alpha = 0.3750
  [Step 1/9] train_MMD=0.0197 alpha_opt=0.3750 oracle_top2_TVD=0.7762
  [OK] MMD improved (delta=+0.043145)
  SNR (proxy): 19.73 (mean_norm=0.1003, std_norm=0.0051)

[Step 2] Training Model 2...
  lambda_dual: 0.7500
Training has not converged after 400 steps
  Weighting: frank_wolfe alpha = 0.2500
  [Step 2/9] train_MMD=0.0202 alpha_opt=0.2500 oracle_top3_TVD=0.7697
  [WARNING] MMD worsened but kept (diagnostic, delta=-0.000537)
  SNR (proxy): 18.45 (mean_norm=0.0172, std_norm=0.0009)

[Step 3] Training Model 3...
  lambda_dual: 0.8125
Training has not converged after 400 steps
  Weighting: frank_wolfe alpha = 0.1875
  [Step 3/9] train_MMD=0.0233 alpha_opt=0.1875 oracle_top4_TVD=0.7632
  [WARNING] MMD worsened but kept (diagnostic, delta=-0.003085)
  SNR (proxy): 17.15 (mean_norm=0.0197, std_norm=0.0011)

[Step 4] Training Model 4...
  lambda_dual: 0.8500
Training has not converged after 400 steps
  Weighting: frank_wolfe alpha = 0.1500
  [Step 4/9] train_MMD=0.0030 alpha_opt=0.1500 oracle_top5_TVD=0.7568
  [OK] MMD improved (delta=+0.020273)
  SNR (proxy): 16.44 (mean_norm=0.0086, std_norm=0.0005)

[Step 5] Training Model 5...
  lambda_dual: 0.8750
Training has not converged after 400 steps
  Weighting: frank_wolfe alpha = 0.1250
  [Step 5/9] train_MMD=0.0033 alpha_opt=0.1250 oracle_top6_TVD=0.7503
  [WARNING] MMD worsened but kept (diagnostic, delta=-0.000324)
  SNR (proxy): 5.54 (mean_norm=0.0140, std_norm=0.0025)

[Step 6] Training Model 6...
  lambda_dual: 0.8929
Training has not converged after 400 steps
  Weighting: frank_wolfe alpha = 0.1071
  [Step 6/9] train_MMD=0.0013 alpha_opt=0.1071 oracle_top7_TVD=0.7438
  [OK] MMD improved (delta=+0.002006)
  SNR (proxy): 5.74 (mean_norm=0.0086, std_norm=0.0015)

[Step 7] Training Model 7...
  lambda_dual: 0.9062
Training has not converged after 400 steps
  Weighting: frank_wolfe alpha = 0.0937
  [Step 7/9] train_MMD=0.0010 alpha_opt=0.0937 oracle_top8_TVD=0.7373
  [OK] MMD improved (delta=+0.000340)
  SNR (proxy): 13.45 (mean_norm=0.0099, std_norm=0.0007)

[Step 8] Training Model 8...
  lambda_dual: 0.9167
Training has not converged after 400 steps
  Weighting: frank_wolfe alpha = 0.0833
  [Step 8/9] train_MMD=0.0021 alpha_opt=0.0833 oracle_top9_TVD=0.7309
  [WARNING] MMD worsened but kept (diagnostic, delta=-0.001132)
  SNR (proxy): 11.25 (mean_norm=0.0054, std_norm=0.0005)

[Step 9] Training Model 9...
  lambda_dual: 0.9250
Training has not converged after 400 steps
  Weighting: frank_wolfe alpha = 0.0750
  [Step 9/9] train_MMD=0.0004 alpha_opt=0.0750 oracle_top10_TVD=0.7244
  [OK] MMD improved (delta=+0.001737)
  SNR (proxy): 7.52 (mean_norm=0.0135, std_norm=0.0018)

Final: 10 models, MMD=0.0008 (delta=+0.0620) F1=nan

[FCFW] Computing Fully Corrective Frank-Wolfe weights for final ensemble...
  Weighting: fully corrective QP weights = [0.0355, 0.0130, 0.0693, 0.1322, 0.0593, 0.1252, 0.1464, 0.1573, 0.1143, 0.1474]
  FCFW Sampled MMD^2: -0.000457
  FCFW Sampled TVD:   0.4955

FINAL MODEL COMPARISON (inc. FCFW)
Model      | MMD        | TVD        | TVD*       | Valid      | Cover      | F1        
----------------------------------------------------------------------------------------
Baseline   | 0.0628     | n/a        | n/a        | n/a        | n/a        | n/a       
Ensemble   | 0.0008     | 0.550      | 0.211      | n/a        | n/a        | n/a       
Model 0    | 0.0619     | 0.891      | 0.763      | n/a        | n/a        | n/a       
Model 1    | 0.3272     | 0.755      | 0.666      | n/a        | n/a        | n/a       
Model 2    | 0.0798     | 0.997      | 0.845      | n/a        | n/a        | n/a       
Model 3    | 0.0798     | 0.884      | 0.640      | n/a        | n/a        | n/a       
Model 4    | 0.6145     | 0.855      | 0.835      | n/a        | n/a        | n/a       
Model 5    | 0.1881     | 0.816      | 0.651      | n/a        | n/a        | n/a       
Model 6    | 0.1648     | 0.778      | 0.636      | n/a        | n/a        | n/a       
Model 7    | 0.0994     | 0.822      | 0.540      | n/a        | n/a        | n/a       
Model 8    | 0.0843     | 0.835      | 0.566      | n/a        | n/a        | n/a       
Model 9    | 0.1883     | 0.808      | 0.610      | n/a        | n/a        | n/a       
Ensemble (FCFW) | -0.0005    | 0.496      | 0.141      | n/a        | n/a        | n/a       
Saving results to out/hpo/hopfield_20q_p1_b15_20260605_111726/trials/trial_0046/results.csv...
Experiment: Boosting on Hopfield (20q, 1p)
Configuration:
  train_samples: 1000
  data_seed: 42
  n_samples: 400
  n_models: 10
  learning_rate: 0.033457906739828173
  epochs_per_step: 400
  caching_level: none
  ensemble_samples_coeff: 1.0
  init_baseline: covariance
  init_later: random
  lambda_dual: 1.0
  lambda_schedule: {'type': 'frank_wolfe', 'gamma': 0.25, 'tau': 1.0}
  n_ops: 2048
  weight_strategy: frank_wolfe
  alpha_n_grid: 11
  alpha_objective_weight: 0.5
  baseline: none
  shots: 1000
  final_eval_sampling: True
  dataset_metrics: True
  exact_metrics: {'enabled': True, 'max_qubits': 20, 'phases': {'baseline': True, 'steps': False, 'final': True, 'per_model': True, 'fcfw': True}}
  keep_models_for_diagnosis: True
  stop_on_reject: False
  save_circuit_artifacts: False
  rng_seed: 42
  circuit_config: {'topology': 'aachen_heavy_hex', 'distance': 2, 'max_weight': 2, 'n_ancilla': 0}
  turbo: 10
  dynamic_is_within_shell: shell_uniform
  exact_sampling: True
  acceptance_metric: training_mmd
  skip_sampling: True
  report_fcfw: True
  dynamic_is: True
  dynamic_is_beta: 0.04829210110097848
  sigma: [0.9836899991467869, 0.7841312986509655, 0.5327934859740554]
  require_exact_sampling: True
================================================================================
Saving config to out/hpo/hopfield_20q_p1_b15_20260605_111726/trials/trial_0047/config.json...
Gate structure: Qubits: 20
Aachen heavy-hex topology: 39 parameters
one_qubit=20, two_qubit=19
Using Gaussian Kernel (n_ops=2048, n_qubits=20):
  - sigma=0.98369000
  - sigma=0.78413130
  - sigma=0.53279349
Expected sampled operator size:
  - p=4.035250, std=1.794739
  - p=5.565591, std=2.004196
  - p=8.281918, std=2.202819
  mean: 5.960919
  std: 2.667197
Baselines enabled: 

Training ensemble Model 0 (400 epochs)...
Training has not converged after 400 steps
Model 0 final loss: 0.045437
  [Step 0/9] train_MMD=0.0459 alpha_opt=1.0000 oracle_top1_TVD=0.8881

[Step 1] Training Model 1...
  lambda_dual: 0.8750
Training has not converged after 400 steps
  Weighting: frank_wolfe alpha = 0.1250
  [Step 1/9] train_MMD=0.0130 alpha_opt=0.1250 oracle_top2_TVD=0.7762
  [OK] MMD improved (delta=+0.032848)
  SNR (proxy): 5.88 (mean_norm=0.0000, std_norm=0.0000)

[Step 2] Training Model 2...
  lambda_dual: 0.9167
Training has not converged after 400 steps
  Weighting: frank_wolfe alpha = 0.0833
  [Step 2/9] train_MMD=0.0081 alpha_opt=0.0833 oracle_top3_TVD=0.7697
  [OK] MMD improved (delta=+0.004903)
  SNR (proxy): 12.43 (mean_norm=0.0194, std_norm=0.0016)

[Step 3] Training Model 3...
  lambda_dual: 0.9375
Training has not converged after 400 steps
  Weighting: frank_wolfe alpha = 0.0625
  [Step 3/9] train_MMD=0.0068 alpha_opt=0.0625 oracle_top4_TVD=0.7632
  [OK] MMD improved (delta=+0.001308)
  SNR (proxy): 9.88 (mean_norm=0.0106, std_norm=0.0011)

[Step 4] Training Model 4...
  lambda_dual: 0.9500
Training has not converged after 400 steps
  Weighting: frank_wolfe alpha = 0.0500
  [Step 4/9] train_MMD=0.0077 alpha_opt=0.0500 oracle_top5_TVD=0.7568
  [WARNING] MMD worsened but kept (diagnostic, delta=-0.000874)
  SNR (proxy): 11.19 (mean_norm=0.0059, std_norm=0.0005)

[Step 5] Training Model 5...
  lambda_dual: 0.9583
Training has not converged after 400 steps
  Weighting: frank_wolfe alpha = 0.0417
  [Step 5/9] train_MMD=0.0073 alpha_opt=0.0417 oracle_top6_TVD=0.7503
  [OK] MMD improved (delta=+0.000420)
  SNR (proxy): 28.46 (mean_norm=0.0089, std_norm=0.0003)

[Step 6] Training Model 6...
  lambda_dual: 0.9643
Training has not converged after 400 steps
  Weighting: frank_wolfe alpha = 0.0357
  [Step 6/9] train_MMD=0.0071 alpha_opt=0.0357 oracle_top7_TVD=0.7438
  [OK] MMD improved (delta=+0.000131)
  SNR (proxy): 13.25 (mean_norm=0.0080, std_norm=0.0006)

[Step 7] Training Model 7...
  lambda_dual: 0.9688
Training has not converged after 400 steps
  Weighting: frank_wolfe alpha = 0.0312
  [Step 7/9] train_MMD=0.0069 alpha_opt=0.0312 oracle_top8_TVD=0.7373
  [OK] MMD improved (delta=+0.000252)
  SNR (proxy): 13.27 (mean_norm=0.0042, std_norm=0.0003)

[Step 8] Training Model 8...
  lambda_dual: 0.9722
Training has not converged after 400 steps
  Weighting: frank_wolfe alpha = 0.0278
  [Step 8/9] train_MMD=0.0069 alpha_opt=0.0278 oracle_top9_TVD=0.7309
  [WARNING] MMD worsened but kept (diagnostic, delta=-0.000035)
  SNR (proxy): 14.41 (mean_norm=0.0044, std_norm=0.0003)

[Step 9] Training Model 9...
  lambda_dual: 0.9750
Training has not converged after 400 steps
  Weighting: frank_wolfe alpha = 0.0250
  [Step 9/9] train_MMD=0.0074 alpha_opt=0.0250 oracle_top10_TVD=0.7244
  [WARNING] MMD worsened but kept (diagnostic, delta=-0.000513)
  SNR (proxy): 9.73 (mean_norm=0.0049, std_norm=0.0005)

Final: 10 models, MMD=0.0062 (delta=+0.0397) F1=nan

[FCFW] Computing Fully Corrective Frank-Wolfe weights for final ensemble...
  Weighting: fully corrective QP weights = [0.6911, 0.0000, 0.1726, 0.0306, 0.0326, 0.0271, 0.0147, 0.0174, 0.0139, 0.0000]
  FCFW Sampled MMD^2: 0.004955
  FCFW Sampled TVD:   0.6101

FINAL MODEL COMPARISON (inc. FCFW)
Model      | MMD        | TVD        | TVD*       | Valid      | Cover      | F1        
----------------------------------------------------------------------------------------
Baseline   | 0.0459     | n/a        | n/a        | n/a        | n/a        | n/a       
Ensemble   | 0.0062     | 0.627      | 0.420      | n/a        | n/a        | n/a       
Model 0    | 0.0450     | 0.789      | 0.586      | n/a        | n/a        | n/a       
Model 1    | 0.7100     | 0.888      | 0.888      | n/a        | n/a        | n/a       
Model 2    | 0.5153     | 0.861      | 0.815      | n/a        | n/a        | n/a       
Model 3    | 0.1909     | 0.979      | 0.957      | n/a        | n/a        | n/a       
Model 4    | 0.2061     | 0.970      | 0.937      | n/a        | n/a        | n/a       
Model 5    | 0.1062     | 0.975      | 0.953      | n/a        | n/a        | n/a       
Model 6    | 0.1378     | 0.981      | 0.962      | n/a        | n/a        | n/a       
Model 7    | 0.1169     | 0.973      | 0.948      | n/a        | n/a        | n/a       
Model 8    | 0.1108     | 0.986      | 0.950      | n/a        | n/a        | n/a       
Model 9    | 0.1084     | 0.983      | 0.948      | n/a        | n/a        | n/a       
Ensemble (FCFW) | 0.0050     | 0.610      | 0.414      | n/a        | n/a        | n/a       
Saving results to out/hpo/hopfield_20q_p1_b15_20260605_111726/trials/trial_0047/results.csv...
Experiment: Boosting on Hopfield (20q, 1p)
Configuration:
  train_samples: 1000
  data_seed: 42
  n_samples: 400
  n_models: 10
  learning_rate: 0.0069181531409913824
  epochs_per_step: 400
  caching_level: none
  ensemble_samples_coeff: 1.0
  init_baseline: covariance
  init_later: random
  lambda_dual: 1.0
  lambda_schedule: {'type': 'frank_wolfe', 'gamma': 0.75, 'tau': 1.0}
  n_ops: 2048
  weight_strategy: frank_wolfe
  alpha_n_grid: 11
  alpha_objective_weight: 0.5
  baseline: none
  shots: 1000
  final_eval_sampling: True
  dataset_metrics: True
  exact_metrics: {'enabled': True, 'max_qubits': 20, 'phases': {'baseline': True, 'steps': False, 'final': True, 'per_model': True, 'fcfw': True}}
  keep_models_for_diagnosis: True
  stop_on_reject: False
  save_circuit_artifacts: False
  rng_seed: 42
  circuit_config: {'topology': 'aachen_heavy_hex', 'distance': 2, 'max_weight': 2, 'n_ancilla': 0}
  turbo: 10
  dynamic_is_within_shell: shell_uniform
  exact_sampling: True
  acceptance_metric: training_mmd
  skip_sampling: True
  report_fcfw: True
  dynamic_is: False
  dynamic_is_beta: 0.024758258348336087
  sigma: [0.7162506805919148]
  require_exact_sampling: True
================================================================================
Saving config to out/hpo/hopfield_20q_p1_b15_20260605_111726/trials/trial_0048/config.json...
Gate structure: Qubits: 20
Aachen heavy-hex topology: 39 parameters
one_qubit=20, two_qubit=19
Using Gaussian Kernel (n_ops=2048, n_qubits=20):
  - sigma=0.71625068
Expected sampled operator size:
  - p=6.226682, std=2.070774
  mean: 6.226682
  std: 2.070774
Baselines enabled: 

Training ensemble Model 0 (400 epochs)...
Training has not converged after 400 steps
Model 0 final loss: 0.035560
  [Step 0/9] train_MMD=0.0364 alpha_opt=1.0000 oracle_top1_TVD=0.8881

[Step 1] Training Model 1...
  lambda_dual: 0.6250
Training has not converged after 400 steps
  Weighting: frank_wolfe alpha = 0.3750
  [Step 1/9] train_MMD=0.0061 alpha_opt=0.3750 oracle_top2_TVD=0.7762
  [OK] MMD improved (delta=+0.030362)
  SNR (proxy): 1.78 (mean_norm=0.0185, std_norm=0.0104)

[Step 2] Training Model 2...
  lambda_dual: 0.7500
Training has not converged after 400 steps
  Weighting: frank_wolfe alpha = 0.2500
  [Step 2/9] train_MMD=0.0104 alpha_opt=0.2500 oracle_top3_TVD=0.7697
  [WARNING] MMD worsened but kept (diagnostic, delta=-0.004345)
  SNR (proxy): 11.60 (mean_norm=0.0280, std_norm=0.0024)

[Step 3] Training Model 3...
  lambda_dual: 0.8125
Training has not converged after 400 steps
  Weighting: frank_wolfe alpha = 0.1875
  [Step 3/9] train_MMD=0.0013 alpha_opt=0.1875 oracle_top4_TVD=0.7632
  [OK] MMD improved (delta=+0.009126)
  SNR (proxy): 4.89 (mean_norm=0.0280, std_norm=0.0057)

[Step 4] Training Model 4...
  lambda_dual: 0.8500
Training has not converged after 400 steps
  Weighting: frank_wolfe alpha = 0.1500
  [Step 4/9] train_MMD=0.0008 alpha_opt=0.1500 oracle_top5_TVD=0.7568
  [OK] MMD improved (delta=+0.000433)
  SNR (proxy): 4.12 (mean_norm=0.0268, std_norm=0.0065)

[Step 5] Training Model 5...
  lambda_dual: 0.8750
Training has not converged after 400 steps
  Weighting: frank_wolfe alpha = 0.1250
  [Step 5/9] train_MMD=0.0002 alpha_opt=0.1250 oracle_top6_TVD=0.7503
  [OK] MMD improved (delta=+0.000640)
  SNR (proxy): 7.61 (mean_norm=0.0282, std_norm=0.0037)

[Step 6] Training Model 6...
  lambda_dual: 0.8929
Training has not converged after 400 steps
  Weighting: frank_wolfe alpha = 0.1071
  [Step 6/9] train_MMD=0.0001 alpha_opt=0.1071 oracle_top7_TVD=0.7438
  [OK] MMD improved (delta=+0.000056)
  SNR (proxy): 2.87 (mean_norm=0.0176, std_norm=0.0061)

[Step 7] Training Model 7...
  lambda_dual: 0.9062
Training has not converged after 400 steps
  Weighting: frank_wolfe alpha = 0.0937
  [Step 7/9] train_MMD=-0.0000 alpha_opt=0.0937 oracle_top8_TVD=0.7373
  [OK] MMD improved (delta=+0.000175)
  SNR (proxy): 5.44 (mean_norm=0.0157, std_norm=0.0029)

[Step 8] Training Model 8...
  lambda_dual: 0.9167
Training has not converged after 400 steps
  Weighting: frank_wolfe alpha = 0.0833
  [Step 8/9] train_MMD=-0.0000 alpha_opt=0.0833 oracle_top9_TVD=0.7309
  [WARNING] MMD worsened but kept (diagnostic, delta=-0.000007)
  SNR (proxy): 4.96 (mean_norm=0.0147, std_norm=0.0030)

[Step 9] Training Model 9...
  lambda_dual: 0.9250
Training has not converged after 400 steps
  Weighting: frank_wolfe alpha = 0.0750
  [Step 9/9] train_MMD=-0.0001 alpha_opt=0.0750 oracle_top10_TVD=0.7244
  [OK] MMD improved (delta=+0.000089)
  SNR (proxy): 5.24 (mean_norm=0.0198, std_norm=0.0038)

Final: 10 models, MMD=-0.0005 (delta=+0.0370) F1=nan

[FCFW] Computing Fully Corrective Frank-Wolfe weights for final ensemble...
  Weighting: fully corrective QP weights = [0.1702, 0.2825, 0.1655, 0.1303, 0.0521, 0.0982, 0.0000, 0.1012, 0.0000, 0.0000]
  FCFW Sampled MMD^2: -0.000528
  FCFW Sampled TVD:   0.4995

FINAL MODEL COMPARISON (inc. FCFW)
Model      | MMD        | TVD        | TVD*       | Valid      | Cover      | F1        
----------------------------------------------------------------------------------------
Baseline   | 0.0364     | n/a        | n/a        | n/a        | n/a        | n/a       
Ensemble   | -0.0005    | 0.491      | 0.174      | n/a        | n/a        | n/a       
Model 0    | 0.0342     | 0.803      | 0.550      | n/a        | n/a        | n/a       
Model 1    | 0.1349     | 0.778      | 0.573      | n/a        | n/a        | n/a       
Model 2    | 0.0371     | 0.849      | 0.563      | n/a        | n/a        | n/a       
Model 3    | 0.1933     | 0.761      | 0.627      | n/a        | n/a        | n/a       
Model 4    | 0.0888     | 0.748      | 0.554      | n/a        | n/a        | n/a       
Model 5    | 0.1211     | 0.809      | 0.554      | n/a        | n/a        | n/a       
Model 6    | 0.0596     | 0.788      | 0.545      | n/a        | n/a        | n/a       
Model 7    | 0.0665     | 0.770      | 0.551      | n/a        | n/a        | n/a       
Model 8    | 0.0701     | 0.796      | 0.549      | n/a        | n/a        | n/a       
Model 9    | 0.0632     | 0.796      | 0.540      | n/a        | n/a        | n/a       
Ensemble (FCFW) | -0.0005    | 0.499      | 0.163      | n/a        | n/a        | n/a       
Saving results to out/hpo/hopfield_20q_p1_b15_20260605_111726/trials/trial_0048/results.csv...
Experiment: Boosting on Hopfield (20q, 1p)
Configuration:
  train_samples: 1000
  data_seed: 42
  n_samples: 400
  n_models: 10
  learning_rate: 0.02773897014517203
  epochs_per_step: 400
  caching_level: none
  ensemble_samples_coeff: 1.0
  init_baseline: covariance
  init_later: random
  lambda_dual: 1.0
  lambda_schedule: {'type': 'frank_wolfe', 'gamma': 0.75, 'tau': 1.0}
  n_ops: 1024
  weight_strategy: frank_wolfe
  alpha_n_grid: 11
  alpha_objective_weight: 0.5
  baseline: none
  shots: 1000
  final_eval_sampling: True
  dataset_metrics: True
  exact_metrics: {'enabled': True, 'max_qubits': 20, 'phases': {'baseline': True, 'steps': False, 'final': True, 'per_model': True, 'fcfw': True}}
  keep_models_for_diagnosis: True
  stop_on_reject: False
  save_circuit_artifacts: False
  rng_seed: 42
  circuit_config: {'topology': 'aachen_heavy_hex', 'distance': 2, 'max_weight': 2, 'n_ancilla': 0}
  turbo: 10
  dynamic_is_within_shell: shell_uniform
  exact_sampling: True
  acceptance_metric: training_mmd
  skip_sampling: True
  report_fcfw: True
  dynamic_is: True
  dynamic_is_beta: 0.06661794318145664
  sigma: [1.1715796706002481, 0.8717207126036216, 0.658280465346374]
  require_exact_sampling: True
================================================================================
Saving config to out/hpo/hopfield_20q_p1_b15_20260605_111726/trials/trial_0049/config.json...
Gate structure: Qubits: 20
Aachen heavy-hex topology: 39 parameters
one_qubit=20, two_qubit=19
Using Gaussian Kernel (n_ops=1024, n_qubits=20):
  - sigma=1.17157967
  - sigma=0.87172071
  - sigma=0.65828047
Expected sampled operator size:
  - p=3.052981, std=1.608399
  - p=4.821056, std=1.912832
  - p=6.845789, std=2.121921
  mean: 4.906609
  std: 2.446228
Baselines enabled: 

Training ensemble Model 0 (400 epochs)...
Training has not converged after 400 steps
Model 0 final loss: 0.059449
  [Step 0/9] train_MMD=0.0648 alpha_opt=1.0000 oracle_top1_TVD=0.8881

[Step 1] Training Model 1...
  lambda_dual: 0.6250
Training has not converged after 400 steps
  Weighting: frank_wolfe alpha = 0.3750
  [Step 1/9] train_MMD=0.0114 alpha_opt=0.3750 oracle_top2_TVD=0.7762
  [OK] MMD improved (delta=+0.053384)
  SNR (proxy): 13.26 (mean_norm=0.0425, std_norm=0.0032)

[Step 2] Training Model 2...
  lambda_dual: 0.7500
Training has not converged after 400 steps
  Weighting: frank_wolfe alpha = 0.2500
  [Step 2/9] train_MMD=0.0162 alpha_opt=0.2500 oracle_top3_TVD=0.7697
  [WARNING] MMD worsened but kept (diagnostic, delta=-0.004755)
  SNR (proxy): 18.34 (mean_norm=0.0174, std_norm=0.0009)

[Step 3] Training Model 3...
  lambda_dual: 0.8125
Training has not converged after 400 steps
  Weighting: frank_wolfe alpha = 0.1875
  [Step 3/9] train_MMD=0.0209 alpha_opt=0.1875 oracle_top4_TVD=0.7632
  [WARNING] MMD worsened but kept (diagnostic, delta=-0.004741)
  SNR (proxy): 8.74 (mean_norm=0.0091, std_norm=0.0010)

[Step 4] Training Model 4...
  lambda_dual: 0.8500
Training has not converged after 400 steps
  Weighting: frank_wolfe alpha = 0.1500
  [Step 4/9] train_MMD=0.0010 alpha_opt=0.1500 oracle_top5_TVD=0.7568
  [OK] MMD improved (delta=+0.019935)
  SNR (proxy): 9.96 (mean_norm=0.0028, std_norm=0.0003)

[Step 5] Training Model 5...
  lambda_dual: 0.8750
Training has not converged after 400 steps
  Weighting: frank_wolfe alpha = 0.1250
  [Step 5/9] train_MMD=0.0010 alpha_opt=0.1250 oracle_top6_TVD=0.7503
  [OK] MMD improved (delta=+0.000001)
  SNR (proxy): 13.38 (mean_norm=0.0207, std_norm=0.0015)

[Step 6] Training Model 6...
  lambda_dual: 0.8929
Training has not converged after 400 steps
  Weighting: frank_wolfe alpha = 0.1071
  [Step 6/9] train_MMD=0.0007 alpha_opt=0.1071 oracle_top7_TVD=0.7438
  [OK] MMD improved (delta=+0.000302)
  SNR (proxy): 11.02 (mean_norm=0.0180, std_norm=0.0016)

[Step 7] Training Model 7...
  lambda_dual: 0.9062
Training has not converged after 400 steps
  Weighting: frank_wolfe alpha = 0.0937
  [Step 7/9] train_MMD=0.0003 alpha_opt=0.0937 oracle_top8_TVD=0.7373
  [OK] MMD improved (delta=+0.000336)
  SNR (proxy): 11.03 (mean_norm=0.0168, std_norm=0.0015)

[Step 8] Training Model 8...
  lambda_dual: 0.9167
Training has not converged after 400 steps
  Weighting: frank_wolfe alpha = 0.0833
  [Step 8/9] train_MMD=0.0002 alpha_opt=0.0833 oracle_top9_TVD=0.7309
  [OK] MMD improved (delta=+0.000098)
  SNR (proxy): 13.04 (mean_norm=0.0150, std_norm=0.0011)

[Step 9] Training Model 9...
  lambda_dual: 0.9250
Training has not converged after 400 steps
  Weighting: frank_wolfe alpha = 0.0750
  [Step 9/9] train_MMD=0.0001 alpha_opt=0.0750 oracle_top10_TVD=0.7244
  [OK] MMD improved (delta=+0.000134)
  SNR (proxy): 10.81 (mean_norm=0.0149, std_norm=0.0014)

Final: 10 models, MMD=0.0001 (delta=+0.0647) F1=nan

[FCFW] Computing Fully Corrective Frank-Wolfe weights for final ensemble...
  Weighting: fully corrective QP weights = [0.0817, 0.0902, 0.0765, 0.1027, 0.0676, 0.0996, 0.0917, 0.1476, 0.1401, 0.1023]
  FCFW Sampled MMD^2: -0.000435
  FCFW Sampled TVD:   0.5057

FINAL MODEL COMPARISON (inc. FCFW)
Model      | MMD        | TVD        | TVD*       | Valid      | Cover      | F1        
----------------------------------------------------------------------------------------
Baseline   | 0.0648     | n/a        | n/a        | n/a        | n/a        | n/a       
Ensemble   | 0.0001     | 0.531      | 0.180      | n/a        | n/a        | n/a       
Model 0    | 0.0614     | 0.829      | 0.627      | n/a        | n/a        | n/a       
Model 1    | 0.2848     | 0.765      | 0.624      | n/a        | n/a        | n/a       
Model 2    | 0.0834     | 0.997      | 0.822      | n/a        | n/a        | n/a       
Model 3    | 0.1442     | 0.769      | 0.574      | n/a        | n/a        | n/a       
Model 4    | 0.6430     | 0.875      | 0.867      | n/a        | n/a        | n/a       
Model 5    | 0.0984     | 0.794      | 0.572      | n/a        | n/a        | n/a       
Model 6    | 0.1164     | 0.818      | 0.554      | n/a        | n/a        | n/a       
Model 7    | 0.0946     | 0.777      | 0.542      | n/a        | n/a        | n/a       
Model 8    | 0.0981     | 0.787      | 0.551      | n/a        | n/a        | n/a       
Model 9    | 0.1176     | 0.786      | 0.547      | n/a        | n/a        | n/a       
Ensemble (FCFW) | -0.0004    | 0.506      | 0.146      | n/a        | n/a        | n/a       
Saving results to out/hpo/hopfield_20q_p1_b15_20260605_111726/trials/trial_0049/results.csv...
Experiment: Boosting on Hopfield (20q, 1p)
Configuration:
  train_samples: 1000
  data_seed: 42
  n_samples: 400
  n_models: 10
  learning_rate: 0.01946931424805641
  epochs_per_step: 400
  caching_level: none
  ensemble_samples_coeff: 1.0
  init_baseline: covariance
  init_later: random
  lambda_dual: 1.0
  lambda_schedule: {'type': 'frank_wolfe', 'gamma': 0.5, 'tau': 1.0}
  n_ops: 2048
  weight_strategy: frank_wolfe
  alpha_n_grid: 11
  alpha_objective_weight: 0.5
  baseline: none
  shots: 1000
  final_eval_sampling: True
  dataset_metrics: True
  exact_metrics: {'enabled': True, 'max_qubits': 20, 'phases': {'baseline': True, 'steps': False, 'final': True, 'per_model': True, 'fcfw': True}}
  keep_models_for_diagnosis: True
  stop_on_reject: False
  save_circuit_artifacts: False
  rng_seed: 42
  circuit_config: {'topology': 'aachen_heavy_hex', 'distance': 2, 'max_weight': 2, 'n_ancilla': 0}
  turbo: 10
  dynamic_is_within_shell: shell_uniform
  exact_sampling: True
  acceptance_metric: training_mmd
  skip_sampling: True
  report_fcfw: True
  dynamic_is: True
  dynamic_is_beta: 0.08125853728214275
  sigma: [0.911468485150238, 0.625604532915593, 0.3937480242811445]
  require_exact_sampling: True
================================================================================
Saving config to out/hpo/hopfield_20q_p1_b15_20260605_111726/trials/trial_0050/config.json...
Gate structure: Qubits: 20
Aachen heavy-hex topology: 39 parameters
one_qubit=20, two_qubit=19
Using Gaussian Kernel (n_ops=2048, n_qubits=20):
  - sigma=0.91146849
  - sigma=0.62560453
  - sigma=0.39374802
Expected sampled operator size:
  - p=4.522015, std=1.870718
  - p=7.212744, std=2.147454
  - p=9.602453, std=2.234300
  mean: 7.112404
  std: 2.945265
Baselines enabled: 

Training ensemble Model 0 (400 epochs)...
Training has not converged after 400 steps
Model 0 final loss: 0.033385
  [Step 0/9] train_MMD=0.0339 alpha_opt=1.0000 oracle_top1_TVD=0.8881

[Step 1] Training Model 1...
  lambda_dual: 0.7500
Training has not converged after 400 steps
  Weighting: frank_wolfe alpha = 0.2500
  [Step 1/9] train_MMD=0.0056 alpha_opt=0.2500 oracle_top2_TVD=0.7762
  [OK] MMD improved (delta=+0.028282)
  SNR (proxy): 8.74 (mean_norm=0.0389, std_norm=0.0045)

[Step 2] Training Model 2...
  lambda_dual: 0.8333
Training has not converged after 400 steps
  Weighting: frank_wolfe alpha = 0.1667
  [Step 2/9] train_MMD=0.0061 alpha_opt=0.1667 oracle_top3_TVD=0.7697
  [WARNING] MMD worsened but kept (diagnostic, delta=-0.000404)
  SNR (proxy): 7.05 (mean_norm=0.0084, std_norm=0.0012)

[Step 3] Training Model 3...
  lambda_dual: 0.8750
Training has not converged after 400 steps
  Weighting: frank_wolfe alpha = 0.1250
  [Step 3/9] train_MMD=0.0060 alpha_opt=0.1250 oracle_top4_TVD=0.7632
  [OK] MMD improved (delta=+0.000082)
  SNR (proxy): 7.03 (mean_norm=0.0120, std_norm=0.0017)

[Step 4] Training Model 4...
  lambda_dual: 0.9000
Training has not converged after 400 steps
  Weighting: frank_wolfe alpha = 0.1000
  [Step 4/9] train_MMD=0.0088 alpha_opt=0.1000 oracle_top5_TVD=0.7568
  [WARNING] MMD worsened but kept (diagnostic, delta=-0.002810)
  SNR (proxy): 13.36 (mean_norm=0.0102, std_norm=0.0008)

[Step 5] Training Model 5...
  lambda_dual: 0.9167
Training has not converged after 400 steps
  Weighting: frank_wolfe alpha = 0.0833
  [Step 5/9] train_MMD=0.0008 alpha_opt=0.0833 oracle_top6_TVD=0.7503
  [OK] MMD improved (delta=+0.008011)
  SNR (proxy): 9.47 (mean_norm=0.0000, std_norm=0.0000)

[Step 6] Training Model 6...
  lambda_dual: 0.9286
Training has not converged after 400 steps
  Weighting: frank_wolfe alpha = 0.0714
  [Step 6/9] train_MMD=0.0013 alpha_opt=0.0714 oracle_top7_TVD=0.7438
  [WARNING] MMD worsened but kept (diagnostic, delta=-0.000493)
  SNR (proxy): 5.85 (mean_norm=0.0033, std_norm=0.0006)

[Step 7] Training Model 7...
  lambda_dual: 0.9375
Training has not converged after 400 steps
  Weighting: frank_wolfe alpha = 0.0625
  [Step 7/9] train_MMD=0.0001 alpha_opt=0.0625 oracle_top8_TVD=0.7373
  [OK] MMD improved (delta=+0.001154)
  SNR (proxy): 6.85 (mean_norm=0.0119, std_norm=0.0017)

[Step 8] Training Model 8...
  lambda_dual: 0.9444
Training has not converged after 400 steps
  Weighting: frank_wolfe alpha = 0.0556
  [Step 8/9] train_MMD=0.0002 alpha_opt=0.0556 oracle_top9_TVD=0.7309
  [WARNING] MMD worsened but kept (diagnostic, delta=-0.000091)
  SNR (proxy): 4.84 (mean_norm=0.0065, std_norm=0.0013)

[Step 9] Training Model 9...
  lambda_dual: 0.9500
Training has not converged after 400 steps
  Weighting: frank_wolfe alpha = 0.0500
  [Step 9/9] train_MMD=0.0000 alpha_opt=0.0500 oracle_top10_TVD=0.7244
  [OK] MMD improved (delta=+0.000154)
  SNR (proxy): 4.99 (mean_norm=0.0044, std_norm=0.0009)

Final: 10 models, MMD=-0.0004 (delta=+0.0343) F1=nan

[FCFW] Computing Fully Corrective Frank-Wolfe weights for final ensemble...
  Weighting: fully corrective QP weights = [0.1893, 0.0797, 0.0950, 0.0619, 0.0872, 0.0256, 0.0967, 0.1257, 0.1662, 0.0727]
  FCFW Sampled MMD^2: -0.000154
  FCFW Sampled TVD:   0.5232

FINAL MODEL COMPARISON (inc. FCFW)
Model      | MMD        | TVD        | TVD*       | Valid      | Cover      | F1        
----------------------------------------------------------------------------------------
Baseline   | 0.0339     | n/a        | n/a        | n/a        | n/a        | n/a       
Ensemble   | -0.0004    | 0.504      | 0.219      | n/a        | n/a        | n/a       
Model 0    | 0.0336     | 0.784      | 0.585      | n/a        | n/a        | n/a       
Model 1    | 0.3368     | 0.780      | 0.698      | n/a        | n/a        | n/a       
Model 2    | 0.0531     | 0.941      | 0.816      | n/a        | n/a        | n/a       
Model 3    | 0.0478     | 0.800      | 0.694      | n/a        | n/a        | n/a       
Model 4    | 0.0410     | 0.930      | 0.646      | n/a        | n/a        | n/a       
Model 5    | 0.7319     | 0.888      | 0.888      | n/a        | n/a        | n/a       
Model 6    | 0.1011     | 0.798      | 0.637      | n/a        | n/a        | n/a       
Model 7    | 0.1243     | 0.813      | 0.743      | n/a        | n/a        | n/a       
Model 8    | 0.0613     | 0.776      | 0.592      | n/a        | n/a        | n/a       
Model 9    | 0.1059     | 0.833      | 0.645      | n/a        | n/a        | n/a       
Ensemble (FCFW) | -0.0002    | 0.523      | 0.181      | n/a        | n/a        | n/a       
Saving results to out/hpo/hopfield_20q_p1_b15_20260605_111726/trials/trial_0050/results.csv...
Experiment: Boosting on Hopfield (20q, 1p)
Configuration:
  train_samples: 1000
  data_seed: 42
  n_samples: 400
  n_models: 10
  learning_rate: 0.04858993851623999
  epochs_per_step: 400
  caching_level: none
  ensemble_samples_coeff: 1.0
  init_baseline: covariance
  init_later: random
  lambda_dual: 1.0
  lambda_schedule: {'type': 'frank_wolfe', 'gamma': 0.75, 'tau': 1.0}
  n_ops: 2048
  weight_strategy: frank_wolfe
  alpha_n_grid: 11
  alpha_objective_weight: 0.5
  baseline: none
  shots: 1000
  final_eval_sampling: True
  dataset_metrics: True
  exact_metrics: {'enabled': True, 'max_qubits': 20, 'phases': {'baseline': True, 'steps': False, 'final': True, 'per_model': True, 'fcfw': True}}
  keep_models_for_diagnosis: True
  stop_on_reject: False
  save_circuit_artifacts: False
  rng_seed: 42
  circuit_config: {'topology': 'aachen_heavy_hex', 'distance': 2, 'max_weight': 2, 'n_ancilla': 0}
  turbo: 10
  dynamic_is_within_shell: shell_uniform
  exact_sampling: True
  acceptance_metric: training_mmd
  skip_sampling: True
  report_fcfw: True
  dynamic_is: True
  dynamic_is_beta: 0.054339675311731256
  sigma: [0.9690946640353005, 0.5796274045966321, 0.43170427253253657]
  require_exact_sampling: True
================================================================================
Saving config to out/hpo/hopfield_20q_p1_b15_20260605_111726/trials/trial_0051/config.json...
Gate structure: Qubits: 20
Aachen heavy-hex topology: 39 parameters
one_qubit=20, two_qubit=19
Using Gaussian Kernel (n_ops=2048, n_qubits=20):
  - sigma=0.96909466
  - sigma=0.57962740
  - sigma=0.43170427
Expected sampled operator size:
  - p=4.128057, std=1.809976
  - p=7.742297, std=2.178334
  - p=9.316324, std=2.230836
  mean: 7.062226
  std: 3.008354
Baselines enabled: 

Training ensemble Model 0 (400 epochs)...
Training has not converged after 400 steps
Model 0 final loss: 0.036119
  [Step 0/9] train_MMD=0.0362 alpha_opt=1.0000 oracle_top1_TVD=0.8881

[Step 1] Training Model 1...
  lambda_dual: 0.6250
Training has not converged after 400 steps
  Weighting: frank_wolfe alpha = 0.3750
  [Step 1/9] train_MMD=0.0073 alpha_opt=0.3750 oracle_top2_TVD=0.7762
  [OK] MMD improved (delta=+0.028898)
  SNR (proxy): 4.64 (mean_norm=0.0498, std_norm=0.0107)

[Step 2] Training Model 2...
  lambda_dual: 0.7500
Training has not converged after 400 steps
  Weighting: frank_wolfe alpha = 0.2500
  [Step 2/9] train_MMD=0.0105 alpha_opt=0.2500 oracle_top3_TVD=0.7697
  [WARNING] MMD worsened but kept (diagnostic, delta=-0.003112)
  SNR (proxy): 19.63 (mean_norm=0.0107, std_norm=0.0005)

[Step 3] Training Model 3...
  lambda_dual: 0.8125
Training has not converged after 400 steps
  Weighting: frank_wolfe alpha = 0.1875
  [Step 3/9] train_MMD=0.0128 alpha_opt=0.1875 oracle_top4_TVD=0.7632
  [WARNING] MMD worsened but kept (diagnostic, delta=-0.002313)
  SNR (proxy): 3.00 (mean_norm=0.0073, std_norm=0.0024)

[Step 4] Training Model 4...
  lambda_dual: 0.8500
Training has not converged after 400 steps
  Weighting: frank_wolfe alpha = 0.1500
  [Step 4/9] train_MMD=0.0005 alpha_opt=0.1500 oracle_top5_TVD=0.7568
  [OK] MMD improved (delta=+0.012258)
  SNR (proxy): 5.18 (mean_norm=0.0067, std_norm=0.0013)

[Step 5] Training Model 5...
  lambda_dual: 0.8750
Training has not converged after 400 steps
  Weighting: frank_wolfe alpha = 0.1250
  [Step 5/9] train_MMD=0.0008 alpha_opt=0.1250 oracle_top6_TVD=0.7503
  [WARNING] MMD worsened but kept (diagnostic, delta=-0.000319)
  SNR (proxy): 7.98 (mean_norm=0.0129, std_norm=0.0016)

[Step 6] Training Model 6...
  lambda_dual: 0.8929
Training has not converged after 400 steps
  Weighting: frank_wolfe alpha = 0.1071
  [Step 6/9] train_MMD=0.0001 alpha_opt=0.1071 oracle_top7_TVD=0.7438
  [OK] MMD improved (delta=+0.000762)
  SNR (proxy): 6.88 (mean_norm=0.0139, std_norm=0.0020)

[Step 7] Training Model 7...
  lambda_dual: 0.9062
Training has not converged after 400 steps
  Weighting: frank_wolfe alpha = 0.0937
  [Step 7/9] train_MMD=-0.0000 alpha_opt=0.0937 oracle_top8_TVD=0.7373
  [OK] MMD improved (delta=+0.000112)
  SNR (proxy): 6.04 (mean_norm=0.0104, std_norm=0.0017)

[Step 8] Training Model 8...
  lambda_dual: 0.9167
Training has not converged after 400 steps
  Weighting: frank_wolfe alpha = 0.0833
  [Step 8/9] train_MMD=-0.0001 alpha_opt=0.0833 oracle_top9_TVD=0.7309
  [OK] MMD improved (delta=+0.000027)
  SNR (proxy): 11.48 (mean_norm=0.0149, std_norm=0.0013)

[Step 9] Training Model 9...
  lambda_dual: 0.9250
Training has not converged after 400 steps
  Weighting: frank_wolfe alpha = 0.0750
  [Step 9/9] train_MMD=-0.0001 alpha_opt=0.0750 oracle_top10_TVD=0.7244
  [OK] MMD improved (delta=+0.000013)
  SNR (proxy): 7.83 (mean_norm=0.0089, std_norm=0.0011)

Final: 10 models, MMD=0.0003 (delta=+0.0359) F1=nan

[FCFW] Computing Fully Corrective Frank-Wolfe weights for final ensemble...
  Weighting: fully corrective QP weights = [0.1086, 0.1137, 0.1082, 0.1223, 0.0835, 0.1207, 0.1093, 0.1768, 0.0565, 0.0004]
  FCFW Sampled MMD^2: 0.000156
  FCFW Sampled TVD:   0.5167

FINAL MODEL COMPARISON (inc. FCFW)
Model      | MMD        | TVD        | TVD*       | Valid      | Cover      | F1        
----------------------------------------------------------------------------------------
Baseline   | 0.0362     | n/a        | n/a        | n/a        | n/a        | n/a       
Ensemble   | 0.0003     | 0.542      | 0.176      | n/a        | n/a        | n/a       
Model 0    | 0.0351     | 0.824      | 0.610      | n/a        | n/a        | n/a       
Model 1    | 0.1716     | 0.750      | 0.607      | n/a        | n/a        | n/a       
Model 2    | 0.0541     | 0.991      | 0.827      | n/a        | n/a        | n/a       
Model 3    | 0.0647     | 0.785      | 0.578      | n/a        | n/a        | n/a       
Model 4    | 0.4474     | 0.828      | 0.753      | n/a        | n/a        | n/a       
Model 5    | 0.0616     | 0.814      | 0.548      | n/a        | n/a        | n/a       
Model 6    | 0.1049     | 0.791      | 0.606      | n/a        | n/a        | n/a       
Model 7    | 0.0524     | 0.789      | 0.548      | n/a        | n/a        | n/a       
Model 8    | 0.0477     | 0.804      | 0.545      | n/a        | n/a        | n/a       
Model 9    | 0.0799     | 0.794      | 0.551      | n/a        | n/a        | n/a       
Ensemble (FCFW) | 0.0002     | 0.517      | 0.152      | n/a        | n/a        | n/a       
Saving results to out/hpo/hopfield_20q_p1_b15_20260605_111726/trials/trial_0051/results.csv...
Experiment: Boosting on Hopfield (20q, 1p)
Configuration:
  train_samples: 1000
  data_seed: 42
  n_samples: 400
  n_models: 10
  learning_rate: 0.06749072613529089
  epochs_per_step: 400
  caching_level: none
  ensemble_samples_coeff: 1.0
  init_baseline: covariance
  init_later: random
  lambda_dual: 1.0
  lambda_schedule: {'type': 'frank_wolfe', 'gamma': 0.75, 'tau': 1.0}
  n_ops: 2048
  weight_strategy: frank_wolfe
  alpha_n_grid: 11
  alpha_objective_weight: 0.5
  baseline: none
  shots: 1000
  final_eval_sampling: True
  dataset_metrics: True
  exact_metrics: {'enabled': True, 'max_qubits': 20, 'phases': {'baseline': True, 'steps': False, 'final': True, 'per_model': True, 'fcfw': True}}
  keep_models_for_diagnosis: True
  stop_on_reject: False
  save_circuit_artifacts: False
  rng_seed: 42
  circuit_config: {'topology': 'aachen_heavy_hex', 'distance': 2, 'max_weight': 2, 'n_ancilla': 0}
  turbo: 10
  dynamic_is_within_shell: shell_uniform
  exact_sampling: True
  acceptance_metric: training_mmd
  skip_sampling: True
  report_fcfw: True
  dynamic_is: True
  dynamic_is_beta: 0.040901152941252336
  sigma: [0.9067464190120819, 0.5613463549939096, 0.38186373821965963]
  require_exact_sampling: True
================================================================================
Saving config to out/hpo/hopfield_20q_p1_b15_20260605_111726/trials/trial_0052/config.json...
Gate structure: Qubits: 20
Aachen heavy-hex topology: 39 parameters
one_qubit=20, two_qubit=19
Using Gaussian Kernel (n_ops=2048, n_qubits=20):
  - sigma=0.90674642
  - sigma=0.56134635
  - sigma=0.38186374
Expected sampled operator size:
  - p=4.556335, std=1.875720
  - p=7.954103, std=2.188770
  - p=9.675770, std=2.234892
  mean: 7.395403
  std: 2.993120
Baselines enabled: 

Training ensemble Model 0 (400 epochs)...
Training has not converged after 400 steps
Model 0 final loss: 0.033531
  [Step 0/9] train_MMD=0.0321 alpha_opt=1.0000 oracle_top1_TVD=0.8881

[Step 1] Training Model 1...
  lambda_dual: 0.6250
Training has not converged after 400 steps
  Weighting: frank_wolfe alpha = 0.3750
  [Step 1/9] train_MMD=0.0047 alpha_opt=0.3750 oracle_top2_TVD=0.7762
  [OK] MMD improved (delta=+0.027401)
  SNR (proxy): 2.30 (mean_norm=0.0126, std_norm=0.0055)

[Step 2] Training Model 2...
  lambda_dual: 0.7500
Training has not converged after 400 steps
  Weighting: frank_wolfe alpha = 0.2500
  [Step 2/9] train_MMD=0.0090 alpha_opt=0.2500 oracle_top3_TVD=0.7697
  [WARNING] MMD worsened but kept (diagnostic, delta=-0.004298)
  SNR (proxy): 13.22 (mean_norm=0.0204, std_norm=0.0015)

[Step 3] Training Model 3...
  lambda_dual: 0.8125
Training has not converged after 400 steps
  Weighting: frank_wolfe alpha = 0.1875
  [Step 3/9] train_MMD=0.0014 alpha_opt=0.1875 oracle_top4_TVD=0.7632
  [OK] MMD improved (delta=+0.007655)
  SNR (proxy): 4.21 (mean_norm=0.0074, std_norm=0.0018)

[Step 4] Training Model 4...
  lambda_dual: 0.8500
Training has not converged after 400 steps
  Weighting: frank_wolfe alpha = 0.1500
  [Step 4/9] train_MMD=0.0005 alpha_opt=0.1500 oracle_top5_TVD=0.7568
  [OK] MMD improved (delta=+0.000859)
  SNR (proxy): 5.90 (mean_norm=0.0194, std_norm=0.0033)

[Step 5] Training Model 5...
  lambda_dual: 0.8750
Training has not converged after 400 steps
  Weighting: frank_wolfe alpha = 0.1250
  [Step 5/9] train_MMD=0.0000 alpha_opt=0.1250 oracle_top6_TVD=0.7503
  [OK] MMD improved (delta=+0.000473)
  SNR (proxy): 9.51 (mean_norm=0.0160, std_norm=0.0017)

[Step 6] Training Model 6...
  lambda_dual: 0.8929
Training has not converged after 400 steps
  Weighting: frank_wolfe alpha = 0.1071
  [Step 6/9] train_MMD=0.0001 alpha_opt=0.1071 oracle_top7_TVD=0.7438
  [WARNING] MMD worsened but kept (diagnostic, delta=-0.000072)
  SNR (proxy): 4.47 (mean_norm=0.0124, std_norm=0.0028)

[Step 7] Training Model 7...
  lambda_dual: 0.9062
Training has not converged after 400 steps
  Weighting: frank_wolfe alpha = 0.0937
  [Step 7/9] train_MMD=-0.0000 alpha_opt=0.0937 oracle_top8_TVD=0.7373
  [OK] MMD improved (delta=+0.000130)
  SNR (proxy): 9.63 (mean_norm=0.0147, std_norm=0.0015)

[Step 8] Training Model 8...
  lambda_dual: 0.9167
Training has not converged after 400 steps
  Weighting: frank_wolfe alpha = 0.0833
  [Step 8/9] train_MMD=-0.0001 alpha_opt=0.0833 oracle_top9_TVD=0.7309
  [OK] MMD improved (delta=+0.000045)
  SNR (proxy): 4.54 (mean_norm=0.0129, std_norm=0.0028)

[Step 9] Training Model 9...
  lambda_dual: 0.9250
Training has not converged after 400 steps
  Weighting: frank_wolfe alpha = 0.0750
  [Step 9/9] train_MMD=-0.0001 alpha_opt=0.0750 oracle_top10_TVD=0.7244
  [OK] MMD improved (delta=+0.000030)
  SNR (proxy): 17.38 (mean_norm=0.0147, std_norm=0.0008)

Final: 10 models, MMD=-0.0005 (delta=+0.0326) F1=nan

[FCFW] Computing Fully Corrective Frank-Wolfe weights for final ensemble...
  Weighting: fully corrective QP weights = [0.1414, 0.2427, 0.1546, 0.1083, 0.0846, 0.0612, 0.0099, 0.1107, 0.0000, 0.0866]
  FCFW Sampled MMD^2: -0.000427
  FCFW Sampled TVD:   0.5004

FINAL MODEL COMPARISON (inc. FCFW)
Model      | MMD        | TVD        | TVD*       | Valid      | Cover      | F1        
----------------------------------------------------------------------------------------
Baseline   | 0.0321     | n/a        | n/a        | n/a        | n/a        | n/a       
Ensemble   | -0.0005    | 0.500      | 0.192      | n/a        | n/a        | n/a       
Model 0    | 0.0321     | 0.825      | 0.605      | n/a        | n/a        | n/a       
Model 1    | 0.1263     | 0.778      | 0.583      | n/a        | n/a        | n/a       
Model 2    | 0.0354     | 0.864      | 0.599      | n/a        | n/a        | n/a       
Model 3    | 0.1998     | 0.778      | 0.643      | n/a        | n/a        | n/a       
Model 4    | 0.1043     | 0.788      | 0.574      | n/a        | n/a        | n/a       
Model 5    | 0.0547     | 0.772      | 0.555      | n/a        | n/a        | n/a       
Model 6    | 0.0559     | 0.829      | 0.594      | n/a        | n/a        | n/a       
Model 7    | 0.0548     | 0.781      | 0.565      | n/a        | n/a        | n/a       
Model 8    | 0.0580     | 0.788      | 0.564      | n/a        | n/a        | n/a       
Model 9    | 0.0518     | 0.791      | 0.545      | n/a        | n/a        | n/a       
Ensemble (FCFW) | -0.0004    | 0.500      | 0.165      | n/a        | n/a        | n/a       
Saving results to out/hpo/hopfield_20q_p1_b15_20260605_111726/trials/trial_0052/results.csv...
Experiment: Boosting on Hopfield (20q, 1p)
Configuration:
  train_samples: 1000
  data_seed: 42
  n_samples: 400
  n_models: 10
  learning_rate: 0.040306283208722385
  epochs_per_step: 400
  caching_level: none
  ensemble_samples_coeff: 1.0
  init_baseline: covariance
  init_later: random
  lambda_dual: 1.0
  lambda_schedule: {'type': 'frank_wolfe', 'gamma': 0.75, 'tau': 1.0}
  n_ops: 2048
  weight_strategy: frank_wolfe
  alpha_n_grid: 11
  alpha_objective_weight: 0.5
  baseline: none
  shots: 1000
  final_eval_sampling: True
  dataset_metrics: True
  exact_metrics: {'enabled': True, 'max_qubits': 20, 'phases': {'baseline': True, 'steps': False, 'final': True, 'per_model': True, 'fcfw': True}}
  keep_models_for_diagnosis: True
  stop_on_reject: False
  save_circuit_artifacts: False
  rng_seed: 42
  circuit_config: {'topology': 'aachen_heavy_hex', 'distance': 2, 'max_weight': 2, 'n_ancilla': 0}
  turbo: 10
  dynamic_is_within_shell: shell_uniform
  exact_sampling: True
  acceptance_metric: training_mmd
  skip_sampling: True
  report_fcfw: True
  dynamic_is: True
  dynamic_is_beta: 0.02956675176768321
  sigma: [1.6642461289287704, 0.8051753167135609, 0.5688044117202357]
  require_exact_sampling: True
================================================================================
Saving config to out/hpo/hopfield_20q_p1_b15_20260605_111726/trials/trial_0053/config.json...
Gate structure: Qubits: 20
Aachen heavy-hex topology: 39 parameters
one_qubit=20, two_qubit=19
Using Gaussian Kernel (n_ops=2048, n_qubits=20):
  - sigma=1.66424613
  - sigma=0.80517532
  - sigma=0.56880441
Expected sampled operator size:
  - p=1.651673, std=1.230964
  - p=5.375603, std=1.982611
  - p=7.867759, std=2.184646
  mean: 4.965012
  std: 3.151266
Baselines enabled: 

Training ensemble Model 0 (400 epochs)...
Training has not converged after 400 steps
Model 0 final loss: 0.072515
  [Step 0/9] train_MMD=0.0726 alpha_opt=1.0000 oracle_top1_TVD=0.8881

[Step 1] Training Model 1...
  lambda_dual: 0.6250
Training has not converged after 400 steps
  Weighting: frank_wolfe alpha = 0.3750
  [Step 1/9] train_MMD=0.0216 alpha_opt=0.3750 oracle_top2_TVD=0.7762
  [OK] MMD improved (delta=+0.050965)
  SNR (proxy): 57.49 (mean_norm=0.0947, std_norm=0.0016)

[Step 2] Training Model 2...
  lambda_dual: 0.7500
Training has not converged after 400 steps
  Weighting: frank_wolfe alpha = 0.2500
  [Step 2/9] train_MMD=0.0221 alpha_opt=0.2500 oracle_top3_TVD=0.7697
  [WARNING] MMD worsened but kept (diagnostic, delta=-0.000482)
  SNR (proxy): 20.78 (mean_norm=0.0126, std_norm=0.0006)

[Step 3] Training Model 3...
  lambda_dual: 0.8125
Training has not converged after 400 steps
  Weighting: frank_wolfe alpha = 0.1875
  [Step 3/9] train_MMD=0.0042 alpha_opt=0.1875 oracle_top4_TVD=0.7632
  [OK] MMD improved (delta=+0.017823)
  SNR (proxy): 20.75 (mean_norm=0.0146, std_norm=0.0007)

[Step 4] Training Model 4...
  lambda_dual: 0.8500
Training has not converged after 400 steps
  Weighting: frank_wolfe alpha = 0.1500
  [Step 4/9] train_MMD=0.0027 alpha_opt=0.1500 oracle_top5_TVD=0.7568
  [OK] MMD improved (delta=+0.001582)
  SNR (proxy): 7.34 (mean_norm=0.0103, std_norm=0.0014)

[Step 5] Training Model 5...
  lambda_dual: 0.8750
Training has not converged after 400 steps
  Weighting: frank_wolfe alpha = 0.1250
  [Step 5/9] train_MMD=0.0017 alpha_opt=0.1250 oracle_top6_TVD=0.7503
  [OK] MMD improved (delta=+0.001000)
  SNR (proxy): 7.48 (mean_norm=0.0137, std_norm=0.0018)

[Step 6] Training Model 6...
  lambda_dual: 0.8929
Training has not converged after 400 steps
  Weighting: frank_wolfe alpha = 0.1071
  [Step 6/9] train_MMD=0.0012 alpha_opt=0.1071 oracle_top7_TVD=0.7438
  [OK] MMD improved (delta=+0.000502)
  SNR (proxy): 11.37 (mean_norm=0.0111, std_norm=0.0010)

[Step 7] Training Model 7...
  lambda_dual: 0.9062
Training has not converged after 400 steps
  Weighting: frank_wolfe alpha = 0.0937
  [Step 7/9] train_MMD=0.0008 alpha_opt=0.0937 oracle_top8_TVD=0.7373
  [OK] MMD improved (delta=+0.000326)
  SNR (proxy): 5.41 (mean_norm=0.0080, std_norm=0.0015)

[Step 8] Training Model 8...
  lambda_dual: 0.9167
Training has not converged after 400 steps
  Weighting: frank_wolfe alpha = 0.0833
  [Step 8/9] train_MMD=0.0005 alpha_opt=0.0833 oracle_top9_TVD=0.7309
  [OK] MMD improved (delta=+0.000356)
  SNR (proxy): 13.91 (mean_norm=0.0131, std_norm=0.0009)

[Step 9] Training Model 9...
  lambda_dual: 0.9250
Training has not converged after 400 steps
  Weighting: frank_wolfe alpha = 0.0750
  [Step 9/9] train_MMD=0.0015 alpha_opt=0.0750 oracle_top10_TVD=0.7244
  [WARNING] MMD worsened but kept (diagnostic, delta=-0.000998)
  SNR (proxy): 13.92 (mean_norm=0.0086, std_norm=0.0006)

Final: 10 models, MMD=0.0006 (delta=+0.0719) F1=nan

[FCFW] Computing Fully Corrective Frank-Wolfe weights for final ensemble...
  Weighting: fully corrective QP weights = [0.1231, 0.0884, 0.0432, 0.0532, 0.0660, 0.1633, 0.1122, 0.1687, 0.1202, 0.0616]
  FCFW Sampled MMD^2: -0.000501
  FCFW Sampled TVD:   0.4958

FINAL MODEL COMPARISON (inc. FCFW)
Model      | MMD        | TVD        | TVD*       | Valid      | Cover      | F1        
----------------------------------------------------------------------------------------
Baseline   | 0.0726     | n/a        | n/a        | n/a        | n/a        | n/a       
Ensemble   | 0.0006     | 0.527      | 0.210      | n/a        | n/a        | n/a       
Model 0    | 0.0709     | 0.922      | 0.763      | n/a        | n/a        | n/a       
Model 1    | 0.3677     | 0.787      | 0.702      | n/a        | n/a        | n/a       
Model 2    | 0.0901     | 0.999      | 0.870      | n/a        | n/a        | n/a       
Model 3    | 0.4348     | 0.814      | 0.783      | n/a        | n/a        | n/a       
Model 4    | 0.1357     | 0.759      | 0.584      | n/a        | n/a        | n/a       
Model 5    | 0.1559     | 0.784      | 0.583      | n/a        | n/a        | n/a       
Model 6    | 0.1298     | 0.815      | 0.568      | n/a        | n/a        | n/a       
Model 7    | 0.1287     | 0.788      | 0.575      | n/a        | n/a        | n/a       
Model 8    | 0.1179     | 0.789      | 0.553      | n/a        | n/a        | n/a       
Model 9    | 0.1165     | 0.806      | 0.562      | n/a        | n/a        | n/a       
Ensemble (FCFW) | -0.0005    | 0.496      | 0.161      | n/a        | n/a        | n/a       
Saving results to out/hpo/hopfield_20q_p1_b15_20260605_111726/trials/trial_0053/results.csv...
Experiment: Boosting on Hopfield (20q, 1p)
Configuration:
  train_samples: 1000
  data_seed: 42
  n_samples: 400
  n_models: 10
  learning_rate: 0.05591473604512322
  epochs_per_step: 400
  caching_level: none
  ensemble_samples_coeff: 1.0
  init_baseline: covariance
  init_later: random
  lambda_dual: 1.0
  lambda_schedule: {'type': 'frank_wolfe', 'gamma': 0.75, 'tau': 1.0}
  n_ops: 2048
  weight_strategy: frank_wolfe
  alpha_n_grid: 11
  alpha_objective_weight: 0.5
  baseline: none
  shots: 1000
  final_eval_sampling: True
  dataset_metrics: True
  exact_metrics: {'enabled': True, 'max_qubits': 20, 'phases': {'baseline': True, 'steps': False, 'final': True, 'per_model': True, 'fcfw': True}}
  keep_models_for_diagnosis: True
  stop_on_reject: False
  save_circuit_artifacts: False
  rng_seed: 42
  circuit_config: {'topology': 'aachen_heavy_hex', 'distance': 2, 'max_weight': 2, 'n_ancilla': 0}
  turbo: 10
  dynamic_is_within_shell: shell_uniform
  exact_sampling: True
  acceptance_metric: training_mmd
  skip_sampling: True
  report_fcfw: True
  dynamic_is: True
  dynamic_is_beta: 0.049677986354328095
  sigma: [0.8009259033242767, 0.6060457108993216, 0.46041019429117425]
  require_exact_sampling: True
================================================================================
Saving config to out/hpo/hopfield_20q_p1_b15_20260605_111726/trials/trial_0054/config.json...
Gate structure: Qubits: 20
Aachen heavy-hex topology: 39 parameters
one_qubit=20, two_qubit=19
Using Gaussian Kernel (n_ops=2048, n_qubits=20):
  - sigma=0.80092590
  - sigma=0.60604571
  - sigma=0.46041019
Expected sampled operator size:
  - p=5.413394, std=1.986996
  - p=7.436770, std=2.161364
  - p=9.054608, std=2.226053
  mean: 7.301590
  std: 2.596895
Baselines enabled: 

Training ensemble Model 0 (400 epochs)...
Training has not converged after 400 steps
Model 0 final loss: 0.027959
  [Step 0/9] train_MMD=0.0291 alpha_opt=1.0000 oracle_top1_TVD=0.8881

[Step 1] Training Model 1...
  lambda_dual: 0.6250
Training has not converged after 400 steps
  Weighting: frank_wolfe alpha = 0.3750
  [Step 1/9] train_MMD=0.0073 alpha_opt=0.3750 oracle_top2_TVD=0.7762
  [OK] MMD improved (delta=+0.021791)
  SNR (proxy): 7.61 (mean_norm=0.0602, std_norm=0.0079)

[Step 2] Training Model 2...
  lambda_dual: 0.7500
Training has not converged after 400 steps
  Weighting: frank_wolfe alpha = 0.2500
  [Step 2/9] train_MMD=0.0097 alpha_opt=0.2500 oracle_top3_TVD=0.7697
  [WARNING] MMD worsened but kept (diagnostic, delta=-0.002421)
  SNR (proxy): 8.20 (mean_norm=0.0050, std_norm=0.0006)

[Step 3] Training Model 3...
  lambda_dual: 0.8125
Training has not converged after 400 steps
  Weighting: frank_wolfe alpha = 0.1875
  [Step 3/9] train_MMD=0.0116 alpha_opt=0.1875 oracle_top4_TVD=0.7632
  [WARNING] MMD worsened but kept (diagnostic, delta=-0.001883)
  SNR (proxy): 3.99 (mean_norm=0.0087, std_norm=0.0022)

[Step 4] Training Model 4...
  lambda_dual: 0.8500
Training has not converged after 400 steps
  Weighting: frank_wolfe alpha = 0.1500
  [Step 4/9] train_MMD=0.0004 alpha_opt=0.1500 oracle_top5_TVD=0.7568
  [OK] MMD improved (delta=+0.011234)
  SNR (proxy): 6.18 (mean_norm=0.0115, std_norm=0.0019)

[Step 5] Training Model 5...
  lambda_dual: 0.8750
Training has not converged after 400 steps
  Weighting: frank_wolfe alpha = 0.1250
  [Step 5/9] train_MMD=0.0007 alpha_opt=0.1250 oracle_top6_TVD=0.7503
  [WARNING] MMD worsened but kept (diagnostic, delta=-0.000337)
  SNR (proxy): 6.30 (mean_norm=0.0099, std_norm=0.0016)

[Step 6] Training Model 6...
  lambda_dual: 0.8929
Training has not converged after 400 steps
  Weighting: frank_wolfe alpha = 0.1071
  [Step 6/9] train_MMD=-0.0001 alpha_opt=0.1071 oracle_top7_TVD=0.7438
  [OK] MMD improved (delta=+0.000807)
  SNR (proxy): 7.97 (mean_norm=0.0159, std_norm=0.0020)

[Step 7] Training Model 7...
  lambda_dual: 0.9062
Training has not converged after 400 steps
  Weighting: frank_wolfe alpha = 0.0937
  [Step 7/9] train_MMD=0.0001 alpha_opt=0.0937 oracle_top8_TVD=0.7373
  [WARNING] MMD worsened but kept (diagnostic, delta=-0.000238)
  SNR (proxy): 6.48 (mean_norm=0.0077, std_norm=0.0012)

[Step 8] Training Model 8...
  lambda_dual: 0.9167
Training has not converged after 400 steps
  Weighting: frank_wolfe alpha = 0.0833
  [Step 8/9] train_MMD=-0.0002 alpha_opt=0.0833 oracle_top9_TVD=0.7309
  [OK] MMD improved (delta=+0.000300)
  SNR (proxy): 15.16 (mean_norm=0.0150, std_norm=0.0010)

[Step 9] Training Model 9...
  lambda_dual: 0.9250
Training has not converged after 400 steps
  Weighting: frank_wolfe alpha = 0.0750
  [Step 9/9] train_MMD=0.0001 alpha_opt=0.0750 oracle_top10_TVD=0.7244
  [WARNING] MMD worsened but kept (diagnostic, delta=-0.000246)
  SNR (proxy): 9.56 (mean_norm=0.0083, std_norm=0.0009)

Final: 10 models, MMD=-0.0004 (delta=+0.0295) F1=nan

[FCFW] Computing Fully Corrective Frank-Wolfe weights for final ensemble...
  Weighting: fully corrective QP weights = [0.0886, 0.1148, 0.0853, 0.1230, 0.0680, 0.1500, 0.0690, 0.1742, 0.1116, 0.0155]
  FCFW Sampled MMD^2: -0.000523
  FCFW Sampled TVD:   0.4950

FINAL MODEL COMPARISON (inc. FCFW)
Model      | MMD        | TVD        | TVD*       | Valid      | Cover      | F1        
----------------------------------------------------------------------------------------
Baseline   | 0.0291     | n/a        | n/a        | n/a        | n/a        | n/a       
Ensemble   | -0.0004    | 0.518      | 0.188      | n/a        | n/a        | n/a       
Model 0    | 0.0296     | 0.852      | 0.584      | n/a        | n/a        | n/a       
Model 1    | 0.1852     | 0.772      | 0.613      | n/a        | n/a        | n/a       
Model 2    | 0.0520     | 0.999      | 0.883      | n/a        | n/a        | n/a       
Model 3    | 0.0494     | 0.770      | 0.554      | n/a        | n/a        | n/a       
Model 4    | 0.3953     | 0.809      | 0.732      | n/a        | n/a        | n/a       
Model 5    | 0.0516     | 0.818      | 0.565      | n/a        | n/a        | n/a       
Model 6    | 0.0680     | 0.788      | 0.583      | n/a        | n/a        | n/a       
Model 7    | 0.0508     | 0.779      | 0.553      | n/a        | n/a        | n/a       
Model 8    | 0.0446     | 0.788      | 0.545      | n/a        | n/a        | n/a       
Model 9    | 0.0380     | 0.788      | 0.541      | n/a        | n/a        | n/a       
Ensemble (FCFW) | -0.0005    | 0.495      | 0.158      | n/a        | n/a        | n/a       
Saving results to out/hpo/hopfield_20q_p1_b15_20260605_111726/trials/trial_0054/results.csv...
Experiment: Boosting on Hopfield (20q, 1p)
Configuration:
  train_samples: 1000
  data_seed: 42
  n_samples: 400
  n_models: 10
  learning_rate: 0.07825264983149124
  epochs_per_step: 400
  caching_level: none
  ensemble_samples_coeff: 1.0
  init_baseline: covariance
  init_later: random
  lambda_dual: 1.0
  lambda_schedule: {'type': 'frank_wolfe', 'gamma': 0.75, 'tau': 1.0}
  n_ops: 2048
  weight_strategy: frank_wolfe
  alpha_n_grid: 11
  alpha_objective_weight: 0.5
  baseline: none
  shots: 1000
  final_eval_sampling: True
  dataset_metrics: True
  exact_metrics: {'enabled': True, 'max_qubits': 20, 'phases': {'baseline': True, 'steps': False, 'final': True, 'per_model': True, 'fcfw': True}}
  keep_models_for_diagnosis: True
  stop_on_reject: False
  save_circuit_artifacts: False
  rng_seed: 42
  circuit_config: {'topology': 'aachen_heavy_hex', 'distance': 2, 'max_weight': 2, 'n_ancilla': 0}
  turbo: 10
  dynamic_is_within_shell: shell_uniform
  exact_sampling: True
  acceptance_metric: training_mmd
  skip_sampling: True
  report_fcfw: True
  dynamic_is: True
  dynamic_is_beta: 0.05834870497420277
  sigma: [0.852382331041678, 0.6444502242668511, 0.412285835372191]
  require_exact_sampling: True
================================================================================
Saving config to out/hpo/hopfield_20q_p1_b15_20260605_111726/trials/trial_0055/config.json...
Gate structure: Qubits: 20
Aachen heavy-hex topology: 39 parameters
one_qubit=20, two_qubit=19
Using Gaussian Kernel (n_ops=2048, n_qubits=20):
  - sigma=0.85238233
  - sigma=0.64445022
  - sigma=0.41228584
Expected sampled operator size:
  - p=4.975095, std=1.933266
  - p=6.999788, std=2.133058
  - p=9.472151, std=2.232951
  mean: 7.149011
  std: 2.793962
Baselines enabled: 

Training ensemble Model 0 (400 epochs)...
Training has not converged after 400 steps
Model 0 final loss: 0.031601
  [Step 0/9] train_MMD=0.0319 alpha_opt=1.0000 oracle_top1_TVD=0.8881

[Step 1] Training Model 1...
  lambda_dual: 0.6250
Training has not converged after 400 steps
  Weighting: frank_wolfe alpha = 0.3750
  [Step 1/9] train_MMD=0.0066 alpha_opt=0.3750 oracle_top2_TVD=0.7762
  [OK] MMD improved (delta=+0.025345)
  SNR (proxy): 5.60 (mean_norm=0.0476, std_norm=0.0085)

[Step 2] Training Model 2...
  lambda_dual: 0.7500
Training has not converged after 400 steps
  Weighting: frank_wolfe alpha = 0.2500
  [Step 2/9] train_MMD=0.0101 alpha_opt=0.2500 oracle_top3_TVD=0.7697
  [WARNING] MMD worsened but kept (diagnostic, delta=-0.003567)
  SNR (proxy): 12.93 (mean_norm=0.0065, std_norm=0.0005)

[Step 3] Training Model 3...
  lambda_dual: 0.8125
Training has not converged after 400 steps
  Weighting: frank_wolfe alpha = 0.1875
  [Step 3/9] train_MMD=0.0124 alpha_opt=0.1875 oracle_top4_TVD=0.7632
  [WARNING] MMD worsened but kept (diagnostic, delta=-0.002282)
  SNR (proxy): 3.51 (mean_norm=0.0102, std_norm=0.0029)

[Step 4] Training Model 4...
  lambda_dual: 0.8500
Training has not converged after 400 steps
  Weighting: frank_wolfe alpha = 0.1500
  [Step 4/9] train_MMD=0.0002 alpha_opt=0.1500 oracle_top5_TVD=0.7568
  [OK] MMD improved (delta=+0.012192)
  SNR (proxy): 3.66 (mean_norm=0.0083, std_norm=0.0023)

[Step 5] Training Model 5...
  lambda_dual: 0.8750
Training has not converged after 400 steps
  Weighting: frank_wolfe alpha = 0.1250
  [Step 5/9] train_MMD=0.0004 alpha_opt=0.1250 oracle_top6_TVD=0.7503
  [WARNING] MMD worsened but kept (diagnostic, delta=-0.000213)
  SNR (proxy): 5.68 (mean_norm=0.0097, std_norm=0.0017)

[Step 6] Training Model 6...
  lambda_dual: 0.8929
Training has not converged after 400 steps
  Weighting: frank_wolfe alpha = 0.1071
  [Step 6/9] train_MMD=0.0001 alpha_opt=0.1071 oracle_top7_TVD=0.7438
  [OK] MMD improved (delta=+0.000327)
  SNR (proxy): 3.65 (mean_norm=0.0068, std_norm=0.0018)

[Step 7] Training Model 7...
  lambda_dual: 0.9062
Training has not converged after 400 steps
  Weighting: frank_wolfe alpha = 0.0937
  [Step 7/9] train_MMD=-0.0000 alpha_opt=0.0937 oracle_top8_TVD=0.7373
  [OK] MMD improved (delta=+0.000142)
  SNR (proxy): 10.45 (mean_norm=0.0126, std_norm=0.0012)

[Step 8] Training Model 8...
  lambda_dual: 0.9167
Training has not converged after 400 steps
  Weighting: frank_wolfe alpha = 0.0833
  [Step 8/9] train_MMD=-0.0000 alpha_opt=0.0833 oracle_top9_TVD=0.7309
  [WARNING] MMD worsened but kept (diagnostic, delta=-0.000012)
  SNR (proxy): 10.30 (mean_norm=0.0106, std_norm=0.0010)

[Step 9] Training Model 9...
  lambda_dual: 0.9250
Training has not converged after 400 steps
  Weighting: frank_wolfe alpha = 0.0750
  [Step 9/9] train_MMD=0.0005 alpha_opt=0.0750 oracle_top10_TVD=0.7244
  [WARNING] MMD worsened but kept (diagnostic, delta=-0.000476)
  SNR (proxy): 8.86 (mean_norm=0.0072, std_norm=0.0008)

Final: 10 models, MMD=-0.0002 (delta=+0.0322) F1=nan

[FCFW] Computing Fully Corrective Frank-Wolfe weights for final ensemble...
  Weighting: fully corrective QP weights = [0.0665, 0.1290, 0.0933, 0.0796, 0.0984, 0.1530, 0.0742, 0.1620, 0.0939, 0.0500]
  FCFW Sampled MMD^2: -0.000401
  FCFW Sampled TVD:   0.5014

FINAL MODEL COMPARISON (inc. FCFW)
Model      | MMD        | TVD        | TVD*       | Valid      | Cover      | F1        
----------------------------------------------------------------------------------------
Baseline   | 0.0319     | n/a        | n/a        | n/a        | n/a        | n/a       
Ensemble   | -0.0002    | 0.509      | 0.199      | n/a        | n/a        | n/a       
Model 0    | 0.0325     | 0.845      | 0.600      | n/a        | n/a        | n/a       
Model 1    | 0.1903     | 0.784      | 0.617      | n/a        | n/a        | n/a       
Model 2    | 0.0553     | 0.999      | 0.870      | n/a        | n/a        | n/a       
Model 3    | 0.0850     | 0.776      | 0.613      | n/a        | n/a        | n/a       
Model 4    | 0.4270     | 0.810      | 0.741      | n/a        | n/a        | n/a       
Model 5    | 0.0609     | 0.800      | 0.539      | n/a        | n/a        | n/a       
Model 6    | 0.0780     | 0.808      | 0.612      | n/a        | n/a        | n/a       
Model 7    | 0.0434     | 0.802      | 0.546      | n/a        | n/a        | n/a       
Model 8    | 0.0429     | 0.785      | 0.555      | n/a        | n/a        | n/a       
Model 9    | 0.0497     | 0.801      | 0.543      | n/a        | n/a        | n/a       
Ensemble (FCFW) | -0.0004    | 0.501      | 0.161      | n/a        | n/a        | n/a       
Saving results to out/hpo/hopfield_20q_p1_b15_20260605_111726/trials/trial_0055/results.csv...
Experiment: Boosting on Hopfield (20q, 1p)
Configuration:
  train_samples: 1000
  data_seed: 42
  n_samples: 400
  n_models: 10
  learning_rate: 0.012315414064100591
  epochs_per_step: 400
  caching_level: none
  ensemble_samples_coeff: 1.0
  init_baseline: covariance
  init_later: random
  lambda_dual: 1.0
  lambda_schedule: {'type': 'frank_wolfe', 'gamma': 0.75, 'tau': 1.0}
  n_ops: 2048
  weight_strategy: frank_wolfe
  alpha_n_grid: 11
  alpha_objective_weight: 0.5
  baseline: none
  shots: 1000
  final_eval_sampling: True
  dataset_metrics: True
  exact_metrics: {'enabled': True, 'max_qubits': 20, 'phases': {'baseline': True, 'steps': False, 'final': True, 'per_model': True, 'fcfw': True}}
  keep_models_for_diagnosis: True
  stop_on_reject: False
  save_circuit_artifacts: False
  rng_seed: 42
  circuit_config: {'topology': 'aachen_heavy_hex', 'distance': 2, 'max_weight': 2, 'n_ancilla': 0}
  turbo: 10
  dynamic_is_within_shell: shell_uniform
  exact_sampling: True
  acceptance_metric: training_mmd
  skip_sampling: True
  report_fcfw: True
  dynamic_is: True
  dynamic_is_beta: 0.01943384059877984
  sigma: [1.095693377601297, 0.5621098418651693, 0.4143241571262228]
  require_exact_sampling: True
================================================================================
Saving config to out/hpo/hopfield_20q_p1_b15_20260605_111726/trials/trial_0056/config.json...
Gate structure: Qubits: 20
Aachen heavy-hex topology: 39 parameters
one_qubit=20, two_qubit=19
Using Gaussian Kernel (n_ops=2048, n_qubits=20):
  - sigma=1.09569338
  - sigma=0.56210984
  - sigma=0.41432416
Expected sampled operator size:
  - p=3.406349, std=1.681127
  - p=7.945271, std=2.188357
  - p=9.456689, std=2.232765
  mean: 6.936103
  std: 3.287921
Baselines enabled: 

Training ensemble Model 0 (400 epochs)...
Training has not converged after 400 steps
Model 0 final loss: 0.041078
  [Step 0/9] train_MMD=0.0446 alpha_opt=1.0000 oracle_top1_TVD=0.8881

[Step 1] Training Model 1...
  lambda_dual: 0.6250
Training has not converged after 400 steps
  Weighting: frank_wolfe alpha = 0.3750
  [Step 1/9] train_MMD=0.0080 alpha_opt=0.3750 oracle_top2_TVD=0.7762
  [OK] MMD improved (delta=+0.036667)
  SNR (proxy): 4.12 (mean_norm=0.0494, std_norm=0.0120)

[Step 2] Training Model 2...
  lambda_dual: 0.7500
Training has not converged after 400 steps
  Weighting: frank_wolfe alpha = 0.2500
  [Step 2/9] train_MMD=0.0109 alpha_opt=0.2500 oracle_top3_TVD=0.7697
  [WARNING] MMD worsened but kept (diagnostic, delta=-0.002965)
  SNR (proxy): 22.37 (mean_norm=0.0139, std_norm=0.0006)

[Step 3] Training Model 3...
  lambda_dual: 0.8125
Training has not converged after 400 steps
  Weighting: frank_wolfe alpha = 0.1875
  [Step 3/9] train_MMD=0.0136 alpha_opt=0.1875 oracle_top4_TVD=0.7632
  [WARNING] MMD worsened but kept (diagnostic, delta=-0.002706)
  SNR (proxy): 5.25 (mean_norm=0.0093, std_norm=0.0018)

[Step 4] Training Model 4...
  lambda_dual: 0.8500
Training has not converged after 400 steps
  Weighting: frank_wolfe alpha = 0.1500
  [Step 4/9] train_MMD=0.0007 alpha_opt=0.1500 oracle_top5_TVD=0.7568
  [OK] MMD improved (delta=+0.012933)
  SNR (proxy): 4.48 (mean_norm=0.0076, std_norm=0.0017)

[Step 5] Training Model 5...
  lambda_dual: 0.8750
Training has not converged after 400 steps
  Weighting: frank_wolfe alpha = 0.1250
  [Step 5/9] train_MMD=0.0009 alpha_opt=0.1250 oracle_top6_TVD=0.7503
  [WARNING] MMD worsened but kept (diagnostic, delta=-0.000182)
  SNR (proxy): 7.32 (mean_norm=0.0125, std_norm=0.0017)

[Step 6] Training Model 6...
  lambda_dual: 0.8929
Training has not converged after 400 steps
  Weighting: frank_wolfe alpha = 0.1071
  [Step 6/9] train_MMD=0.0002 alpha_opt=0.1071 oracle_top7_TVD=0.7438
  [OK] MMD improved (delta=+0.000705)
  SNR (proxy): 4.35 (mean_norm=0.0140, std_norm=0.0032)

[Step 7] Training Model 7...
  lambda_dual: 0.9062
Training has not converged after 400 steps
  Weighting: frank_wolfe alpha = 0.0937
  [Step 7/9] train_MMD=0.0001 alpha_opt=0.0937 oracle_top8_TVD=0.7373
  [OK] MMD improved (delta=+0.000144)
  SNR (proxy): 12.68 (mean_norm=0.0126, std_norm=0.0010)

[Step 8] Training Model 8...
  lambda_dual: 0.9167
Training has not converged after 400 steps
  Weighting: frank_wolfe alpha = 0.0833
  [Step 8/9] train_MMD=0.0001 alpha_opt=0.0833 oracle_top9_TVD=0.7309
  [WARNING] MMD worsened but kept (diagnostic, delta=-0.000000)
  SNR (proxy): 10.60 (mean_norm=0.0103, std_norm=0.0010)

[Step 9] Training Model 9...
  lambda_dual: 0.9250
Training has not converged after 400 steps
  Weighting: frank_wolfe alpha = 0.0750
  [Step 9/9] train_MMD=-0.0001 alpha_opt=0.0750 oracle_top10_TVD=0.7244
  [OK] MMD improved (delta=+0.000122)
  SNR (proxy): 8.45 (mean_norm=0.0115, std_norm=0.0014)

Final: 10 models, MMD=-0.0001 (delta=+0.0447) F1=nan

[FCFW] Computing Fully Corrective Frank-Wolfe weights for final ensemble...
  Weighting: fully corrective QP weights = [0.0682, 0.1041, 0.1024, 0.1277, 0.0852, 0.1414, 0.1002, 0.1942, 0.0766, 0.0000]
  FCFW Sampled MMD^2: -0.000105
  FCFW Sampled TVD:   0.5032

FINAL MODEL COMPARISON (inc. FCFW)
Model      | MMD        | TVD        | TVD*       | Valid      | Cover      | F1        
----------------------------------------------------------------------------------------
Baseline   | 0.0446     | n/a        | n/a        | n/a        | n/a        | n/a       
Ensemble   | -0.0001    | 0.524      | 0.171      | n/a        | n/a        | n/a       
Model 0    | 0.0430     | 0.835      | 0.637      | n/a        | n/a        | n/a       
Model 1    | 0.2076     | 0.775      | 0.608      | n/a        | n/a        | n/a       
Model 2    | 0.0580     | 0.997      | 0.792      | n/a        | n/a        | n/a       
Model 3    | 0.0733     | 0.776      | 0.542      | n/a        | n/a        | n/a       
Model 4    | 0.4422     | 0.827      | 0.755      | n/a        | n/a        | n/a       
Model 5    | 0.0723     | 0.805      | 0.550      | n/a        | n/a        | n/a       
Model 6    | 0.0981     | 0.789      | 0.592      | n/a        | n/a        | n/a       
Model 7    | 0.0538     | 0.791      | 0.536      | n/a        | n/a        | n/a       
Model 8    | 0.0798     | 0.779      | 0.549      | n/a        | n/a        | n/a       
Model 9    | 0.0941     | 0.800      | 0.553      | n/a        | n/a        | n/a       
Ensemble (FCFW) | -0.0001    | 0.503      | 0.145      | n/a        | n/a        | n/a       
Saving results to out/hpo/hopfield_20q_p1_b15_20260605_111726/trials/trial_0056/results.csv...
Experiment: Boosting on Hopfield (20q, 1p)
Configuration:
  train_samples: 1000
  data_seed: 42
  n_samples: 400
  n_models: 10
  learning_rate: 0.022572733427394194
  epochs_per_step: 400
  caching_level: none
  ensemble_samples_coeff: 1.0
  init_baseline: covariance
  init_later: random
  lambda_dual: 1.0
  lambda_schedule: {'type': 'frank_wolfe', 'gamma': 1.0, 'tau': 1.0}
  n_ops: 1024
  weight_strategy: frank_wolfe
  alpha_n_grid: 11
  alpha_objective_weight: 0.5
  baseline: none
  shots: 1000
  final_eval_sampling: True
  dataset_metrics: True
  exact_metrics: {'enabled': True, 'max_qubits': 20, 'phases': {'baseline': True, 'steps': False, 'final': True, 'per_model': True, 'fcfw': True}}
  keep_models_for_diagnosis: True
  stop_on_reject: False
  save_circuit_artifacts: False
  rng_seed: 42
  circuit_config: {'topology': 'aachen_heavy_hex', 'distance': 2, 'max_weight': 2, 'n_ancilla': 0}
  turbo: 10
  dynamic_is_within_shell: shell_uniform
  exact_sampling: True
  acceptance_metric: training_mmd
  skip_sampling: True
  report_fcfw: True
  dynamic_is: True
  dynamic_is_beta: 0.038590188143355
  sigma: [0.5269259888369417]
  require_exact_sampling: True
================================================================================
Saving config to out/hpo/hopfield_20q_p1_b15_20260605_111726/trials/trial_0057/config.json...
Gate structure: Qubits: 20
Aachen heavy-hex topology: 39 parameters
one_qubit=20, two_qubit=19
Using Gaussian Kernel (n_ops=1024, n_qubits=20):
  - sigma=0.52692599
Expected sampled operator size:
  - p=8.348369, std=2.205358
  mean: 8.348369
  std: 2.205358
Baselines enabled: 

Training ensemble Model 0 (400 epochs)...
Training has not converged after 400 steps
Model 0 final loss: 0.020843
  [Step 0/9] train_MMD=0.0201 alpha_opt=1.0000 oracle_top1_TVD=0.8881

[Step 1] Training Model 1...
  lambda_dual: 0.5000
Training has not converged after 400 steps
  Weighting: frank_wolfe alpha = 0.5000
  [Step 1/9] train_MMD=0.0050 alpha_opt=0.5000 oracle_top2_TVD=0.7762
  [OK] MMD improved (delta=+0.015078)
  SNR (proxy): 2.79 (mean_norm=0.0265, std_norm=0.0095)

[Step 2] Training Model 2...
  lambda_dual: 0.6667
Training has not converged after 400 steps
  Weighting: frank_wolfe alpha = 0.3333
  [Step 2/9] train_MMD=0.0097 alpha_opt=0.3333 oracle_top3_TVD=0.7697
  [WARNING] MMD worsened but kept (diagnostic, delta=-0.004746)
  SNR (proxy): 10.93 (mean_norm=0.0087, std_norm=0.0008)

[Step 3] Training Model 3...
  lambda_dual: 0.7500
Training has not converged after 400 steps
  Weighting: frank_wolfe alpha = 0.2500
  [Step 3/9] train_MMD=0.0047 alpha_opt=0.2500 oracle_top4_TVD=0.7632
  [OK] MMD improved (delta=+0.005061)
  SNR (proxy): 4.91 (mean_norm=0.0522, std_norm=0.0106)

[Step 4] Training Model 4...
  lambda_dual: 0.8000
Training has not converged after 400 steps
  Weighting: frank_wolfe alpha = 0.2000
  [Step 4/9] train_MMD=0.0064 alpha_opt=0.2000 oracle_top5_TVD=0.7568
  [WARNING] MMD worsened but kept (diagnostic, delta=-0.001730)
  SNR (proxy): 7.76 (mean_norm=0.0091, std_norm=0.0012)

[Step 5] Training Model 5...
  lambda_dual: 0.8333
Training has not converged after 400 steps
  Weighting: frank_wolfe alpha = 0.1667
  [Step 5/9] train_MMD=0.0080 alpha_opt=0.1667 oracle_top6_TVD=0.7503
  [WARNING] MMD worsened but kept (diagnostic, delta=-0.001604)
  SNR (proxy): 10.94 (mean_norm=0.0069, std_norm=0.0006)

[Step 6] Training Model 6...
  lambda_dual: 0.8571
Training has not converged after 400 steps
  Weighting: frank_wolfe alpha = 0.1429
  [Step 6/9] train_MMD=0.0112 alpha_opt=0.1429 oracle_top7_TVD=0.7438
  [WARNING] MMD worsened but kept (diagnostic, delta=-0.003142)
  SNR (proxy): 9.47 (mean_norm=0.0685, std_norm=0.0072)

[Step 7] Training Model 7...
  lambda_dual: 0.8750
Training has not converged after 400 steps
  Weighting: frank_wolfe alpha = 0.1250
  [Step 7/9] train_MMD=0.0015 alpha_opt=0.1250 oracle_top8_TVD=0.7373
  [OK] MMD improved (delta=+0.009692)
  SNR (proxy): 18.43 (mean_norm=0.0277, std_norm=0.0015)

[Step 8] Training Model 8...
  lambda_dual: 0.8889
Training has not converged after 400 steps
  Weighting: frank_wolfe alpha = 0.1111
  [Step 8/9] train_MMD=0.0004 alpha_opt=0.1111 oracle_top9_TVD=0.7309
  [OK] MMD improved (delta=+0.001017)
  SNR (proxy): 3.94 (mean_norm=0.0054, std_norm=0.0014)

[Step 9] Training Model 9...
  lambda_dual: 0.9000
Training has not converged after 400 steps
  Weighting: frank_wolfe alpha = 0.1000
  [Step 9/9] train_MMD=0.0006 alpha_opt=0.1000 oracle_top10_TVD=0.7244
  [WARNING] MMD worsened but kept (diagnostic, delta=-0.000170)
  SNR (proxy): 4.77 (mean_norm=0.0056, std_norm=0.0012)

Final: 10 models, MMD=0.0004 (delta=+0.0197) F1=nan

[FCFW] Computing Fully Corrective Frank-Wolfe weights for final ensemble...
  Weighting: fully corrective QP weights = [0.3812, 0.4208, 0.0000, 0.0058, 0.0000, 0.0000, 0.1318, 0.0174, 0.0116, 0.0315]
  FCFW Sampled MMD^2: -0.000118
  FCFW Sampled TVD:   0.5161

FINAL MODEL COMPARISON (inc. FCFW)
Model      | MMD        | TVD        | TVD*       | Valid      | Cover      | F1        
----------------------------------------------------------------------------------------
Baseline   | 0.0201     | n/a        | n/a        | n/a        | n/a        | n/a       
Ensemble   | 0.0004     | 0.580      | 0.338      | n/a        | n/a        | n/a       
Model 0    | 0.0185     | 0.801      | 0.555      | n/a        | n/a        | n/a       
Model 1    | 0.0480     | 0.792      | 0.569      | n/a        | n/a        | n/a       
Model 2    | 0.0366     | 0.999      | 0.889      | n/a        | n/a        | n/a       
Model 3    | 0.2013     | 0.765      | 0.654      | n/a        | n/a        | n/a       
Model 4    | 0.0370     | 1.000      | 0.938      | n/a        | n/a        | n/a       
Model 5    | 0.0369     | 1.000      | 0.923      | n/a        | n/a        | n/a       
Model 6    | 0.1644     | 0.792      | 0.678      | n/a        | n/a        | n/a       
Model 7    | 0.6222     | 0.869      | 0.854      | n/a        | n/a        | n/a       
Model 8    | 0.0443     | 0.963      | 0.874      | n/a        | n/a        | n/a       
Model 9    | 0.0269     | 0.802      | 0.674      | n/a        | n/a        | n/a       
Ensemble (FCFW) | -0.0001    | 0.516      | 0.237      | n/a        | n/a        | n/a       
Saving results to out/hpo/hopfield_20q_p1_b15_20260605_111726/trials/trial_0057/results.csv...
Experiment: Boosting on Hopfield (20q, 1p)
Configuration:
  train_samples: 1000
  data_seed: 42
  n_samples: 400
  n_models: 10
  learning_rate: 0.03850494445080653
  epochs_per_step: 400
  caching_level: none
  ensemble_samples_coeff: 1.0
  init_baseline: covariance
  init_later: random
  lambda_dual: 1.0
  lambda_schedule: {'type': 'frank_wolfe', 'gamma': 0.25, 'tau': 1.0}
  n_ops: 2048
  weight_strategy: frank_wolfe
  alpha_n_grid: 11
  alpha_objective_weight: 0.5
  baseline: none
  shots: 1000
  final_eval_sampling: True
  dataset_metrics: True
  exact_metrics: {'enabled': True, 'max_qubits': 20, 'phases': {'baseline': True, 'steps': False, 'final': True, 'per_model': True, 'fcfw': True}}
  keep_models_for_diagnosis: True
  stop_on_reject: False
  save_circuit_artifacts: False
  rng_seed: 42
  circuit_config: {'topology': 'aachen_heavy_hex', 'distance': 2, 'max_weight': 2, 'n_ancilla': 0}
  turbo: 10
  dynamic_is_within_shell: shell_uniform
  exact_sampling: True
  acceptance_metric: training_mmd
  skip_sampling: True
  report_fcfw: True
  dynamic_is: True
  dynamic_is_beta: 0.03290363872216119
  sigma: [0.9284074587022536, 0.6821459365972509, 0.5428104935022149]
  require_exact_sampling: True
================================================================================
Saving config to out/hpo/hopfield_20q_p1_b15_20260605_111726/trials/trial_0058/config.json...
Gate structure: Qubits: 20
Aachen heavy-hex topology: 39 parameters
one_qubit=20, two_qubit=19
Using Gaussian Kernel (n_ops=2048, n_qubits=20):
  - sigma=0.92840746
  - sigma=0.68214594
  - sigma=0.54281049
Expected sampled operator size:
  - p=4.401501, std=1.852793
  - p=6.585391, std=2.101671
  - p=8.167617, std=2.198208
  mean: 6.384836
  std: 2.571260
Baselines enabled: 

Training ensemble Model 0 (400 epochs)...
Training has not converged after 400 steps
Model 0 final loss: 0.038663
  [Step 0/9] train_MMD=0.0383 alpha_opt=1.0000 oracle_top1_TVD=0.8881

[Step 1] Training Model 1...
  lambda_dual: 0.8750
Training has not converged after 400 steps
  Weighting: frank_wolfe alpha = 0.1250
  [Step 1/9] train_MMD=0.0105 alpha_opt=0.1250 oracle_top2_TVD=0.7762
  [OK] MMD improved (delta=+0.027786)
  SNR (proxy): 6.67 (mean_norm=0.0000, std_norm=0.0000)

[Step 2] Training Model 2...
  lambda_dual: 0.9167
Training has not converged after 400 steps
  Weighting: frank_wolfe alpha = 0.0833
  [Step 2/9] train_MMD=0.0075 alpha_opt=0.0833 oracle_top3_TVD=0.7697
  [OK] MMD improved (delta=+0.002982)
  SNR (proxy): 21.47 (mean_norm=0.0250, std_norm=0.0012)

[Step 3] Training Model 3...
  lambda_dual: 0.9375
Training has not converged after 400 steps
  Weighting: frank_wolfe alpha = 0.0625
  [Step 3/9] train_MMD=0.0059 alpha_opt=0.0625 oracle_top4_TVD=0.7632
  [OK] MMD improved (delta=+0.001662)
  SNR (proxy): 11.64 (mean_norm=0.0065, std_norm=0.0006)

[Step 4] Training Model 4...
  lambda_dual: 0.9500
Training has not converged after 400 steps
  Weighting: frank_wolfe alpha = 0.0500
  [Step 4/9] train_MMD=0.0070 alpha_opt=0.0500 oracle_top5_TVD=0.7568
  [WARNING] MMD worsened but kept (diagnostic, delta=-0.001162)
  SNR (proxy): 9.92 (mean_norm=0.0064, std_norm=0.0006)

[Step 5] Training Model 5...
  lambda_dual: 0.9583
Training has not converged after 400 steps
  Weighting: frank_wolfe alpha = 0.0417
  [Step 5/9] train_MMD=0.0068 alpha_opt=0.0417 oracle_top6_TVD=0.7503
  [OK] MMD improved (delta=+0.000168)
  SNR (proxy): 8.77 (mean_norm=0.0047, std_norm=0.0005)

[Step 6] Training Model 6...
  lambda_dual: 0.9643
Training has not converged after 400 steps
  Weighting: frank_wolfe alpha = 0.0357
  [Step 6/9] train_MMD=0.0070 alpha_opt=0.0357 oracle_top7_TVD=0.7438
  [WARNING] MMD worsened but kept (diagnostic, delta=-0.000134)
  SNR (proxy): 11.52 (mean_norm=0.0054, std_norm=0.0005)

[Step 7] Training Model 7...
  lambda_dual: 0.9688
Training has not converged after 400 steps
  Weighting: frank_wolfe alpha = 0.0312
  [Step 7/9] train_MMD=0.0067 alpha_opt=0.0312 oracle_top8_TVD=0.7373
  [OK] MMD improved (delta=+0.000272)
  SNR (proxy): 8.68 (mean_norm=0.0037, std_norm=0.0004)

[Step 8] Training Model 8...
  lambda_dual: 0.9722
Training has not converged after 400 steps
  Weighting: frank_wolfe alpha = 0.0278
  [Step 8/9] train_MMD=0.0069 alpha_opt=0.0278 oracle_top9_TVD=0.7309
  [WARNING] MMD worsened but kept (diagnostic, delta=-0.000149)
  SNR (proxy): 8.70 (mean_norm=0.0036, std_norm=0.0004)

[Step 9] Training Model 9...
  lambda_dual: 0.9750
Training has not converged after 400 steps
  Weighting: frank_wolfe alpha = 0.0250
  [Step 9/9] train_MMD=0.0073 alpha_opt=0.0250 oracle_top10_TVD=0.7244
  [WARNING] MMD worsened but kept (diagnostic, delta=-0.000422)
  SNR (proxy): 9.93 (mean_norm=0.0040, std_norm=0.0004)

Final: 10 models, MMD=0.0059 (delta=+0.0324) F1=nan

[FCFW] Computing Fully Corrective Frank-Wolfe weights for final ensemble...
  Weighting: fully corrective QP weights = [0.7154, 0.0000, 0.1847, 0.0288, 0.0209, 0.0246, 0.0045, 0.0060, 0.0151, 0.0000]
  FCFW Sampled MMD^2: 0.005346
  FCFW Sampled TVD:   0.6201

FINAL MODEL COMPARISON (inc. FCFW)
Model      | MMD        | TVD        | TVD*       | Valid      | Cover      | F1        
----------------------------------------------------------------------------------------
Baseline   | 0.0383     | n/a        | n/a        | n/a        | n/a        | n/a       
Ensemble   | 0.0059     | 0.629      | 0.418      | n/a        | n/a        | n/a       
Model 0    | 0.0384     | 0.781      | 0.583      | n/a        | n/a        | n/a       
Model 1    | 0.7244     | 0.888      | 0.888      | n/a        | n/a        | n/a       
Model 2    | 0.4135     | 0.848      | 0.798      | n/a        | n/a        | n/a       
Model 3    | 0.1697     | 0.975      | 0.941      | n/a        | n/a        | n/a       
Model 4    | 0.1502     | 0.970      | 0.938      | n/a        | n/a        | n/a       
Model 5    | 0.1041     | 0.975      | 0.951      | n/a        | n/a        | n/a       
Model 6    | 0.1623     | 0.983      | 0.963      | n/a        | n/a        | n/a       
Model 7    | 0.1630     | 0.996      | 0.957      | n/a        | n/a        | n/a       
Model 8    | 0.1562     | 0.978      | 0.938      | n/a        | n/a        | n/a       
Model 9    | 0.1069     | 0.984      | 0.959      | n/a        | n/a        | n/a       
Ensemble (FCFW) | 0.0053     | 0.620      | 0.420      | n/a        | n/a        | n/a       
Saving results to out/hpo/hopfield_20q_p1_b15_20260605_111726/trials/trial_0058/results.csv...
Experiment: Boosting on Hopfield (20q, 1p)
Configuration:
  train_samples: 1000
  data_seed: 42
  n_samples: 400
  n_models: 10
  learning_rate: 0.026502026566755897
  epochs_per_step: 400
  caching_level: none
  ensemble_samples_coeff: 1.0
  init_baseline: covariance
  init_later: random
  lambda_dual: 1.0
  lambda_schedule: {'type': 'frank_wolfe', 'gamma': 0.75, 'tau': 1.0}
  n_ops: 2048
  weight_strategy: frank_wolfe
  alpha_n_grid: 11
  alpha_objective_weight: 0.5
  baseline: none
  shots: 1000
  final_eval_sampling: True
  dataset_metrics: True
  exact_metrics: {'enabled': True, 'max_qubits': 20, 'phases': {'baseline': True, 'steps': False, 'final': True, 'per_model': True, 'fcfw': True}}
  keep_models_for_diagnosis: True
  stop_on_reject: False
  save_circuit_artifacts: False
  rng_seed: 42
  circuit_config: {'topology': 'aachen_heavy_hex', 'distance': 2, 'max_weight': 2, 'n_ancilla': 0}
  turbo: 10
  dynamic_is_within_shell: shell_uniform
  exact_sampling: True
  acceptance_metric: training_mmd
  skip_sampling: True
  report_fcfw: True
  dynamic_is: False
  dynamic_is_beta: 0.0696024048615732
  sigma: [2.508743130271973, 0.6310194041642676, 0.3773059072809085]
  require_exact_sampling: True
================================================================================
Saving config to out/hpo/hopfield_20q_p1_b15_20260605_111726/trials/trial_0059/config.json...
Gate structure: Qubits: 20
Aachen heavy-hex topology: 39 parameters
one_qubit=20, two_qubit=19
Using Gaussian Kernel (n_ops=2048, n_qubits=20):
  - sigma=2.50874313
  - sigma=0.63101940
  - sigma=0.37730591
Expected sampled operator size:
  - p=0.763697, std=0.857050
  - p=7.151225, std=2.143414
  - p=9.701696, std=2.235073
  mean: 5.872206
  std: 4.192138
Baselines enabled: 

Training ensemble Model 0 (400 epochs)...
Training has not converged after 400 steps
Model 0 final loss: 0.042152
  [Step 0/9] train_MMD=0.0437 alpha_opt=1.0000 oracle_top1_TVD=0.8881

[Step 1] Training Model 1...
  lambda_dual: 0.6250
Training has not converged after 400 steps
  Weighting: frank_wolfe alpha = 0.3750
  [Step 1/9] train_MMD=0.0312 alpha_opt=0.3750 oracle_top2_TVD=0.7762
  [OK] MMD improved (delta=+0.012531)
  SNR (proxy): 2.86 (mean_norm=0.0130, std_norm=0.0046)

[Step 2] Training Model 2...
  lambda_dual: 0.7500
Training has not converged after 400 steps
  Weighting: frank_wolfe alpha = 0.2500
  [Step 2/9] train_MMD=0.0045 alpha_opt=0.2500 oracle_top3_TVD=0.7697
  [OK] MMD improved (delta=+0.026749)
  SNR (proxy): 1.89 (mean_norm=0.0094, std_norm=0.0050)

[Step 3] Training Model 3...
  lambda_dual: 0.8125
Training has not converged after 400 steps
  Weighting: frank_wolfe alpha = 0.1875
  [Step 3/9] train_MMD=0.0048 alpha_opt=0.1875 oracle_top4_TVD=0.7632
  [WARNING] MMD worsened but kept (diagnostic, delta=-0.000308)
  SNR (proxy): 5.03 (mean_norm=0.0176, std_norm=0.0035)

[Step 4] Training Model 4...
  lambda_dual: 0.8500
Training has not converged after 400 steps
  Weighting: frank_wolfe alpha = 0.1500
  [Step 4/9] train_MMD=0.0015 alpha_opt=0.1500 oracle_top5_TVD=0.7568
  [OK] MMD improved (delta=+0.003310)
  SNR (proxy): 12.45 (mean_norm=0.0182, std_norm=0.0015)

[Step 5] Training Model 5...
  lambda_dual: 0.8750
Training has not converged after 400 steps
  Weighting: frank_wolfe alpha = 0.1250
  [Step 5/9] train_MMD=0.0030 alpha_opt=0.1250 oracle_top6_TVD=0.7503
  [WARNING] MMD worsened but kept (diagnostic, delta=-0.001523)
  SNR (proxy): 14.18 (mean_norm=0.0094, std_norm=0.0007)

[Step 6] Training Model 6...
  lambda_dual: 0.8929
Training has not converged after 400 steps
  Weighting: frank_wolfe alpha = 0.1071
  [Step 6/9] train_MMD=0.0010 alpha_opt=0.1071 oracle_top7_TVD=0.7438
  [OK] MMD improved (delta=+0.001938)
  SNR (proxy): 3.67 (mean_norm=0.0119, std_norm=0.0032)

[Step 7] Training Model 7...
  lambda_dual: 0.9062
Training has not converged after 400 steps
  Weighting: frank_wolfe alpha = 0.0937
  [Step 7/9] train_MMD=0.0010 alpha_opt=0.0937 oracle_top8_TVD=0.7373
  [OK] MMD improved (delta=+0.000044)
  SNR (proxy): 5.42 (mean_norm=0.0098, std_norm=0.0018)

[Step 8] Training Model 8...
  lambda_dual: 0.9167
Training has not converged after 400 steps
  Weighting: frank_wolfe alpha = 0.0833
  [Step 8/9] train_MMD=0.0004 alpha_opt=0.0833 oracle_top9_TVD=0.7309
  [OK] MMD improved (delta=+0.000553)
  SNR (proxy): 5.40 (mean_norm=0.0072, std_norm=0.0013)

[Step 9] Training Model 9...
  lambda_dual: 0.9250
Training has not converged after 400 steps
  Weighting: frank_wolfe alpha = 0.0750
  [Step 9/9] train_MMD=0.0005 alpha_opt=0.0750 oracle_top10_TVD=0.7244
  [WARNING] MMD worsened but kept (diagnostic, delta=-0.000078)
  SNR (proxy): 11.95 (mean_norm=0.0104, std_norm=0.0009)

Final: 10 models, MMD=0.0006 (delta=+0.0432) F1=nan

[FCFW] Computing Fully Corrective Frank-Wolfe weights for final ensemble...
  Weighting: fully corrective QP weights = [0.1136, 0.1329, 0.0768, 0.2082, 0.1462, 0.0634, 0.0085, 0.1232, 0.0897, 0.0376]
  FCFW Sampled MMD^2: -0.000190
  FCFW Sampled TVD:   0.5069

FINAL MODEL COMPARISON (inc. FCFW)
Model      | MMD        | TVD        | TVD*       | Valid      | Cover      | F1        
----------------------------------------------------------------------------------------
Baseline   | 0.0437     | n/a        | n/a        | n/a        | n/a        | n/a       
Ensemble   | 0.0006     | 0.530      | 0.237      | n/a        | n/a        | n/a       
Model 0    | 0.0427     | 0.999      | 0.882      | n/a        | n/a        | n/a       
Model 1    | 0.1300     | 0.790      | 0.597      | n/a        | n/a        | n/a       
Model 2    | 0.2959     | 0.792      | 0.675      | n/a        | n/a        | n/a       
Model 3    | 0.1245     | 0.776      | 0.577      | n/a        | n/a        | n/a       
Model 4    | 0.1260     | 0.785      | 0.557      | n/a        | n/a        | n/a       
Model 5    | 0.0699     | 0.896      | 0.632      | n/a        | n/a        | n/a       
Model 6    | 0.1634     | 0.797      | 0.623      | n/a        | n/a        | n/a       
Model 7    | 0.1198     | 0.769      | 0.576      | n/a        | n/a        | n/a       
Model 8    | 0.1362     | 0.770      | 0.571      | n/a        | n/a        | n/a       
Model 9    | 0.1072     | 0.812      | 0.536      | n/a        | n/a        | n/a       
Ensemble (FCFW) | -0.0002    | 0.507      | 0.204      | n/a        | n/a        | n/a       
Saving results to out/hpo/hopfield_20q_p1_b15_20260605_111726/trials/trial_0059/results.csv...
